player_id,puuid,rank_group,game_name,tag_line,session_id,session_start,session_end,games,wins,avg_kda,avg_cs_per_min,losses,win_rate,session_duration_hours,results
1,xZfsTAu4FwINHWkPTu1Ly8lfUy6YcgdFcuaz4btwsvAAelKD42FBRCyzmbUsiqJ1q2P3j6oe5HFRxA,CHALLENGER,zwaker,T1WIN,1,2026-08-12 08:44:00.265000+00:00,2026-08-12 09:06:43.265000002+00:00,1,0,2.2,8.275862068965518,1,0.0,0.3786111111116667,L
1,xZfsTAu4FwINHWkPTu1Ly8lfUy6YcgdFcuaz4btwsvAAelKD42FBRCyzmbUsiqJ1q2P3j6oe5HFRxA,CHALLENGER,zwaker,T1WIN,2,2026-08-13 14:46:58.672000+00:00,2026-08-13 15:13:29.672000002+00:00,1,1,6.666666666666667,8.711502199874293,0,1.0,0.441944444445,W
1,xZfsTAu4FwINHWkPTu1Ly8lfUy6YcgdFcuaz4btwsvAAelKD42FBRCyzmbUsiqJ1q2P3j6oe5HFRxA,CHALLENGER,zwaker,T1WIN,3,2026-08-13 16:26:54.397000+00:00,2026-08-13 17:42:36.810999998+00:00,2,0,1.785714285714286,7.533014296704065,2,0.0,1.261781666666111,LL
1,xZfsTAu4FwINHWkPTu1Ly8lfUy6YcgdFcuaz4btwsvAAelKD42FBRCyzmbUsiqJ1q2P3j6oe5HFRxA,CHALLENGER,zwaker,T1WIN,4,2026-08-14 05:38:18.020000+00:00,2026-08-14 12:21:34.268999998+00:00,12,8,5.95952380952381,8.053838531319915,4,0.6666666666666666,6.721180277777222,WWLLLWWWWWWL
1,xZfsTAu4FwINHWkPTu1Ly8lfUy6YcgdFcuaz4btwsvAAelKD42FBRCyzmbUsiqJ1q2P3j6oe5HFRxA,CHALLENGER,zwaker,T1WIN,5,2026-08-15 09:06:01.167000+00:00,2026-08-15 11:20:36.133000+00:00,3,2,3.622619047619048,6.993066827533199,1,0.6666666666666666,2.243046111111111,LWW
1,xZfsTAu4FwINHWkPTu1Ly8lfUy6YcgdFcuaz4btwsvAAelKD42FBRCyzmbUsiqJ1q2P3j6oe5HFRxA,CHALLENGER,zwaker,T1WIN,6,2026-08-16 06:14:56.277000+00:00,2026-08-16 07:19:21.993000002+00:00,2,1,3.85,8.282659401399478,1,0.5,1.0738100000005555,LW
1,xZfsTAu4FwINHWkPTu1Ly8lfUy6YcgdFcuaz4btwsvAAelKD42FBRCyzmbUsiqJ1q2P3j6oe5HFRxA,CHALLENGER,zwaker,T1WIN,7,2026-08-16 08:20:33.907000+00:00,2026-08-16 10:42:30.382999998+00:00,4,3,4.491071428571429,6.429585201655583,1,0.75,2.365687777777222,WWLW
1,xZfsTAu4FwINHWkPTu1Ly8lfUy6YcgdFcuaz4btwsvAAelKD42FBRCyzmbUsiqJ1q2P3j6oe5HFRxA,CHALLENGER,zwaker,T1WIN,8,2026-08-17 06:58:48.698000+00:00,2026-08-17 10:41:13.954999998+00:00,6,2,5.309523809523809,7.879903275120443,4,0.3333333333333333,3.707015833332778,LWLLLW
1,xZfsTAu4FwINHWkPTu1Ly8lfUy6YcgdFcuaz4btwsvAAelKD42FBRCyzmbUsiqJ1q2P3j6oe5HFRxA,CHALLENGER,zwaker,T1WIN,9,2026-08-17 16:53:10.228000+00:00,2026-08-17 17:20:17.228000002+00:00,1,1,4.666666666666667,8.149969268592502,0,1.0,0.451944444445,W
1,xZfsTAu4FwINHWkPTu1Ly8lfUy6YcgdFcuaz4btwsvAAelKD42FBRCyzmbUsiqJ1q2P3j6oe5HFRxA,CHALLENGER,zwaker,T1WIN,10,2026-08-18 07:28:24.943000+00:00,2026-08-18 10:37:35.053000002+00:00,6,6,8.438888888888888,6.427335466149034,0,1.0,3.1528083333338888,WWWWWW
1,xZfsTAu4FwINHWkPTu1Ly8lfUy6YcgdFcuaz4btwsvAAelKD42FBRCyzmbUsiqJ1q2P3j6oe5HFRxA,CHALLENGER,zwaker,T1WIN,11,2026-08-18 17:23:27.251000+00:00,2026-08-18 18:47:02.560999998+00:00,3,3,4.833333333333333,3.724117152180811,0,1.0,1.3931416666661112,WWW
1,xZfsTAu4FwINHWkPTu1Ly8lfUy6YcgdFcuaz4btwsvAAelKD42FBRCyzmbUsiqJ1q2P3j6oe5HFRxA,CHALLENGER,zwaker,T1WIN,12,2026-08-19 08:59:03.774000+00:00,2026-08-19 12:52:21.035999998+00:00,5,3,4.292857142857143,6.96370023241316,2,0.6,3.888128333332778,WWWLL
1,xZfsTAu4FwINHWkPTu1Ly8lfUy6YcgdFcuaz4btwsvAAelKD42FBRCyzmbUsiqJ1q2P3j6oe5HFRxA,CHALLENGER,zwaker,T1WIN,13,2026-08-19 15:52:35.431000+00:00,2026-08-19 16:10:09.431000002+00:00,1,0,0.0,8.88045540796964,1,0.0,0.2927777777783333,L
1,xZfsTAu4FwINHWkPTu1Ly8lfUy6YcgdFcuaz4btwsvAAelKD42FBRCyzmbUsiqJ1q2P3j6oe5HFRxA,CHALLENGER,zwaker,T1WIN,14,2026-08-20 06:49:06.544000+00:00,2026-08-20 11:10:13.536000+00:00,6,5,4.016666666666667,5.995915125568345,1,0.8333333333333334,4.351942222222222,WWWWWL
1,xZfsTAu4FwINHWkPTu1Ly8lfUy6YcgdFcuaz4btwsvAAelKD42FBRCyzmbUsiqJ1q2P3j6oe5HFRxA,CHALLENGER,zwaker,T1WIN,15,2026-08-20 17:17:01.688000+00:00,2026-08-20 18:18:10.546999998+00:00,2,0,1.1833333333333333,8.172653121252573,2,0.0,1.0191274999994444,LL
1,xZfsTAu4FwINHWkPTu1Ly8lfUy6YcgdFcuaz4btwsvAAelKD42FBRCyzmbUsiqJ1q2P3j6oe5HFRxA,CHALLENGER,zwaker,T1WIN,16,2026-08-21 06:33:36.038000+00:00,2026-08-21 09:38:31.223999998+00:00,4,2,7.270833333333333,6.409995706643981,2,0.5,3.0819961111105556,WLWL
1,xZfsTAu4FwINHWkPTu1Ly8lfUy6YcgdFcuaz4btwsvAAelKD42FBRCyzmbUsiqJ1q2P3j6oe5HFRxA,CHALLENGER,zwaker,T1WIN,17,2026-08-22 07:21:17.388000+00:00,2026-08-22 11:06:48.491000002+00:00,5,2,4.411904761904762,7.836095213452211,3,0.4,3.7586397222227776,LWLWL
1,xZfsTAu4FwINHWkPTu1Ly8lfUy6YcgdFcuaz4btwsvAAelKD42FBRCyzmbUsiqJ1q2P3j6oe5HFRxA,CHALLENGER,zwaker,T1WIN,18,2026-08-23 06:50:25.748000+00:00,2026-08-23 09:06:28.614000002+00:00,3,2,7.555555555555556,9.769802395313361,1,0.6666666666666666,2.2674627777783334,LWW
1,xZfsTAu4FwINHWkPTu1Ly8lfUy6YcgdFcuaz4btwsvAAelKD42FBRCyzmbUsiqJ1q2P3j6oe5HFRxA,CHALLENGER,zwaker,T1WIN,19,2026-08-24 06:52:10.929000+00:00,2026-08-24 09:47:50.289000002+00:00,5,4,5.138095238095238,8.302961155839984,1,0.8,2.9276000000005555,LWWWW
1,xZfsTAu4FwINHWkPTu1Ly8lfUy6YcgdFcuaz4btwsvAAelKD42FBRCyzmbUsiqJ1q2P3j6oe5HFRxA,CHALLENGER,zwaker,T1WIN,20,2026-08-24 16:56:40.930000+00:00,2026-08-24 18:04:57.921999998+00:00,2,1,2.3,5.256667539889878,1,0.5,1.1380533333327778,LW
1,xZfsTAu4FwINHWkPTu1Ly8lfUy6YcgdFcuaz4btwsvAAelKD42FBRCyzmbUsiqJ1q2P3j6oe5HFRxA,CHALLENGER,zwaker,T1WIN,21,2026-08-25 07:54:19.940000+00:00,2026-08-25 15:13:13.316000002+00:00,11,9,4.854004329004329,7.694032852096012,2,0.8181818181818182,7.314826666667223,WLWWWWWWWWL
1,xZfsTAu4FwINHWkPTu1Ly8lfUy6YcgdFcuaz4btwsvAAelKD42FBRCyzmbUsiqJ1q2P3j6oe5HFRxA,CHALLENGER,zwaker,T1WIN,22,2026-08-26 06:51:50.970000+00:00,2026-08-26 12:12:53.048000002+00:00,9,6,3.907407407407407,7.375035348611584,3,0.6666666666666666,5.350577222222777,WWWWLLWLW
1,xZfsTAu4FwINHWkPTu1Ly8lfUy6YcgdFcuaz4btwsvAAelKD42FBRCyzmbUsiqJ1q2P3j6oe5HFRxA,CHALLENGER,zwaker,T1WIN,23,2026-08-27 08:21:20.871000+00:00,2026-08-27 12:07:34.584000+00:00,5,1,1.9404761904761905,6.3819531487333325,4,0.2,3.7704758333333332,LWLLL
1,xZfsTAu4FwINHWkPTu1Ly8lfUy6YcgdFcuaz4btwsvAAelKD42FBRCyzmbUsiqJ1q2P3j6oe5HFRxA,CHALLENGER,zwaker,T1WIN,24,2026-08-27 14:48:13.907000+00:00,2026-08-27 15:15:50.907000002+00:00,1,0,1.375,0.9052504526252264,1,0.0,0.46027777777833334,L
2,CL-f8Ka5UKMD-FlVENf1leOrKKPK0whq1PiKjmkzm7B2uxs81OfKIhhY5OYnRJY2Vr0voci-sY1zuA,CHALLENGER,indoor fish,EUW,1,2026-07-31 23:00:41.677000+00:00,2026-08-01 00:31:28.811000+00:00,3,2,3.5833333333333335,8.943769288397476,1,0.6666666666666666,1.5130927777777778,LWW
2,CL-f8Ka5UKMD-FlVENf1leOrKKPK0whq1PiKjmkzm7B2uxs81OfKIhhY5OYnRJY2Vr0voci-sY1zuA,CHALLENGER,indoor fish,EUW,2,2026-08-01 09:13:33.101000+00:00,2026-08-01 11:56:51.607000002+00:00,4,4,4.604166666666667,8.850594965437566,0,1.0,2.721807222222778,WWWW
2,CL-f8Ka5UKMD-FlVENf1leOrKKPK0whq1PiKjmkzm7B2uxs81OfKIhhY5OYnRJY2Vr0voci-sY1zuA,CHALLENGER,indoor fish,EUW,3,2026-08-01 13:21:16.884000+00:00,2026-08-01 13:49:55.884000+00:00,1,0,2.25,5.968586387434555,1,0.0,0.4775,L
2,CL-f8Ka5UKMD-FlVENf1leOrKKPK0whq1PiKjmkzm7B2uxs81OfKIhhY5OYnRJY2Vr0voci-sY1zuA,CHALLENGER,indoor fish,EUW,4,2026-08-01 23:18:18.195000+00:00,2026-08-02 00:23:01.865000002+00:00,2,1,2.107142857142857,6.615728708396805,1,0.5,1.0787972222227777,WL
2,CL-f8Ka5UKMD-FlVENf1leOrKKPK0whq1PiKjmkzm7B2uxs81OfKIhhY5OYnRJY2Vr0voci-sY1zuA,CHALLENGER,indoor fish,EUW,5,2026-08-02 18:16:23.163000+00:00,2026-08-02 20:34:17.795999997+00:00,4,2,2.6488095238095237,6.860773852676472,2,0.5,2.2985091666658333,WWLL
2,CL-f8Ka5UKMD-FlVENf1leOrKKPK0whq1PiKjmkzm7B2uxs81OfKIhhY5OYnRJY2Vr0voci-sY1zuA,CHALLENGER,indoor fish,EUW,6,2026-08-04 15:07:16.847000+00:00,2026-08-04 17:07:55.291000002+00:00,4,1,2.48125,8.432384271053849,3,0.25,2.0106788888894447,LLWL
2,CL-f8Ka5UKMD-FlVENf1leOrKKPK0whq1PiKjmkzm7B2uxs81OfKIhhY5OYnRJY2Vr0voci-sY1zuA,CHALLENGER,indoor fish,EUW,7,2026-08-04 21:22:21.854000+00:00,2026-08-04 22:19:21.666999998+00:00,2,2,5.5,8.720609422483536,0,1.0,0.9499480555550001,WW
2,CL-f8Ka5UKMD-FlVENf1leOrKKPK0whq1PiKjmkzm7B2uxs81OfKIhhY5OYnRJY2Vr0voci-sY1zuA,CHALLENGER,indoor fish,EUW,8,2026-08-04 23:27:59.689000+00:00,2026-08-05 00:31:58.518000002+00:00,2,0,0.6071428571428572,8.63608351411477,2,0.0,1.0663413888894444,LL
2,CL-f8Ka5UKMD-FlVENf1leOrKKPK0whq1PiKjmkzm7B2uxs81OfKIhhY5OYnRJY2Vr0voci-sY1zuA,CHALLENGER,indoor fish,EUW,9,2026-08-05 08:33:28.238000+00:00,2026-08-05 08:56:32.238000002+00:00,1,0,0.0,1.6907514450867052,1,0.0,0.384444444445,L
2,CL-f8Ka5UKMD-FlVENf1leOrKKPK0whq1PiKjmkzm7B2uxs81OfKIhhY5OYnRJY2Vr0voci-sY1zuA,CHALLENGER,indoor fish,EUW,10,2026-08-05 15:18:44.669000+00:00,2026-08-05 15:45:06.669000002+00:00,1,1,3.0,8.078381795195954,0,1.0,0.43944444444499997,W
2,CL-f8Ka5UKMD-FlVENf1leOrKKPK0whq1PiKjmkzm7B2uxs81OfKIhhY5OYnRJY2Vr0voci-sY1zuA,CHALLENGER,indoor fish,EUW,11,2026-08-06 14:47:28.798000+00:00,2026-08-06 15:23:56.798000002+00:00,1,0,4.0,9.570383912248628,1,0.0,0.6077777777783333,L
2,CL-f8Ka5UKMD-FlVENf1leOrKKPK0whq1PiKjmkzm7B2uxs81OfKIhhY5OYnRJY2Vr0voci-sY1zuA,CHALLENGER,indoor fish,EUW,12,2026-08-06 18:35:35.726000+00:00,2026-08-06 22:12:39.904999998+00:00,5,5,3.931111111111111,5.412608652003458,0,1.0,3.617827499999444,WWWWW
2,CL-f8Ka5UKMD-FlVENf1leOrKKPK0whq1PiKjmkzm7B2uxs81OfKIhhY5OYnRJY2Vr0voci-sY1zuA,CHALLENGER,indoor fish,EUW,13,2026-08-08 21:15:07.346000+00:00,2026-08-08 21:54:11.346000002+00:00,1,0,2.0,8.831058020477816,1,0.0,0.6511111111116666,L
2,CL-f8Ka5UKMD-FlVENf1leOrKKPK0whq1PiKjmkzm7B2uxs81OfKIhhY5OYnRJY2Vr0voci-sY1zuA,CHALLENGER,indoor fish,EUW,14,2026-08-10 22:59:35.005000+00:00,2026-08-11 00:14:02.880999998+00:00,2,2,3.25,8.639453936161706,0,1.0,1.2410766666661113,WW
2,CL-f8Ka5UKMD-FlVENf1leOrKKPK0whq1PiKjmkzm7B2uxs81OfKIhhY5OYnRJY2Vr0voci-sY1zuA,CHALLENGER,indoor fish,EUW,15,2026-08-12 15:13:51.606000+00:00,2026-08-12 15:29:15.606000+00:00,1,1,4.0,9.48051948051948,0,1.0,0.25666666666666665,W
2,CL-f8Ka5UKMD-FlVENf1leOrKKPK0whq1PiKjmkzm7B2uxs81OfKIhhY5OYnRJY2Vr0voci-sY1zuA,CHALLENGER,indoor fish,EUW,16,2026-08-12 16:44:35.884000+00:00,2026-08-12 17:25:41.884000+00:00,1,1,3.4,9.4647201946472,0,1.0,0.685,W
2,CL-f8Ka5UKMD-FlVENf1leOrKKPK0whq1PiKjmkzm7B2uxs81OfKIhhY5OYnRJY2Vr0voci-sY1zuA,CHALLENGER,indoor fish,EUW,17,2026-08-12 19:45:42.071000+00:00,2026-08-12 20:17:52.071000002+00:00,1,0,2.4444444444444446,7.0880829015544045,1,0.0,0.5361111111116666,L
2,CL-f8Ka5UKMD-FlVENf1leOrKKPK0whq1PiKjmkzm7B2uxs81OfKIhhY5OYnRJY2Vr0voci-sY1zuA,CHALLENGER,indoor fish,EUW,18,2026-08-12 23:15:37.784000+00:00,2026-08-13 00:14:48.766000002+00:00,2,1,3.888888888888889,6.795450901344572,1,0.5,0.9863838888894444,LW
2,CL-f8Ka5UKMD-FlVENf1leOrKKPK0whq1PiKjmkzm7B2uxs81OfKIhhY5OYnRJY2Vr0voci-sY1zuA,CHALLENGER,indoor fish,EUW,19,2026-08-13 15:52:51.619000+00:00,2026-08-13 17:36:12.631999998+00:00,3,1,2.3666666666666667,7.212335110373964,2,0.3333333333333333,1.7225036111105556,LWL
2,CL-f8Ka5UKMD-FlVENf1leOrKKPK0whq1PiKjmkzm7B2uxs81OfKIhhY5OYnRJY2Vr0voci-sY1zuA,CHALLENGER,indoor fish,EUW,20,2026-08-13 18:44:56.685000+00:00,2026-08-13 19:47:56.043000+00:00,2,1,1.625,8.692904953145916,1,0.5,1.0498216666666667,LW
2,CL-f8Ka5UKMD-FlVENf1leOrKKPK0whq1PiKjmkzm7B2uxs81OfKIhhY5OYnRJY2Vr0voci-sY1zuA,CHALLENGER,indoor fish,EUW,21,2026-08-13 21:33:40.181000+00:00,2026-08-13 22:08:23.181000002+00:00,1,1,3.333333333333333,8.871819491118579,0,1.0,0.5786111111116666,W
2,CL-f8Ka5UKMD-FlVENf1leOrKKPK0whq1PiKjmkzm7B2uxs81OfKIhhY5OYnRJY2Vr0voci-sY1zuA,CHALLENGER,indoor fish,EUW,22,2026-08-14 10:50:19.687000+00:00,2026-08-14 16:02:05.349000+00:00,7,3,3.482142857142857,8.412904173697667,4,0.42857142857142855,5.196017222222222,LLWLWWL
2,CL-f8Ka5UKMD-FlVENf1leOrKKPK0whq1PiKjmkzm7B2uxs81OfKIhhY5OYnRJY2Vr0voci-sY1zuA,CHALLENGER,indoor fish,EUW,23,2026-08-14 18:42:52.839000+00:00,2026-08-14 19:01:57.838999998+00:00,1,1,15.0,9.799126637554586,0,1.0,0.318055555555,W
2,CL-f8Ka5UKMD-FlVENf1leOrKKPK0whq1PiKjmkzm7B2uxs81OfKIhhY5OYnRJY2Vr0voci-sY1zuA,CHALLENGER,indoor fish,EUW,24,2026-08-14 21:12:08.030000+00:00,2026-08-14 23:22:39.018999998+00:00,3,3,11.833333333333334,6.749772505843716,0,1.0,2.1752747222216664,WWW
2,CL-f8Ka5UKMD-FlVENf1leOrKKPK0whq1PiKjmkzm7B2uxs81OfKIhhY5OYnRJY2Vr0voci-sY1zuA,CHALLENGER,indoor fish,EUW,25,2026-08-15 11:27:12.173000+00:00,2026-08-15 11:54:12.173000+00:00,1,1,6.333333333333333,9.925925925925926,0,1.0,0.45,W
2,CL-f8Ka5UKMD-FlVENf1leOrKKPK0whq1PiKjmkzm7B2uxs81OfKIhhY5OYnRJY2Vr0voci-sY1zuA,CHALLENGER,indoor fish,EUW,26,2026-08-15 17:48:39.624000+00:00,2026-08-15 20:28:30.995000002+00:00,5,3,4.271428571428571,6.505330690996312,2,0.6,2.6642697222227776,LWWWL
2,CL-f8Ka5UKMD-FlVENf1leOrKKPK0whq1PiKjmkzm7B2uxs81OfKIhhY5OYnRJY2Vr0voci-sY1zuA,CHALLENGER,indoor fish,EUW,27,2026-08-15 22:12:37.655000+00:00,2026-08-16 00:10:40.214000002+00:00,3,3,6.833333333333333,8.750938910415774,0,1.0,1.9673775000005556,WWW
2,CL-f8Ka5UKMD-FlVENf1leOrKKPK0whq1PiKjmkzm7B2uxs81OfKIhhY5OYnRJY2Vr0voci-sY1zuA,CHALLENGER,indoor fish,EUW,28,2026-08-16 23:24:40.941000+00:00,2026-08-17 00:16:25.288000+00:00,2,2,10.833333333333334,9.234290429205641,0,1.0,0.8623186111111112,WW
2,CL-f8Ka5UKMD-FlVENf1leOrKKPK0whq1PiKjmkzm7B2uxs81OfKIhhY5OYnRJY2Vr0voci-sY1zuA,CHALLENGER,indoor fish,EUW,29,2026-08-17 20:15:21.493000+00:00,2026-08-17 21:59:43.673000002+00:00,3,2,4.422222222222222,5.826668238735249,1,0.6666666666666666,1.739494444445,LWW
2,CL-f8Ka5UKMD-FlVENf1leOrKKPK0whq1PiKjmkzm7B2uxs81OfKIhhY5OYnRJY2Vr0voci-sY1zuA,CHALLENGER,indoor fish,EUW,30,2026-08-18 18:49:35.128000+00:00,2026-08-18 19:51:10.044000+00:00,2,1,2.75,7.968223399133366,1,0.5,1.0263655555555555,WL
2,CL-f8Ka5UKMD-FlVENf1leOrKKPK0whq1PiKjmkzm7B2uxs81OfKIhhY5OYnRJY2Vr0voci-sY1zuA,CHALLENGER,indoor fish,EUW,31,2026-08-19 14:16:48.049000+00:00,2026-08-19 14:50:18.049000+00:00,1,0,3.0,7.731343283582089,1,0.0,0.5583333333333333,L
2,CL-f8Ka5UKMD-FlVENf1leOrKKPK0whq1PiKjmkzm7B2uxs81OfKIhhY5OYnRJY2Vr0voci-sY1zuA,CHALLENGER,indoor fish,EUW,32,2026-08-19 16:14:05.887000+00:00,2026-08-19 17:17:40.901999998+00:00,2,1,3.833333333333333,6.5500786302293115,1,0.5,1.0597263888883333,LW
2,CL-f8Ka5UKMD-FlVENf1leOrKKPK0whq1PiKjmkzm7B2uxs81OfKIhhY5OYnRJY2Vr0voci-sY1zuA,CHALLENGER,indoor fish,EUW,33,2026-08-19 19:29:46.119000+00:00,2026-08-19 23:08:16.742000002+00:00,6,3,1.8,6.493910243008325,3,0.5,3.641839722222778,LWWWLL
2,CL-f8Ka5UKMD-FlVENf1leOrKKPK0whq1PiKjmkzm7B2uxs81OfKIhhY5OYnRJY2Vr0voci-sY1zuA,CHALLENGER,indoor fish,EUW,34,2026-08-20 00:36:24.867000+00:00,2026-08-20 01:54:50.901999997+00:00,2,1,3.8333333333333335,7.6103179753406875,1,0.5,1.3072319444436111,WL
2,CL-f8Ka5UKMD-FlVENf1leOrKKPK0whq1PiKjmkzm7B2uxs81OfKIhhY5OYnRJY2Vr0voci-sY1zuA,CHALLENGER,indoor fish,EUW,35,2026-08-20 15:29:21.984000+00:00,2026-08-20 17:23:37.224000002+00:00,3,0,1.433080808080808,5.757697760040156,3,0.0,1.9042333333338888,LLL
2,CL-f8Ka5UKMD-FlVENf1leOrKKPK0whq1PiKjmkzm7B2uxs81OfKIhhY5OYnRJY2Vr0voci-sY1zuA,CHALLENGER,indoor fish,EUW,36,2026-08-20 18:41:12.003000+00:00,2026-08-20 21:33:11.752000+00:00,5,2,5.75,8.360210229101545,3,0.4,2.8665969444444444,WWLLL
2,CL-f8Ka5UKMD-FlVENf1leOrKKPK0whq1PiKjmkzm7B2uxs81OfKIhhY5OYnRJY2Vr0voci-sY1zuA,CHALLENGER,indoor fish,EUW,37,2026-08-21 21:22:38.751000+00:00,2026-08-22 00:01:29.509000+00:00,4,2,3.05,6.524993212759269,2,0.5,2.6474327777777775,LLWW
2,CL-f8Ka5UKMD-FlVENf1leOrKKPK0whq1PiKjmkzm7B2uxs81OfKIhhY5OYnRJY2Vr0voci-sY1zuA,CHALLENGER,indoor fish,EUW,38,2026-08-22 17:39:32.648000+00:00,2026-08-22 19:05:04.433000+00:00,2,1,1.6136363636363638,5.996207383266585,1,0.5,1.4254958333333332,LW
2,CL-f8Ka5UKMD-FlVENf1leOrKKPK0whq1PiKjmkzm7B2uxs81OfKIhhY5OYnRJY2Vr0voci-sY1zuA,CHALLENGER,indoor fish,EUW,39,2026-08-23 19:10:10.801000+00:00,2026-08-23 20:33:25.371999998+00:00,2,2,12.75,4.754144704997577,0,1.0,1.3873808333327777,WW
2,CL-f8Ka5UKMD-FlVENf1leOrKKPK0whq1PiKjmkzm7B2uxs81OfKIhhY5OYnRJY2Vr0voci-sY1zuA,CHALLENGER,indoor fish,EUW,40,2026-08-24 01:14:09.479000+00:00,2026-08-24 01:45:38.478999998+00:00,1,1,3.6666666666666665,8.163049232398095,0,1.0,0.5247222222216666,W
2,CL-f8Ka5UKMD-FlVENf1leOrKKPK0whq1PiKjmkzm7B2uxs81OfKIhhY5OYnRJY2Vr0voci-sY1zuA,CHALLENGER,indoor fish,EUW,41,2026-08-24 04:32:32.337000+00:00,2026-08-24 04:56:01.336999998+00:00,1,0,3.0,9.794180269694818,1,0.0,0.39138888888833334,L
3,E4eLwViqI2EyNl_jgnPmzhL_gSh_WWV7bPCBJXHfT8UNlSKborONuP18YvRdrUf_kxlg9CIHZahwWQ,CHALLENGER,Dragdar,2902P,1,2026-07-09 02:18:17.730000+00:00,2026-07-09 02:46:28.729999998+00:00,1,1,7.5,9.260792430514488,0,1.0,0.46972222222166665,W
3,E4eLwViqI2EyNl_jgnPmzhL_gSh_WWV7bPCBJXHfT8UNlSKborONuP18YvRdrUf_kxlg9CIHZahwWQ,CHALLENGER,Dragdar,2902P,2,2026-07-14 20:43:05.160000+00:00,2026-07-14 21:46:15.014000+00:00,2,2,5.5625,6.68723989786536,0,1.0,1.0527372222222222,WW
3,E4eLwViqI2EyNl_jgnPmzhL_gSh_WWV7bPCBJXHfT8UNlSKborONuP18YvRdrUf_kxlg9CIHZahwWQ,CHALLENGER,Dragdar,2902P,3,2026-07-15 13:32:20.050000+00:00,2026-07-15 15:30:05.371000+00:00,4,2,3.583333333333333,6.3379967005667455,2,0.5,1.9625891666666666,WLLW
3,E4eLwViqI2EyNl_jgnPmzhL_gSh_WWV7bPCBJXHfT8UNlSKborONuP18YvRdrUf_kxlg9CIHZahwWQ,CHALLENGER,Dragdar,2902P,4,2026-07-16 09:32:41.870000+00:00,2026-07-16 11:58:34.375000002+00:00,3,1,2.347222222222222,5.064348565581258,2,0.3333333333333333,2.4312513888894443,WLL
3,E4eLwViqI2EyNl_jgnPmzhL_gSh_WWV7bPCBJXHfT8UNlSKborONuP18YvRdrUf_kxlg9CIHZahwWQ,CHALLENGER,Dragdar,2902P,5,2026-07-20 13:05:31.783000+00:00,2026-07-20 14:10:49.680000002+00:00,2,1,3.125,8.727974305214792,1,0.5,1.0883047222227777,LW
3,E4eLwViqI2EyNl_jgnPmzhL_gSh_WWV7bPCBJXHfT8UNlSKborONuP18YvRdrUf_kxlg9CIHZahwWQ,CHALLENGER,Dragdar,2902P,6,2026-07-20 16:02:47.134000+00:00,2026-07-20 19:29:31.779000+00:00,6,0,1.7365079365079363,6.7800693967513475,6,0.0,3.4457347222222223,LLLLLL
3,E4eLwViqI2EyNl_jgnPmzhL_gSh_WWV7bPCBJXHfT8UNlSKborONuP18YvRdrUf_kxlg9CIHZahwWQ,CHALLENGER,Dragdar,2902P,7,2026-07-21 12:49:25.990000+00:00,2026-07-21 18:03:41.021000+00:00,8,5,7.410416666666667,6.790246827098922,3,0.625,5.237508611111111,LWWWLWLW
3,E4eLwViqI2EyNl_jgnPmzhL_gSh_WWV7bPCBJXHfT8UNlSKborONuP18YvRdrUf_kxlg9CIHZahwWQ,CHALLENGER,Dragdar,2902P,8,2026-07-23 14:32:29.650000+00:00,2026-07-23 18:43:30.125999998+00:00,6,3,3.534722222222222,8.396069839644927,3,0.5,4.183465555555,WWLWLL
3,E4eLwViqI2EyNl_jgnPmzhL_gSh_WWV7bPCBJXHfT8UNlSKborONuP18YvRdrUf_kxlg9CIHZahwWQ,CHALLENGER,Dragdar,2902P,9,2026-08-01 17:15:10.730000+00:00,2026-08-01 17:44:04.730000+00:00,1,0,1.5,7.508650519031142,1,0.0,0.4816666666666667,L
3,E4eLwViqI2EyNl_jgnPmzhL_gSh_WWV7bPCBJXHfT8UNlSKborONuP18YvRdrUf_kxlg9CIHZahwWQ,CHALLENGER,Dragdar,2902P,10,2026-08-05 22:43:26.886000+00:00,2026-08-05 23:54:47.436000002+00:00,2,1,10.166666666666666,7.689791133844842,1,0.5,1.1890416666672223,LW
3,E4eLwViqI2EyNl_jgnPmzhL_gSh_WWV7bPCBJXHfT8UNlSKborONuP18YvRdrUf_kxlg9CIHZahwWQ,CHALLENGER,Dragdar,2902P,11,2026-08-07 21:54:33.373000+00:00,2026-08-07 22:10:19.373000002+00:00,1,1,5.5,9.260042283298096,0,1.0,0.26277777777833333,W
3,E4eLwViqI2EyNl_jgnPmzhL_gSh_WWV7bPCBJXHfT8UNlSKborONuP18YvRdrUf_kxlg9CIHZahwWQ,CHALLENGER,Dragdar,2902P,12,2026-08-10 19:03:24.308000+00:00,2026-08-10 19:36:39.308000+00:00,1,1,8.5,9.834586466165414,0,1.0,0.5541666666666667,W
3,E4eLwViqI2EyNl_jgnPmzhL_gSh_WWV7bPCBJXHfT8UNlSKborONuP18YvRdrUf_kxlg9CIHZahwWQ,CHALLENGER,Dragdar,2902P,13,2026-08-10 22:19:26.783000+00:00,2026-08-10 22:37:49.782999998+00:00,1,1,5.0,8.105167724388032,0,1.0,0.3063888888883333,W
3,E4eLwViqI2EyNl_jgnPmzhL_gSh_WWV7bPCBJXHfT8UNlSKborONuP18YvRdrUf_kxlg9CIHZahwWQ,CHALLENGER,Dragdar,2902P,14,2026-08-11 05:20:36.558000+00:00,2026-08-11 05:59:31.558000002+00:00,1,0,2.857142857142857,0.5653104925053534,1,0.0,0.6486111111116667,L
3,E4eLwViqI2EyNl_jgnPmzhL_gSh_WWV7bPCBJXHfT8UNlSKborONuP18YvRdrUf_kxlg9CIHZahwWQ,CHALLENGER,Dragdar,2902P,15,2026-08-12 00:18:16.491000+00:00,2026-08-12 00:52:41.491000002+00:00,1,1,8.5,8.30992736077482,0,1.0,0.5736111111116666,W
3,E4eLwViqI2EyNl_jgnPmzhL_gSh_WWV7bPCBJXHfT8UNlSKborONuP18YvRdrUf_kxlg9CIHZahwWQ,CHALLENGER,Dragdar,2902P,16,2026-08-13 11:40:38.221000+00:00,2026-08-13 13:36:39.717999998+00:00,3,1,2.9285714285714284,8.137275530476863,2,0.3333333333333333,1.9337491666661113,LLW
3,E4eLwViqI2EyNl_jgnPmzhL_gSh_WWV7bPCBJXHfT8UNlSKborONuP18YvRdrUf_kxlg9CIHZahwWQ,CHALLENGER,Dragdar,2902P,17,2026-08-14 12:14:11.033000+00:00,2026-08-14 15:55:13.592000002+00:00,6,4,5.808333333333334,8.923566809399167,2,0.6666666666666666,3.6840441666672223,WWLLWW
3,E4eLwViqI2EyNl_jgnPmzhL_gSh_WWV7bPCBJXHfT8UNlSKborONuP18YvRdrUf_kxlg9CIHZahwWQ,CHALLENGER,Dragdar,2902P,18,2026-08-14 18:42:52.839000+00:00,2026-08-14 19:01:57.838999998+00:00,1,1,1.5,8.908296943231441,0,1.0,0.318055555555,W
3,E4eLwViqI2EyNl_jgnPmzhL_gSh_WWV7bPCBJXHfT8UNlSKborONuP18YvRdrUf_kxlg9CIHZahwWQ,CHALLENGER,Dragdar,2902P,19,2026-08-16 10:04:54.764000+00:00,2026-08-16 13:06:20.193000002+00:00,4,4,5.583333333333333,9.124839947105102,0,1.0,3.0237302777783333,WWWW
3,E4eLwViqI2EyNl_jgnPmzhL_gSh_WWV7bPCBJXHfT8UNlSKborONuP18YvRdrUf_kxlg9CIHZahwWQ,CHALLENGER,Dragdar,2902P,20,2026-08-16 16:37:45.963000+00:00,2026-08-16 17:16:08.962999998+00:00,1,1,9.5,6.930091185410334,0,1.0,0.6397222222216666,W
3,E4eLwViqI2EyNl_jgnPmzhL_gSh_WWV7bPCBJXHfT8UNlSKborONuP18YvRdrUf_kxlg9CIHZahwWQ,CHALLENGER,Dragdar,2902P,21,2026-08-17 11:06:16.939000+00:00,2026-08-17 12:45:11.746000+00:00,2,1,5.125,9.17190103832842,1,0.5,1.6485575,WL
3,E4eLwViqI2EyNl_jgnPmzhL_gSh_WWV7bPCBJXHfT8UNlSKborONuP18YvRdrUf_kxlg9CIHZahwWQ,CHALLENGER,Dragdar,2902P,22,2026-08-18 15:08:27.962000+00:00,2026-08-18 16:41:46.061999998+00:00,2,1,3.071428571428571,8.377808923409663,1,0.5,1.5550277777772223,WL
3,E4eLwViqI2EyNl_jgnPmzhL_gSh_WWV7bPCBJXHfT8UNlSKborONuP18YvRdrUf_kxlg9CIHZahwWQ,CHALLENGER,Dragdar,2902P,23,2026-08-18 18:24:16.046000+00:00,2026-08-18 22:23:55.547000+00:00,6,1,2.469047619047619,8.585312941834093,5,0.16666666666666666,3.9943058333333332,LLLLLW
3,E4eLwViqI2EyNl_jgnPmzhL_gSh_WWV7bPCBJXHfT8UNlSKborONuP18YvRdrUf_kxlg9CIHZahwWQ,CHALLENGER,Dragdar,2902P,24,2026-08-19 11:37:11.579000+00:00,2026-08-19 12:21:29.669000002+00:00,2,1,2.1666666666666665,7.223888450407788,1,0.5,0.7383583333338889,LW
3,E4eLwViqI2EyNl_jgnPmzhL_gSh_WWV7bPCBJXHfT8UNlSKborONuP18YvRdrUf_kxlg9CIHZahwWQ,CHALLENGER,Dragdar,2902P,25,2026-08-19 16:31:55.333000+00:00,2026-08-19 21:38:04.602000+00:00,9,1,2.0120370370370373,6.947585449845559,8,0.1111111111111111,5.102574722222222,LLLLLLWLL
3,E4eLwViqI2EyNl_jgnPmzhL_gSh_WWV7bPCBJXHfT8UNlSKborONuP18YvRdrUf_kxlg9CIHZahwWQ,CHALLENGER,Dragdar,2902P,26,2026-08-20 12:00:19.097000+00:00,2026-08-20 14:44:52.125999997+00:00,5,2,1.878888888888889,7.780497280584987,3,0.4,2.742508055554722,LWLLW
3,E4eLwViqI2EyNl_jgnPmzhL_gSh_WWV7bPCBJXHfT8UNlSKborONuP18YvRdrUf_kxlg9CIHZahwWQ,CHALLENGER,Dragdar,2902P,27,2026-08-20 18:31:47.576000+00:00,2026-08-20 20:25:17.079000+00:00,4,0,1.325,6.025844296881171,4,0.0,1.891528611111111,LLLL
3,E4eLwViqI2EyNl_jgnPmzhL_gSh_WWV7bPCBJXHfT8UNlSKborONuP18YvRdrUf_kxlg9CIHZahwWQ,CHALLENGER,Dragdar,2902P,28,2026-08-21 15:24:26.001000+00:00,2026-08-21 18:01:45.581999998+00:00,5,1,2.6714285714285717,5.819084363829069,4,0.2,2.6221058333327774,LLLLW
3,E4eLwViqI2EyNl_jgnPmzhL_gSh_WWV7bPCBJXHfT8UNlSKborONuP18YvRdrUf_kxlg9CIHZahwWQ,CHALLENGER,Dragdar,2902P,29,2026-08-22 15:06:20.958000+00:00,2026-08-22 15:31:50.958000+00:00,1,1,2.333333333333333,7.294117647058823,0,1.0,0.425,W
3,E4eLwViqI2EyNl_jgnPmzhL_gSh_WWV7bPCBJXHfT8UNlSKborONuP18YvRdrUf_kxlg9CIHZahwWQ,CHALLENGER,Dragdar,2902P,30,2026-08-22 17:08:43.978000+00:00,2026-08-22 17:41:31.978000+00:00,1,1,3.6666666666666665,9.634146341463415,0,1.0,0.5466666666666666,W
3,E4eLwViqI2EyNl_jgnPmzhL_gSh_WWV7bPCBJXHfT8UNlSKborONuP18YvRdrUf_kxlg9CIHZahwWQ,CHALLENGER,Dragdar,2902P,31,2026-08-22 19:42:26.350000+00:00,2026-08-22 20:03:43.349999998+00:00,1,1,9.5,8.081440877055599,0,1.0,0.35472222222166666,W
3,E4eLwViqI2EyNl_jgnPmzhL_gSh_WWV7bPCBJXHfT8UNlSKborONuP18YvRdrUf_kxlg9CIHZahwWQ,CHALLENGER,Dragdar,2902P,32,2026-08-23 13:12:39.293000+00:00,2026-08-23 13:52:13.293000002+00:00,1,1,5.0,7.228306655433866,0,1.0,0.6594444444449999,W
3,E4eLwViqI2EyNl_jgnPmzhL_gSh_WWV7bPCBJXHfT8UNlSKborONuP18YvRdrUf_kxlg9CIHZahwWQ,CHALLENGER,Dragdar,2902P,33,2026-08-23 16:19:31.121000+00:00,2026-08-23 16:52:07.121000+00:00,1,1,6.0,7.607361963190184,0,1.0,0.5433333333333333,W
3,E4eLwViqI2EyNl_jgnPmzhL_gSh_WWV7bPCBJXHfT8UNlSKborONuP18YvRdrUf_kxlg9CIHZahwWQ,CHALLENGER,Dragdar,2902P,34,2026-08-25 15:35:50.225000+00:00,2026-08-25 17:32:46.071000002+00:00,3,1,1.05,6.9685651466836696,2,0.3333333333333333,1.9488461111116668,LWL
3,E4eLwViqI2EyNl_jgnPmzhL_gSh_WWV7bPCBJXHfT8UNlSKborONuP18YvRdrUf_kxlg9CIHZahwWQ,CHALLENGER,Dragdar,2902P,35,2026-08-25 18:49:45.682000+00:00,2026-08-25 19:55:02.550000002+00:00,2,1,3.3392857142857144,8.10347338286641,1,0.5,1.0880188888894444,LW
4,H4eVlzCj0NF3QwQyOUgg6aUqAiEr7s9hUTZJtP_Tlhz5tfSn2PaNGDT0d3O2AEBMOcl-z-W25JgE9w,CHALLENGER,Dealersz,EUW,1,2026-08-01 21:53:49.761000+00:00,2026-08-02 02:32:44.877000+00:00,7,4,3.825974025974026,8.210207851295769,3,0.5714285714285714,4.648643333333334,WLWWWLL
4,H4eVlzCj0NF3QwQyOUgg6aUqAiEr7s9hUTZJtP_Tlhz5tfSn2PaNGDT0d3O2AEBMOcl-z-W25JgE9w,CHALLENGER,Dealersz,EUW,2,2026-08-02 05:56:02.166000+00:00,2026-08-02 06:22:52.165999998+00:00,1,1,2.1666666666666665,7.826086956521739,0,1.0,0.4472222222216667,W
4,H4eVlzCj0NF3QwQyOUgg6aUqAiEr7s9hUTZJtP_Tlhz5tfSn2PaNGDT0d3O2AEBMOcl-z-W25JgE9w,CHALLENGER,Dealersz,EUW,3,2026-08-02 08:01:20.873000+00:00,2026-08-02 08:29:26.873000+00:00,1,1,12.5,11.067615658362987,0,1.0,0.4683333333333333,W
4,H4eVlzCj0NF3QwQyOUgg6aUqAiEr7s9hUTZJtP_Tlhz5tfSn2PaNGDT0d3O2AEBMOcl-z-W25JgE9w,CHALLENGER,Dealersz,EUW,4,2026-08-02 11:00:25.650000+00:00,2026-08-02 12:10:41.733000+00:00,2,0,1.5178571428571428,8.013385204728047,2,0.0,1.1711341666666666,LL
4,H4eVlzCj0NF3QwQyOUgg6aUqAiEr7s9hUTZJtP_Tlhz5tfSn2PaNGDT0d3O2AEBMOcl-z-W25JgE9w,CHALLENGER,Dealersz,EUW,5,2026-08-06 19:11:18.210000+00:00,2026-08-06 21:44:05.994000+00:00,5,2,1.6817460317460315,8.16205629497411,3,0.4,2.5466066666666665,LWLLW
4,H4eVlzCj0NF3QwQyOUgg6aUqAiEr7s9hUTZJtP_Tlhz5tfSn2PaNGDT0d3O2AEBMOcl-z-W25JgE9w,CHALLENGER,Dealersz,EUW,6,2026-08-07 20:16:38.599000+00:00,2026-08-07 23:54:54.172000+00:00,6,2,4.077272727272727,8.093594482816398,4,0.3333333333333333,3.637659166666667,WLLLWL
4,H4eVlzCj0NF3QwQyOUgg6aUqAiEr7s9hUTZJtP_Tlhz5tfSn2PaNGDT0d3O2AEBMOcl-z-W25JgE9w,CHALLENGER,Dealersz,EUW,7,2026-08-08 18:21:21.548000+00:00,2026-08-09 00:26:23.654000+00:00,10,6,3.4782539682539686,8.69467374759223,4,0.6,6.083918333333333,WLLWWWLWWL
4,H4eVlzCj0NF3QwQyOUgg6aUqAiEr7s9hUTZJtP_Tlhz5tfSn2PaNGDT0d3O2AEBMOcl-z-W25JgE9w,CHALLENGER,Dealersz,EUW,8,2026-08-09 18:53:46.834000+00:00,2026-08-09 23:18:04.404999998+00:00,8,6,4.2404761904761905,8.144167197360307,2,0.75,4.404880833332778,WWLWLWWW
4,H4eVlzCj0NF3QwQyOUgg6aUqAiEr7s9hUTZJtP_Tlhz5tfSn2PaNGDT0d3O2AEBMOcl-z-W25JgE9w,CHALLENGER,Dealersz,EUW,9,2026-08-11 20:49:32.031000+00:00,2026-08-12 00:16:40.767999998+00:00,6,3,3.923611111111111,8.494952780608115,3,0.5,3.452426944443889,WWLLWL
4,H4eVlzCj0NF3QwQyOUgg6aUqAiEr7s9hUTZJtP_Tlhz5tfSn2PaNGDT0d3O2AEBMOcl-z-W25JgE9w,CHALLENGER,Dealersz,EUW,10,2026-08-12 18:34:40.464000+00:00,2026-08-13 00:14:48.766000002+00:00,9,4,4.586111111111111,7.817399540658822,5,0.4444444444444444,5.668972777778333,LLWLWWWLL
4,H4eVlzCj0NF3QwQyOUgg6aUqAiEr7s9hUTZJtP_Tlhz5tfSn2PaNGDT0d3O2AEBMOcl-z-W25JgE9w,CHALLENGER,Dealersz,EUW,11,2026-08-13 19:21:58.502000+00:00,2026-08-13 20:08:27.017999998+00:00,2,1,1.8666666666666667,7.645319580402072,1,0.5,0.7745877777772222,WL
4,H4eVlzCj0NF3QwQyOUgg6aUqAiEr7s9hUTZJtP_Tlhz5tfSn2PaNGDT0d3O2AEBMOcl-z-W25JgE9w,CHALLENGER,Dealersz,EUW,12,2026-08-13 21:38:56.212000+00:00,2026-08-13 22:47:43.341999998+00:00,2,2,2.236111111111111,7.9382756509215096,0,1.0,1.1464249999994445,WW
4,H4eVlzCj0NF3QwQyOUgg6aUqAiEr7s9hUTZJtP_Tlhz5tfSn2PaNGDT0d3O2AEBMOcl-z-W25JgE9w,CHALLENGER,Dealersz,EUW,13,2026-08-14 18:55:35.796000+00:00,2026-08-15 00:09:10.511000+00:00,7,4,2.5285714285714285,8.272918573510232,3,0.5714285714285714,5.226309722222222,WWWLWLL
4,H4eVlzCj0NF3QwQyOUgg6aUqAiEr7s9hUTZJtP_Tlhz5tfSn2PaNGDT0d3O2AEBMOcl-z-W25JgE9w,CHALLENGER,Dealersz,EUW,14,2026-08-15 18:26:57.366000+00:00,2026-08-15 23:04:57.344000+00:00,8,4,3.0416666666666665,8.367997262589649,4,0.5,4.633327222222222,WLWWWLLL
4,H4eVlzCj0NF3QwQyOUgg6aUqAiEr7s9hUTZJtP_Tlhz5tfSn2PaNGDT0d3O2AEBMOcl-z-W25JgE9w,CHALLENGER,Dealersz,EUW,15,2026-08-16 18:20:09.430000+00:00,2026-08-16 21:11:24.578999997+00:00,5,2,2.977728937728938,8.276671384078131,3,0.4,2.854208055554722,WLWLL
4,H4eVlzCj0NF3QwQyOUgg6aUqAiEr7s9hUTZJtP_Tlhz5tfSn2PaNGDT0d3O2AEBMOcl-z-W25JgE9w,CHALLENGER,Dealersz,EUW,16,2026-08-18 18:13:46.715000+00:00,2026-08-18 18:32:10.715000+00:00,1,0,0.0,9.130434782608695,1,0.0,0.30666666666666664,L
4,H4eVlzCj0NF3QwQyOUgg6aUqAiEr7s9hUTZJtP_Tlhz5tfSn2PaNGDT0d3O2AEBMOcl-z-W25JgE9w,CHALLENGER,Dealersz,EUW,17,2026-08-21 21:00:59.850000+00:00,2026-08-21 23:47:58.523000+00:00,4,3,7.25,9.100082575068702,1,0.75,2.7829647222222222,WWWL
4,H4eVlzCj0NF3QwQyOUgg6aUqAiEr7s9hUTZJtP_Tlhz5tfSn2PaNGDT0d3O2AEBMOcl-z-W25JgE9w,CHALLENGER,Dealersz,EUW,18,2026-08-24 17:50:46.005000+00:00,2026-08-24 21:42:21.367000+00:00,7,4,2.827777777777778,8.0847723420822,3,0.5714285714285714,3.8598227777777776,WWLWWLL
4,H4eVlzCj0NF3QwQyOUgg6aUqAiEr7s9hUTZJtP_Tlhz5tfSn2PaNGDT0d3O2AEBMOcl-z-W25JgE9w,CHALLENGER,Dealersz,EUW,19,2026-08-26 18:18:58.768000+00:00,2026-08-27 00:06:31.696999998+00:00,9,4,5.966666666666667,7.485659435559961,5,0.4444444444444444,5.792480277777222,LWLWLWWLL
5,S7Fy1DXRlEHc_KTCMbaP_BIjPi-v0PYigtC0oiLkIA6_AVd8CGPhQ4xIII8bQbTfbXlqt7NEerpLRQ,CHALLENGER,ANB Maged,44444,23,2026-07-29 22:37:13.073000+00:00,2026-07-30 00:19:44.592999998+00:00,3,2,3.5,9.398285169974159,1,0.6666666666666666,1.7087555555549998,LWW
5,S7Fy1DXRlEHc_KTCMbaP_BIjPi-v0PYigtC0oiLkIA6_AVd8CGPhQ4xIII8bQbTfbXlqt7NEerpLRQ,CHALLENGER,ANB Maged,44444,24,2026-07-30 11:14:03.618000+00:00,2026-07-30 11:44:02.617999998+00:00,1,1,2.2,7.837687604224569,0,1.0,0.4997222222216667,W
5,S7Fy1DXRlEHc_KTCMbaP_BIjPi-v0PYigtC0oiLkIA6_AVd8CGPhQ4xIII8bQbTfbXlqt7NEerpLRQ,CHALLENGER,ANB Maged,44444,25,2026-07-30 15:28:53.557000+00:00,2026-07-30 17:09:10.502999998+00:00,3,2,3.7976190476190474,7.532337776480799,1,0.6666666666666666,1.6713738888883334,LWW
5,S7Fy1DXRlEHc_KTCMbaP_BIjPi-v0PYigtC0oiLkIA6_AVd8CGPhQ4xIII8bQbTfbXlqt7NEerpLRQ,CHALLENGER,ANB Maged,44444,26,2026-07-30 23:58:41.157000+00:00,2026-07-31 03:23:29.712000+00:00,4,2,1.85,6.819782234970006,2,0.5,3.4134875,LLWW
5,S7Fy1DXRlEHc_KTCMbaP_BIjPi-v0PYigtC0oiLkIA6_AVd8CGPhQ4xIII8bQbTfbXlqt7NEerpLRQ,CHALLENGER,ANB Maged,44444,27,2026-07-31 10:04:02.389000+00:00,2026-07-31 10:25:02.389000+00:00,1,1,9.0,10.428571428571429,0,1.0,0.35,W
5,S7Fy1DXRlEHc_KTCMbaP_BIjPi-v0PYigtC0oiLkIA6_AVd8CGPhQ4xIII8bQbTfbXlqt7NEerpLRQ,CHALLENGER,ANB Maged,44444,28,2026-08-01 23:18:18.195000+00:00,2026-08-02 00:23:01.865000002+00:00,2,1,1.9652777777777777,8.239965717539754,1,0.5,1.0787972222227777,LW
5,S7Fy1DXRlEHc_KTCMbaP_BIjPi-v0PYigtC0oiLkIA6_AVd8CGPhQ4xIII8bQbTfbXlqt7NEerpLRQ,CHALLENGER,ANB Maged,44444,29,2026-08-03 15:16:31.183000+00:00,2026-08-03 15:46:38.183000002+00:00,1,1,4.0,7.76978417266187,0,1.0,0.501944444445,W
5,S7Fy1DXRlEHc_KTCMbaP_BIjPi-v0PYigtC0oiLkIA6_AVd8CGPhQ4xIII8bQbTfbXlqt7NEerpLRQ,CHALLENGER,ANB Maged,44444,30,2026-08-16 18:29:47.743000+00:00,2026-08-17 00:40:02.625999997+00:00,11,5,2.7770070838252656,7.751241696116437,6,0.45454545454545453,6.1708008333325,LWLWLLWLWLW
5,S7Fy1DXRlEHc_KTCMbaP_BIjPi-v0PYigtC0oiLkIA6_AVd8CGPhQ4xIII8bQbTfbXlqt7NEerpLRQ,CHALLENGER,ANB Maged,44444,31,2026-08-17 17:59:14.372000+00:00,2026-08-17 19:40:51.958999998+00:00,3,3,5.222222222222222,8.598165080907624,0,1.0,1.693774166666111,WWW
5,S7Fy1DXRlEHc_KTCMbaP_BIjPi-v0PYigtC0oiLkIA6_AVd8CGPhQ4xIII8bQbTfbXlqt7NEerpLRQ,CHALLENGER,ANB Maged,44444,32,2026-08-26 23:18:23.697000+00:00,2026-08-27 00:06:31.696999998+00:00,1,1,2.571428571428572,5.650969529085873,0,1.0,0.8022222222216667,W
5,S7Fy1DXRlEHc_KTCMbaP_BIjPi-v0PYigtC0oiLkIA6_AVd8CGPhQ4xIII8bQbTfbXlqt7NEerpLRQ,CHALLENGER,Exileh8,44444,1,2026-07-01 10:21:29.462000+00:00,2026-07-01 14:53:52.210000002+00:00,8,5,3.0660353535353533,8.887220350966153,3,0.625,4.539652222222778,LLWWLWWW
5,S7Fy1DXRlEHc_KTCMbaP_BIjPi-v0PYigtC0oiLkIA6_AVd8CGPhQ4xIII8bQbTfbXlqt7NEerpLRQ,CHALLENGER,Exileh8,44444,2,2026-07-02 01:01:25.296000+00:00,2026-07-02 02:43:47.249000002+00:00,3,2,3.972222222222222,6.980918003017368,1,0.6666666666666666,1.7060980555561112,LWW
5,S7Fy1DXRlEHc_KTCMbaP_BIjPi-v0PYigtC0oiLkIA6_AVd8CGPhQ4xIII8bQbTfbXlqt7NEerpLRQ,CHALLENGER,Exileh8,44444,3,2026-07-02 11:11:43.520000+00:00,2026-07-02 14:39:37.557999998+00:00,6,1,1.9696428571428573,8.557303117592188,5,0.16666666666666666,3.4650105555549997,LLLLLW
5,S7Fy1DXRlEHc_KTCMbaP_BIjPi-v0PYigtC0oiLkIA6_AVd8CGPhQ4xIII8bQbTfbXlqt7NEerpLRQ,CHALLENGER,Exileh8,44444,4,2026-07-02 20:11:16.034000+00:00,2026-07-02 22:08:01.535000002+00:00,3,3,4.542857142857144,8.833378580060694,0,1.0,1.9459725000005557,WWW
5,S7Fy1DXRlEHc_KTCMbaP_BIjPi-v0PYigtC0oiLkIA6_AVd8CGPhQ4xIII8bQbTfbXlqt7NEerpLRQ,CHALLENGER,Exileh8,44444,5,2026-07-03 12:57:47.529000+00:00,2026-07-03 15:20:50.545999998+00:00,5,3,4.895238095238095,9.105650540081102,2,0.6,2.3841713888883334,LLWWW
5,S7Fy1DXRlEHc_KTCMbaP_BIjPi-v0PYigtC0oiLkIA6_AVd8CGPhQ4xIII8bQbTfbXlqt7NEerpLRQ,CHALLENGER,Exileh8,44444,6,2026-07-03 20:14:33.691000+00:00,2026-07-03 20:40:49.691000002+00:00,1,1,8.0,8.642131979695431,0,1.0,0.4377777777783333,W
5,S7Fy1DXRlEHc_KTCMbaP_BIjPi-v0PYigtC0oiLkIA6_AVd8CGPhQ4xIII8bQbTfbXlqt7NEerpLRQ,CHALLENGER,Exileh8,44444,7,2026-07-06 18:17:50.833000+00:00,2026-07-06 18:40:12.833000002+00:00,1,1,7.0,9.2548435171386,0,1.0,0.3727777777783333,W
5,S7Fy1DXRlEHc_KTCMbaP_BIjPi-v0PYigtC0oiLkIA6_AVd8CGPhQ4xIII8bQbTfbXlqt7NEerpLRQ,CHALLENGER,Exileh8,44444,8,2026-07-07 18:14:21.950000+00:00,2026-07-07 20:39:38.396000002+00:00,4,2,2.852777777777778,6.622076096972415,2,0.5,2.421235000000556,LLWW
5,S7Fy1DXRlEHc_KTCMbaP_BIjPi-v0PYigtC0oiLkIA6_AVd8CGPhQ4xIII8bQbTfbXlqt7NEerpLRQ,CHALLENGER,Exileh8,44444,9,2026-07-07 22:05:52.594000+00:00,2026-07-07 23:32:59.193999998+00:00,3,2,2.5,7.212870594915334,1,0.6666666666666666,1.451833333332778,WLW
5,S7Fy1DXRlEHc_KTCMbaP_BIjPi-v0PYigtC0oiLkIA6_AVd8CGPhQ4xIII8bQbTfbXlqt7NEerpLRQ,CHALLENGER,Exileh8,44444,10,2026-07-09 13:18:19.414000+00:00,2026-07-09 13:48:31.414000+00:00,1,1,15.0,9.47019867549669,0,1.0,0.5033333333333333,W
5,S7Fy1DXRlEHc_KTCMbaP_BIjPi-v0PYigtC0oiLkIA6_AVd8CGPhQ4xIII8bQbTfbXlqt7NEerpLRQ,CHALLENGER,Exileh8,44444,11,2026-07-09 14:50:17.938000+00:00,2026-07-09 16:07:24.254000+00:00,3,2,4.361111111111111,6.903346302080479,1,0.6666666666666666,1.2850877777777778,LWW
5,S7Fy1DXRlEHc_KTCMbaP_BIjPi-v0PYigtC0oiLkIA6_AVd8CGPhQ4xIII8bQbTfbXlqt7NEerpLRQ,CHALLENGER,Exileh8,44444,12,2026-07-10 13:04:49.596000+00:00,2026-07-10 15:41:38.658999997+00:00,5,1,3.8383333333333334,8.444082666406144,4,0.2,2.6136286111102778,LLLLW
5,S7Fy1DXRlEHc_KTCMbaP_BIjPi-v0PYigtC0oiLkIA6_AVd8CGPhQ4xIII8bQbTfbXlqt7NEerpLRQ,CHALLENGER,Exileh8,44444,13,2026-07-10 21:06:05.070000+00:00,2026-07-10 22:41:16.723000002+00:00,3,1,6.148809523809523,6.68648069171874,2,0.3333333333333333,1.5865702777783335,LLW
5,S7Fy1DXRlEHc_KTCMbaP_BIjPi-v0PYigtC0oiLkIA6_AVd8CGPhQ4xIII8bQbTfbXlqt7NEerpLRQ,CHALLENGER,Exileh8,44444,14,2026-07-11 00:23:26.698000+00:00,2026-07-11 01:38:23.478999998+00:00,2,2,7.5,9.99745246110454,0,1.0,1.2491058333327778,WW
5,S7Fy1DXRlEHc_KTCMbaP_BIjPi-v0PYigtC0oiLkIA6_AVd8CGPhQ4xIII8bQbTfbXlqt7NEerpLRQ,CHALLENGER,Exileh8,44444,15,2026-07-12 21:22:55.384000+00:00,2026-07-12 21:56:26.384000002+00:00,1,1,6.25,10.532073595226256,0,1.0,0.5586111111116666,W
5,S7Fy1DXRlEHc_KTCMbaP_BIjPi-v0PYigtC0oiLkIA6_AVd8CGPhQ4xIII8bQbTfbXlqt7NEerpLRQ,CHALLENGER,Exileh8,44444,16,2026-07-13 21:49:35.342000+00:00,2026-07-14 05:20:06.411999998+00:00,11,3,2.75995670995671,8.080058549686884,8,0.2727272727272727,7.5086305555549995,LLLLWLLLLWW
5,S7Fy1DXRlEHc_KTCMbaP_BIjPi-v0PYigtC0oiLkIA6_AVd8CGPhQ4xIII8bQbTfbXlqt7NEerpLRQ,CHALLENGER,Exileh8,44444,17,2026-07-14 18:32:35.060000+00:00,2026-07-14 18:49:00.060000002+00:00,1,1,11.0,10.416243654822336,0,1.0,0.27361111111166664,W
5,S7Fy1DXRlEHc_KTCMbaP_BIjPi-v0PYigtC0oiLkIA6_AVd8CGPhQ4xIII8bQbTfbXlqt7NEerpLRQ,CHALLENGER,Exileh8,44444,18,2026-07-15 09:26:33.098000+00:00,2026-07-15 10:41:06.444999998+00:00,3,2,4.5,6.7936922980923695,1,0.6666666666666666,1.2425963888883333,WLW
5,S7Fy1DXRlEHc_KTCMbaP_BIjPi-v0PYigtC0oiLkIA6_AVd8CGPhQ4xIII8bQbTfbXlqt7NEerpLRQ,CHALLENGER,Exileh8,44444,19,2026-07-15 21:39:17.645000+00:00,2026-07-15 23:02:26.007999998+00:00,2,2,2.048611111111111,4.2213195514313355,0,1.0,1.3856563888883333,WW
5,S7Fy1DXRlEHc_KTCMbaP_BIjPi-v0PYigtC0oiLkIA6_AVd8CGPhQ4xIII8bQbTfbXlqt7NEerpLRQ,CHALLENGER,Exileh8,44444,20,2026-07-16 09:02:54.153000+00:00,2026-07-16 10:15:19.548000002+00:00,2,1,3.0818181818181816,7.996308316068142,1,0.5,1.2070541666672223,LW
5,S7Fy1DXRlEHc_KTCMbaP_BIjPi-v0PYigtC0oiLkIA6_AVd8CGPhQ4xIII8bQbTfbXlqt7NEerpLRQ,CHALLENGER,Exileh8,44444,21,2026-07-22 11:29:43.163000+00:00,2026-07-22 11:56:34.163000+00:00,1,1,8.666666666666666,9.422718808193668,0,1.0,0.4475,W
5,S7Fy1DXRlEHc_KTCMbaP_BIjPi-v0PYigtC0oiLkIA6_AVd8CGPhQ4xIII8bQbTfbXlqt7NEerpLRQ,CHALLENGER,Exileh8,44444,22,2026-07-24 22:16:58.336000+00:00,2026-07-24 22:32:29.336000002+00:00,1,1,7.0,10.827067669172932,0,1.0,0.2586111111116667,W
6,RB7KYv9SbHVs4zpVJZTvxojEXwT6r2UhzQA7c3qdD7FrnspalOkMIyn4o-sLyapK91Xh2R_8XhtxEg,CHALLENGER,MetroArcher,EUW,1,2026-07-28 15:31:34.619000+00:00,2026-07-28 15:54:50.619000002+00:00,1,0,0.75,7.908309455587393,1,0.0,0.38777777777833333,L
6,RB7KYv9SbHVs4zpVJZTvxojEXwT6r2UhzQA7c3qdD7FrnspalOkMIyn4o-sLyapK91Xh2R_8XhtxEg,CHALLENGER,MetroArcher,EUW,2,2026-07-29 12:40:15.829000+00:00,2026-07-29 16:25:03.953000+00:00,7,3,0.8642857142857142,6.4052166651105855,4,0.42857142857142855,3.7467011111111113,LWLWLLW
6,RB7KYv9SbHVs4zpVJZTvxojEXwT6r2UhzQA7c3qdD7FrnspalOkMIyn4o-sLyapK91Xh2R_8XhtxEg,CHALLENGER,MetroArcher,EUW,3,2026-07-30 12:28:03.024000+00:00,2026-07-30 14:51:38.064000002+00:00,4,2,2.5482142857142858,8.10929015036361,2,0.5,2.393066666667222,WLLW
6,RB7KYv9SbHVs4zpVJZTvxojEXwT6r2UhzQA7c3qdD7FrnspalOkMIyn4o-sLyapK91Xh2R_8XhtxEg,CHALLENGER,MetroArcher,EUW,4,2026-07-31 12:53:55.517000+00:00,2026-07-31 16:04:00.406000+00:00,5,3,2.928809523809524,8.355311667532584,2,0.6,3.168024722222222,WWWLL
6,RB7KYv9SbHVs4zpVJZTvxojEXwT6r2UhzQA7c3qdD7FrnspalOkMIyn4o-sLyapK91Xh2R_8XhtxEg,CHALLENGER,MetroArcher,EUW,5,2026-08-01 12:42:36.050000+00:00,2026-08-01 16:17:39.925000+00:00,5,1,1.5244444444444445,7.527927615156837,4,0.2,3.5844097222222224,LWLLL
6,RB7KYv9SbHVs4zpVJZTvxojEXwT6r2UhzQA7c3qdD7FrnspalOkMIyn4o-sLyapK91Xh2R_8XhtxEg,CHALLENGER,MetroArcher,EUW,6,2026-08-03 13:11:45.892000+00:00,2026-08-03 15:16:30.333999998+00:00,3,1,3.4583333333333335,8.472098318011687,2,0.3333333333333333,2.079011666666111,LWL
6,RB7KYv9SbHVs4zpVJZTvxojEXwT6r2UhzQA7c3qdD7FrnspalOkMIyn4o-sLyapK91Xh2R_8XhtxEg,CHALLENGER,MetroArcher,EUW,7,2026-08-04 12:48:52.556000+00:00,2026-08-04 16:08:23.488999998+00:00,6,3,3.5694444444444446,8.456000449464058,3,0.5,3.325259166666111,WLLWLW
6,RB7KYv9SbHVs4zpVJZTvxojEXwT6r2UhzQA7c3qdD7FrnspalOkMIyn4o-sLyapK91Xh2R_8XhtxEg,CHALLENGER,MetroArcher,EUW,8,2026-08-05 19:47:44.158000+00:00,2026-08-05 22:03:42.476000002+00:00,4,2,5.426785714285714,8.16705751810789,2,0.5,2.266199444445,WLWL
6,RB7KYv9SbHVs4zpVJZTvxojEXwT6r2UhzQA7c3qdD7FrnspalOkMIyn4o-sLyapK91Xh2R_8XhtxEg,CHALLENGER,MetroArcher,EUW,9,2026-08-06 14:14:20.404000+00:00,2026-08-06 16:57:25.888000+00:00,4,3,3.1086309523809526,7.973919497001566,1,0.75,2.71819,WWWL
6,RB7KYv9SbHVs4zpVJZTvxojEXwT6r2UhzQA7c3qdD7FrnspalOkMIyn4o-sLyapK91Xh2R_8XhtxEg,CHALLENGER,MetroArcher,EUW,10,2026-08-07 20:18:15.903000+00:00,2026-08-07 22:07:27.311000002+00:00,3,1,3.6166666666666667,9.025822156846255,2,0.3333333333333333,1.8198355555561112,WLL
6,RB7KYv9SbHVs4zpVJZTvxojEXwT6r2UhzQA7c3qdD7FrnspalOkMIyn4o-sLyapK91Xh2R_8XhtxEg,CHALLENGER,MetroArcher,EUW,11,2026-08-08 12:47:03.543000+00:00,2026-08-08 16:22:46.355000+00:00,6,2,2.4424603174603177,8.442263793162734,4,0.3333333333333333,3.5952255555555555,LLWWLL
6,RB7KYv9SbHVs4zpVJZTvxojEXwT6r2UhzQA7c3qdD7FrnspalOkMIyn4o-sLyapK91Xh2R_8XhtxEg,CHALLENGER,MetroArcher,EUW,12,2026-08-10 19:54:36.580000+00:00,2026-08-10 22:17:49.245000002+00:00,4,2,4.729166666666666,8.638193891809571,2,0.5,2.3868513888894443,LWLW
6,RB7KYv9SbHVs4zpVJZTvxojEXwT6r2UhzQA7c3qdD7FrnspalOkMIyn4o-sLyapK91Xh2R_8XhtxEg,CHALLENGER,MetroArcher,EUW,13,2026-08-11 20:34:26.538000+00:00,2026-08-11 22:12:07.187000+00:00,3,0,1.0833333333333333,9.200266004448325,3,0.0,1.6279580555555557,LLL
6,RB7KYv9SbHVs4zpVJZTvxojEXwT6r2UhzQA7c3qdD7FrnspalOkMIyn4o-sLyapK91Xh2R_8XhtxEg,CHALLENGER,MetroArcher,EUW,14,2026-08-15 13:10:10.388000+00:00,2026-08-15 16:04:05.695000+00:00,5,3,4.485714285714286,8.04058209587466,2,0.6,2.8986963888888893,WWLWL
6,RB7KYv9SbHVs4zpVJZTvxojEXwT6r2UhzQA7c3qdD7FrnspalOkMIyn4o-sLyapK91Xh2R_8XhtxEg,CHALLENGER,MetroArcher,EUW,15,2026-08-17 20:22:33.335000+00:00,2026-08-17 22:00:49.687000+00:00,3,1,4.583333333333333,8.535436886714258,2,0.3333333333333333,1.6378755555555555,LWL
6,RB7KYv9SbHVs4zpVJZTvxojEXwT6r2UhzQA7c3qdD7FrnspalOkMIyn4o-sLyapK91Xh2R_8XhtxEg,CHALLENGER,MetroArcher,EUW,16,2026-08-18 19:50:00.689000+00:00,2026-08-18 21:56:11.553000002+00:00,4,2,4.413392857142857,8.412328673823255,2,0.5,2.103017777778333,WLLW
6,RB7KYv9SbHVs4zpVJZTvxojEXwT6r2UhzQA7c3qdD7FrnspalOkMIyn4o-sLyapK91Xh2R_8XhtxEg,CHALLENGER,MetroArcher,EUW,17,2026-08-19 19:23:22.179000+00:00,2026-08-19 22:08:54.897999998+00:00,5,4,3.3154761904761907,8.434872672643456,1,0.8,2.7590886111105557,WLWWW
6,RB7KYv9SbHVs4zpVJZTvxojEXwT6r2UhzQA7c3qdD7FrnspalOkMIyn4o-sLyapK91Xh2R_8XhtxEg,CHALLENGER,MetroArcher,EUW,18,2026-08-21 19:46:32.254000+00:00,2026-08-21 22:18:41.048000+00:00,4,2,2.0395833333333333,6.177853464866924,2,0.5,2.5357761111111112,LWLW
6,RB7KYv9SbHVs4zpVJZTvxojEXwT6r2UhzQA7c3qdD7FrnspalOkMIyn4o-sLyapK91Xh2R_8XhtxEg,CHALLENGER,MetroArcher,EUW,19,2026-08-22 13:12:49.427000+00:00,2026-08-22 15:47:52.793000+00:00,4,2,3.8819444444444446,7.490324949646507,2,0.5,2.584268333333333,WLWL
6,RB7KYv9SbHVs4zpVJZTvxojEXwT6r2UhzQA7c3qdD7FrnspalOkMIyn4o-sLyapK91Xh2R_8XhtxEg,CHALLENGER,MetroArcher,EUW,20,2026-08-22 20:30:25.526000+00:00,2026-08-22 21:53:08.543000+00:00,2,0,2.119047619047619,8.41852952833928,2,0.0,1.3786158333333334,LL
6,RB7KYv9SbHVs4zpVJZTvxojEXwT6r2UhzQA7c3qdD7FrnspalOkMIyn4o-sLyapK91Xh2R_8XhtxEg,CHALLENGER,MetroArcher,EUW,21,2026-08-23 19:51:33.823000+00:00,2026-08-23 22:22:25.111000+00:00,4,3,2.135416666666667,6.851724077999805,1,0.75,2.5142466666666667,LWWW
6,RB7KYv9SbHVs4zpVJZTvxojEXwT6r2UhzQA7c3qdD7FrnspalOkMIyn4o-sLyapK91Xh2R_8XhtxEg,CHALLENGER,MetroArcher,EUW,22,2026-08-25 12:58:33.457000+00:00,2026-08-25 16:05:13.976000002+00:00,5,2,2.827272727272727,8.318442309835305,3,0.4,3.111255277778333,LWLWL
6,RB7KYv9SbHVs4zpVJZTvxojEXwT6r2UhzQA7c3qdD7FrnspalOkMIyn4o-sLyapK91Xh2R_8XhtxEg,CHALLENGER,MetroArcher,EUW,23,2026-08-26 13:06:10.895000+00:00,2026-08-26 15:25:48.964000002+00:00,4,2,8.316666666666666,8.43070250954105,2,0.5,2.3272413888894445,WLWL
6,RB7KYv9SbHVs4zpVJZTvxojEXwT6r2UhzQA7c3qdD7FrnspalOkMIyn4o-sLyapK91Xh2R_8XhtxEg,CHALLENGER,MetroArcher,EUW,24,2026-08-27 12:56:39.995000+00:00,2026-08-27 16:34:50.594000+00:00,5,3,4.1866666666666665,7.9874319267877185,2,0.6,3.6362775,LWWWL
7,Ixohe_NmUZvCpYiRdq9bOfXi91ayqx4xQhO6mdCZ4nvSSEFHJZV6yWwJp07k-a4u9uAUZgXOpg_uMg,CHALLENGER,Percy Magic,1234,1,2026-08-03 11:04:12.387000+00:00,2026-08-03 11:35:32.386999998+00:00,1,1,6.333333333333333,10.691489361702128,0,1.0,0.5222222222216667,W
7,Ixohe_NmUZvCpYiRdq9bOfXi91ayqx4xQhO6mdCZ4nvSSEFHJZV6yWwJp07k-a4u9uAUZgXOpg_uMg,CHALLENGER,Percy Magic,1234,2,2026-08-04 19:47:44.069000+00:00,2026-08-04 22:33:42.958000+00:00,5,3,4.633333333333333,8.80780858632566,2,0.6,2.766358055555555,WLWWL
7,Ixohe_NmUZvCpYiRdq9bOfXi91ayqx4xQhO6mdCZ4nvSSEFHJZV6yWwJp07k-a4u9uAUZgXOpg_uMg,CHALLENGER,Percy Magic,1234,3,2026-08-05 10:13:46.312000+00:00,2026-08-05 11:33:03.079999998+00:00,3,3,5.166666666666667,6.773976241252147,0,1.0,1.321324444443889,WWW
7,Ixohe_NmUZvCpYiRdq9bOfXi91ayqx4xQhO6mdCZ4nvSSEFHJZV6yWwJp07k-a4u9uAUZgXOpg_uMg,CHALLENGER,Percy Magic,1234,4,2026-08-06 10:51:37.395000+00:00,2026-08-06 12:01:21.427999998+00:00,3,2,3.866666666666667,6.363260770091071,1,0.6666666666666666,1.1622313888883333,LWW
7,Ixohe_NmUZvCpYiRdq9bOfXi91ayqx4xQhO6mdCZ4nvSSEFHJZV6yWwJp07k-a4u9uAUZgXOpg_uMg,CHALLENGER,Percy Magic,1234,5,2026-08-06 14:02:48.129000+00:00,2026-08-06 15:49:46.558000002+00:00,3,1,4.111111111111112,9.781994229212229,2,0.3333333333333333,1.782896944445,WLL
7,Ixohe_NmUZvCpYiRdq9bOfXi91ayqx4xQhO6mdCZ4nvSSEFHJZV6yWwJp07k-a4u9uAUZgXOpg_uMg,CHALLENGER,Percy Magic,1234,6,2026-08-07 11:11:56.922000+00:00,2026-08-07 12:46:19.751000+00:00,3,2,2.283333333333333,9.053008523296109,1,0.6666666666666666,1.5730080555555555,WLW
7,Ixohe_NmUZvCpYiRdq9bOfXi91ayqx4xQhO6mdCZ4nvSSEFHJZV6yWwJp07k-a4u9uAUZgXOpg_uMg,CHALLENGER,Percy Magic,1234,7,2026-08-07 17:04:53.319000+00:00,2026-08-07 17:31:06.319000002+00:00,1,0,2.1666666666666665,8.162746344564527,1,0.0,0.43694444444499997,L
7,Ixohe_NmUZvCpYiRdq9bOfXi91ayqx4xQhO6mdCZ4nvSSEFHJZV6yWwJp07k-a4u9uAUZgXOpg_uMg,CHALLENGER,Percy Magic,1234,8,2026-08-08 13:39:23.278000+00:00,2026-08-08 14:30:51.730000002+00:00,2,0,2.8,5.077818925812921,2,0.0,0.8579033333338889,LL
7,Ixohe_NmUZvCpYiRdq9bOfXi91ayqx4xQhO6mdCZ4nvSSEFHJZV6yWwJp07k-a4u9uAUZgXOpg_uMg,CHALLENGER,Percy Magic,1234,9,2026-08-09 10:00:24.685000+00:00,2026-08-09 11:02:02.107999998+00:00,2,2,3.625,9.11178814155144,0,1.0,1.0270619444438889,WW
7,Ixohe_NmUZvCpYiRdq9bOfXi91ayqx4xQhO6mdCZ4nvSSEFHJZV6yWwJp07k-a4u9uAUZgXOpg_uMg,CHALLENGER,Percy Magic,1234,10,2026-08-10 09:32:12.880000+00:00,2026-08-10 11:17:04.959999998+00:00,3,2,1.6962962962962962,9.344621669707841,1,0.6666666666666666,1.7477999999994445,LWW
7,Ixohe_NmUZvCpYiRdq9bOfXi91ayqx4xQhO6mdCZ4nvSSEFHJZV6yWwJp07k-a4u9uAUZgXOpg_uMg,CHALLENGER,Percy Magic,1234,11,2026-08-11 10:12:54.358000+00:00,2026-08-11 10:39:36.358000+00:00,1,1,16.0,11.273408239700377,0,1.0,0.445,W
7,Ixohe_NmUZvCpYiRdq9bOfXi91ayqx4xQhO6mdCZ4nvSSEFHJZV6yWwJp07k-a4u9uAUZgXOpg_uMg,CHALLENGER,Percy Magic,1234,12,2026-08-12 11:01:19.120000+00:00,2026-08-12 12:06:12.673000+00:00,2,1,1.3125,9.679289387564282,1,0.5,1.0815425,WL
7,Ixohe_NmUZvCpYiRdq9bOfXi91ayqx4xQhO6mdCZ4nvSSEFHJZV6yWwJp07k-a4u9uAUZgXOpg_uMg,CHALLENGER,Percy Magic,1234,13,2026-08-12 13:45:29.304000+00:00,2026-08-12 14:14:21.304000002+00:00,1,0,0.3333333333333333,9.318706697459584,1,0.0,0.48111111111166666,L
7,Ixohe_NmUZvCpYiRdq9bOfXi91ayqx4xQhO6mdCZ4nvSSEFHJZV6yWwJp07k-a4u9uAUZgXOpg_uMg,CHALLENGER,Percy Magic,1234,14,2026-08-12 22:17:41.918000+00:00,2026-08-12 22:48:28.917999998+00:00,1,0,4.75,10.167839740119112,1,0.0,0.513055555555,L
7,Ixohe_NmUZvCpYiRdq9bOfXi91ayqx4xQhO6mdCZ4nvSSEFHJZV6yWwJp07k-a4u9uAUZgXOpg_uMg,CHALLENGER,Percy Magic,1234,15,2026-08-13 10:52:37.573000+00:00,2026-08-13 13:35:37.609999998+00:00,4,2,4.1375,8.805958737686064,2,0.5,2.7166769444438885,LWLW
7,Ixohe_NmUZvCpYiRdq9bOfXi91ayqx4xQhO6mdCZ4nvSSEFHJZV6yWwJp07k-a4u9uAUZgXOpg_uMg,CHALLENGER,Percy Magic,1234,16,2026-08-14 10:59:48.883000+00:00,2026-08-14 11:30:36.883000+00:00,1,0,1.4285714285714286,8.766233766233766,1,0.0,0.5133333333333333,L
7,Ixohe_NmUZvCpYiRdq9bOfXi91ayqx4xQhO6mdCZ4nvSSEFHJZV6yWwJp07k-a4u9uAUZgXOpg_uMg,CHALLENGER,Percy Magic,1234,17,2026-08-14 16:35:55.820000+00:00,2026-08-14 17:49:19.071999998+00:00,2,2,9.625,10.17076371271105,0,1.0,1.223125555555,WW
7,Ixohe_NmUZvCpYiRdq9bOfXi91ayqx4xQhO6mdCZ4nvSSEFHJZV6yWwJp07k-a4u9uAUZgXOpg_uMg,CHALLENGER,Percy Magic,1234,18,2026-08-14 21:24:11.564000+00:00,2026-08-14 21:47:48.564000002+00:00,1,0,0.2857142857142857,8.045165843330981,1,0.0,0.39361111111166663,L
7,Ixohe_NmUZvCpYiRdq9bOfXi91ayqx4xQhO6mdCZ4nvSSEFHJZV6yWwJp07k-a4u9uAUZgXOpg_uMg,CHALLENGER,Percy Magic,1234,19,2026-08-15 19:59:16.596000+00:00,2026-08-15 20:36:42.595999998+00:00,1,0,2.5,10.017809439002672,1,0.0,0.6238888888883334,L
7,Ixohe_NmUZvCpYiRdq9bOfXi91ayqx4xQhO6mdCZ4nvSSEFHJZV6yWwJp07k-a4u9uAUZgXOpg_uMg,CHALLENGER,Percy Magic,1234,20,2026-08-16 22:44:42.783000+00:00,2026-08-16 23:34:54.401999998+00:00,2,1,3.25,9.989531213917328,1,0.5,0.8365608333327779,LW
7,Ixohe_NmUZvCpYiRdq9bOfXi91ayqx4xQhO6mdCZ4nvSSEFHJZV6yWwJp07k-a4u9uAUZgXOpg_uMg,CHALLENGER,Percy Magic,1234,21,2026-08-17 09:21:01.276000+00:00,2026-08-17 10:33:18.833000+00:00,2,1,5.866666666666667,4.880603520061231,1,0.5,1.2048769444444445,LW
7,Ixohe_NmUZvCpYiRdq9bOfXi91ayqx4xQhO6mdCZ4nvSSEFHJZV6yWwJp07k-a4u9uAUZgXOpg_uMg,CHALLENGER,Percy Magic,1234,22,2026-08-17 17:40:59.520000+00:00,2026-08-17 18:10:08.520000+00:00,1,1,6.0,10.18867924528302,0,1.0,0.48583333333333334,W
7,Ixohe_NmUZvCpYiRdq9bOfXi91ayqx4xQhO6mdCZ4nvSSEFHJZV6yWwJp07k-a4u9uAUZgXOpg_uMg,CHALLENGER,Percy Magic,1234,23,2026-08-17 22:14:17.524000+00:00,2026-08-17 23:23:45.344000002+00:00,2,1,7.3125,10.175212457797546,1,0.5,1.1577277777783332,WL
7,Ixohe_NmUZvCpYiRdq9bOfXi91ayqx4xQhO6mdCZ4nvSSEFHJZV6yWwJp07k-a4u9uAUZgXOpg_uMg,CHALLENGER,Percy Magic,1234,24,2026-08-18 10:00:47.075000+00:00,2026-08-18 11:00:14.279000002+00:00,2,2,3.4,9.40584704313028,0,1.0,0.9908900000005556,WW
7,Ixohe_NmUZvCpYiRdq9bOfXi91ayqx4xQhO6mdCZ4nvSSEFHJZV6yWwJp07k-a4u9uAUZgXOpg_uMg,CHALLENGER,Percy Magic,1234,25,2026-08-18 21:42:53.553000+00:00,2026-08-19 00:10:59.640999998+00:00,4,1,5.2444444444444445,9.77369813773424,3,0.25,2.4683577777772223,WLLL
7,Ixohe_NmUZvCpYiRdq9bOfXi91ayqx4xQhO6mdCZ4nvSSEFHJZV6yWwJp07k-a4u9uAUZgXOpg_uMg,CHALLENGER,Percy Magic,1234,26,2026-08-19 09:55:06.912000+00:00,2026-08-19 11:17:56.504000002+00:00,3,3,2.261904761904762,9.034112691404143,0,1.0,1.3804422222227777,WWW
7,Ixohe_NmUZvCpYiRdq9bOfXi91ayqx4xQhO6mdCZ4nvSSEFHJZV6yWwJp07k-a4u9uAUZgXOpg_uMg,CHALLENGER,Percy Magic,1234,27,2026-08-19 13:09:28.455000+00:00,2026-08-19 14:17:05.724000+00:00,2,1,1.8428571428571427,9.315481874785132,1,0.5,1.1270191666666667,WL
7,Ixohe_NmUZvCpYiRdq9bOfXi91ayqx4xQhO6mdCZ4nvSSEFHJZV6yWwJp07k-a4u9uAUZgXOpg_uMg,CHALLENGER,Percy Magic,1234,28,2026-08-19 22:01:57.772000+00:00,2026-08-19 23:08:16.742000002+00:00,2,1,2.9166666666666665,8.882010943912448,1,0.5,1.105269444445,LW
7,Ixohe_NmUZvCpYiRdq9bOfXi91ayqx4xQhO6mdCZ4nvSSEFHJZV6yWwJp07k-a4u9uAUZgXOpg_uMg,CHALLENGER,Percy Magic,1234,29,2026-08-20 21:41:27.172000+00:00,2026-08-20 21:59:54.172000+00:00,1,1,0.75,8.67208672086721,0,1.0,0.3075,W
7,Ixohe_NmUZvCpYiRdq9bOfXi91ayqx4xQhO6mdCZ4nvSSEFHJZV6yWwJp07k-a4u9uAUZgXOpg_uMg,CHALLENGER,Percy Magic,1234,30,2026-08-20 23:10:12.402000+00:00,2026-08-20 23:32:29.401999998+00:00,1,1,5.0,10.411368735976064,0,1.0,0.3713888888883333,W
7,Ixohe_NmUZvCpYiRdq9bOfXi91ayqx4xQhO6mdCZ4nvSSEFHJZV6yWwJp07k-a4u9uAUZgXOpg_uMg,CHALLENGER,Percy Magic,1234,31,2026-08-21 10:48:15.776000+00:00,2026-08-21 13:12:42.240999998+00:00,4,2,2.071428571428571,8.523273334614327,2,0.5,2.4073513888883333,WLWL
7,Ixohe_NmUZvCpYiRdq9bOfXi91ayqx4xQhO6mdCZ4nvSSEFHJZV6yWwJp07k-a4u9uAUZgXOpg_uMg,CHALLENGER,Percy Magic,1234,32,2026-08-21 14:24:06.623000+00:00,2026-08-21 14:53:23.622999998+00:00,1,0,3.25,8.912919749573135,1,0.0,0.488055555555,L
7,Ixohe_NmUZvCpYiRdq9bOfXi91ayqx4xQhO6mdCZ4nvSSEFHJZV6yWwJp07k-a4u9uAUZgXOpg_uMg,CHALLENGER,Percy Magic,1234,33,2026-08-21 22:49:54.488000+00:00,2026-08-22 00:29:27.389000002+00:00,3,0,0.6666666666666666,8.734894579124811,3,0.0,1.6591391666672222,LLL
7,Ixohe_NmUZvCpYiRdq9bOfXi91ayqx4xQhO6mdCZ4nvSSEFHJZV6yWwJp07k-a4u9uAUZgXOpg_uMg,CHALLENGER,Percy Magic,1234,34,2026-08-22 10:32:01.853000+00:00,2026-08-22 11:04:38.853000002+00:00,1,0,2.6,9.10577414409811,1,0.0,0.5436111111116667,L
7,Ixohe_NmUZvCpYiRdq9bOfXi91ayqx4xQhO6mdCZ4nvSSEFHJZV6yWwJp07k-a4u9uAUZgXOpg_uMg,CHALLENGER,Percy Magic,1234,35,2026-08-22 16:22:12.063000+00:00,2026-08-22 19:05:04.433000+00:00,4,2,4.684523809523809,7.304079409571246,2,0.5,2.7145472222222224,WLLW
7,Ixohe_NmUZvCpYiRdq9bOfXi91ayqx4xQhO6mdCZ4nvSSEFHJZV6yWwJp07k-a4u9uAUZgXOpg_uMg,CHALLENGER,Percy Magic,1234,36,2026-08-22 20:54:17.468000+00:00,2026-08-22 23:46:24.616000+00:00,5,3,4.916666666666667,9.599785498477456,2,0.6,2.868652222222222,WWLLW
7,Ixohe_NmUZvCpYiRdq9bOfXi91ayqx4xQhO6mdCZ4nvSSEFHJZV6yWwJp07k-a4u9uAUZgXOpg_uMg,CHALLENGER,Percy Magic,1234,37,2026-08-23 11:10:04.945000+00:00,2026-08-23 11:43:55.945000+00:00,1,1,3.0,8.094534711964549,0,1.0,0.5641666666666667,W
7,Ixohe_NmUZvCpYiRdq9bOfXi91ayqx4xQhO6mdCZ4nvSSEFHJZV6yWwJp07k-a4u9uAUZgXOpg_uMg,CHALLENGER,Percy Magic,1234,38,2026-08-23 21:55:52.111000+00:00,2026-08-23 23:24:41.626000+00:00,3,0,1.3142857142857143,8.41272814552974,3,0.0,1.4804208333333335,LLL
7,Ixohe_NmUZvCpYiRdq9bOfXi91ayqx4xQhO6mdCZ4nvSSEFHJZV6yWwJp07k-a4u9uAUZgXOpg_uMg,CHALLENGER,Percy Magic,1234,39,2026-08-24 09:54:18.243000+00:00,2026-08-24 10:57:18.052000002+00:00,2,1,3.0476190476190474,9.22376066393192,1,0.5,1.049946944445,LW
7,Ixohe_NmUZvCpYiRdq9bOfXi91ayqx4xQhO6mdCZ4nvSSEFHJZV6yWwJp07k-a4u9uAUZgXOpg_uMg,CHALLENGER,Percy Magic,1234,40,2026-08-25 10:04:38.346000+00:00,2026-08-25 13:37:39.146000002+00:00,5,4,6.083333333333333,10.073324291095004,1,0.8,3.5502222222227777,LWWWW
7,Ixohe_NmUZvCpYiRdq9bOfXi91ayqx4xQhO6mdCZ4nvSSEFHJZV6yWwJp07k-a4u9uAUZgXOpg_uMg,CHALLENGER,Percy Magic,1234,41,2026-08-25 22:39:07.987000+00:00,2026-08-25 23:33:46.205000+00:00,2,1,2.833333333333333,9.453420760528385,1,0.5,0.9106161111111111,LW
7,Ixohe_NmUZvCpYiRdq9bOfXi91ayqx4xQhO6mdCZ4nvSSEFHJZV6yWwJp07k-a4u9uAUZgXOpg_uMg,CHALLENGER,Percy Magic,1234,42,2026-08-26 10:45:57.949000+00:00,2026-08-26 13:39:38.745000+00:00,5,4,6.383333333333334,9.881576661337755,1,0.8,2.8946655555555556,WWWWL
7,Ixohe_NmUZvCpYiRdq9bOfXi91ayqx4xQhO6mdCZ4nvSSEFHJZV6yWwJp07k-a4u9uAUZgXOpg_uMg,CHALLENGER,Percy Magic,1234,43,2026-08-27 09:49:47.224000+00:00,2026-08-27 10:38:07.955000+00:00,2,2,6.75,9.835455704068846,0,1.0,0.8057586111111111,WW
8,Pd78IrqRNCaXG3B07erw6JCSW84yDvLplUadH5Bqt05hlHTzS0n2LSN-w05o8nTMUWZ5Ej3I9D2Dvw,CHALLENGER,Zefath,EUW,1,2026-07-30 18:07:34.310000+00:00,2026-07-30 23:11:40.610000+00:00,7,3,3.25,5.958631735821526,4,0.42857142857142855,5.068416666666667,WLWWLLL
8,Pd78IrqRNCaXG3B07erw6JCSW84yDvLplUadH5Bqt05hlHTzS0n2LSN-w05o8nTMUWZ5Ej3I9D2Dvw,CHALLENGER,Zefath,EUW,2,2026-07-31 16:08:48.193000+00:00,2026-07-31 19:47:39.995999998+00:00,5,3,4.053968253968254,7.654909346456691,2,0.6,3.647723055555,WWLWL
8,Pd78IrqRNCaXG3B07erw6JCSW84yDvLplUadH5Bqt05hlHTzS0n2LSN-w05o8nTMUWZ5Ej3I9D2Dvw,CHALLENGER,Zefath,EUW,3,2026-08-03 17:45:41.952000+00:00,2026-08-03 20:11:41.047000002+00:00,4,1,6.16984126984127,5.602029915702362,3,0.25,2.433081944445,LLLW
8,Pd78IrqRNCaXG3B07erw6JCSW84yDvLplUadH5Bqt05hlHTzS0n2LSN-w05o8nTMUWZ5Ej3I9D2Dvw,CHALLENGER,Zefath,EUW,4,2026-08-04 16:28:57.209000+00:00,2026-08-04 19:40:46.584000+00:00,5,2,6.352380952380953,7.058872685623086,3,0.4,3.197048611111111,LWWLL
8,Pd78IrqRNCaXG3B07erw6JCSW84yDvLplUadH5Bqt05hlHTzS0n2LSN-w05o8nTMUWZ5Ej3I9D2Dvw,CHALLENGER,Zefath,EUW,5,2026-08-06 16:34:52.888000+00:00,2026-08-06 19:20:02.628000+00:00,5,2,3.9666666666666663,7.585806954758593,3,0.4,2.7527055555555555,WWLLL
8,Pd78IrqRNCaXG3B07erw6JCSW84yDvLplUadH5Bqt05hlHTzS0n2LSN-w05o8nTMUWZ5Ej3I9D2Dvw,CHALLENGER,Zefath,EUW,6,2026-08-07 16:39:45.389000+00:00,2026-08-07 22:07:27.311000002+00:00,8,5,1.8944940476190475,7.0750613317187625,3,0.625,5.461645000000556,LLWWWWWL
8,Pd78IrqRNCaXG3B07erw6JCSW84yDvLplUadH5Bqt05hlHTzS0n2LSN-w05o8nTMUWZ5Ej3I9D2Dvw,CHALLENGER,Zefath,EUW,7,2026-08-10 17:11:06.306000+00:00,2026-08-10 19:40:12.966999998+00:00,4,3,5.635416666666667,7.8128006986885605,1,0.75,2.485183611110555,WLWW
8,Pd78IrqRNCaXG3B07erw6JCSW84yDvLplUadH5Bqt05hlHTzS0n2LSN-w05o8nTMUWZ5Ej3I9D2Dvw,CHALLENGER,Zefath,EUW,8,2026-08-11 16:57:12.633000+00:00,2026-08-11 20:12:52.041000+00:00,5,3,6.025,8.84199429316163,2,0.6,3.2609466666666664,WLWLW
8,Pd78IrqRNCaXG3B07erw6JCSW84yDvLplUadH5Bqt05hlHTzS0n2LSN-w05o8nTMUWZ5Ej3I9D2Dvw,CHALLENGER,Zefath,EUW,9,2026-08-12 16:03:20.990000+00:00,2026-08-12 19:47:06.602000+00:00,5,3,3.8850000000000002,4.960330813522773,2,0.6,3.7293366666666663,LWWLW
8,Pd78IrqRNCaXG3B07erw6JCSW84yDvLplUadH5Bqt05hlHTzS0n2LSN-w05o8nTMUWZ5Ej3I9D2Dvw,CHALLENGER,Zefath,EUW,10,2026-08-13 17:58:26.495000+00:00,2026-08-13 19:51:28.502000+00:00,3,2,3.175925925925926,7.507184703184056,1,0.6666666666666666,1.8838908333333333,WWL
8,Pd78IrqRNCaXG3B07erw6JCSW84yDvLplUadH5Bqt05hlHTzS0n2LSN-w05o8nTMUWZ5Ej3I9D2Dvw,CHALLENGER,Zefath,EUW,11,2026-08-13 21:39:13.391000+00:00,2026-08-13 22:33:34.995000002+00:00,2,1,3.4166666666666665,6.636171919895044,1,0.5,0.9060011111116666,WL
8,Pd78IrqRNCaXG3B07erw6JCSW84yDvLplUadH5Bqt05hlHTzS0n2LSN-w05o8nTMUWZ5Ej3I9D2Dvw,CHALLENGER,Zefath,EUW,12,2026-08-14 16:05:51.653000+00:00,2026-08-14 19:24:54.343000+00:00,5,3,5.26,6.988386791027018,2,0.6,3.317413888888889,LWWWL
8,Pd78IrqRNCaXG3B07erw6JCSW84yDvLplUadH5Bqt05hlHTzS0n2LSN-w05o8nTMUWZ5Ej3I9D2Dvw,CHALLENGER,Zefath,EUW,13,2026-08-17 16:17:05.814000+00:00,2026-08-17 20:39:10.152000002+00:00,6,4,3.7244047619047618,6.358271946693208,2,0.6666666666666666,4.367871666667223,WLLWWW
8,Pd78IrqRNCaXG3B07erw6JCSW84yDvLplUadH5Bqt05hlHTzS0n2LSN-w05o8nTMUWZ5Ej3I9D2Dvw,CHALLENGER,Zefath,EUW,14,2026-08-18 16:07:27.946000+00:00,2026-08-18 19:51:55.995000+00:00,6,5,4.388888888888888,7.283021388945843,1,0.8333333333333334,3.7411247222222226,LWWWWW
8,Pd78IrqRNCaXG3B07erw6JCSW84yDvLplUadH5Bqt05hlHTzS0n2LSN-w05o8nTMUWZ5Ej3I9D2Dvw,CHALLENGER,Zefath,EUW,15,2026-08-19 18:57:59.604000+00:00,2026-08-19 23:25:11.850000002+00:00,6,3,3.4916666666666667,6.6971396627166255,3,0.5,4.453401666667222,WLLWWL
8,Pd78IrqRNCaXG3B07erw6JCSW84yDvLplUadH5Bqt05hlHTzS0n2LSN-w05o8nTMUWZ5Ej3I9D2Dvw,CHALLENGER,Zefath,EUW,16,2026-08-20 16:04:11.287000+00:00,2026-08-20 19:30:49.604000002+00:00,5,4,6.733333333333334,7.921985939321255,1,0.8,3.443976944445,WWWWL
8,Pd78IrqRNCaXG3B07erw6JCSW84yDvLplUadH5Bqt05hlHTzS0n2LSN-w05o8nTMUWZ5Ej3I9D2Dvw,CHALLENGER,Zefath,EUW,17,2026-08-21 17:23:34.799000+00:00,2026-08-21 20:27:04.913999997+00:00,4,1,4.491666666666666,7.001337312011262,3,0.25,3.0583652777769443,LLWL
8,Pd78IrqRNCaXG3B07erw6JCSW84yDvLplUadH5Bqt05hlHTzS0n2LSN-w05o8nTMUWZ5Ej3I9D2Dvw,CHALLENGER,Zefath,EUW,18,2026-08-24 16:22:28.368000+00:00,2026-08-24 20:49:16.051000002+00:00,6,2,5.476190476190477,7.152464167834158,4,0.3333333333333333,4.446578611111667,LWLWLL
8,Pd78IrqRNCaXG3B07erw6JCSW84yDvLplUadH5Bqt05hlHTzS0n2LSN-w05o8nTMUWZ5Ej3I9D2Dvw,CHALLENGER,Zefath,EUW,19,2026-08-25 16:04:30.464000+00:00,2026-08-25 19:26:03.837000+00:00,5,3,4.3966666666666665,6.719708869547216,2,0.6,3.3592702777777776,WWLWL
8,Pd78IrqRNCaXG3B07erw6JCSW84yDvLplUadH5Bqt05hlHTzS0n2LSN-w05o8nTMUWZ5Ej3I9D2Dvw,CHALLENGER,Zefath,EUW,20,2026-08-26 17:39:49.299000+00:00,2026-08-26 20:34:33.146000002+00:00,4,2,3.375,6.943170166986369,2,0.5,2.912179722222778,WLLW
9,fXImzjYM9uLImdHHYLQjbyRDPzH5vrQXQ2_H8btqNti7FSdxRJBzdU7OtN1je3t39pbgAAoxa2I0Nw,CHALLENGER,Purple Hyacinth,Aimer,1,2026-08-09 03:35:06.577000+00:00,2026-08-09 04:16:00.577000+00:00,1,0,1.75,7.04156479217604,1,0.0,0.6816666666666666,L
9,fXImzjYM9uLImdHHYLQjbyRDPzH5vrQXQ2_H8btqNti7FSdxRJBzdU7OtN1je3t39pbgAAoxa2I0Nw,CHALLENGER,Purple Hyacinth,Aimer,2,2026-08-09 09:51:48.911000+00:00,2026-08-09 11:09:26.223999998+00:00,2,1,2.9,7.680906085715286,1,0.5,1.293698055555,LW
9,fXImzjYM9uLImdHHYLQjbyRDPzH5vrQXQ2_H8btqNti7FSdxRJBzdU7OtN1je3t39pbgAAoxa2I0Nw,CHALLENGER,Purple Hyacinth,Aimer,3,2026-08-09 17:31:47.422000+00:00,2026-08-09 19:38:56.068000002+00:00,2,2,2.364285714285714,6.042944134583839,0,1.0,2.119068333333889,WW
9,fXImzjYM9uLImdHHYLQjbyRDPzH5vrQXQ2_H8btqNti7FSdxRJBzdU7OtN1je3t39pbgAAoxa2I0Nw,CHALLENGER,Purple Hyacinth,Aimer,4,2026-08-10 01:29:44.697000+00:00,2026-08-10 01:51:29.697000+00:00,1,1,14.0,10.022988505747126,0,1.0,0.3625,W
9,fXImzjYM9uLImdHHYLQjbyRDPzH5vrQXQ2_H8btqNti7FSdxRJBzdU7OtN1je3t39pbgAAoxa2I0Nw,CHALLENGER,Purple Hyacinth,Aimer,5,2026-08-10 10:17:33.411000+00:00,2026-08-10 13:50:41.493000002+00:00,5,1,1.271212121212121,7.087504688859454,4,0.2,3.552245000000555,LLLLW
9,fXImzjYM9uLImdHHYLQjbyRDPzH5vrQXQ2_H8btqNti7FSdxRJBzdU7OtN1je3t39pbgAAoxa2I0Nw,CHALLENGER,Purple Hyacinth,Aimer,6,2026-08-10 18:17:06.016000+00:00,2026-08-10 18:46:01.016000002+00:00,1,1,1.625,6.432276657060519,0,1.0,0.481944444445,W
9,fXImzjYM9uLImdHHYLQjbyRDPzH5vrQXQ2_H8btqNti7FSdxRJBzdU7OtN1je3t39pbgAAoxa2I0Nw,CHALLENGER,Purple Hyacinth,Aimer,7,2026-08-11 09:39:57.364000+00:00,2026-08-11 10:22:56.188000+00:00,2,1,0.4166666666666667,4.460580912863071,1,0.5,0.71634,WL
9,fXImzjYM9uLImdHHYLQjbyRDPzH5vrQXQ2_H8btqNti7FSdxRJBzdU7OtN1je3t39pbgAAoxa2I0Nw,CHALLENGER,Purple Hyacinth,Aimer,8,2026-08-11 12:15:03.066000+00:00,2026-08-11 14:08:15.097000002+00:00,4,1,3.5833333333333335,7.638384155798603,3,0.25,1.8866752777783333,LLWL
9,fXImzjYM9uLImdHHYLQjbyRDPzH5vrQXQ2_H8btqNti7FSdxRJBzdU7OtN1je3t39pbgAAoxa2I0Nw,CHALLENGER,Purple Hyacinth,Aimer,9,2026-08-11 19:31:28.033000+00:00,2026-08-11 20:48:31.112000+00:00,2,1,1.6688311688311686,7.793767484469816,1,0.5,1.284188611111111,LW
9,fXImzjYM9uLImdHHYLQjbyRDPzH5vrQXQ2_H8btqNti7FSdxRJBzdU7OtN1je3t39pbgAAoxa2I0Nw,CHALLENGER,Purple Hyacinth,Aimer,10,2026-08-12 01:23:25.914000+00:00,2026-08-12 01:45:47.914000002+00:00,1,1,3.2857142857142856,9.076005961251862,0,1.0,0.3727777777783333,W
9,fXImzjYM9uLImdHHYLQjbyRDPzH5vrQXQ2_H8btqNti7FSdxRJBzdU7OtN1je3t39pbgAAoxa2I0Nw,CHALLENGER,Purple Hyacinth,Aimer,11,2026-08-12 12:17:23.556000+00:00,2026-08-12 12:44:45.556000002+00:00,1,0,1.1,7.527405602923264,1,0.0,0.45611111111166663,L
9,fXImzjYM9uLImdHHYLQjbyRDPzH5vrQXQ2_H8btqNti7FSdxRJBzdU7OtN1je3t39pbgAAoxa2I0Nw,CHALLENGER,Purple Hyacinth,Aimer,12,2026-08-12 19:45:42.071000+00:00,2026-08-13 02:04:32.620000+00:00,10,4,3.3955555555555557,6.485980637209913,6,0.4,6.314041388888889,WLLLLWLWLW
9,fXImzjYM9uLImdHHYLQjbyRDPzH5vrQXQ2_H8btqNti7FSdxRJBzdU7OtN1je3t39pbgAAoxa2I0Nw,CHALLENGER,Purple Hyacinth,Aimer,13,2026-08-13 11:13:40.579000+00:00,2026-08-13 13:18:13.176000002+00:00,4,2,2.078373015873016,7.113432649834439,2,0.5,2.0757213888894444,LWLW
9,fXImzjYM9uLImdHHYLQjbyRDPzH5vrQXQ2_H8btqNti7FSdxRJBzdU7OtN1je3t39pbgAAoxa2I0Nw,CHALLENGER,Purple Hyacinth,Aimer,14,2026-08-13 16:31:41.147000+00:00,2026-08-13 17:02:55.146999998+00:00,1,1,4.285714285714286,7.427961579509072,0,1.0,0.520555555555,W
9,fXImzjYM9uLImdHHYLQjbyRDPzH5vrQXQ2_H8btqNti7FSdxRJBzdU7OtN1je3t39pbgAAoxa2I0Nw,CHALLENGER,Purple Hyacinth,Aimer,15,2026-08-13 18:06:16.930000+00:00,2026-08-13 20:10:19.784000002+00:00,3,3,3.472222222222222,7.648723685986419,0,1.0,2.067459444445,WWW
9,fXImzjYM9uLImdHHYLQjbyRDPzH5vrQXQ2_H8btqNti7FSdxRJBzdU7OtN1je3t39pbgAAoxa2I0Nw,CHALLENGER,Purple Hyacinth,Aimer,16,2026-08-17 19:45:17.063000+00:00,2026-08-17 20:00:29.063000+00:00,1,1,2.75,7.763157894736842,0,1.0,0.25333333333333335,W
9,fXImzjYM9uLImdHHYLQjbyRDPzH5vrQXQ2_H8btqNti7FSdxRJBzdU7OtN1je3t39pbgAAoxa2I0Nw,CHALLENGER,Purple Hyacinth,Aimer,17,2026-08-19 11:46:09.876000+00:00,2026-08-19 13:29:58.723000002+00:00,3,1,1.7749999999999997,4.971485847577145,2,0.3333333333333333,1.7302352777783332,LLW
9,fXImzjYM9uLImdHHYLQjbyRDPzH5vrQXQ2_H8btqNti7FSdxRJBzdU7OtN1je3t39pbgAAoxa2I0Nw,CHALLENGER,Purple Hyacinth,Aimer,18,2026-08-19 14:39:49.974000+00:00,2026-08-19 15:04:13.974000+00:00,1,1,2.2,7.78688524590164,0,1.0,0.4066666666666667,W
9,fXImzjYM9uLImdHHYLQjbyRDPzH5vrQXQ2_H8btqNti7FSdxRJBzdU7OtN1je3t39pbgAAoxa2I0Nw,CHALLENGER,Purple Hyacinth,Aimer,19,2026-08-19 20:17:12.524000+00:00,2026-08-19 21:55:07.746999998+00:00,3,1,1.392755392755393,7.200820051506253,2,0.3333333333333333,1.6320063888883334,LLW
9,fXImzjYM9uLImdHHYLQjbyRDPzH5vrQXQ2_H8btqNti7FSdxRJBzdU7OtN1je3t39pbgAAoxa2I0Nw,CHALLENGER,Purple Hyacinth,Aimer,20,2026-08-20 11:22:53.705000+00:00,2026-08-20 11:43:27.705000002+00:00,1,1,7.0,8.26580226904376,0,1.0,0.34277777777833335,W
9,fXImzjYM9uLImdHHYLQjbyRDPzH5vrQXQ2_H8btqNti7FSdxRJBzdU7OtN1je3t39pbgAAoxa2I0Nw,CHALLENGER,Purple Hyacinth,Aimer,21,2026-08-21 17:54:46.320000+00:00,2026-08-21 20:19:05.431999998+00:00,5,2,1.2104761904761905,7.5283784924221635,3,0.4,2.4053088888883334,LWWLL
9,fXImzjYM9uLImdHHYLQjbyRDPzH5vrQXQ2_H8btqNti7FSdxRJBzdU7OtN1je3t39pbgAAoxa2I0Nw,CHALLENGER,Purple Hyacinth,Aimer,22,2026-08-22 14:52:47.588000+00:00,2026-08-22 15:47:52.793000+00:00,2,1,0.9583333333333334,7.513594816614601,1,0.5,0.9181125,LW
9,fXImzjYM9uLImdHHYLQjbyRDPzH5vrQXQ2_H8btqNti7FSdxRJBzdU7OtN1je3t39pbgAAoxa2I0Nw,CHALLENGER,Purple Hyacinth,Aimer,23,2026-08-22 18:45:33.840000+00:00,2026-08-22 23:06:49.408000+00:00,6,5,2.9129389129389125,7.644587467303857,1,0.8333333333333334,4.354324444444444,WLWWWW
9,fXImzjYM9uLImdHHYLQjbyRDPzH5vrQXQ2_H8btqNti7FSdxRJBzdU7OtN1je3t39pbgAAoxa2I0Nw,CHALLENGER,Purple Hyacinth,Aimer,24,2026-08-23 00:24:47.110000+00:00,2026-08-23 02:07:05.076999998+00:00,3,1,1.3568376068376067,7.068760202524111,2,0.3333333333333333,1.7049908333327777,LWL
9,fXImzjYM9uLImdHHYLQjbyRDPzH5vrQXQ2_H8btqNti7FSdxRJBzdU7OtN1je3t39pbgAAoxa2I0Nw,CHALLENGER,Purple Hyacinth,Aimer,25,2026-08-23 14:04:07.102000+00:00,2026-08-23 14:37:17.102000002+00:00,1,1,3.8333333333333335,7.175879396984925,0,1.0,0.5527777777783334,W
9,fXImzjYM9uLImdHHYLQjbyRDPzH5vrQXQ2_H8btqNti7FSdxRJBzdU7OtN1je3t39pbgAAoxa2I0Nw,CHALLENGER,Purple Hyacinth,Aimer,26,2026-08-23 15:44:15.051000+00:00,2026-08-23 17:11:41.604999998+00:00,2,2,1.6444444444444444,7.345109304854372,0,1.0,1.4573761111105556,WW
9,fXImzjYM9uLImdHHYLQjbyRDPzH5vrQXQ2_H8btqNti7FSdxRJBzdU7OtN1je3t39pbgAAoxa2I0Nw,CHALLENGER,Purple Hyacinth,Aimer,27,2026-08-23 19:32:59.579000+00:00,2026-08-24 01:20:12.901000+00:00,7,4,2.3013708513708515,7.708753869948886,3,0.5714285714285714,5.787033888888889,WWLWLWL
9,fXImzjYM9uLImdHHYLQjbyRDPzH5vrQXQ2_H8btqNti7FSdxRJBzdU7OtN1je3t39pbgAAoxa2I0Nw,CHALLENGER,Purple Hyacinth,Aimer,28,2026-08-24 10:29:46.438000+00:00,2026-08-24 11:36:05.803999998+00:00,2,1,1.4,7.8983618628692955,1,0.5,1.105379444443889,WL
9,fXImzjYM9uLImdHHYLQjbyRDPzH5vrQXQ2_H8btqNti7FSdxRJBzdU7OtN1je3t39pbgAAoxa2I0Nw,CHALLENGER,TwTv TwelveFiora,Aimer,29,2026-08-24 17:00:05.863000+00:00,2026-08-24 19:50:43.365999998+00:00,4,3,3.8958333333333335,5.809114758901227,1,0.75,2.843750833332778,WWLW
9,fXImzjYM9uLImdHHYLQjbyRDPzH5vrQXQ2_H8btqNti7FSdxRJBzdU7OtN1je3t39pbgAAoxa2I0Nw,CHALLENGER,TwTv TwelveFiora,Aimer,30,2026-08-24 23:38:48.688000+00:00,2026-08-25 01:34:11.323999998+00:00,3,2,2.2952380952380955,7.455960400524297,1,0.6666666666666666,1.922954444443889,WLW
9,fXImzjYM9uLImdHHYLQjbyRDPzH5vrQXQ2_H8btqNti7FSdxRJBzdU7OtN1je3t39pbgAAoxa2I0Nw,CHALLENGER,TwTv TwelveFiora,Aimer,31,2026-08-25 14:26:33.543000+00:00,2026-08-25 14:51:55.543000002+00:00,1,1,2.1666666666666665,8.278580814717477,0,1.0,0.4227777777783333,W
9,fXImzjYM9uLImdHHYLQjbyRDPzH5vrQXQ2_H8btqNti7FSdxRJBzdU7OtN1je3t39pbgAAoxa2I0Nw,CHALLENGER,TwTv TwelveFiora,Aimer,32,2026-08-25 17:09:11.794000+00:00,2026-08-25 19:57:27.451000+00:00,4,1,1.1766483516483517,7.476162688032308,3,0.25,2.8043491666666664,LLLW
9,fXImzjYM9uLImdHHYLQjbyRDPzH5vrQXQ2_H8btqNti7FSdxRJBzdU7OtN1je3t39pbgAAoxa2I0Nw,CHALLENGER,TwTv TwelveFiora,Aimer,33,2026-08-26 11:04:13.893000+00:00,2026-08-26 17:57:01.025000002+00:00,10,7,3.01531746031746,7.831927686345473,3,0.7,6.879758888889444,WWLLWWLWWW
9,fXImzjYM9uLImdHHYLQjbyRDPzH5vrQXQ2_H8btqNti7FSdxRJBzdU7OtN1je3t39pbgAAoxa2I0Nw,CHALLENGER,TwTv TwelveFiora,Aimer,34,2026-08-27 17:10:35.033000+00:00,2026-08-27 17:27:51.033000002+00:00,1,0,1.4,1.0424710424710426,1,0.0,0.28777777777833335,L
10,cYEYDCqMlQ_wdxgQYK5CTBC8v_GVtORLOqnuMIY2G-K4sgs0y5yPgaW8nfRWbto1-SNrvptp3Ry-aQ,CHALLENGER,chains,free,1,2026-06-18 17:12:23.006000+00:00,2026-06-18 21:28:48.174000002+00:00,5,2,1.9904761904761905,8.687255859707836,3,0.4,4.273657777778333,WLLWL
10,cYEYDCqMlQ_wdxgQYK5CTBC8v_GVtORLOqnuMIY2G-K4sgs0y5yPgaW8nfRWbto1-SNrvptp3Ry-aQ,CHALLENGER,chains,free,2,2026-06-19 13:04:08.512000+00:00,2026-06-19 13:37:50.512000+00:00,1,1,8.666666666666666,8.367952522255193,0,1.0,0.5616666666666666,W
10,cYEYDCqMlQ_wdxgQYK5CTBC8v_GVtORLOqnuMIY2G-K4sgs0y5yPgaW8nfRWbto1-SNrvptp3Ry-aQ,CHALLENGER,chains,free,3,2026-06-19 16:19:40.258000+00:00,2026-06-19 17:41:05.161000002+00:00,2,1,2.785714285714286,7.332929482060743,1,0.5,1.3569175000005556,WL
10,cYEYDCqMlQ_wdxgQYK5CTBC8v_GVtORLOqnuMIY2G-K4sgs0y5yPgaW8nfRWbto1-SNrvptp3Ry-aQ,CHALLENGER,chains,free,4,2026-07-12 09:00:06.208000+00:00,2026-07-12 14:11:44.281000+00:00,6,4,5.817640692640693,7.575960655149205,2,0.6666666666666666,5.193909166666667,WWWWLL
10,cYEYDCqMlQ_wdxgQYK5CTBC8v_GVtORLOqnuMIY2G-K4sgs0y5yPgaW8nfRWbto1-SNrvptp3Ry-aQ,CHALLENGER,chains,free,5,2026-07-12 19:12:09.980000+00:00,2026-07-12 20:11:48.973999998+00:00,2,1,6.083333333333333,7.947319201995013,1,0.5,0.9941649999994445,WL
10,cYEYDCqMlQ_wdxgQYK5CTBC8v_GVtORLOqnuMIY2G-K4sgs0y5yPgaW8nfRWbto1-SNrvptp3Ry-aQ,CHALLENGER,chains,free,6,2026-07-13 16:38:21.307000+00:00,2026-07-13 18:49:54.338999998+00:00,3,1,2.009259259259259,7.017292637601181,2,0.3333333333333333,2.1925088888883333,WLL
10,cYEYDCqMlQ_wdxgQYK5CTBC8v_GVtORLOqnuMIY2G-K4sgs0y5yPgaW8nfRWbto1-SNrvptp3Ry-aQ,CHALLENGER,chains,free,7,2026-07-21 17:38:27.701000+00:00,2026-07-21 18:01:47.700999998+00:00,1,0,3.6,9.857142857142858,1,0.0,0.38888888888833334,L
10,cYEYDCqMlQ_wdxgQYK5CTBC8v_GVtORLOqnuMIY2G-K4sgs0y5yPgaW8nfRWbto1-SNrvptp3Ry-aQ,CHALLENGER,chains,free,8,2026-07-25 18:43:44.447000+00:00,2026-07-25 19:52:21.737000002+00:00,2,1,2.25,6.631425252970256,1,0.5,1.143691666667222,WL
10,cYEYDCqMlQ_wdxgQYK5CTBC8v_GVtORLOqnuMIY2G-K4sgs0y5yPgaW8nfRWbto1-SNrvptp3Ry-aQ,CHALLENGER,chains,free,9,2026-07-25 20:55:01.652000+00:00,2026-07-25 21:19:34.652000+00:00,1,0,1.0,7.128309572301426,1,0.0,0.4091666666666667,L
10,cYEYDCqMlQ_wdxgQYK5CTBC8v_GVtORLOqnuMIY2G-K4sgs0y5yPgaW8nfRWbto1-SNrvptp3Ry-aQ,CHALLENGER,chains,free,10,2026-07-26 09:06:21.533000+00:00,2026-07-26 09:30:25.533000002+00:00,1,1,2.0,7.105263157894737,0,1.0,0.40111111111166664,W
10,cYEYDCqMlQ_wdxgQYK5CTBC8v_GVtORLOqnuMIY2G-K4sgs0y5yPgaW8nfRWbto1-SNrvptp3Ry-aQ,CHALLENGER,chains,free,11,2026-07-26 20:15:34.245000+00:00,2026-07-26 20:41:24.244999998+00:00,1,1,3.4,6.464516129032258,0,1.0,0.430555555555,W
10,cYEYDCqMlQ_wdxgQYK5CTBC8v_GVtORLOqnuMIY2G-K4sgs0y5yPgaW8nfRWbto1-SNrvptp3Ry-aQ,CHALLENGER,chains,free,12,2026-07-30 21:00:56.874000+00:00,2026-07-30 22:12:35.003000002+00:00,2,1,2.8253968253968256,3.663895773262486,1,0.5,1.1939247222227778,WL
10,cYEYDCqMlQ_wdxgQYK5CTBC8v_GVtORLOqnuMIY2G-K4sgs0y5yPgaW8nfRWbto1-SNrvptp3Ry-aQ,CHALLENGER,chains,free,13,2026-07-31 17:12:44.185000+00:00,2026-07-31 17:47:47.185000+00:00,1,1,2.7142857142857144,5.934379457917261,0,1.0,0.5841666666666666,W
10,cYEYDCqMlQ_wdxgQYK5CTBC8v_GVtORLOqnuMIY2G-K4sgs0y5yPgaW8nfRWbto1-SNrvptp3Ry-aQ,CHALLENGER,chains,free,14,2026-07-31 21:14:27.965000+00:00,2026-07-31 22:37:05.917000002+00:00,2,2,1.5625,6.158683107163789,0,1.0,1.3772088888894445,WW
10,cYEYDCqMlQ_wdxgQYK5CTBC8v_GVtORLOqnuMIY2G-K4sgs0y5yPgaW8nfRWbto1-SNrvptp3Ry-aQ,CHALLENGER,chains,free,15,2026-08-01 08:23:24.288000+00:00,2026-08-01 10:37:40.697000+00:00,3,0,0.9907407407407408,6.28094285768093,3,0.0,2.237891388888889,LLL
10,cYEYDCqMlQ_wdxgQYK5CTBC8v_GVtORLOqnuMIY2G-K4sgs0y5yPgaW8nfRWbto1-SNrvptp3Ry-aQ,CHALLENGER,chains,free,16,2026-08-01 12:43:38.038000+00:00,2026-08-01 13:49:55.884000+00:00,2,2,2.75,8.911469789439986,0,1.0,1.1049572222222221,WW
10,cYEYDCqMlQ_wdxgQYK5CTBC8v_GVtORLOqnuMIY2G-K4sgs0y5yPgaW8nfRWbto1-SNrvptp3Ry-aQ,CHALLENGER,chains,free,17,2026-08-01 16:25:29.566000+00:00,2026-08-01 18:15:24.051000002+00:00,2,1,2.5446428571428568,4.838384663880262,1,0.5,1.8318013888894444,LW
10,cYEYDCqMlQ_wdxgQYK5CTBC8v_GVtORLOqnuMIY2G-K4sgs0y5yPgaW8nfRWbto1-SNrvptp3Ry-aQ,CHALLENGER,chains,free,18,2026-08-01 19:49:05.736000+00:00,2026-08-01 20:10:59.736000+00:00,1,1,1.8333333333333333,7.442922374429224,0,1.0,0.365,W
10,cYEYDCqMlQ_wdxgQYK5CTBC8v_GVtORLOqnuMIY2G-K4sgs0y5yPgaW8nfRWbto1-SNrvptp3Ry-aQ,CHALLENGER,chains,free,19,2026-08-01 21:30:54.195000+00:00,2026-08-01 21:49:42.195000+00:00,1,0,1.0,6.170212765957446,1,0.0,0.31333333333333335,L
10,cYEYDCqMlQ_wdxgQYK5CTBC8v_GVtORLOqnuMIY2G-K4sgs0y5yPgaW8nfRWbto1-SNrvptp3Ry-aQ,CHALLENGER,chains,free,20,2026-08-02 08:19:58.548000+00:00,2026-08-02 08:40:41.548000002+00:00,1,0,1.0,7.916331456154466,1,0.0,0.34527777777833335,L
10,cYEYDCqMlQ_wdxgQYK5CTBC8v_GVtORLOqnuMIY2G-K4sgs0y5yPgaW8nfRWbto1-SNrvptp3Ry-aQ,CHALLENGER,chains,free,21,2026-08-02 15:48:50.039000+00:00,2026-08-02 16:20:38.039000+00:00,1,0,1.2,7.012578616352201,1,0.0,0.53,L
10,cYEYDCqMlQ_wdxgQYK5CTBC8v_GVtORLOqnuMIY2G-K4sgs0y5yPgaW8nfRWbto1-SNrvptp3Ry-aQ,CHALLENGER,chains,free,22,2026-08-15 10:25:16.646000+00:00,2026-08-15 12:21:53.756000002+00:00,3,2,2.011111111111111,7.120302361773381,1,0.6666666666666666,1.943641666667222,WWL
10,cYEYDCqMlQ_wdxgQYK5CTBC8v_GVtORLOqnuMIY2G-K4sgs0y5yPgaW8nfRWbto1-SNrvptp3Ry-aQ,CHALLENGER,chains,free,23,2026-08-15 13:27:14.445000+00:00,2026-08-15 15:08:16.762999998+00:00,3,1,1.8619047619047617,5.376119023344267,2,0.3333333333333333,1.6839772222216667,WLL
10,cYEYDCqMlQ_wdxgQYK5CTBC8v_GVtORLOqnuMIY2G-K4sgs0y5yPgaW8nfRWbto1-SNrvptp3Ry-aQ,CHALLENGER,chains,free,24,2026-08-15 17:43:39.348000+00:00,2026-08-15 18:07:16.348000002+00:00,1,0,0.7777777777777778,9.273112208892025,1,0.0,0.39361111111166663,L
10,cYEYDCqMlQ_wdxgQYK5CTBC8v_GVtORLOqnuMIY2G-K4sgs0y5yPgaW8nfRWbto1-SNrvptp3Ry-aQ,CHALLENGER,chains,free,25,2026-08-19 19:42:29.355000+00:00,2026-08-19 20:53:51.937999998+00:00,2,2,3.2142857142857144,2.945554760860722,0,1.0,1.1896063888883333,WW
10,cYEYDCqMlQ_wdxgQYK5CTBC8v_GVtORLOqnuMIY2G-K4sgs0y5yPgaW8nfRWbto1-SNrvptp3Ry-aQ,CHALLENGER,chains,free,26,2026-08-20 16:00:02.465000+00:00,2026-08-20 18:18:10.546999998+00:00,4,3,3.9375,5.454469038230337,1,0.75,2.302244999999444,WWWL
10,cYEYDCqMlQ_wdxgQYK5CTBC8v_GVtORLOqnuMIY2G-K4sgs0y5yPgaW8nfRWbto1-SNrvptp3Ry-aQ,CHALLENGER,chains,free,27,2026-08-20 20:22:16.199000+00:00,2026-08-20 22:40:09.545999998+00:00,4,2,1.10625,6.298542902590049,2,0.5,2.298151944443889,WWLL
10,cYEYDCqMlQ_wdxgQYK5CTBC8v_GVtORLOqnuMIY2G-K4sgs0y5yPgaW8nfRWbto1-SNrvptp3Ry-aQ,CHALLENGER,chains,free,28,2026-08-21 17:08:15.570000+00:00,2026-08-21 19:33:34.901000002+00:00,4,4,3.425,6.575506892234257,0,1.0,2.422036388889444,WWWW
10,cYEYDCqMlQ_wdxgQYK5CTBC8v_GVtORLOqnuMIY2G-K4sgs0y5yPgaW8nfRWbto1-SNrvptp3Ry-aQ,CHALLENGER,chains,free,29,2026-08-22 07:21:55.481000+00:00,2026-08-22 15:02:43.408000+00:00,10,5,2.366825396825397,7.89838600209932,5,0.5,7.679979722222222,WLWWWLLLWL
10,cYEYDCqMlQ_wdxgQYK5CTBC8v_GVtORLOqnuMIY2G-K4sgs0y5yPgaW8nfRWbto1-SNrvptp3Ry-aQ,CHALLENGER,chains,free,30,2026-08-22 20:14:06.121000+00:00,2026-08-22 23:35:37.705000002+00:00,6,3,5.56929181929182,7.488169889644342,3,0.5,3.3587733333338887,LLLWWW
10,cYEYDCqMlQ_wdxgQYK5CTBC8v_GVtORLOqnuMIY2G-K4sgs0y5yPgaW8nfRWbto1-SNrvptp3Ry-aQ,CHALLENGER,chains,free,31,2026-08-23 07:17:39.378000+00:00,2026-08-23 08:23:20.517000002+00:00,2,1,2.619047619047619,9.222503199913898,1,0.5,1.094760833333889,WL
10,cYEYDCqMlQ_wdxgQYK5CTBC8v_GVtORLOqnuMIY2G-K4sgs0y5yPgaW8nfRWbto1-SNrvptp3Ry-aQ,CHALLENGER,chains,free,32,2026-08-23 15:34:06.162000+00:00,2026-08-23 16:15:21.162000+00:00,1,1,1.75,6.109090909090909,0,1.0,0.6875,W
10,cYEYDCqMlQ_wdxgQYK5CTBC8v_GVtORLOqnuMIY2G-K4sgs0y5yPgaW8nfRWbto1-SNrvptp3Ry-aQ,CHALLENGER,chains,free,33,2026-08-23 18:48:35.845000+00:00,2026-08-23 19:09:25.844999998+00:00,1,0,1.0,8.544,1,0.0,0.34722222222166665,L
10,cYEYDCqMlQ_wdxgQYK5CTBC8v_GVtORLOqnuMIY2G-K4sgs0y5yPgaW8nfRWbto1-SNrvptp3Ry-aQ,CHALLENGER,chains,free,34,2026-08-23 21:30:20.282000+00:00,2026-08-23 22:01:16.281999998+00:00,1,0,1.2857142857142858,7.726293103448276,1,0.0,0.515555555555,L
10,cYEYDCqMlQ_wdxgQYK5CTBC8v_GVtORLOqnuMIY2G-K4sgs0y5yPgaW8nfRWbto1-SNrvptp3Ry-aQ,CHALLENGER,chains,free,35,2026-08-25 15:57:26.578000+00:00,2026-08-25 20:52:24.028999998+00:00,8,4,3.045436507936508,7.638240700035969,4,0.5,4.915958611110556,LWWLLWWL
10,cYEYDCqMlQ_wdxgQYK5CTBC8v_GVtORLOqnuMIY2G-K4sgs0y5yPgaW8nfRWbto1-SNrvptp3Ry-aQ,CHALLENGER,chains,free,36,2026-08-26 17:21:24.020000+00:00,2026-08-26 20:57:37.609999997+00:00,6,5,4.263888888888888,6.5324607675978585,1,0.8333333333333334,3.603774999999167,WLWWWW
10,cYEYDCqMlQ_wdxgQYK5CTBC8v_GVtORLOqnuMIY2G-K4sgs0y5yPgaW8nfRWbto1-SNrvptp3Ry-aQ,CHALLENGER,chains,free,37,2026-08-27 15:20:29.986000+00:00,2026-08-27 17:00:41.068000002+00:00,3,1,1.746031746031746,6.962330925907718,2,0.3333333333333333,1.6697450000005556,LWL
11,r-7Bh23Apy69dlqB_IyIsuO6-zdoEZSsh3aTxfLAHXvOC7hnIxUlH5XcRwK_LGG-0jc-1iOIHdwELQ,DIAMOND,Smile Of Heaven,3209,1,2026-07-06 18:33:15.566000+00:00,2026-07-06 20:17:43.494000+00:00,3,1,2.611111111111111,6.295245838624986,2,0.3333333333333333,1.7410911111111111,WLL
11,r-7Bh23Apy69dlqB_IyIsuO6-zdoEZSsh3aTxfLAHXvOC7hnIxUlH5XcRwK_LGG-0jc-1iOIHdwELQ,DIAMOND,Smile Of Heaven,3209,2,2026-07-06 22:24:53.268000+00:00,2026-07-06 23:30:07.631000+00:00,2,0,1.5446428571428572,6.250063305280405,2,0.0,1.0873230555555555,LL
11,r-7Bh23Apy69dlqB_IyIsuO6-zdoEZSsh3aTxfLAHXvOC7hnIxUlH5XcRwK_LGG-0jc-1iOIHdwELQ,DIAMOND,Smile Of Heaven,3209,3,2026-07-07 22:20:16.604000+00:00,2026-07-08 04:43:28.283000+00:00,10,5,6.434285714285714,6.2608341995672525,5,0.5,6.3865775000000005,LWLWLLWLWW
11,r-7Bh23Apy69dlqB_IyIsuO6-zdoEZSsh3aTxfLAHXvOC7hnIxUlH5XcRwK_LGG-0jc-1iOIHdwELQ,DIAMOND,Smile Of Heaven,3209,4,2026-07-08 23:33:45.027000+00:00,2026-07-09 09:30:39.684999998+00:00,17,8,2.9580873374991024,5.460766209179884,9,0.47058823529411764,9.948516111110557,WWLLWLWWLLWWWLLLL
11,r-7Bh23Apy69dlqB_IyIsuO6-zdoEZSsh3aTxfLAHXvOC7hnIxUlH5XcRwK_LGG-0jc-1iOIHdwELQ,DIAMOND,Smile Of Heaven,3209,5,2026-07-15 12:34:34.106000+00:00,2026-07-15 13:04:57.105999998+00:00,1,1,3.1666666666666665,6.12177729018102,0,1.0,0.5063888888883333,W
11,r-7Bh23Apy69dlqB_IyIsuO6-zdoEZSsh3aTxfLAHXvOC7hnIxUlH5XcRwK_LGG-0jc-1iOIHdwELQ,DIAMOND,Smile Of Heaven,3209,6,2026-07-16 04:50:55.739000+00:00,2026-07-16 09:46:24.004000002+00:00,8,4,5.685019841269841,7.266449019534567,4,0.5,4.924518055556111,WLLWLLWW
11,r-7Bh23Apy69dlqB_IyIsuO6-zdoEZSsh3aTxfLAHXvOC7hnIxUlH5XcRwK_LGG-0jc-1iOIHdwELQ,DIAMOND,Smile Of Heaven,3209,7,2026-07-16 16:35:27.894000+00:00,2026-07-16 17:55:02.842000+00:00,2,1,2.659090909090909,6.800141286319799,1,0.5,1.3263744444444445,LW
11,r-7Bh23Apy69dlqB_IyIsuO6-zdoEZSsh3aTxfLAHXvOC7hnIxUlH5XcRwK_LGG-0jc-1iOIHdwELQ,DIAMOND,Smile Of Heaven,3209,8,2026-07-18 15:12:59.908000+00:00,2026-07-18 16:22:48.515000002+00:00,2,1,1.4444444444444444,7.058199517430735,1,0.5,1.1635019444449999,LW
11,r-7Bh23Apy69dlqB_IyIsuO6-zdoEZSsh3aTxfLAHXvOC7hnIxUlH5XcRwK_LGG-0jc-1iOIHdwELQ,DIAMOND,Smile Of Heaven,3209,9,2026-07-21 00:23:54.960000+00:00,2026-07-21 01:18:26.479000002+00:00,2,1,1.5333333333333332,6.62990979943207,1,0.5,0.9087552777783334,LW
11,r-7Bh23Apy69dlqB_IyIsuO6-zdoEZSsh3aTxfLAHXvOC7hnIxUlH5XcRwK_LGG-0jc-1iOIHdwELQ,DIAMOND,Smile Of Heaven,3209,10,2026-07-21 13:15:45.293000+00:00,2026-07-21 15:13:45.560000002+00:00,4,3,3.7404761904761905,7.224762930912963,1,0.75,1.966740833333889,LWWW
11,r-7Bh23Apy69dlqB_IyIsuO6-zdoEZSsh3aTxfLAHXvOC7hnIxUlH5XcRwK_LGG-0jc-1iOIHdwELQ,DIAMOND,Smile Of Heaven,3209,11,2026-07-27 00:20:06.039000+00:00,2026-07-27 02:15:41.968999998+00:00,3,1,2.0253968253968253,6.811496888401108,2,0.3333333333333333,1.9266472222216668,WLL
11,r-7Bh23Apy69dlqB_IyIsuO6-zdoEZSsh3aTxfLAHXvOC7hnIxUlH5XcRwK_LGG-0jc-1iOIHdwELQ,DIAMOND,Smile Of Heaven,3209,12,2026-07-28 03:04:29.514000+00:00,2026-07-28 05:30:58.143000002+00:00,5,1,4.785,6.514999919974526,4,0.2,2.4412858333338887,WLLLL
11,r-7Bh23Apy69dlqB_IyIsuO6-zdoEZSsh3aTxfLAHXvOC7hnIxUlH5XcRwK_LGG-0jc-1iOIHdwELQ,DIAMOND,Smile Of Heaven,3209,13,2026-07-28 20:53:59.350000+00:00,2026-07-28 21:20:14.350000+00:00,1,0,0.5,8.647619047619047,1,0.0,0.4375,L
11,r-7Bh23Apy69dlqB_IyIsuO6-zdoEZSsh3aTxfLAHXvOC7hnIxUlH5XcRwK_LGG-0jc-1iOIHdwELQ,DIAMOND,Smile Of Heaven,3209,14,2026-08-02 20:35:06.090000+00:00,2026-08-02 21:00:18.090000+00:00,1,0,1.0,6.904761904761905,1,0.0,0.42,L
11,r-7Bh23Apy69dlqB_IyIsuO6-zdoEZSsh3aTxfLAHXvOC7hnIxUlH5XcRwK_LGG-0jc-1iOIHdwELQ,DIAMOND,Smile Of Heaven,3209,15,2026-08-05 00:38:02.543000+00:00,2026-08-05 05:33:49.661000+00:00,10,6,1.7596825396825397,6.5242411257395005,4,0.6,4.929754999999999,LWLWWLWWWL
11,r-7Bh23Apy69dlqB_IyIsuO6-zdoEZSsh3aTxfLAHXvOC7hnIxUlH5XcRwK_LGG-0jc-1iOIHdwELQ,DIAMOND,Smile Of Heaven,3209,16,2026-08-06 13:04:40.853000+00:00,2026-08-06 13:36:43.853000+00:00,1,0,2.0,6.521060842433698,1,0.0,0.5341666666666667,L
11,r-7Bh23Apy69dlqB_IyIsuO6-zdoEZSsh3aTxfLAHXvOC7hnIxUlH5XcRwK_LGG-0jc-1iOIHdwELQ,DIAMOND,Smile Of Heaven,3209,17,2026-08-07 07:39:24.031000+00:00,2026-08-07 13:02:44.601000002+00:00,8,6,4.231398809523809,6.759416482790936,2,0.75,5.389047222222778,WLWWWWWL
11,r-7Bh23Apy69dlqB_IyIsuO6-zdoEZSsh3aTxfLAHXvOC7hnIxUlH5XcRwK_LGG-0jc-1iOIHdwELQ,DIAMOND,Smile Of Heaven,3209,18,2026-08-08 09:46:24.199000+00:00,2026-08-08 13:35:47.519000+00:00,6,4,4.521825396825396,6.8466720932385,2,0.6666666666666666,3.8231444444444445,LWWWWL
11,r-7Bh23Apy69dlqB_IyIsuO6-zdoEZSsh3aTxfLAHXvOC7hnIxUlH5XcRwK_LGG-0jc-1iOIHdwELQ,DIAMOND,Smile Of Heaven,3209,19,2026-08-10 08:11:16.854000+00:00,2026-08-10 09:44:00.956000+00:00,3,2,6.966666666666666,8.06728783491367,1,0.6666666666666666,1.5455838888888889,WLW
11,r-7Bh23Apy69dlqB_IyIsuO6-zdoEZSsh3aTxfLAHXvOC7hnIxUlH5XcRwK_LGG-0jc-1iOIHdwELQ,DIAMOND,Smile Of Heaven,3209,20,2026-08-10 11:54:00.623000+00:00,2026-08-10 12:54:27.698999998+00:00,2,2,2.475,6.112534887007313,0,1.0,1.0075211111105555,WW
11,r-7Bh23Apy69dlqB_IyIsuO6-zdoEZSsh3aTxfLAHXvOC7hnIxUlH5XcRwK_LGG-0jc-1iOIHdwELQ,DIAMOND,Smile Of Heaven,3209,21,2026-08-10 15:05:19.878000+00:00,2026-08-10 15:34:49.878000+00:00,1,0,1.4285714285714286,6.508474576271187,1,0.0,0.49166666666666664,L
11,r-7Bh23Apy69dlqB_IyIsuO6-zdoEZSsh3aTxfLAHXvOC7hnIxUlH5XcRwK_LGG-0jc-1iOIHdwELQ,DIAMOND,Smile Of Heaven,3209,22,2026-08-10 19:25:03.380000+00:00,2026-08-10 21:59:23.619000002+00:00,5,2,2.719047619047619,5.46168654897474,3,0.4,2.572288611111667,LWWLL
11,r-7Bh23Apy69dlqB_IyIsuO6-zdoEZSsh3aTxfLAHXvOC7hnIxUlH5XcRwK_LGG-0jc-1iOIHdwELQ,DIAMOND,Smile Of Heaven,3209,23,2026-08-11 08:43:18.860000+00:00,2026-08-11 09:07:50.859999998+00:00,1,0,0.6666666666666666,6.521739130434782,1,0.0,0.40888888888833336,L
11,r-7Bh23Apy69dlqB_IyIsuO6-zdoEZSsh3aTxfLAHXvOC7hnIxUlH5XcRwK_LGG-0jc-1iOIHdwELQ,DIAMOND,Smile Of Heaven,3209,24,2026-08-18 14:09:11.385000+00:00,2026-08-18 14:43:25.384999998+00:00,1,0,1.2222222222222223,6.660175267770204,1,0.0,0.570555555555,L
11,r-7Bh23Apy69dlqB_IyIsuO6-zdoEZSsh3aTxfLAHXvOC7hnIxUlH5XcRwK_LGG-0jc-1iOIHdwELQ,DIAMOND,Smile Of Heaven,3209,25,2026-08-22 00:35:48.062000+00:00,2026-08-22 01:11:14.061999998+00:00,1,0,1.0,6.970837253057385,1,0.0,0.5905555555550001,L
12,Z_pOOF00r7lnMIfg_bErPEJbU1cdVD30zMGhGKJz7HTSKjD7Qt0bUxLjaiptr6TI_9H93JWl_xdIaw,DIAMOND,TheCroneZ,EUW,1,2026-05-17 23:35:46.040000+00:00,2026-05-18 00:37:57.636999998+00:00,2,2,5.333333333333334,0.6537900542493562,0,1.0,1.0365547222216667,WW
12,Z_pOOF00r7lnMIfg_bErPEJbU1cdVD30zMGhGKJz7HTSKjD7Qt0bUxLjaiptr6TI_9H93JWl_xdIaw,DIAMOND,TheCroneZ,EUW,2,2026-05-18 19:29:29.080000+00:00,2026-05-18 21:29:14.084000+00:00,3,2,4.666666666666667,0.7795083782387243,1,0.6666666666666666,1.9958344444444445,WWL
12,Z_pOOF00r7lnMIfg_bErPEJbU1cdVD30zMGhGKJz7HTSKjD7Qt0bUxLjaiptr6TI_9H93JWl_xdIaw,DIAMOND,TheCroneZ,EUW,3,2026-05-19 15:55:13.385000+00:00,2026-05-19 16:24:17.385000002+00:00,1,0,4.333333333333333,0.6536697247706422,1,0.0,0.484444444445,L
12,Z_pOOF00r7lnMIfg_bErPEJbU1cdVD30zMGhGKJz7HTSKjD7Qt0bUxLjaiptr6TI_9H93JWl_xdIaw,DIAMOND,TheCroneZ,EUW,4,2026-06-07 20:55:28.829000+00:00,2026-06-07 21:28:03.828999998+00:00,1,1,3.8333333333333335,0.5831202046035805,0,1.0,0.543055555555,W
12,Z_pOOF00r7lnMIfg_bErPEJbU1cdVD30zMGhGKJz7HTSKjD7Qt0bUxLjaiptr6TI_9H93JWl_xdIaw,DIAMOND,TheCroneZ,EUW,5,2026-06-09 12:36:18.029000+00:00,2026-06-09 13:53:09.962999998+00:00,2,1,1.6444444444444444,0.5992044795005828,1,0.5,1.2810927777772223,WL
12,Z_pOOF00r7lnMIfg_bErPEJbU1cdVD30zMGhGKJz7HTSKjD7Qt0bUxLjaiptr6TI_9H93JWl_xdIaw,DIAMOND,TheCroneZ,EUW,6,2026-06-15 14:31:11.803000+00:00,2026-06-15 14:56:28.802999998+00:00,1,0,1.25,0.9096901779828608,1,0.0,0.4213888888883333,L
12,Z_pOOF00r7lnMIfg_bErPEJbU1cdVD30zMGhGKJz7HTSKjD7Qt0bUxLjaiptr6TI_9H93JWl_xdIaw,DIAMOND,TheCroneZ,EUW,7,2026-06-16 15:01:31.695000+00:00,2026-06-16 17:23:50.572000+00:00,5,2,1.8238095238095238,0.8128810279504641,3,0.4,2.371910277777778,LLWWL
12,Z_pOOF00r7lnMIfg_bErPEJbU1cdVD30zMGhGKJz7HTSKjD7Qt0bUxLjaiptr6TI_9H93JWl_xdIaw,DIAMOND,TheCroneZ,EUW,8,2026-06-16 18:34:28.618000+00:00,2026-06-16 18:54:25.618000+00:00,1,1,3.25,0.6015037593984962,0,1.0,0.3325,W
12,Z_pOOF00r7lnMIfg_bErPEJbU1cdVD30zMGhGKJz7HTSKjD7Qt0bUxLjaiptr6TI_9H93JWl_xdIaw,DIAMOND,TheCroneZ,EUW,9,2026-06-17 03:00:35.127000+00:00,2026-06-17 03:58:53.481999998+00:00,2,1,2.033333333333333,0.9545282451047966,1,0.5,0.9717652777772222,WL
12,Z_pOOF00r7lnMIfg_bErPEJbU1cdVD30zMGhGKJz7HTSKjD7Qt0bUxLjaiptr6TI_9H93JWl_xdIaw,DIAMOND,TheCroneZ,EUW,10,2026-06-17 14:11:56.161000+00:00,2026-06-17 17:02:58.610999998+00:00,4,1,4.0853174603174605,0.9369426405958048,3,0.25,2.850680555555,WLLL
12,Z_pOOF00r7lnMIfg_bErPEJbU1cdVD30zMGhGKJz7HTSKjD7Qt0bUxLjaiptr6TI_9H93JWl_xdIaw,DIAMOND,TheCroneZ,EUW,11,2026-06-17 19:39:04.049000+00:00,2026-06-17 23:32:57.912000+00:00,6,3,4.689484126984127,0.8329985353137209,3,0.5,3.8982952777777777,LLLWWW
12,Z_pOOF00r7lnMIfg_bErPEJbU1cdVD30zMGhGKJz7HTSKjD7Qt0bUxLjaiptr6TI_9H93JWl_xdIaw,DIAMOND,TheCroneZ,EUW,12,2026-06-18 15:18:26.130000+00:00,2026-06-18 16:15:07.439000002+00:00,2,1,11.142857142857142,0.8617762191131253,1,0.5,0.9448080555561111,WL
12,Z_pOOF00r7lnMIfg_bErPEJbU1cdVD30zMGhGKJz7HTSKjD7Qt0bUxLjaiptr6TI_9H93JWl_xdIaw,DIAMOND,TheCroneZ,EUW,13,2026-06-18 20:36:51.054000+00:00,2026-06-18 21:58:34.461000002+00:00,3,3,5.888888888888888,0.625518959499397,0,1.0,1.3620575000005557,WWW
12,Z_pOOF00r7lnMIfg_bErPEJbU1cdVD30zMGhGKJz7HTSKjD7Qt0bUxLjaiptr6TI_9H93JWl_xdIaw,DIAMOND,TheCroneZ,EUW,14,2026-06-23 15:47:02.520000+00:00,2026-06-23 16:25:04.519999997+00:00,1,1,2.875,0.946538124452235,0,1.0,0.6338888888880556,W
12,Z_pOOF00r7lnMIfg_bErPEJbU1cdVD30zMGhGKJz7HTSKjD7Qt0bUxLjaiptr6TI_9H93JWl_xdIaw,DIAMOND,TheCroneZ,EUW,15,2026-06-24 07:30:26.126000+00:00,2026-06-24 08:34:00.953999998+00:00,2,2,3.5375,0.7020013639922875,0,1.0,1.0596744444438888,WW
12,Z_pOOF00r7lnMIfg_bErPEJbU1cdVD30zMGhGKJz7HTSKjD7Qt0bUxLjaiptr6TI_9H93JWl_xdIaw,DIAMOND,TheCroneZ,EUW,16,2026-06-24 15:29:38.639000+00:00,2026-06-24 16:01:39.639000002+00:00,1,1,1.6666666666666667,0.9370119729307652,0,1.0,0.5336111111116667,W
12,Z_pOOF00r7lnMIfg_bErPEJbU1cdVD30zMGhGKJz7HTSKjD7Qt0bUxLjaiptr6TI_9H93JWl_xdIaw,DIAMOND,TheCroneZ,EUW,17,2026-06-24 22:48:57.118000+00:00,2026-06-24 23:10:53.117999998+00:00,1,0,1.3333333333333333,1.0486322188449848,1,0.0,0.365555555555,L
12,Z_pOOF00r7lnMIfg_bErPEJbU1cdVD30zMGhGKJz7HTSKjD7Qt0bUxLjaiptr6TI_9H93JWl_xdIaw,DIAMOND,TheCroneZ,EUW,18,2026-06-25 01:10:10.034000+00:00,2026-06-25 02:24:12.866000+00:00,2,1,1.8690476190476195,0.8752224953825664,1,0.5,1.23412,WL
12,Z_pOOF00r7lnMIfg_bErPEJbU1cdVD30zMGhGKJz7HTSKjD7Qt0bUxLjaiptr6TI_9H93JWl_xdIaw,DIAMOND,TheCroneZ,EUW,19,2026-06-25 16:47:00.266000+00:00,2026-06-25 18:34:59.724000002+00:00,2,1,1.45,0.7838655711537674,1,0.5,1.799849444445,LW
12,Z_pOOF00r7lnMIfg_bErPEJbU1cdVD30zMGhGKJz7HTSKjD7Qt0bUxLjaiptr6TI_9H93JWl_xdIaw,DIAMOND,TheCroneZ,EUW,20,2026-06-26 15:41:41.533000+00:00,2026-06-26 17:49:00.862999998+00:00,4,2,2.6214285714285714,0.5877456180833225,2,0.5,2.1220361111105555,LWLW
12,Z_pOOF00r7lnMIfg_bErPEJbU1cdVD30zMGhGKJz7HTSKjD7Qt0bUxLjaiptr6TI_9H93JWl_xdIaw,DIAMOND,TheCroneZ,EUW,21,2026-06-26 21:34:16.842000+00:00,2026-06-26 21:55:51.841999998+00:00,1,0,0.6,1.3436293436293436,1,0.0,0.35972222222166667,L
12,Z_pOOF00r7lnMIfg_bErPEJbU1cdVD30zMGhGKJz7HTSKjD7Qt0bUxLjaiptr6TI_9H93JWl_xdIaw,DIAMOND,TheCroneZ,EUW,22,2026-06-28 12:19:17.100000+00:00,2026-06-28 16:36:13.034999998+00:00,6,5,2.1555555555555554,0.8143644757969467,1,0.8333333333333334,4.282204166666111,WWLWWW
12,Z_pOOF00r7lnMIfg_bErPEJbU1cdVD30zMGhGKJz7HTSKjD7Qt0bUxLjaiptr6TI_9H93JWl_xdIaw,DIAMOND,TheCroneZ,EUW,23,2026-06-28 21:59:27.739000+00:00,2026-06-28 23:05:46.990999998+00:00,2,0,1.4875,0.8631387835745181,2,0.0,1.1053477777772223,LL
12,Z_pOOF00r7lnMIfg_bErPEJbU1cdVD30zMGhGKJz7HTSKjD7Qt0bUxLjaiptr6TI_9H93JWl_xdIaw,DIAMOND,TheCroneZ,EUW,24,2026-06-29 16:37:25.086000+00:00,2026-06-29 19:46:54.301000+00:00,4,2,3.9138888888888888,1.0168970663151482,2,0.5,3.1581152777777777,WWLL
12,Z_pOOF00r7lnMIfg_bErPEJbU1cdVD30zMGhGKJz7HTSKjD7Qt0bUxLjaiptr6TI_9H93JWl_xdIaw,DIAMOND,TheCroneZ,EUW,25,2026-06-30 14:29:39.522000+00:00,2026-06-30 15:34:17.738000+00:00,2,2,3.5,0.6043871759472311,0,1.0,1.0772822222222223,WW
12,Z_pOOF00r7lnMIfg_bErPEJbU1cdVD30zMGhGKJz7HTSKjD7Qt0bUxLjaiptr6TI_9H93JWl_xdIaw,DIAMOND,TheCroneZ,EUW,26,2026-06-30 19:45:27.415000+00:00,2026-06-30 20:30:14.773999998+00:00,2,2,1.1363636363636365,0.34121929026387626,0,1.0,0.7464886111105555,WW
12,Z_pOOF00r7lnMIfg_bErPEJbU1cdVD30zMGhGKJz7HTSKjD7Qt0bUxLjaiptr6TI_9H93JWl_xdIaw,DIAMOND,TheCroneZ,EUW,27,2026-07-14 15:48:14.239000+00:00,2026-07-14 16:03:24.239000002+00:00,1,0,1.0,0.989010989010989,1,0.0,0.2527777777783333,L
12,Z_pOOF00r7lnMIfg_bErPEJbU1cdVD30zMGhGKJz7HTSKjD7Qt0bUxLjaiptr6TI_9H93JWl_xdIaw,DIAMOND,TheCroneZ,EUW,28,2026-07-15 16:16:20.120000+00:00,2026-07-15 16:46:57.120000002+00:00,1,1,4.8,0.849210669569951,0,1.0,0.5102777777783333,W
12,Z_pOOF00r7lnMIfg_bErPEJbU1cdVD30zMGhGKJz7HTSKjD7Qt0bUxLjaiptr6TI_9H93JWl_xdIaw,DIAMOND,TheCroneZ,EUW,29,2026-07-16 15:42:39.203000+00:00,2026-07-16 16:20:57.203000+00:00,1,1,1.5333333333333334,0.6005221932114883,0,1.0,0.6383333333333333,W
12,Z_pOOF00r7lnMIfg_bErPEJbU1cdVD30zMGhGKJz7HTSKjD7Qt0bUxLjaiptr6TI_9H93JWl_xdIaw,DIAMOND,TheCroneZ,EUW,30,2026-07-17 18:29:16.617000+00:00,2026-07-17 19:53:17.111999998+00:00,3,1,2.1666666666666665,0.43067642088808783,2,0.3333333333333333,1.4001374999994445,WLL
12,Z_pOOF00r7lnMIfg_bErPEJbU1cdVD30zMGhGKJz7HTSKjD7Qt0bUxLjaiptr6TI_9H93JWl_xdIaw,DIAMOND,TheCroneZ,EUW,31,2026-07-19 09:58:54.246000+00:00,2026-07-19 10:34:13.246000002+00:00,1,1,4.833333333333333,0.7361963190184049,0,1.0,0.5886111111116666,W
12,Z_pOOF00r7lnMIfg_bErPEJbU1cdVD30zMGhGKJz7HTSKjD7Qt0bUxLjaiptr6TI_9H93JWl_xdIaw,DIAMOND,TheCroneZ,EUW,32,2026-07-20 17:59:30.271000+00:00,2026-07-20 18:15:08.270999998+00:00,1,0,1.4,1.023454157782516,1,0.0,0.260555555555,L
12,Z_pOOF00r7lnMIfg_bErPEJbU1cdVD30zMGhGKJz7HTSKjD7Qt0bUxLjaiptr6TI_9H93JWl_xdIaw,DIAMOND,TheCroneZ,EUW,33,2026-07-20 20:10:36.347000+00:00,2026-07-20 21:13:42.658000002+00:00,2,1,1.5694444444444446,0.7168446682132572,1,0.5,1.0517530555561112,WL
12,Z_pOOF00r7lnMIfg_bErPEJbU1cdVD30zMGhGKJz7HTSKjD7Qt0bUxLjaiptr6TI_9H93JWl_xdIaw,DIAMOND,TheCroneZ,EUW,34,2026-07-21 17:54:03.217000+00:00,2026-07-21 18:20:43.217000002+00:00,1,0,2.75,0.8624999999999999,1,0.0,0.444444444445,L
12,Z_pOOF00r7lnMIfg_bErPEJbU1cdVD30zMGhGKJz7HTSKjD7Qt0bUxLjaiptr6TI_9H93JWl_xdIaw,DIAMOND,TheCroneZ,EUW,35,2026-07-22 16:24:10.405000+00:00,2026-07-22 16:53:14.405000002+00:00,1,1,3.25,0.5504587155963303,0,1.0,0.484444444445,W
12,Z_pOOF00r7lnMIfg_bErPEJbU1cdVD30zMGhGKJz7HTSKjD7Qt0bUxLjaiptr6TI_9H93JWl_xdIaw,DIAMOND,TheCroneZ,EUW,36,2026-07-24 16:41:02.679000+00:00,2026-07-24 17:52:43.500000+00:00,2,1,1.7077922077922079,0.7433892552963912,1,0.5,1.1946725,WL
12,Z_pOOF00r7lnMIfg_bErPEJbU1cdVD30zMGhGKJz7HTSKjD7Qt0bUxLjaiptr6TI_9H93JWl_xdIaw,DIAMOND,TheCroneZ,EUW,37,2026-07-26 14:39:01.740000+00:00,2026-07-26 15:50:23.594000002+00:00,3,3,3.151515151515152,0.41161153573509085,0,1.0,1.1894038888894445,WWW
12,Z_pOOF00r7lnMIfg_bErPEJbU1cdVD30zMGhGKJz7HTSKjD7Qt0bUxLjaiptr6TI_9H93JWl_xdIaw,DIAMOND,TheCroneZ,EUW,38,2026-07-26 18:36:24.148000+00:00,2026-07-26 19:07:29.147999998+00:00,1,0,1.75,0.932975871313673,1,0.0,0.518055555555,L
12,Z_pOOF00r7lnMIfg_bErPEJbU1cdVD30zMGhGKJz7HTSKjD7Qt0bUxLjaiptr6TI_9H93JWl_xdIaw,DIAMOND,TheCroneZ,EUW,39,2026-07-30 19:28:40.693000+00:00,2026-07-30 19:45:15.692999998+00:00,1,0,0.0,7.0552763819095485,1,0.0,0.27638888888833335,L
12,Z_pOOF00r7lnMIfg_bErPEJbU1cdVD30zMGhGKJz7HTSKjD7Qt0bUxLjaiptr6TI_9H93JWl_xdIaw,DIAMOND,TheCroneZ,EUW,40,2026-07-31 16:43:24.589000+00:00,2026-07-31 17:38:03.876000002+00:00,2,1,2.2285714285714286,0.852560742730848,1,0.5,0.910913055556111,LW
12,Z_pOOF00r7lnMIfg_bErPEJbU1cdVD30zMGhGKJz7HTSKjD7Qt0bUxLjaiptr6TI_9H93JWl_xdIaw,DIAMOND,TheCroneZ,EUW,41,2026-08-01 02:09:37.221000+00:00,2026-08-01 02:50:52.221000+00:00,1,0,0.8461538461538461,0.5333333333333333,1,0.0,0.6875,L
12,Z_pOOF00r7lnMIfg_bErPEJbU1cdVD30zMGhGKJz7HTSKjD7Qt0bUxLjaiptr6TI_9H93JWl_xdIaw,DIAMOND,TheCroneZ,EUW,42,2026-08-01 22:39:05.765000+00:00,2026-08-01 23:45:43.831000002+00:00,3,2,1.2592592592592593,0.621783268015463,1,0.6666666666666666,1.1105738888894443,WLW
12,Z_pOOF00r7lnMIfg_bErPEJbU1cdVD30zMGhGKJz7HTSKjD7Qt0bUxLjaiptr6TI_9H93JWl_xdIaw,DIAMOND,TheCroneZ,EUW,43,2026-08-02 12:56:07.326000+00:00,2026-08-02 13:27:25.326000+00:00,1,1,3.0,1.1182108626198082,0,1.0,0.5216666666666666,W
12,Z_pOOF00r7lnMIfg_bErPEJbU1cdVD30zMGhGKJz7HTSKjD7Qt0bUxLjaiptr6TI_9H93JWl_xdIaw,DIAMOND,TheCroneZ,EUW,44,2026-08-02 14:43:30.356000+00:00,2026-08-02 15:55:52.088000002+00:00,2,1,2.9857142857142858,0.6479903770932711,1,0.5,1.2060366666672222,WL
12,Z_pOOF00r7lnMIfg_bErPEJbU1cdVD30zMGhGKJz7HTSKjD7Qt0bUxLjaiptr6TI_9H93JWl_xdIaw,DIAMOND,TheCroneZ,EUW,45,2026-08-08 08:55:24.146000+00:00,2026-08-08 10:02:24.902000+00:00,2,0,3.8125,4.244492552712213,2,0.0,1.1168766666666665,LL
12,Z_pOOF00r7lnMIfg_bErPEJbU1cdVD30zMGhGKJz7HTSKjD7Qt0bUxLjaiptr6TI_9H93JWl_xdIaw,DIAMOND,TheCroneZ,EUW,46,2026-08-09 17:20:01.242000+00:00,2026-08-09 18:32:47.091999998+00:00,2,1,2.833333333333333,1.0897200254934583,1,0.5,1.2127361111105557,WL
12,Z_pOOF00r7lnMIfg_bErPEJbU1cdVD30zMGhGKJz7HTSKjD7Qt0bUxLjaiptr6TI_9H93JWl_xdIaw,DIAMOND,TheCroneZ,EUW,47,2026-08-12 20:16:41.655000+00:00,2026-08-12 21:48:17.039999998+00:00,3,1,3.3571428571428577,0.9093165001674116,2,0.3333333333333333,1.5264958333327778,LWL
12,Z_pOOF00r7lnMIfg_bErPEJbU1cdVD30zMGhGKJz7HTSKjD7Qt0bUxLjaiptr6TI_9H93JWl_xdIaw,DIAMOND,TheCroneZ,EUW,48,2026-08-13 15:33:16.945000+00:00,2026-08-13 15:58:37.945000+00:00,1,0,7.0,1.0256410256410255,1,0.0,0.4225,L
12,Z_pOOF00r7lnMIfg_bErPEJbU1cdVD30zMGhGKJz7HTSKjD7Qt0bUxLjaiptr6TI_9H93JWl_xdIaw,DIAMOND,TheCroneZ,EUW,49,2026-08-13 17:41:29.711000+00:00,2026-08-13 18:04:59.711000+00:00,1,1,11.5,0.9361702127659576,0,1.0,0.39166666666666666,W
13,2ND-HcB3_jQC--OHZxinN70pj1hUr48I9I4uSDJKtXap6POLFpbk7q1oD3gDzAwZ_jE5qy2TWRMu1w,DIAMOND,egge,9999,1,2026-08-11 22:28:24.512000+00:00,2026-08-11 22:58:01.512000002+00:00,1,1,9.0,7.394485087225661,0,1.0,0.49361111111166667,W
13,2ND-HcB3_jQC--OHZxinN70pj1hUr48I9I4uSDJKtXap6POLFpbk7q1oD3gDzAwZ_jE5qy2TWRMu1w,DIAMOND,egge,9999,2,2026-08-12 07:59:12.432000+00:00,2026-08-12 12:59:37.515000+00:00,7,4,5.955442176870748,6.317714929633472,3,0.5714285714285714,5.0069675,LLWWLWW
13,2ND-HcB3_jQC--OHZxinN70pj1hUr48I9I4uSDJKtXap6POLFpbk7q1oD3gDzAwZ_jE5qy2TWRMu1w,DIAMOND,egge,9999,3,2026-08-12 14:10:35.215000+00:00,2026-08-12 14:25:50.215000+00:00,1,1,8.0,8.131147540983607,0,1.0,0.25416666666666665,W
13,2ND-HcB3_jQC--OHZxinN70pj1hUr48I9I4uSDJKtXap6POLFpbk7q1oD3gDzAwZ_jE5qy2TWRMu1w,DIAMOND,egge,9999,4,2026-08-12 18:00:04.024000+00:00,2026-08-12 18:25:30.023999998+00:00,1,1,17.0,8.217562254259501,0,1.0,0.4238888888883333,W
13,2ND-HcB3_jQC--OHZxinN70pj1hUr48I9I4uSDJKtXap6POLFpbk7q1oD3gDzAwZ_jE5qy2TWRMu1w,DIAMOND,egge,9999,5,2026-08-13 11:17:02.085000+00:00,2026-08-13 13:27:25.377000002+00:00,4,1,1.1825396825396826,6.750209396381224,3,0.25,2.1731366666672223,LLLW
13,2ND-HcB3_jQC--OHZxinN70pj1hUr48I9I4uSDJKtXap6POLFpbk7q1oD3gDzAwZ_jE5qy2TWRMu1w,DIAMOND,egge,9999,6,2026-08-13 15:35:30.693000+00:00,2026-08-13 17:02:30.027999998+00:00,2,1,2.7875,7.870296122343776,1,0.5,1.4498152777772222,WL
13,2ND-HcB3_jQC--OHZxinN70pj1hUr48I9I4uSDJKtXap6POLFpbk7q1oD3gDzAwZ_jE5qy2TWRMu1w,DIAMOND,egge,9999,7,2026-08-14 08:11:17.807000+00:00,2026-08-14 15:14:23.202999998+00:00,8,4,2.696428571428571,7.279883468485137,4,0.5,7.051498888888333,LWWLLWLW
13,2ND-HcB3_jQC--OHZxinN70pj1hUr48I9I4uSDJKtXap6POLFpbk7q1oD3gDzAwZ_jE5qy2TWRMu1w,DIAMOND,egge,9999,8,2026-08-15 09:20:32.503000+00:00,2026-08-15 12:46:08.938999998+00:00,4,2,2.8916666666666666,6.902281788696688,2,0.5,3.426787777777222,WLLW
13,2ND-HcB3_jQC--OHZxinN70pj1hUr48I9I4uSDJKtXap6POLFpbk7q1oD3gDzAwZ_jE5qy2TWRMu1w,DIAMOND,egge,9999,9,2026-08-15 15:25:28+00:00,2026-08-15 15:54:56.000000002+00:00,1,0,1.5,6.481900452488688,1,0.0,0.49111111111166666,L
13,2ND-HcB3_jQC--OHZxinN70pj1hUr48I9I4uSDJKtXap6POLFpbk7q1oD3gDzAwZ_jE5qy2TWRMu1w,DIAMOND,egge,9999,10,2026-08-16 09:11:59.712000+00:00,2026-08-16 10:09:04.214000002+00:00,2,2,4.366666666666666,7.89127946347852,0,1.0,0.951250555556111,WW
13,2ND-HcB3_jQC--OHZxinN70pj1hUr48I9I4uSDJKtXap6POLFpbk7q1oD3gDzAwZ_jE5qy2TWRMu1w,DIAMOND,egge,9999,11,2026-08-16 17:09:59.628000+00:00,2026-08-16 17:32:40.627999998+00:00,1,1,2.0,7.891256429096253,0,1.0,0.37805555555500003,W
13,2ND-HcB3_jQC--OHZxinN70pj1hUr48I9I4uSDJKtXap6POLFpbk7q1oD3gDzAwZ_jE5qy2TWRMu1w,DIAMOND,egge,9999,12,2026-08-17 09:32:49.538000+00:00,2026-08-17 12:28:10.853000002+00:00,4,1,2.210714285714286,7.558547088761035,3,0.25,2.9225875000005552,LWLL
13,2ND-HcB3_jQC--OHZxinN70pj1hUr48I9I4uSDJKtXap6POLFpbk7q1oD3gDzAwZ_jE5qy2TWRMu1w,DIAMOND,egge,9999,13,2026-08-17 14:10:36.135000+00:00,2026-08-17 14:33:48.135000+00:00,1,0,0.5,6.982758620689656,1,0.0,0.38666666666666666,L
13,2ND-HcB3_jQC--OHZxinN70pj1hUr48I9I4uSDJKtXap6POLFpbk7q1oD3gDzAwZ_jE5qy2TWRMu1w,DIAMOND,egge,9999,14,2026-08-18 08:27:09.536000+00:00,2026-08-18 12:37:39.094000+00:00,7,4,3.664625850340136,7.478306010478207,3,0.5714285714285714,4.174877222222222,WLLWWLW
13,2ND-HcB3_jQC--OHZxinN70pj1hUr48I9I4uSDJKtXap6POLFpbk7q1oD3gDzAwZ_jE5qy2TWRMu1w,DIAMOND,egge,9999,15,2026-08-18 13:49:07.770000+00:00,2026-08-18 14:17:05.770000002+00:00,1,1,2.6666666666666665,8.29558998808105,0,1.0,0.46611111111166664,W
13,2ND-HcB3_jQC--OHZxinN70pj1hUr48I9I4uSDJKtXap6POLFpbk7q1oD3gDzAwZ_jE5qy2TWRMu1w,DIAMOND,egge,9999,16,2026-08-19 09:31:38.969000+00:00,2026-08-19 11:12:37.832999998+00:00,3,2,1.5,7.648685858986622,1,0.6666666666666666,1.6830177777772222,WLW
13,2ND-HcB3_jQC--OHZxinN70pj1hUr48I9I4uSDJKtXap6POLFpbk7q1oD3gDzAwZ_jE5qy2TWRMu1w,DIAMOND,egge,9999,17,2026-08-19 15:25:58.968000+00:00,2026-08-19 16:02:54.967999998+00:00,1,1,2.857142857142857,7.310469314079423,0,1.0,0.615555555555,W
13,2ND-HcB3_jQC--OHZxinN70pj1hUr48I9I4uSDJKtXap6POLFpbk7q1oD3gDzAwZ_jE5qy2TWRMu1w,DIAMOND,egge,9999,18,2026-08-21 08:31:15.922000+00:00,2026-08-21 08:59:24.922000+00:00,1,0,0.5714285714285714,7.211367673179397,1,0.0,0.4691666666666667,L
13,2ND-HcB3_jQC--OHZxinN70pj1hUr48I9I4uSDJKtXap6POLFpbk7q1oD3gDzAwZ_jE5qy2TWRMu1w,DIAMOND,egge,9999,19,2026-08-21 11:56:44.023000+00:00,2026-08-21 13:06:55.825000002+00:00,2,1,2.642857142857143,8.121862463555253,1,0.5,1.1699450000005556,WL
13,2ND-HcB3_jQC--OHZxinN70pj1hUr48I9I4uSDJKtXap6POLFpbk7q1oD3gDzAwZ_jE5qy2TWRMu1w,DIAMOND,egge,9999,20,2026-08-22 07:48:45.783000+00:00,2026-08-22 13:18:38.299000002+00:00,9,5,2.4925722425722423,7.178305739413746,4,0.5555555555555556,5.497921111111666,LLWWWLWLW
13,2ND-HcB3_jQC--OHZxinN70pj1hUr48I9I4uSDJKtXap6POLFpbk7q1oD3gDzAwZ_jE5qy2TWRMu1w,DIAMOND,egge,9999,21,2026-08-22 16:23:56.782000+00:00,2026-08-22 20:40:52.924000+00:00,7,4,2.194557823129252,7.458820643698695,3,0.5714285714285714,4.282261666666667,LLWLWWW
13,2ND-HcB3_jQC--OHZxinN70pj1hUr48I9I4uSDJKtXap6POLFpbk7q1oD3gDzAwZ_jE5qy2TWRMu1w,DIAMOND,egge,9999,22,2026-08-23 09:32:56.875000+00:00,2026-08-23 14:26:27.216000002+00:00,8,3,1.7561507936507936,7.998093014449969,5,0.375,4.891761388889445,LLWWLLWL
13,2ND-HcB3_jQC--OHZxinN70pj1hUr48I9I4uSDJKtXap6POLFpbk7q1oD3gDzAwZ_jE5qy2TWRMu1w,DIAMOND,egge,9999,23,2026-08-23 17:06:49.623000+00:00,2026-08-23 20:00:29.362000002+00:00,4,3,2.0833333333333335,7.1079879319230255,1,0.75,2.894371944445,WLWW
13,2ND-HcB3_jQC--OHZxinN70pj1hUr48I9I4uSDJKtXap6POLFpbk7q1oD3gDzAwZ_jE5qy2TWRMu1w,DIAMOND,egge,9999,24,2026-08-24 10:13:53.210000+00:00,2026-08-24 11:41:32.661999998+00:00,2,2,3.0,7.517216079192785,0,1.0,1.4609588888883334,WW
13,2ND-HcB3_jQC--OHZxinN70pj1hUr48I9I4uSDJKtXap6POLFpbk7q1oD3gDzAwZ_jE5qy2TWRMu1w,DIAMOND,egge,9999,25,2026-08-24 15:53:25.640000+00:00,2026-08-24 16:20:36.639999998+00:00,1,0,1.3333333333333333,7.651747394236665,1,0.0,0.453055555555,L
13,2ND-HcB3_jQC--OHZxinN70pj1hUr48I9I4uSDJKtXap6POLFpbk7q1oD3gDzAwZ_jE5qy2TWRMu1w,DIAMOND,egge,9999,26,2026-08-24 19:35:20.091000+00:00,2026-08-24 21:23:14.088999998+00:00,4,3,2.925,7.6536593317938815,1,0.75,1.7983327777772222,WWLW
13,2ND-HcB3_jQC--OHZxinN70pj1hUr48I9I4uSDJKtXap6POLFpbk7q1oD3gDzAwZ_jE5qy2TWRMu1w,DIAMOND,egge,9999,27,2026-08-25 16:15:52.316000+00:00,2026-08-25 16:34:15.315999998+00:00,1,1,12.0,6.745240253853128,0,1.0,0.3063888888883333,W
13,2ND-HcB3_jQC--OHZxinN70pj1hUr48I9I4uSDJKtXap6POLFpbk7q1oD3gDzAwZ_jE5qy2TWRMu1w,DIAMOND,egge,9999,28,2026-08-26 10:51:33.873000+00:00,2026-08-26 12:43:44.004999998+00:00,3,2,2.7452380952380953,7.067523359555348,1,0.6666666666666666,1.8694811111105554,WWL
13,2ND-HcB3_jQC--OHZxinN70pj1hUr48I9I4uSDJKtXap6POLFpbk7q1oD3gDzAwZ_jE5qy2TWRMu1w,DIAMOND,egge,9999,29,2026-08-26 14:29:40.161000+00:00,2026-08-26 14:56:25.161000+00:00,1,0,0.625,5.233644859813084,1,0.0,0.44583333333333336,L
13,2ND-HcB3_jQC--OHZxinN70pj1hUr48I9I4uSDJKtXap6POLFpbk7q1oD3gDzAwZ_jE5qy2TWRMu1w,DIAMOND,egge,9999,30,2026-08-26 17:06:03.779000+00:00,2026-08-26 19:57:24.810000002+00:00,5,2,2.061111111111111,7.091372856249359,3,0.4,2.855841944445,LWLLW
13,2ND-HcB3_jQC--OHZxinN70pj1hUr48I9I4uSDJKtXap6POLFpbk7q1oD3gDzAwZ_jE5qy2TWRMu1w,DIAMOND,egge,9999,31,2026-08-27 11:20:50.924000+00:00,2026-08-27 12:50:13.266999998+00:00,3,2,3.925925925925926,7.139747273257247,1,0.6666666666666666,1.4895397222216666,LWW
14,9t_BbI2xQZv6M9W-aYAuowslHER_1WokrtrAkUxs0A_3Ahvlyfw-1Un9rI9VE_AfEq8usfGg4cFBLg,DIAMOND,SickLikeMe v3,ENVY,1,2026-01-22 14:51:58.054000+00:00,2026-01-22 17:37:55.110999998+00:00,5,3,7.225,6.6371050311295345,2,0.6,2.765849166666111,LWLWW
14,9t_BbI2xQZv6M9W-aYAuowslHER_1WokrtrAkUxs0A_3Ahvlyfw-1Un9rI9VE_AfEq8usfGg4cFBLg,DIAMOND,SickLikeMe v3,ENVY,2,2026-01-23 08:35:20.170000+00:00,2026-01-23 17:45:34.404000002+00:00,13,5,4.8979881229881235,6.994668650219821,8,0.38461538461538464,9.17062055555611,WWWLLLWWLLLLL
14,9t_BbI2xQZv6M9W-aYAuowslHER_1WokrtrAkUxs0A_3Ahvlyfw-1Un9rI9VE_AfEq8usfGg4cFBLg,DIAMOND,SickLikeMe v3,ENVY,3,2026-01-23 20:15:16.946000+00:00,2026-01-23 22:02:07.468000002+00:00,4,3,3.633928571428571,1.100531545624349,1,0.75,1.780700555556111,WLWW
14,9t_BbI2xQZv6M9W-aYAuowslHER_1WokrtrAkUxs0A_3Ahvlyfw-1Un9rI9VE_AfEq8usfGg4cFBLg,DIAMOND,SickLikeMe v3,ENVY,4,2026-01-24 13:09:42.513000+00:00,2026-01-24 16:34:24.833999998+00:00,6,3,3.4499999999999997,0.6792077740403322,3,0.5,3.411755833332778,LLLWWW
14,9t_BbI2xQZv6M9W-aYAuowslHER_1WokrtrAkUxs0A_3Ahvlyfw-1Un9rI9VE_AfEq8usfGg4cFBLg,DIAMOND,SickLikeMe v3,ENVY,5,2026-01-25 12:12:56.262000+00:00,2026-01-25 13:12:36.622999998+00:00,2,1,4.666666666666667,0.5654849215995019,1,0.5,0.9945447222216667,LW
14,9t_BbI2xQZv6M9W-aYAuowslHER_1WokrtrAkUxs0A_3Ahvlyfw-1Un9rI9VE_AfEq8usfGg4cFBLg,DIAMOND,SickLikeMe v3,ENVY,6,2026-01-26 09:59:51.301000+00:00,2026-01-26 11:06:32.926999998+00:00,2,2,13.625,0.907324040425955,0,1.0,1.1115627777772223,WW
14,9t_BbI2xQZv6M9W-aYAuowslHER_1WokrtrAkUxs0A_3Ahvlyfw-1Un9rI9VE_AfEq8usfGg4cFBLg,DIAMOND,SickLikeMe v3,ENVY,7,2026-01-26 16:53:18.569000+00:00,2026-01-26 17:32:55.569000002+00:00,1,1,8.333333333333334,0.5553218342448465,0,1.0,0.6602777777783333,W
14,9t_BbI2xQZv6M9W-aYAuowslHER_1WokrtrAkUxs0A_3Ahvlyfw-1Un9rI9VE_AfEq8usfGg4cFBLg,DIAMOND,SickLikeMe v3,ENVY,8,2026-01-27 08:41:16.469000+00:00,2026-01-27 13:29:39.643000002+00:00,8,1,4.202083333333333,2.220292905229498,7,0.125,4.806437222222778,LLWLLLLL
14,9t_BbI2xQZv6M9W-aYAuowslHER_1WokrtrAkUxs0A_3Ahvlyfw-1Un9rI9VE_AfEq8usfGg4cFBLg,DIAMOND,SickLikeMe v3,ENVY,9,2026-01-27 14:45:37.490000+00:00,2026-01-27 17:18:30.515000002+00:00,5,2,7.951515151515151,4.287155946527519,3,0.4,2.548062500000556,LLLWW
14,9t_BbI2xQZv6M9W-aYAuowslHER_1WokrtrAkUxs0A_3Ahvlyfw-1Un9rI9VE_AfEq8usfGg4cFBLg,DIAMOND,SickLikeMe v3,ENVY,10,2026-01-28 07:20:17.848000+00:00,2026-01-28 11:40:26.796000+00:00,8,5,3.7458333333333336,5.280159565900952,3,0.625,4.335818888888889,WWWLWLWL
14,9t_BbI2xQZv6M9W-aYAuowslHER_1WokrtrAkUxs0A_3Ahvlyfw-1Un9rI9VE_AfEq8usfGg4cFBLg,DIAMOND,SickLikeMe v3,ENVY,11,2026-01-28 13:18:37.039000+00:00,2026-01-28 18:32:54.601000002+00:00,8,4,3.635416666666667,0.5941606994668828,4,0.5,5.238211666667222,LWWWWLLL
14,9t_BbI2xQZv6M9W-aYAuowslHER_1WokrtrAkUxs0A_3Ahvlyfw-1Un9rI9VE_AfEq8usfGg4cFBLg,DIAMOND,SickLikeMe v3,ENVY,12,2026-01-29 08:26:14.589000+00:00,2026-01-29 18:07:38.573999998+00:00,15,9,4.573888888888889,4.992104191325793,6,0.6,9.689995833332778,LLWLWWWWLLWWWWL
14,9t_BbI2xQZv6M9W-aYAuowslHER_1WokrtrAkUxs0A_3Ahvlyfw-1Un9rI9VE_AfEq8usfGg4cFBLg,DIAMOND,SickLikeMe v3,ENVY,13,2026-01-29 21:07:31.886000+00:00,2026-01-29 22:44:38.395999998+00:00,3,1,2.5,2.696669628191722,2,0.3333333333333333,1.6184749999994446,LWL
14,9t_BbI2xQZv6M9W-aYAuowslHER_1WokrtrAkUxs0A_3Ahvlyfw-1Un9rI9VE_AfEq8usfGg4cFBLg,DIAMOND,SickLikeMe v3,ENVY,14,2026-01-30 08:40:28.401000+00:00,2026-01-30 18:14:25.169999998+00:00,14,11,9.1487012987013,0.7963179308864328,3,0.7857142857142857,9.565769166666112,WWLWWLWWWLWWWW
14,9t_BbI2xQZv6M9W-aYAuowslHER_1WokrtrAkUxs0A_3Ahvlyfw-1Un9rI9VE_AfEq8usfGg4cFBLg,DIAMOND,SickLikeMe v3,ENVY,15,2026-01-30 20:48:20.731000+00:00,2026-01-30 21:44:19.381000+00:00,2,1,14.166666666666666,0.6612852461928038,1,0.5,0.9329583333333333,WL
14,9t_BbI2xQZv6M9W-aYAuowslHER_1WokrtrAkUxs0A_3Ahvlyfw-1Un9rI9VE_AfEq8usfGg4cFBLg,DIAMOND,SickLikeMe v3,ENVY,16,2026-01-31 08:50:21.517000+00:00,2026-01-31 10:53:08.488999998+00:00,3,3,5.333333333333333,4.158424249084972,0,1.0,2.0463811111105557,WWW
14,9t_BbI2xQZv6M9W-aYAuowslHER_1WokrtrAkUxs0A_3Ahvlyfw-1Un9rI9VE_AfEq8usfGg4cFBLg,DIAMOND,SickLikeMe v3,ENVY,17,2026-02-14 20:49:23.285000+00:00,2026-02-14 21:28:51.285000002+00:00,1,0,2.6666666666666665,0.7854729729729729,1,0.0,0.6577777777783334,L
15,TIoqqZOTEp85Zs2JuwNZ1pg6qSRcLnnUZrYD21OK063g5Lr7ISoGr4fsuZstejVmn8moPz4uJhESZw,DIAMOND,CHN Hei,EUW,1,2026-06-11 22:19:38.075000+00:00,2026-06-12 00:29:13.013000+00:00,3,2,3.0500000000000003,6.6651435859235155,1,0.6666666666666666,2.159705,WLW
15,TIoqqZOTEp85Zs2JuwNZ1pg6qSRcLnnUZrYD21OK063g5Lr7ISoGr4fsuZstejVmn8moPz4uJhESZw,DIAMOND,CHN Hei,EUW,2,2026-06-12 15:17:29.841000+00:00,2026-06-12 16:30:14.957000+00:00,2,1,3.775,7.520138717437861,1,0.5,1.2125322222222221,LW
15,TIoqqZOTEp85Zs2JuwNZ1pg6qSRcLnnUZrYD21OK063g5Lr7ISoGr4fsuZstejVmn8moPz4uJhESZw,DIAMOND,CHN Hei,EUW,3,2026-06-12 17:30:36.838000+00:00,2026-06-12 23:59:34.972000+00:00,11,6,4.572222222222222,6.596522554391554,5,0.5454545454545454,6.4828149999999996,LLLWWWLWLWW
15,TIoqqZOTEp85Zs2JuwNZ1pg6qSRcLnnUZrYD21OK063g5Lr7ISoGr4fsuZstejVmn8moPz4uJhESZw,DIAMOND,CHN Hei,EUW,4,2026-06-13 11:50:38.933000+00:00,2026-06-13 14:02:53.804000002+00:00,5,3,6.433333333333333,6.942586284938474,2,0.6,2.2041308333338887,WLWLW
15,TIoqqZOTEp85Zs2JuwNZ1pg6qSRcLnnUZrYD21OK063g5Lr7ISoGr4fsuZstejVmn8moPz4uJhESZw,DIAMOND,CHN Hei,EUW,5,2026-06-13 15:47:50.491000+00:00,2026-06-13 23:01:43.827000002+00:00,10,8,5.295,7.728243848559167,2,0.8,7.231482222222778,WWWWLLWWWW
15,TIoqqZOTEp85Zs2JuwNZ1pg6qSRcLnnUZrYD21OK063g5Lr7ISoGr4fsuZstejVmn8moPz4uJhESZw,DIAMOND,CHN Hei,EUW,6,2026-06-14 16:20:10.029000+00:00,2026-06-14 22:50:08.313000002+00:00,10,5,3.2616666666666667,7.834047557963737,5,0.5,6.499523333333889,LWLWLWWLWL
15,TIoqqZOTEp85Zs2JuwNZ1pg6qSRcLnnUZrYD21OK063g5Lr7ISoGr4fsuZstejVmn8moPz4uJhESZw,DIAMOND,CHN Hei,EUW,7,2026-06-21 18:03:09.989000+00:00,2026-06-21 21:00:45.781000002+00:00,5,2,1.912222222222222,7.678296658483887,3,0.4,2.959942222222778,LLLWW
15,TIoqqZOTEp85Zs2JuwNZ1pg6qSRcLnnUZrYD21OK063g5Lr7ISoGr4fsuZstejVmn8moPz4uJhESZw,DIAMOND,CHN Hei,EUW,8,2026-06-24 19:27:43.619000+00:00,2026-06-25 01:27:11.936000+00:00,11,6,4.0926472517381605,7.3983314943551655,5,0.5454545454545454,5.991199166666666,WWLLLLLWWWW
15,TIoqqZOTEp85Zs2JuwNZ1pg6qSRcLnnUZrYD21OK063g5Lr7ISoGr4fsuZstejVmn8moPz4uJhESZw,DIAMOND,CHN Hei,EUW,9,2026-06-25 16:39:39.287000+00:00,2026-06-25 18:42:31.344000+00:00,3,2,5.3809523809523805,7.873763810567774,1,0.6666666666666666,2.047793611111111,WLW
15,TIoqqZOTEp85Zs2JuwNZ1pg6qSRcLnnUZrYD21OK063g5Lr7ISoGr4fsuZstejVmn8moPz4uJhESZw,DIAMOND,CHN Hei,EUW,10,2026-06-25 20:12:52.990000+00:00,2026-06-25 21:56:16.458000002+00:00,3,0,2.0619047619047617,6.020047095230971,3,0.0,1.723185555556111,LLL
15,TIoqqZOTEp85Zs2JuwNZ1pg6qSRcLnnUZrYD21OK063g5Lr7ISoGr4fsuZstejVmn8moPz4uJhESZw,DIAMOND,CHN Hei,EUW,11,2026-06-28 04:58:18.022000+00:00,2026-06-28 09:36:13.039000+00:00,7,7,7.055555555555555,7.303911631849408,0,1.0,4.631949166666667,WWWWWWW
15,TIoqqZOTEp85Zs2JuwNZ1pg6qSRcLnnUZrYD21OK063g5Lr7ISoGr4fsuZstejVmn8moPz4uJhESZw,DIAMOND,CHN Hei,EUW,12,2026-07-02 18:37:23.890000+00:00,2026-07-02 20:04:27.084000+00:00,3,1,2.2333333333333334,8.031683589863073,2,0.3333333333333333,1.4508872222222224,WLL
15,TIoqqZOTEp85Zs2JuwNZ1pg6qSRcLnnUZrYD21OK063g5Lr7ISoGr4fsuZstejVmn8moPz4uJhESZw,DIAMOND,CHN Hei,EUW,13,2026-07-05 00:13:50.686000+00:00,2026-07-05 01:22:24.475000+00:00,2,1,2.5833333333333335,7.5336766452955795,1,0.5,1.1427191666666665,LW
15,TIoqqZOTEp85Zs2JuwNZ1pg6qSRcLnnUZrYD21OK063g5Lr7ISoGr4fsuZstejVmn8moPz4uJhESZw,DIAMOND,CHN Hei,EUW,14,2026-07-05 08:38:04.392000+00:00,2026-07-05 11:06:20.986000+00:00,4,3,4.696428571428571,7.462127238995077,1,0.75,2.471276111111111,WLWW
15,TIoqqZOTEp85Zs2JuwNZ1pg6qSRcLnnUZrYD21OK063g5Lr7ISoGr4fsuZstejVmn8moPz4uJhESZw,DIAMOND,CHN Hei,EUW,15,2026-07-13 18:55:29.861000+00:00,2026-07-13 20:24:33.709999998+00:00,3,1,3.733333333333333,7.7453539283076696,2,0.3333333333333333,1.4844024999994445,LLW
15,TIoqqZOTEp85Zs2JuwNZ1pg6qSRcLnnUZrYD21OK063g5Lr7ISoGr4fsuZstejVmn8moPz4uJhESZw,DIAMOND,CHN Hei,EUW,16,2026-07-14 23:46:29.249000+00:00,2026-07-15 00:20:24.249000002+00:00,1,0,3.75,7.046683046683048,1,0.0,0.5652777777783333,L
15,TIoqqZOTEp85Zs2JuwNZ1pg6qSRcLnnUZrYD21OK063g5Lr7ISoGr4fsuZstejVmn8moPz4uJhESZw,DIAMOND,CHN Hei,EUW,17,2026-07-21 01:21:28.459000+00:00,2026-07-21 02:25:30.345999998+00:00,2,0,2.3833333333333333,5.7372380136183425,2,0.0,1.0671908333327778,LL
15,TIoqqZOTEp85Zs2JuwNZ1pg6qSRcLnnUZrYD21OK063g5Lr7ISoGr4fsuZstejVmn8moPz4uJhESZw,DIAMOND,CHN Hei,EUW,18,2026-07-24 01:37:19.027000+00:00,2026-07-24 02:04:20.027000002+00:00,1,1,4.666666666666667,5.107958050586058,0,1.0,0.45027777777833333,W
15,TIoqqZOTEp85Zs2JuwNZ1pg6qSRcLnnUZrYD21OK063g5Lr7ISoGr4fsuZstejVmn8moPz4uJhESZw,DIAMOND,CHN Hei,EUW,19,2026-07-29 23:08:19.765000+00:00,2026-07-30 02:25:14.633999998+00:00,5,2,2.625021645021645,3.8284846301200597,3,0.4,3.2819080555549998,LLWLW
15,TIoqqZOTEp85Zs2JuwNZ1pg6qSRcLnnUZrYD21OK063g5Lr7ISoGr4fsuZstejVmn8moPz4uJhESZw,DIAMOND,CHN Hei,EUW,20,2026-07-30 06:25:29.694000+00:00,2026-07-30 07:26:43.327000+00:00,2,0,1.488888888888889,7.745934435119603,2,0.0,1.020453611111111,LL
15,TIoqqZOTEp85Zs2JuwNZ1pg6qSRcLnnUZrYD21OK063g5Lr7ISoGr4fsuZstejVmn8moPz4uJhESZw,DIAMOND,CHN Hei,EUW,21,2026-08-02 01:27:10.923000+00:00,2026-08-02 02:48:32.551000+00:00,3,2,4.688888888888889,7.020620285864986,1,0.6666666666666666,1.3560077777777777,WLW
15,TIoqqZOTEp85Zs2JuwNZ1pg6qSRcLnnUZrYD21OK063g5Lr7ISoGr4fsuZstejVmn8moPz4uJhESZw,DIAMOND,CHN Hei,EUW,22,2026-08-02 04:12:24.111000+00:00,2026-08-02 05:14:46.120000002+00:00,2,1,4.607142857142857,6.236444551012003,1,0.5,1.039446944445,LW
15,TIoqqZOTEp85Zs2JuwNZ1pg6qSRcLnnUZrYD21OK063g5Lr7ISoGr4fsuZstejVmn8moPz4uJhESZw,DIAMOND,CHN Hei,EUW,23,2026-08-03 04:18:14.268000+00:00,2026-08-03 05:30:52.519000+00:00,2,1,3.2777777777777777,7.657151219778921,1,0.5,1.2106252777777777,LW
16,i-gZg-9eWliHmRlDBwRFaSTaadF9QioIijrxwDztpHT9b9Mj3lbSeicKXpLogb404cH9emwx1WPtTw,DIAMOND,Prostats,LECHE,1,2026-02-23 12:13:11.914000+00:00,2026-02-23 14:46:27.111000+00:00,4,1,2.442857142857143,6.748856739671072,3,0.25,2.5542213888888887,WLLL
16,i-gZg-9eWliHmRlDBwRFaSTaadF9QioIijrxwDztpHT9b9Mj3lbSeicKXpLogb404cH9emwx1WPtTw,DIAMOND,Prostats,LECHE,2,2026-02-26 11:43:34.494000+00:00,2026-02-26 12:15:52.494000+00:00,1,0,1.5,6.130030959752323,1,0.0,0.5383333333333333,L
16,i-gZg-9eWliHmRlDBwRFaSTaadF9QioIijrxwDztpHT9b9Mj3lbSeicKXpLogb404cH9emwx1WPtTw,DIAMOND,Prostats,LECHE,3,2026-02-26 15:29:20.830000+00:00,2026-02-26 15:45:50.830000+00:00,1,0,0.0,8.121212121212121,1,0.0,0.275,L
16,i-gZg-9eWliHmRlDBwRFaSTaadF9QioIijrxwDztpHT9b9Mj3lbSeicKXpLogb404cH9emwx1WPtTw,DIAMOND,Prostats,LECHE,4,2026-03-05 11:53:13.886000+00:00,2026-03-05 12:23:01.886000+00:00,1,0,4.0,8.590604026845638,1,0.0,0.49666666666666665,L
16,i-gZg-9eWliHmRlDBwRFaSTaadF9QioIijrxwDztpHT9b9Mj3lbSeicKXpLogb404cH9emwx1WPtTw,DIAMOND,Prostats,LECHE,5,2026-03-05 14:48:42.242000+00:00,2026-03-05 15:08:33.242000+00:00,1,0,0.6666666666666666,5.44080604534005,1,0.0,0.3308333333333333,L
16,i-gZg-9eWliHmRlDBwRFaSTaadF9QioIijrxwDztpHT9b9Mj3lbSeicKXpLogb404cH9emwx1WPtTw,DIAMOND,Prostats,LECHE,6,2026-03-06 07:46:52.455000+00:00,2026-03-06 11:22:39.350000002+00:00,6,3,2.3546296296296294,6.714376893357055,3,0.5,3.5963597222227777,WLWLWL
16,i-gZg-9eWliHmRlDBwRFaSTaadF9QioIijrxwDztpHT9b9Mj3lbSeicKXpLogb404cH9emwx1WPtTw,DIAMOND,Prostats,LECHE,7,2026-03-06 14:33:54.732000+00:00,2026-03-06 15:33:41.633999998+00:00,2,2,1.675,8.08949051477483,0,1.0,0.9963616666661111,WW
16,i-gZg-9eWliHmRlDBwRFaSTaadF9QioIijrxwDztpHT9b9Mj3lbSeicKXpLogb404cH9emwx1WPtTw,DIAMOND,Prostats,LECHE,8,2026-03-06 17:55:41.139000+00:00,2026-03-06 18:37:09.139000002+00:00,1,0,2.125,7.717041800643086,1,0.0,0.6911111111116667,L
16,i-gZg-9eWliHmRlDBwRFaSTaadF9QioIijrxwDztpHT9b9Mj3lbSeicKXpLogb404cH9emwx1WPtTw,DIAMOND,Prostats,LECHE,9,2026-03-07 12:26:46.781000+00:00,2026-03-07 14:58:04.108000+00:00,4,2,2.520833333333333,7.876940291370129,2,0.5,2.521479722222222,WLWL
16,i-gZg-9eWliHmRlDBwRFaSTaadF9QioIijrxwDztpHT9b9Mj3lbSeicKXpLogb404cH9emwx1WPtTw,DIAMOND,Prostats,LECHE,10,2026-03-07 17:08:02.571000+00:00,2026-03-07 19:39:01.558000+00:00,3,2,2.2083333333333335,7.57770796287831,1,0.6666666666666666,2.5163852777777778,WWL
16,i-gZg-9eWliHmRlDBwRFaSTaadF9QioIijrxwDztpHT9b9Mj3lbSeicKXpLogb404cH9emwx1WPtTw,DIAMOND,Prostats,LECHE,11,2026-03-08 08:28:09.629000+00:00,2026-03-08 10:05:48.060999998+00:00,3,2,3.071428571428571,7.516793244142463,1,0.6666666666666666,1.6273422222216667,WLW
16,i-gZg-9eWliHmRlDBwRFaSTaadF9QioIijrxwDztpHT9b9Mj3lbSeicKXpLogb404cH9emwx1WPtTw,DIAMOND,Prostats,LECHE,12,2026-03-08 13:59:59.330000+00:00,2026-03-08 14:58:04.967000+00:00,2,2,3.4166666666666665,7.650308159815104,0,1.0,0.9682325,WW
16,i-gZg-9eWliHmRlDBwRFaSTaadF9QioIijrxwDztpHT9b9Mj3lbSeicKXpLogb404cH9emwx1WPtTw,DIAMOND,Prostats,LECHE,13,2026-03-09 07:10:12.900000+00:00,2026-03-09 10:49:34.607000002+00:00,5,3,7.547619047619048,7.880663680591285,2,0.6,3.656029722222778,LWWLW
16,i-gZg-9eWliHmRlDBwRFaSTaadF9QioIijrxwDztpHT9b9Mj3lbSeicKXpLogb404cH9emwx1WPtTw,DIAMOND,Prostats,LECHE,14,2026-03-09 11:53:36.537000+00:00,2026-03-09 12:27:06.537000+00:00,1,1,5.0,7.164179104477612,0,1.0,0.5583333333333333,W
16,i-gZg-9eWliHmRlDBwRFaSTaadF9QioIijrxwDztpHT9b9Mj3lbSeicKXpLogb404cH9emwx1WPtTw,DIAMOND,Prostats,LECHE,15,2026-03-10 14:49:01.107000+00:00,2026-03-10 15:10:57.106999998+00:00,1,1,4.5,8.571428571428571,0,1.0,0.365555555555,W
16,i-gZg-9eWliHmRlDBwRFaSTaadF9QioIijrxwDztpHT9b9Mj3lbSeicKXpLogb404cH9emwx1WPtTw,DIAMOND,Prostats,LECHE,16,2026-03-20 14:45:56.704000+00:00,2026-03-20 15:01:12.704000002+00:00,1,0,0.0,8.318777292576419,1,0.0,0.254444444445,L
16,i-gZg-9eWliHmRlDBwRFaSTaadF9QioIijrxwDztpHT9b9Mj3lbSeicKXpLogb404cH9emwx1WPtTw,DIAMOND,Prostats,LECHE,17,2026-03-31 12:59:33.121000+00:00,2026-03-31 14:09:02.777000002+00:00,2,2,2.0818181818181816,7.734424491427081,0,1.0,1.1582377777783333,WW
16,i-gZg-9eWliHmRlDBwRFaSTaadF9QioIijrxwDztpHT9b9Mj3lbSeicKXpLogb404cH9emwx1WPtTw,DIAMOND,Prostats,LECHE,18,2026-04-01 09:04:17.790000+00:00,2026-04-01 09:54:31.918999998+00:00,2,1,3.75,7.196903096903096,1,0.5,0.837258055555,WL
16,i-gZg-9eWliHmRlDBwRFaSTaadF9QioIijrxwDztpHT9b9Mj3lbSeicKXpLogb404cH9emwx1WPtTw,DIAMOND,Prostats,LECHE,19,2026-04-01 11:04:19.304000+00:00,2026-04-01 14:09:31.276000+00:00,4,3,3.064285714285714,7.19803425885406,1,0.75,3.0866588888888886,WWLW
16,i-gZg-9eWliHmRlDBwRFaSTaadF9QioIijrxwDztpHT9b9Mj3lbSeicKXpLogb404cH9emwx1WPtTw,DIAMOND,Prostats,LECHE,20,2026-04-02 06:34:04.497000+00:00,2026-04-02 07:59:13.920000+00:00,2,0,1.7598039215686274,8.389513951642213,2,0.0,1.4192841666666667,LL
16,i-gZg-9eWliHmRlDBwRFaSTaadF9QioIijrxwDztpHT9b9Mj3lbSeicKXpLogb404cH9emwx1WPtTw,DIAMOND,Prostats,LECHE,21,2026-04-02 09:08:37.634000+00:00,2026-04-02 09:49:05.634000002+00:00,1,1,2.1818181818181817,5.7084019769357495,0,1.0,0.674444444445,W
16,i-gZg-9eWliHmRlDBwRFaSTaadF9QioIijrxwDztpHT9b9Mj3lbSeicKXpLogb404cH9emwx1WPtTw,DIAMOND,Prostats,LECHE,22,2026-04-03 05:58:34.291000+00:00,2026-04-03 07:03:11.806000+00:00,2,0,1.5,5.987289432465358,2,0.0,1.0770875,LL
16,i-gZg-9eWliHmRlDBwRFaSTaadF9QioIijrxwDztpHT9b9Mj3lbSeicKXpLogb404cH9emwx1WPtTw,DIAMOND,Prostats,LECHE,23,2026-04-03 08:05:22.603000+00:00,2026-04-03 08:34:09.602999998+00:00,1,0,1.0,6.670526925303995,1,0.0,0.47972222222166666,L
16,i-gZg-9eWliHmRlDBwRFaSTaadF9QioIijrxwDztpHT9b9Mj3lbSeicKXpLogb404cH9emwx1WPtTw,DIAMOND,Prostats,LECHE,24,2026-04-13 13:38:18.803000+00:00,2026-04-13 14:05:09.803000+00:00,1,0,1.8571428571428568,7.970204841713221,1,0.0,0.4475,L
16,i-gZg-9eWliHmRlDBwRFaSTaadF9QioIijrxwDztpHT9b9Mj3lbSeicKXpLogb404cH9emwx1WPtTw,DIAMOND,Prostats,LECHE,25,2026-04-19 13:08:10.474000+00:00,2026-04-19 13:25:35.474000002+00:00,1,0,0.8,5.741626794258373,1,0.0,0.2902777777783333,L
16,i-gZg-9eWliHmRlDBwRFaSTaadF9QioIijrxwDztpHT9b9Mj3lbSeicKXpLogb404cH9emwx1WPtTw,DIAMOND,Prostats,LECHE,26,2026-06-20 14:14:01.979000+00:00,2026-06-20 14:46:13.979000+00:00,1,0,2.7142857142857144,9.19254658385093,1,0.0,0.5366666666666666,L
16,i-gZg-9eWliHmRlDBwRFaSTaadF9QioIijrxwDztpHT9b9Mj3lbSeicKXpLogb404cH9emwx1WPtTw,DIAMOND,Prostats,LECHE,27,2026-06-22 11:44:05.821000+00:00,2026-06-22 13:08:47.393000002+00:00,2,2,4.151515151515151,7.548709664619043,0,1.0,1.4115477777783334,WW
16,i-gZg-9eWliHmRlDBwRFaSTaadF9QioIijrxwDztpHT9b9Mj3lbSeicKXpLogb404cH9emwx1WPtTw,DIAMOND,Prostats,LECHE,28,2026-06-24 18:26:00.552000+00:00,2026-06-24 18:27:12.552000+00:00,1,0,0.0,1.6666666666666667,1,0.0,0.02,L
16,i-gZg-9eWliHmRlDBwRFaSTaadF9QioIijrxwDztpHT9b9Mj3lbSeicKXpLogb404cH9emwx1WPtTw,DIAMOND,Prostats,LECHE,29,2026-06-25 09:45:00.186000+00:00,2026-06-25 10:13:05.185999998+00:00,1,0,1.1666666666666667,8.332344213649852,1,0.0,0.468055555555,L
16,i-gZg-9eWliHmRlDBwRFaSTaadF9QioIijrxwDztpHT9b9Mj3lbSeicKXpLogb404cH9emwx1WPtTw,DIAMOND,Prostats,LECHE,30,2026-06-25 13:54:29.987000+00:00,2026-06-25 14:32:09.987000002+00:00,1,1,1.1333333333333333,4.646017699115045,0,1.0,0.6277777777783333,W
16,i-gZg-9eWliHmRlDBwRFaSTaadF9QioIijrxwDztpHT9b9Mj3lbSeicKXpLogb404cH9emwx1WPtTw,DIAMOND,Prostats,LECHE,31,2026-06-26 12:26:57.172000+00:00,2026-06-26 14:15:52.070000002+00:00,3,1,1.5296296296296295,2.6095743604394586,2,0.3333333333333333,1.815249444445,WLL
16,i-gZg-9eWliHmRlDBwRFaSTaadF9QioIijrxwDztpHT9b9Mj3lbSeicKXpLogb404cH9emwx1WPtTw,DIAMOND,Prostats,LECHE,32,2026-06-29 13:25:16.616000+00:00,2026-06-29 14:57:38.033999998+00:00,3,0,1.0606060606060608,5.341435168986584,3,0.0,1.5392827777772222,LLL
16,i-gZg-9eWliHmRlDBwRFaSTaadF9QioIijrxwDztpHT9b9Mj3lbSeicKXpLogb404cH9emwx1WPtTw,DIAMOND,Prostats,LECHE,33,2026-07-04 09:05:17.796000+00:00,2026-07-04 09:35:56.796000+00:00,1,1,3.5,5.8727569331158245,0,1.0,0.5108333333333334,W
16,i-gZg-9eWliHmRlDBwRFaSTaadF9QioIijrxwDztpHT9b9Mj3lbSeicKXpLogb404cH9emwx1WPtTw,DIAMOND,Prostats,LECHE,34,2026-07-06 08:28:33.429000+00:00,2026-07-06 08:47:57.429000+00:00,1,0,0.8333333333333334,6.958762886597938,1,0.0,0.3233333333333333,L
16,i-gZg-9eWliHmRlDBwRFaSTaadF9QioIijrxwDztpHT9b9Mj3lbSeicKXpLogb404cH9emwx1WPtTw,DIAMOND,Prostats,LECHE,35,2026-07-11 07:33:37.712000+00:00,2026-07-11 07:48:58.712000+00:00,1,0,1.5,8.143322475570033,1,0.0,0.25583333333333336,L
16,i-gZg-9eWliHmRlDBwRFaSTaadF9QioIijrxwDztpHT9b9Mj3lbSeicKXpLogb404cH9emwx1WPtTw,DIAMOND,Prostats,LECHE,36,2026-07-13 21:02:09.134000+00:00,2026-07-13 21:29:53.133999998+00:00,1,1,4.6,6.418269230769231,0,1.0,0.46222222222166665,W
16,i-gZg-9eWliHmRlDBwRFaSTaadF9QioIijrxwDztpHT9b9Mj3lbSeicKXpLogb404cH9emwx1WPtTw,DIAMOND,Prostats,LECHE,37,2026-07-14 13:34:33.434000+00:00,2026-07-14 14:06:03.434000+00:00,1,1,2.2857142857142856,7.333333333333333,0,1.0,0.525,W
16,i-gZg-9eWliHmRlDBwRFaSTaadF9QioIijrxwDztpHT9b9Mj3lbSeicKXpLogb404cH9emwx1WPtTw,DIAMOND,Prostats,LECHE,38,2026-07-15 15:23:35.146000+00:00,2026-07-15 15:39:41.146000+00:00,1,0,0.8,6.211180124223602,1,0.0,0.2683333333333333,L
16,i-gZg-9eWliHmRlDBwRFaSTaadF9QioIijrxwDztpHT9b9Mj3lbSeicKXpLogb404cH9emwx1WPtTw,DIAMOND,Prostats,LECHE,39,2026-07-17 12:53:56.791000+00:00,2026-07-17 14:06:50.627000002+00:00,2,1,3.4285714285714284,6.19259175615973,1,0.5,1.214954444445,WL
16,i-gZg-9eWliHmRlDBwRFaSTaadF9QioIijrxwDztpHT9b9Mj3lbSeicKXpLogb404cH9emwx1WPtTw,DIAMOND,Prostats,LECHE,40,2026-07-21 11:37:17.778000+00:00,2026-07-21 12:51:48.753000002+00:00,2,1,1.840277777777778,7.522785933584419,1,0.5,1.2419375000005557,LW
16,i-gZg-9eWliHmRlDBwRFaSTaadF9QioIijrxwDztpHT9b9Mj3lbSeicKXpLogb404cH9emwx1WPtTw,DIAMOND,Prostats,LECHE,41,2026-07-22 08:29:32.009000+00:00,2026-07-22 10:40:46.272000002+00:00,3,2,2.3722222222222222,7.930577982098619,1,0.6666666666666666,2.1872952777783334,WWL
16,i-gZg-9eWliHmRlDBwRFaSTaadF9QioIijrxwDztpHT9b9Mj3lbSeicKXpLogb404cH9emwx1WPtTw,DIAMOND,Prostats,LECHE,42,2026-07-23 09:07:30.949000+00:00,2026-07-23 09:38:28.949000002+00:00,1,1,6.0,8.105489773950485,0,1.0,0.5161111111116666,W
16,i-gZg-9eWliHmRlDBwRFaSTaadF9QioIijrxwDztpHT9b9Mj3lbSeicKXpLogb404cH9emwx1WPtTw,DIAMOND,Prostats,LECHE,43,2026-07-23 11:56:11.291000+00:00,2026-07-23 13:02:52.433000+00:00,2,2,3.4375,6.9946434425796085,0,1.0,1.1114283333333332,WW
16,i-gZg-9eWliHmRlDBwRFaSTaadF9QioIijrxwDztpHT9b9Mj3lbSeicKXpLogb404cH9emwx1WPtTw,DIAMOND,Prostats,LECHE,44,2026-07-24 09:17:14.343000+00:00,2026-07-24 10:21:58.210000002+00:00,2,0,0.8,6.462504605285193,2,0.0,1.078851944445,LL
16,i-gZg-9eWliHmRlDBwRFaSTaadF9QioIijrxwDztpHT9b9Mj3lbSeicKXpLogb404cH9emwx1WPtTw,DIAMOND,Prostats,LECHE,45,2026-07-27 07:18:14.129000+00:00,2026-07-27 07:40:26.129000+00:00,1,1,1.3333333333333333,7.612612612612613,0,1.0,0.37,W
16,i-gZg-9eWliHmRlDBwRFaSTaadF9QioIijrxwDztpHT9b9Mj3lbSeicKXpLogb404cH9emwx1WPtTw,DIAMOND,Prostats,LECHE,46,2026-07-28 06:41:42.861000+00:00,2026-07-28 08:52:14.345999998+00:00,4,1,2.1805555555555554,7.505347920037509,3,0.25,2.175412499999444,LWLL
16,i-gZg-9eWliHmRlDBwRFaSTaadF9QioIijrxwDztpHT9b9Mj3lbSeicKXpLogb404cH9emwx1WPtTw,DIAMOND,Prostats,LECHE,47,2026-07-30 09:17:40.645000+00:00,2026-07-30 09:52:48.644999998+00:00,1,1,0.5,7.770398481973435,0,1.0,0.585555555555,W
16,i-gZg-9eWliHmRlDBwRFaSTaadF9QioIijrxwDztpHT9b9Mj3lbSeicKXpLogb404cH9emwx1WPtTw,DIAMOND,Prostats,LECHE,48,2026-08-01 17:50:59.547000+00:00,2026-08-01 20:11:07.297999998+00:00,4,2,1.6636904761904763,6.3669102125829315,2,0.5,2.335486388888333,LLWW
16,i-gZg-9eWliHmRlDBwRFaSTaadF9QioIijrxwDztpHT9b9Mj3lbSeicKXpLogb404cH9emwx1WPtTw,DIAMOND,Prostats,LECHE,49,2026-08-02 08:32:31.228000+00:00,2026-08-02 08:59:16.228000+00:00,1,1,7.0,8.598130841121495,0,1.0,0.44583333333333336,W
16,i-gZg-9eWliHmRlDBwRFaSTaadF9QioIijrxwDztpHT9b9Mj3lbSeicKXpLogb404cH9emwx1WPtTw,DIAMOND,Prostats,LECHE,50,2026-08-03 19:12:46.103000+00:00,2026-08-03 19:41:25.103000+00:00,1,1,2.8,7.469458987783596,0,1.0,0.4775,W
16,i-gZg-9eWliHmRlDBwRFaSTaadF9QioIijrxwDztpHT9b9Mj3lbSeicKXpLogb404cH9emwx1WPtTw,DIAMOND,Prostats,LECHE,51,2026-08-06 13:09:09.380000+00:00,2026-08-06 13:36:47.379999998+00:00,1,1,10.5,7.81664656212304,0,1.0,0.460555555555,W
16,i-gZg-9eWliHmRlDBwRFaSTaadF9QioIijrxwDztpHT9b9Mj3lbSeicKXpLogb404cH9emwx1WPtTw,DIAMOND,Prostats,LECHE,52,2026-08-07 09:15:48.789000+00:00,2026-08-07 09:49:58.789000002+00:00,1,1,4.0,7.726829268292684,0,1.0,0.569444444445,W
16,i-gZg-9eWliHmRlDBwRFaSTaadF9QioIijrxwDztpHT9b9Mj3lbSeicKXpLogb404cH9emwx1WPtTw,DIAMOND,Prostats,LECHE,53,2026-08-11 08:04:28.530000+00:00,2026-08-11 09:11:39.188000+00:00,2,1,2.916666666666667,7.652430230042547,1,0.5,1.119627222222222,WL
16,i-gZg-9eWliHmRlDBwRFaSTaadF9QioIijrxwDztpHT9b9Mj3lbSeicKXpLogb404cH9emwx1WPtTw,DIAMOND,Prostats,LECHE,54,2026-08-12 07:53:07.835000+00:00,2026-08-12 07:56:46.835000+00:00,1,0,0.0,1.095890410958904,1,0.0,0.060833333333333336,L
17,5Yadqb7nwcviEzAqpBBeiVoXBwXj5z5pO12cV5yYhnKiIDoudPFslG-AyP4L2qS-Zg6gN19cIKnA-A,DIAMOND,just observing,9999,1,2024-12-08 10:06:04.507000+00:00,2024-12-08 12:54:41.792999998+00:00,5,4,4.109999999999999,7.388874931283921,1,0.8,2.8103572222216666,WLWWW
17,5Yadqb7nwcviEzAqpBBeiVoXBwXj5z5pO12cV5yYhnKiIDoudPFslG-AyP4L2qS-Zg6gN19cIKnA-A,DIAMOND,just observing,9999,2,2024-12-14 10:03:50.562000+00:00,2024-12-14 11:59:25.368999998+00:00,3,1,2.611111111111111,7.77231468709581,2,0.3333333333333333,1.9263352777772222,LWL
17,5Yadqb7nwcviEzAqpBBeiVoXBwXj5z5pO12cV5yYhnKiIDoudPFslG-AyP4L2qS-Zg6gN19cIKnA-A,DIAMOND,just observing,9999,3,2024-12-15 10:12:24.936000+00:00,2024-12-15 11:12:55.487999998+00:00,2,1,3.1285714285714286,7.186284408587525,1,0.5,1.0084866666661112,WL
17,5Yadqb7nwcviEzAqpBBeiVoXBwXj5z5pO12cV5yYhnKiIDoudPFslG-AyP4L2qS-Zg6gN19cIKnA-A,DIAMOND,just observing,9999,4,2024-12-15 16:45:57.507000+00:00,2024-12-15 19:36:08.860000002+00:00,4,2,5.864583333333334,7.427092482344729,2,0.5,2.836486944445,LWLW
17,5Yadqb7nwcviEzAqpBBeiVoXBwXj5z5pO12cV5yYhnKiIDoudPFslG-AyP4L2qS-Zg6gN19cIKnA-A,DIAMOND,just observing,9999,5,2026-03-01 13:42:09.029000+00:00,2026-03-01 20:08:07.389999998+00:00,9,7,1.924242424242424,8.753754248860371,2,0.7777777777777778,6.432878055555,WLWWWWWWL
17,5Yadqb7nwcviEzAqpBBeiVoXBwXj5z5pO12cV5yYhnKiIDoudPFslG-AyP4L2qS-Zg6gN19cIKnA-A,DIAMOND,just observing,9999,6,2026-08-06 19:11:10.413000+00:00,2026-08-06 21:11:35.923999998+00:00,4,2,0.8630952380952381,7.311728973246003,2,0.5,2.0070863888883332,LWLW
17,5Yadqb7nwcviEzAqpBBeiVoXBwXj5z5pO12cV5yYhnKiIDoudPFslG-AyP4L2qS-Zg6gN19cIKnA-A,DIAMOND,just observing,9999,7,2026-08-07 21:12:09.580000+00:00,2026-08-07 23:27:52.349999998+00:00,5,3,5.358333333333333,6.361311642890497,2,0.6,2.261880555555,LWWWL
17,5Yadqb7nwcviEzAqpBBeiVoXBwXj5z5pO12cV5yYhnKiIDoudPFslG-AyP4L2qS-Zg6gN19cIKnA-A,DIAMOND,just observing,9999,8,2026-08-08 12:37:13.287000+00:00,2026-08-08 20:54:40.353000002+00:00,12,10,1.871784258626364,7.206614705889932,2,0.8333333333333334,8.290851666667223,WWWWWWLLWWWW
17,5Yadqb7nwcviEzAqpBBeiVoXBwXj5z5pO12cV5yYhnKiIDoudPFslG-AyP4L2qS-Zg6gN19cIKnA-A,DIAMOND,just observing,9999,9,2026-08-10 14:19:34.756000+00:00,2026-08-10 16:54:20.926999998+00:00,4,1,1.2814685314685315,8.911233106071144,3,0.25,2.579491944443889,LLLW
17,5Yadqb7nwcviEzAqpBBeiVoXBwXj5z5pO12cV5yYhnKiIDoudPFslG-AyP4L2qS-Zg6gN19cIKnA-A,DIAMOND,just observing,9999,10,2026-08-10 18:10:43.609000+00:00,2026-08-10 19:19:40.350000+00:00,2,1,1.6666666666666667,7.612140051330057,1,0.5,1.1490947222222223,WL
17,5Yadqb7nwcviEzAqpBBeiVoXBwXj5z5pO12cV5yYhnKiIDoudPFslG-AyP4L2qS-Zg6gN19cIKnA-A,DIAMOND,just observing,9999,11,2026-08-10 21:07:09.973000+00:00,2026-08-10 22:46:43.661000002+00:00,3,1,1.2727272727272727,7.843206518824325,2,0.3333333333333333,1.6593577777783333,LWL
17,5Yadqb7nwcviEzAqpBBeiVoXBwXj5z5pO12cV5yYhnKiIDoudPFslG-AyP4L2qS-Zg6gN19cIKnA-A,DIAMOND,just observing,9999,12,2026-08-11 13:01:05.224000+00:00,2026-08-11 14:26:06.699999998+00:00,3,2,3.803571428571429,8.788693216160816,1,0.6666666666666666,1.417076666666111,WLW
18,40uBTnF5b8w6XcX6NT7QlbXcSAzBaU7pCaYnsqf_VhL56vvy8wAeHvtYlsR7DrJvNYDUheP4y6y0qg,DIAMOND,firofr,ADR,1,2026-02-04 13:57:57.730000+00:00,2026-02-04 17:11:25.481000002+00:00,5,4,4.853571428571429,7.614321990563172,1,0.8,3.224375277778333,WWLWW
18,40uBTnF5b8w6XcX6NT7QlbXcSAzBaU7pCaYnsqf_VhL56vvy8wAeHvtYlsR7DrJvNYDUheP4y6y0qg,DIAMOND,firofr,ADR,2,2026-02-09 14:36:15.792000+00:00,2026-02-09 15:04:38.791999998+00:00,1,1,4.666666666666667,8.455666470933647,0,1.0,0.473055555555,W
18,40uBTnF5b8w6XcX6NT7QlbXcSAzBaU7pCaYnsqf_VhL56vvy8wAeHvtYlsR7DrJvNYDUheP4y6y0qg,DIAMOND,firofr,ADR,3,2026-02-10 15:12:39.951000+00:00,2026-02-10 16:34:52.749000+00:00,3,1,1.2055555555555555,7.2395640053703225,2,0.3333333333333333,1.3702216666666667,LWL
18,40uBTnF5b8w6XcX6NT7QlbXcSAzBaU7pCaYnsqf_VhL56vvy8wAeHvtYlsR7DrJvNYDUheP4y6y0qg,DIAMOND,firofr,ADR,4,2026-02-17 12:25:10.970000+00:00,2026-02-17 14:17:18.501000+00:00,3,1,2.4722222222222223,7.129772587664152,2,0.3333333333333333,1.8687586111111112,LLW
18,40uBTnF5b8w6XcX6NT7QlbXcSAzBaU7pCaYnsqf_VhL56vvy8wAeHvtYlsR7DrJvNYDUheP4y6y0qg,DIAMOND,firofr,ADR,5,2026-02-19 16:32:14.393000+00:00,2026-02-19 18:16:24.984999998+00:00,3,1,3.5142857142857142,8.278069472040185,2,0.3333333333333333,1.736275555555,LWL
18,40uBTnF5b8w6XcX6NT7QlbXcSAzBaU7pCaYnsqf_VhL56vvy8wAeHvtYlsR7DrJvNYDUheP4y6y0qg,DIAMOND,firofr,ADR,6,2026-02-19 21:00:47.965000+00:00,2026-02-19 22:08:56.589999998+00:00,2,2,4.75,7.6130682093984845,0,1.0,1.1357291666661111,WW
18,40uBTnF5b8w6XcX6NT7QlbXcSAzBaU7pCaYnsqf_VhL56vvy8wAeHvtYlsR7DrJvNYDUheP4y6y0qg,DIAMOND,firofr,ADR,7,2026-02-20 15:08:56.733000+00:00,2026-02-20 15:37:53.733000+00:00,1,0,4.0,7.530224525043178,1,0.0,0.4825,L
18,40uBTnF5b8w6XcX6NT7QlbXcSAzBaU7pCaYnsqf_VhL56vvy8wAeHvtYlsR7DrJvNYDUheP4y6y0qg,DIAMOND,firofr,ADR,8,2026-02-22 22:54:25.045000+00:00,2026-02-23 00:18:04.892000+00:00,2,2,6.333333333333333,8.108235715993308,0,1.0,1.3944019444444444,WW
18,40uBTnF5b8w6XcX6NT7QlbXcSAzBaU7pCaYnsqf_VhL56vvy8wAeHvtYlsR7DrJvNYDUheP4y6y0qg,DIAMOND,firofr,ADR,9,2026-02-23 23:47:48.458000+00:00,2026-02-24 01:53:42.526999997+00:00,3,0,2.464646464646465,6.111857680389324,3,0.0,2.0983524999991667,LLL
18,40uBTnF5b8w6XcX6NT7QlbXcSAzBaU7pCaYnsqf_VhL56vvy8wAeHvtYlsR7DrJvNYDUheP4y6y0qg,DIAMOND,firofr,ADR,10,2026-03-02 16:36:37.511000+00:00,2026-03-02 18:24:15.083000002+00:00,3,1,3.5416666666666665,7.39239708681103,2,0.3333333333333333,1.7937700000005556,LLW
18,40uBTnF5b8w6XcX6NT7QlbXcSAzBaU7pCaYnsqf_VhL56vvy8wAeHvtYlsR7DrJvNYDUheP4y6y0qg,DIAMOND,firofr,ADR,11,2026-03-05 17:46:53.801000+00:00,2026-03-05 18:26:01.800999998+00:00,1,1,3.125,6.695059625212947,0,1.0,0.6522222222216667,W
18,40uBTnF5b8w6XcX6NT7QlbXcSAzBaU7pCaYnsqf_VhL56vvy8wAeHvtYlsR7DrJvNYDUheP4y6y0qg,DIAMOND,firofr,ADR,12,2026-03-06 23:11:09.547000+00:00,2026-03-07 00:09:17.116999998+00:00,2,0,0.6125,8.671162269653639,2,0.0,0.9687694444438889,LL
18,40uBTnF5b8w6XcX6NT7QlbXcSAzBaU7pCaYnsqf_VhL56vvy8wAeHvtYlsR7DrJvNYDUheP4y6y0qg,DIAMOND,firofr,ADR,13,2026-03-12 13:42:50.692000+00:00,2026-03-12 14:53:22.989999998+00:00,2,0,1.157142857142857,6.715569181530837,2,0.0,1.1756383333327778,LL
18,40uBTnF5b8w6XcX6NT7QlbXcSAzBaU7pCaYnsqf_VhL56vvy8wAeHvtYlsR7DrJvNYDUheP4y6y0qg,DIAMOND,firofr,ADR,14,2026-03-16 11:55:58.707000+00:00,2026-03-16 13:09:31.731000002+00:00,2,2,4.017857142857142,8.365558605511687,0,1.0,1.2258400000005556,WW
18,40uBTnF5b8w6XcX6NT7QlbXcSAzBaU7pCaYnsqf_VhL56vvy8wAeHvtYlsR7DrJvNYDUheP4y6y0qg,DIAMOND,firofr,ADR,15,2026-03-19 14:37:52.554000+00:00,2026-03-19 16:46:07.141000002+00:00,4,2,2.3435897435897437,5.994406169826638,2,0.5,2.1373852777783333,WWLL
18,40uBTnF5b8w6XcX6NT7QlbXcSAzBaU7pCaYnsqf_VhL56vvy8wAeHvtYlsR7DrJvNYDUheP4y6y0qg,DIAMOND,firofr,ADR,16,2026-03-24 14:33:13.877000+00:00,2026-03-24 17:47:19.647999998+00:00,4,3,3.0863636363636364,6.378861967246404,1,0.75,3.2349363888883333,LWWW
18,40uBTnF5b8w6XcX6NT7QlbXcSAzBaU7pCaYnsqf_VhL56vvy8wAeHvtYlsR7DrJvNYDUheP4y6y0qg,DIAMOND,firofr,ADR,17,2026-03-25 16:10:08.564000+00:00,2026-03-25 17:41:51.566000+00:00,2,1,2.3333333333333335,5.1817174416744205,1,0.5,1.5286116666666667,WL
18,40uBTnF5b8w6XcX6NT7QlbXcSAzBaU7pCaYnsqf_VhL56vvy8wAeHvtYlsR7DrJvNYDUheP4y6y0qg,DIAMOND,firofr,ADR,18,2026-03-26 22:22:09.931000+00:00,2026-03-26 23:14:45.398000002+00:00,2,2,9.583333333333334,7.2737608053397524,0,1.0,0.8765186111116667,WW
18,40uBTnF5b8w6XcX6NT7QlbXcSAzBaU7pCaYnsqf_VhL56vvy8wAeHvtYlsR7DrJvNYDUheP4y6y0qg,DIAMOND,firofr,ADR,19,2026-03-29 19:45:13.235000+00:00,2026-03-29 23:33:23.447000002+00:00,6,3,3.986111111111111,6.740259719023482,3,0.5,3.8028366666672224,WLLWLW
18,40uBTnF5b8w6XcX6NT7QlbXcSAzBaU7pCaYnsqf_VhL56vvy8wAeHvtYlsR7DrJvNYDUheP4y6y0qg,DIAMOND,firofr,ADR,20,2026-04-01 16:44:16.181000+00:00,2026-04-01 17:18:11.181000002+00:00,1,0,2.4285714285714284,7.223587223587224,1,0.0,0.5652777777783333,L
18,40uBTnF5b8w6XcX6NT7QlbXcSAzBaU7pCaYnsqf_VhL56vvy8wAeHvtYlsR7DrJvNYDUheP4y6y0qg,DIAMOND,firofr,ADR,21,2026-04-02 13:57:55.243000+00:00,2026-04-02 14:24:31.243000+00:00,1,0,6.333333333333333,0.7142857142857143,1,0.0,0.44333333333333336,L
18,40uBTnF5b8w6XcX6NT7QlbXcSAzBaU7pCaYnsqf_VhL56vvy8wAeHvtYlsR7DrJvNYDUheP4y6y0qg,DIAMOND,firofr,ADR,22,2026-04-02 18:50:06.925000+00:00,2026-04-02 20:35:57.007999998+00:00,2,1,3.0,4.232964054634615,1,0.5,1.7639119444438889,WL
18,40uBTnF5b8w6XcX6NT7QlbXcSAzBaU7pCaYnsqf_VhL56vvy8wAeHvtYlsR7DrJvNYDUheP4y6y0qg,DIAMOND,firofr,ADR,23,2026-04-03 14:44:01.673000+00:00,2026-04-03 16:19:05.366000002+00:00,3,2,6.261904761904762,8.749893170674506,1,0.6666666666666666,1.5843591666672223,LWW
18,40uBTnF5b8w6XcX6NT7QlbXcSAzBaU7pCaYnsqf_VhL56vvy8wAeHvtYlsR7DrJvNYDUheP4y6y0qg,DIAMOND,firofr,ADR,24,2026-04-03 18:34:41.858000+00:00,2026-04-03 20:54:41.292999998+00:00,4,1,1.7376984126984127,6.836286800505178,3,0.25,2.3331763888883335,LWLL
18,40uBTnF5b8w6XcX6NT7QlbXcSAzBaU7pCaYnsqf_VhL56vvy8wAeHvtYlsR7DrJvNYDUheP4y6y0qg,DIAMOND,firofr,ADR,25,2026-04-29 22:24:11.695000+00:00,2026-04-29 22:55:23.695000+00:00,1,1,3.0,6.634615384615385,0,1.0,0.52,W
18,40uBTnF5b8w6XcX6NT7QlbXcSAzBaU7pCaYnsqf_VhL56vvy8wAeHvtYlsR7DrJvNYDUheP4y6y0qg,DIAMOND,firofr,ADR,26,2026-05-07 23:02:45.611000+00:00,2026-05-08 00:10:24.102000+00:00,2,2,3.6071428571428568,4.543883995581863,0,1.0,1.1273586111111111,WW
18,40uBTnF5b8w6XcX6NT7QlbXcSAzBaU7pCaYnsqf_VhL56vvy8wAeHvtYlsR7DrJvNYDUheP4y6y0qg,DIAMOND,firofr,ADR,27,2026-05-10 11:45:37.409000+00:00,2026-05-10 14:02:24.629000+00:00,4,3,1.7173611111111111,7.745574819861565,1,0.75,2.279783333333333,WLWW
18,40uBTnF5b8w6XcX6NT7QlbXcSAzBaU7pCaYnsqf_VhL56vvy8wAeHvtYlsR7DrJvNYDUheP4y6y0qg,DIAMOND,firofr,ADR,28,2026-05-14 12:01:40.418000+00:00,2026-05-14 13:20:20.514000002+00:00,2,1,2.0555555555555554,6.962788845181972,1,0.5,1.3111377777783335,WL
18,40uBTnF5b8w6XcX6NT7QlbXcSAzBaU7pCaYnsqf_VhL56vvy8wAeHvtYlsR7DrJvNYDUheP4y6y0qg,DIAMOND,firofr,ADR,29,2026-05-15 12:05:56.444000+00:00,2026-05-15 13:15:20.148000+00:00,2,1,1.5054945054945055,6.072409295588586,1,0.5,1.1565844444444444,WL
18,40uBTnF5b8w6XcX6NT7QlbXcSAzBaU7pCaYnsqf_VhL56vvy8wAeHvtYlsR7DrJvNYDUheP4y6y0qg,DIAMOND,firofr,ADR,30,2026-05-21 20:43:49.300000+00:00,2026-05-21 22:18:45.787000+00:00,3,1,1.9444444444444444,5.136152298363808,2,0.3333333333333333,1.5823575,LWL
18,40uBTnF5b8w6XcX6NT7QlbXcSAzBaU7pCaYnsqf_VhL56vvy8wAeHvtYlsR7DrJvNYDUheP4y6y0qg,DIAMOND,firofr,ADR,31,2026-05-27 12:24:55.011000+00:00,2026-05-27 12:55:21.010999998+00:00,1,0,1.25,7.097480832420591,1,0.0,0.5072222222216667,L
18,40uBTnF5b8w6XcX6NT7QlbXcSAzBaU7pCaYnsqf_VhL56vvy8wAeHvtYlsR7DrJvNYDUheP4y6y0qg,DIAMOND,firofr,ADR,32,2026-05-28 11:40:03.513000+00:00,2026-05-28 13:03:08.993999998+00:00,3,1,2.303703703703704,7.110179631616346,2,0.3333333333333333,1.3848558333327776,LWL
18,40uBTnF5b8w6XcX6NT7QlbXcSAzBaU7pCaYnsqf_VhL56vvy8wAeHvtYlsR7DrJvNYDUheP4y6y0qg,DIAMOND,firofr,ADR,33,2026-06-23 09:04:31.877000+00:00,2026-06-23 10:21:19.552000002+00:00,3,2,1.1111111111111112,4.986193473807744,1,0.6666666666666666,1.2799097222227778,WWL
18,40uBTnF5b8w6XcX6NT7QlbXcSAzBaU7pCaYnsqf_VhL56vvy8wAeHvtYlsR7DrJvNYDUheP4y6y0qg,DIAMOND,firofr,ADR,34,2026-06-25 20:43:29.843000+00:00,2026-06-25 22:30:08.883999998+00:00,3,2,1.9742063492063489,7.543765819720075,1,0.6666666666666666,1.7775113888883334,LWW
18,40uBTnF5b8w6XcX6NT7QlbXcSAzBaU7pCaYnsqf_VhL56vvy8wAeHvtYlsR7DrJvNYDUheP4y6y0qg,DIAMOND,firofr,ADR,35,2026-06-26 15:34:47.883000+00:00,2026-06-26 16:00:29.883000+00:00,1,0,3.0,8.521400778210117,1,0.0,0.42833333333333334,L
18,40uBTnF5b8w6XcX6NT7QlbXcSAzBaU7pCaYnsqf_VhL56vvy8wAeHvtYlsR7DrJvNYDUheP4y6y0qg,DIAMOND,firofr,ADR,36,2026-07-03 12:29:48.423000+00:00,2026-07-03 13:31:15.007000002+00:00,2,2,4.266666666666667,8.294722179641836,0,1.0,1.0240511111116666,WW
18,40uBTnF5b8w6XcX6NT7QlbXcSAzBaU7pCaYnsqf_VhL56vvy8wAeHvtYlsR7DrJvNYDUheP4y6y0qg,DIAMOND,firofr,ADR,37,2026-07-15 22:14:16.772000+00:00,2026-07-15 22:39:34.772000+00:00,1,0,1.3,0.3557312252964427,1,0.0,0.4216666666666667,L
18,40uBTnF5b8w6XcX6NT7QlbXcSAzBaU7pCaYnsqf_VhL56vvy8wAeHvtYlsR7DrJvNYDUheP4y6y0qg,DIAMOND,firofr,ADR,38,2026-07-16 14:00:11.656000+00:00,2026-07-16 15:03:31.388999998+00:00,3,3,4.0,7.688460864100279,0,1.0,1.0554813888883334,WWW
18,40uBTnF5b8w6XcX6NT7QlbXcSAzBaU7pCaYnsqf_VhL56vvy8wAeHvtYlsR7DrJvNYDUheP4y6y0qg,DIAMOND,firofr,ADR,39,2026-07-27 16:11:24.008000+00:00,2026-07-27 17:15:27.028000002+00:00,2,0,1.3035714285714284,6.736067340500768,2,0.0,1.067505555556111,LL
18,40uBTnF5b8w6XcX6NT7QlbXcSAzBaU7pCaYnsqf_VhL56vvy8wAeHvtYlsR7DrJvNYDUheP4y6y0qg,DIAMOND,firofr,ADR,40,2026-08-11 11:44:05.805000+00:00,2026-08-11 13:10:20.671999998+00:00,3,1,1.5492063492063493,7.2200472350660085,2,0.3333333333333333,1.437463055555,WLL
18,40uBTnF5b8w6XcX6NT7QlbXcSAzBaU7pCaYnsqf_VhL56vvy8wAeHvtYlsR7DrJvNYDUheP4y6y0qg,DIAMOND,firofr,ADR,41,2026-08-24 14:36:10.565000+00:00,2026-08-24 15:34:32.370999998+00:00,2,0,0.7626262626262625,6.007905186262921,2,0.0,0.9727238888883334,LL
19,FtobQmgxVCR_jRkWPdtlxKzEhKRFEocFKMXBVI1q1xQpyZvuAG-fSBxBVF96UYb54wpUNJX6WV37Rg,DIAMOND,SeIah,EUW,1,2026-02-06 18:34:44.629000+00:00,2026-02-06 19:36:39.212999998+00:00,2,0,2.5428571428571427,7.670618284273639,2,0.0,1.0318288888883334,LL
19,FtobQmgxVCR_jRkWPdtlxKzEhKRFEocFKMXBVI1q1xQpyZvuAG-fSBxBVF96UYb54wpUNJX6WV37Rg,DIAMOND,SeIah,EUW,2,2026-02-21 22:53:02.390000+00:00,2026-02-22 01:18:42.887000+00:00,4,2,2.1145833333333335,8.142985408938301,2,0.5,2.427915833333333,WWLL
19,FtobQmgxVCR_jRkWPdtlxKzEhKRFEocFKMXBVI1q1xQpyZvuAG-fSBxBVF96UYb54wpUNJX6WV37Rg,DIAMOND,SeIah,EUW,3,2026-02-23 00:06:11.174000+00:00,2026-02-23 01:20:57.144000+00:00,2,0,1.6714285714285713,7.238977713178294,2,0.0,1.2461027777777778,LL
19,FtobQmgxVCR_jRkWPdtlxKzEhKRFEocFKMXBVI1q1xQpyZvuAG-fSBxBVF96UYb54wpUNJX6WV37Rg,DIAMOND,SeIah,EUW,4,2026-03-08 15:39:07.818000+00:00,2026-03-08 18:39:21.667000+00:00,5,3,4.55,8.789576638786091,2,0.6,3.0038469444444447,WLWLW
19,FtobQmgxVCR_jRkWPdtlxKzEhKRFEocFKMXBVI1q1xQpyZvuAG-fSBxBVF96UYb54wpUNJX6WV37Rg,DIAMOND,SeIah,EUW,5,2026-03-08 20:22:28.307000+00:00,2026-03-08 21:40:00.611000002+00:00,2,0,7.386363636363637,8.278491795787028,2,0.0,1.2923066666672223,LL
19,FtobQmgxVCR_jRkWPdtlxKzEhKRFEocFKMXBVI1q1xQpyZvuAG-fSBxBVF96UYb54wpUNJX6WV37Rg,DIAMOND,SeIah,EUW,6,2026-03-10 17:13:23.029000+00:00,2026-03-10 17:41:32.029000+00:00,1,0,0.5714285714285714,8.206039076376555,1,0.0,0.4691666666666667,L
19,FtobQmgxVCR_jRkWPdtlxKzEhKRFEocFKMXBVI1q1xQpyZvuAG-fSBxBVF96UYb54wpUNJX6WV37Rg,DIAMOND,SeIah,EUW,7,2026-03-15 00:01:58.686000+00:00,2026-03-15 01:29:26.356000002+00:00,4,2,6.326388888888889,7.643245880374463,2,0.5,1.4576861111116666,WLWL
19,FtobQmgxVCR_jRkWPdtlxKzEhKRFEocFKMXBVI1q1xQpyZvuAG-fSBxBVF96UYb54wpUNJX6WV37Rg,DIAMOND,SeIah,EUW,8,2026-03-16 23:47:24.235000+00:00,2026-03-17 00:07:42.235000+00:00,1,0,1.8333333333333333,8.669950738916256,1,0.0,0.3383333333333333,L
19,FtobQmgxVCR_jRkWPdtlxKzEhKRFEocFKMXBVI1q1xQpyZvuAG-fSBxBVF96UYb54wpUNJX6WV37Rg,DIAMOND,SeIah,EUW,9,2026-03-20 17:53:48.129000+00:00,2026-03-20 19:35:02.145999998+00:00,3,2,4.185185185185185,7.374279492873854,1,0.6666666666666666,1.6872269444438888,LWW
19,FtobQmgxVCR_jRkWPdtlxKzEhKRFEocFKMXBVI1q1xQpyZvuAG-fSBxBVF96UYb54wpUNJX6WV37Rg,DIAMOND,SeIah,EUW,10,2026-03-20 22:50:26.292000+00:00,2026-03-21 01:19:05.407000002+00:00,5,2,1.7233333333333334,7.8931213203725985,3,0.4,2.4775319444450004,LWWLL
19,FtobQmgxVCR_jRkWPdtlxKzEhKRFEocFKMXBVI1q1xQpyZvuAG-fSBxBVF96UYb54wpUNJX6WV37Rg,DIAMOND,SeIah,EUW,11,2026-04-09 15:03:20.093000+00:00,2026-04-09 16:53:51.470999998+00:00,3,1,2.414814814814815,7.166889539638892,2,0.3333333333333333,1.8420494444438889,WLL
19,FtobQmgxVCR_jRkWPdtlxKzEhKRFEocFKMXBVI1q1xQpyZvuAG-fSBxBVF96UYb54wpUNJX6WV37Rg,DIAMOND,SeIah,EUW,12,2026-05-02 22:58:11.120000+00:00,2026-05-03 00:20:16.572999997+00:00,2,2,3.5,8.359657807032791,0,1.0,1.3681813888880556,WW
19,FtobQmgxVCR_jRkWPdtlxKzEhKRFEocFKMXBVI1q1xQpyZvuAG-fSBxBVF96UYb54wpUNJX6WV37Rg,DIAMOND,SeIah,EUW,13,2026-05-04 00:21:08.921000+00:00,2026-05-04 01:02:17.921000+00:00,1,1,2.833333333333333,8.116646415552855,0,1.0,0.6858333333333333,W
19,FtobQmgxVCR_jRkWPdtlxKzEhKRFEocFKMXBVI1q1xQpyZvuAG-fSBxBVF96UYb54wpUNJX6WV37Rg,DIAMOND,SeIah,EUW,14,2026-05-04 20:41:49.932000+00:00,2026-05-05 01:27:20.339000+00:00,7,2,4.458974358974359,8.200822361922516,5,0.2857142857142857,4.758446388888888,WLWLLLL
19,FtobQmgxVCR_jRkWPdtlxKzEhKRFEocFKMXBVI1q1xQpyZvuAG-fSBxBVF96UYb54wpUNJX6WV37Rg,DIAMOND,SeIah,EUW,15,2026-08-10 09:04:40.441000+00:00,2026-08-10 10:42:36.336000002+00:00,3,1,1.33015873015873,7.880364326283174,2,0.3333333333333333,1.6321930555561113,LLW
19,FtobQmgxVCR_jRkWPdtlxKzEhKRFEocFKMXBVI1q1xQpyZvuAG-fSBxBVF96UYb54wpUNJX6WV37Rg,DIAMOND,SeIah,EUW,16,2026-08-10 13:38:20.736000+00:00,2026-08-10 14:53:30.517000002+00:00,2,1,2.392045454545454,6.686779814951468,1,0.5,1.252716944445,LW
19,FtobQmgxVCR_jRkWPdtlxKzEhKRFEocFKMXBVI1q1xQpyZvuAG-fSBxBVF96UYb54wpUNJX6WV37Rg,DIAMOND,SeIah,EUW,17,2026-08-10 19:48:55.011000+00:00,2026-08-10 20:57:21.992999998+00:00,2,0,2.083333333333333,8.064708810353409,2,0.0,1.1408283333327778,LL
19,FtobQmgxVCR_jRkWPdtlxKzEhKRFEocFKMXBVI1q1xQpyZvuAG-fSBxBVF96UYb54wpUNJX6WV37Rg,DIAMOND,SeIah,EUW,18,2026-08-15 17:03:43.659000+00:00,2026-08-15 18:08:34.572999998+00:00,2,2,8.4,7.566610795567383,0,1.0,1.080809444443889,WW
19,FtobQmgxVCR_jRkWPdtlxKzEhKRFEocFKMXBVI1q1xQpyZvuAG-fSBxBVF96UYb54wpUNJX6WV37Rg,DIAMOND,SeIah,EUW,19,2026-08-15 20:57:11.800000+00:00,2026-08-15 22:52:41.288999998+00:00,4,3,4.334821428571429,7.965108643563166,1,0.75,1.924858055555,WWWL
19,FtobQmgxVCR_jRkWPdtlxKzEhKRFEocFKMXBVI1q1xQpyZvuAG-fSBxBVF96UYb54wpUNJX6WV37Rg,DIAMOND,SeIah,EUW,20,2026-08-16 13:04:06.929000+00:00,2026-08-16 16:12:56.593999998+00:00,6,4,3.367195767195767,7.742460240100286,2,0.6666666666666666,3.147129166666111,WLWLWW
19,FtobQmgxVCR_jRkWPdtlxKzEhKRFEocFKMXBVI1q1xQpyZvuAG-fSBxBVF96UYb54wpUNJX6WV37Rg,DIAMOND,SeIah,EUW,21,2026-08-16 19:15:16.321000+00:00,2026-08-16 23:47:28.033000+00:00,7,3,3.9328798185941047,7.336959627435826,4,0.42857142857142855,4.5365866666666665,LWLWLLW
19,FtobQmgxVCR_jRkWPdtlxKzEhKRFEocFKMXBVI1q1xQpyZvuAG-fSBxBVF96UYb54wpUNJX6WV37Rg,DIAMOND,SeIah,EUW,22,2026-08-17 13:56:08.289000+00:00,2026-08-17 18:18:24.652999998+00:00,8,4,3.5857638888888888,8.168079412498969,4,0.5,4.371212222221667,WLLWLLWW
19,FtobQmgxVCR_jRkWPdtlxKzEhKRFEocFKMXBVI1q1xQpyZvuAG-fSBxBVF96UYb54wpUNJX6WV37Rg,DIAMOND,SeIah,EUW,23,2026-08-17 20:29:02.995000+00:00,2026-08-17 23:41:39.052000+00:00,6,2,2.549074074074074,7.950782781073788,4,0.3333333333333333,3.2100158333333337,LLLWLW
19,FtobQmgxVCR_jRkWPdtlxKzEhKRFEocFKMXBVI1q1xQpyZvuAG-fSBxBVF96UYb54wpUNJX6WV37Rg,DIAMOND,SeIah,EUW,24,2026-08-18 15:05:33.633000+00:00,2026-08-18 17:16:17.923999998+00:00,4,2,2.5861111111111112,7.651491332907837,2,0.5,2.178969722221667,LLWW
19,FtobQmgxVCR_jRkWPdtlxKzEhKRFEocFKMXBVI1q1xQpyZvuAG-fSBxBVF96UYb54wpUNJX6WV37Rg,DIAMOND,SeIah,EUW,25,2026-08-26 14:17:35.431000+00:00,2026-08-26 22:36:28.367999998+00:00,14,8,3.570995670995671,8.106388245580145,6,0.5714285714285714,8.314704722221666,LLWWLLLWWWWWWL
20,2LZdXi6WRVmdhAgPbon0eAeIRLDK4IL7g3s0giOsLMCGQT_M_P9psjXmu1AAamePmaCn5cKp31yPZA,DIAMOND,SaqMahDiq2,EUW,1,2026-06-24 16:01:51.300000+00:00,2026-06-24 16:55:12.922000+00:00,2,1,2.433333333333333,7.769020033340401,1,0.5,0.8893394444444443,LW
20,2LZdXi6WRVmdhAgPbon0eAeIRLDK4IL7g3s0giOsLMCGQT_M_P9psjXmu1AAamePmaCn5cKp31yPZA,DIAMOND,SaqMahDiq2,EUW,2,2026-06-24 21:42:30.943000+00:00,2026-06-24 22:08:04.943000002+00:00,1,1,7.0,9.465449804432856,0,1.0,0.42611111111166666,W
20,2LZdXi6WRVmdhAgPbon0eAeIRLDK4IL7g3s0giOsLMCGQT_M_P9psjXmu1AAamePmaCn5cKp31yPZA,DIAMOND,SaqMahDiq2,EUW,3,2026-06-27 12:41:00.961000+00:00,2026-06-27 14:14:23.994000+00:00,3,3,4.777777777777778,8.625059267141882,0,1.0,1.5563980555555557,WWW
20,2LZdXi6WRVmdhAgPbon0eAeIRLDK4IL7g3s0giOsLMCGQT_M_P9psjXmu1AAamePmaCn5cKp31yPZA,DIAMOND,SaqMahDiq2,EUW,4,2026-06-28 12:35:32.782000+00:00,2026-06-28 13:32:51.888000+00:00,2,0,2.425,6.993006993006993,2,0.0,0.9553072222222223,LL
20,2LZdXi6WRVmdhAgPbon0eAeIRLDK4IL7g3s0giOsLMCGQT_M_P9psjXmu1AAamePmaCn5cKp31yPZA,DIAMOND,SaqMahDiq2,EUW,5,2026-06-28 15:30:53.121000+00:00,2026-06-28 16:03:30.121000002+00:00,1,1,1.5714285714285714,7.787429739397036,0,1.0,0.5436111111116667,W
20,2LZdXi6WRVmdhAgPbon0eAeIRLDK4IL7g3s0giOsLMCGQT_M_P9psjXmu1AAamePmaCn5cKp31yPZA,DIAMOND,SaqMahDiq2,EUW,6,2026-06-28 21:10:06.511000+00:00,2026-06-28 21:54:05.021999998+00:00,2,1,4.6,8.562643890303047,1,0.5,0.7329197222216667,WL
20,2LZdXi6WRVmdhAgPbon0eAeIRLDK4IL7g3s0giOsLMCGQT_M_P9psjXmu1AAamePmaCn5cKp31yPZA,DIAMOND,SaqMahDiq2,EUW,7,2026-06-29 12:16:48.968000+00:00,2026-06-29 15:17:31.109999998+00:00,4,3,8.4,6.300556877110098,1,0.75,3.0117061111105556,WWWL
20,2LZdXi6WRVmdhAgPbon0eAeIRLDK4IL7g3s0giOsLMCGQT_M_P9psjXmu1AAamePmaCn5cKp31yPZA,DIAMOND,SaqMahDiq2,EUW,8,2026-07-01 19:07:49.777000+00:00,2026-07-01 21:18:42.270000002+00:00,4,2,5.2976190476190474,6.665951499267333,2,0.5,2.1812480555561113,LLWW
20,2LZdXi6WRVmdhAgPbon0eAeIRLDK4IL7g3s0giOsLMCGQT_M_P9psjXmu1AAamePmaCn5cKp31yPZA,DIAMOND,SaqMahDiq2,EUW,9,2026-07-07 18:47:39.113000+00:00,2026-07-07 19:15:19.113000002+00:00,1,1,15.0,7.80722891566265,0,1.0,0.46111111111166664,W
20,2LZdXi6WRVmdhAgPbon0eAeIRLDK4IL7g3s0giOsLMCGQT_M_P9psjXmu1AAamePmaCn5cKp31yPZA,DIAMOND,SaqMahDiq2,EUW,10,2026-07-08 18:37:17.246000+00:00,2026-07-08 19:21:32.246000+00:00,1,1,3.2857142857142856,1.2203389830508475,0,1.0,0.7375,W
20,2LZdXi6WRVmdhAgPbon0eAeIRLDK4IL7g3s0giOsLMCGQT_M_P9psjXmu1AAamePmaCn5cKp31yPZA,DIAMOND,SaqMahDiq2,EUW,11,2026-07-09 12:38:19.907000+00:00,2026-07-09 14:07:16.591000002+00:00,3,2,5.555555555555556,8.23621405508166,1,0.6666666666666666,1.4824122222227778,WWL
20,2LZdXi6WRVmdhAgPbon0eAeIRLDK4IL7g3s0giOsLMCGQT_M_P9psjXmu1AAamePmaCn5cKp31yPZA,DIAMOND,SaqMahDiq2,EUW,12,2026-07-09 15:29:39.582000+00:00,2026-07-09 16:01:30.582000+00:00,1,0,5.25,9.010989010989013,1,0.0,0.5308333333333334,L
20,2LZdXi6WRVmdhAgPbon0eAeIRLDK4IL7g3s0giOsLMCGQT_M_P9psjXmu1AAamePmaCn5cKp31yPZA,DIAMOND,SaqMahDiq2,EUW,13,2026-07-10 13:01:33.177000+00:00,2026-07-10 14:54:34.688000+00:00,4,2,3.125,4.276840787847026,2,0.5,1.8837530555555557,LWWL
20,2LZdXi6WRVmdhAgPbon0eAeIRLDK4IL7g3s0giOsLMCGQT_M_P9psjXmu1AAamePmaCn5cKp31yPZA,DIAMOND,SaqMahDiq2,EUW,14,2026-07-10 16:07:39.891000+00:00,2026-07-10 16:32:34.891000002+00:00,1,0,1.25,6.54180602006689,1,0.0,0.4152777777783333,L
20,2LZdXi6WRVmdhAgPbon0eAeIRLDK4IL7g3s0giOsLMCGQT_M_P9psjXmu1AAamePmaCn5cKp31yPZA,DIAMOND,SaqMahDiq2,EUW,15,2026-07-10 21:08:26.619000+00:00,2026-07-10 21:52:25.755999998+00:00,2,2,4.5,8.162837162837164,0,1.0,0.7330936111105556,WW
20,2LZdXi6WRVmdhAgPbon0eAeIRLDK4IL7g3s0giOsLMCGQT_M_P9psjXmu1AAamePmaCn5cKp31yPZA,DIAMOND,SaqMahDiq2,EUW,16,2026-07-11 09:39:16.979000+00:00,2026-07-11 13:31:32.230000+00:00,5,2,2.2911111111111113,6.41706080156027,3,0.4,3.8709030555555555,LWLLW
20,2LZdXi6WRVmdhAgPbon0eAeIRLDK4IL7g3s0giOsLMCGQT_M_P9psjXmu1AAamePmaCn5cKp31yPZA,DIAMOND,SaqMahDiq2,EUW,17,2026-07-11 16:30:33.119000+00:00,2026-07-11 17:18:05.109000002+00:00,2,0,3.25,6.925815807012151,2,0.0,0.792219444445,LL
20,2LZdXi6WRVmdhAgPbon0eAeIRLDK4IL7g3s0giOsLMCGQT_M_P9psjXmu1AAamePmaCn5cKp31yPZA,DIAMOND,SaqMahDiq2,EUW,18,2026-07-13 20:14:34.048000+00:00,2026-07-13 20:37:45.047999998+00:00,1,1,11.0,9.23076923076923,0,1.0,0.38638888888833334,W
20,2LZdXi6WRVmdhAgPbon0eAeIRLDK4IL7g3s0giOsLMCGQT_M_P9psjXmu1AAamePmaCn5cKp31yPZA,DIAMOND,SaqMahDiq2,EUW,19,2026-07-14 21:13:01.142000+00:00,2026-07-14 21:50:06.815999998+00:00,2,1,0.7,0.4280397022332506,1,0.5,0.6182427777772223,LW
20,2LZdXi6WRVmdhAgPbon0eAeIRLDK4IL7g3s0giOsLMCGQT_M_P9psjXmu1AAamePmaCn5cKp31yPZA,DIAMOND,SaqMahDiq2,EUW,20,2026-07-17 19:24:00.438000+00:00,2026-07-17 20:51:56.893999998+00:00,3,1,7.066666666666666,9.540476420608812,2,0.3333333333333333,1.4656822222216668,WLL
20,2LZdXi6WRVmdhAgPbon0eAeIRLDK4IL7g3s0giOsLMCGQT_M_P9psjXmu1AAamePmaCn5cKp31yPZA,DIAMOND,SaqMahDiq2,EUW,21,2026-07-18 12:57:56.710000+00:00,2026-07-18 16:16:17.935000+00:00,7,4,4.992857142857143,5.853303357039587,3,0.5714285714285714,3.3058958333333335,WWLLLWW
20,2LZdXi6WRVmdhAgPbon0eAeIRLDK4IL7g3s0giOsLMCGQT_M_P9psjXmu1AAamePmaCn5cKp31yPZA,DIAMOND,SaqMahDiq2,EUW,22,2026-07-18 17:25:29.570000+00:00,2026-07-18 19:53:20.904000002+00:00,4,2,5.8913690476190474,6.253488451324545,2,0.5,2.464259444445,LWWL
20,2LZdXi6WRVmdhAgPbon0eAeIRLDK4IL7g3s0giOsLMCGQT_M_P9psjXmu1AAamePmaCn5cKp31yPZA,DIAMOND,SaqMahDiq2,EUW,23,2026-07-19 12:28:41.950000+00:00,2026-07-19 12:58:21.950000002+00:00,1,1,4.25,8.258426966292134,0,1.0,0.494444444445,W
20,2LZdXi6WRVmdhAgPbon0eAeIRLDK4IL7g3s0giOsLMCGQT_M_P9psjXmu1AAamePmaCn5cKp31yPZA,DIAMOND,SaqMahDiq2,EUW,24,2026-07-19 14:11:28.363000+00:00,2026-07-19 15:15:24.704000+00:00,2,0,1.1,7.608292732519493,2,0.0,1.0656502777777777,LL
20,2LZdXi6WRVmdhAgPbon0eAeIRLDK4IL7g3s0giOsLMCGQT_M_P9psjXmu1AAamePmaCn5cKp31yPZA,DIAMOND,SaqMahDiq2,EUW,25,2026-07-20 18:19:30.352000+00:00,2026-07-20 19:40:37.928000+00:00,2,1,2.375,8.007265039170122,1,0.5,1.3521044444444446,WL
20,2LZdXi6WRVmdhAgPbon0eAeIRLDK4IL7g3s0giOsLMCGQT_M_P9psjXmu1AAamePmaCn5cKp31yPZA,DIAMOND,SaqMahDiq2,EUW,26,2026-07-21 17:36:49.694000+00:00,2026-07-21 19:18:50.654000+00:00,2,0,2.5666666666666664,6.8509197270991145,2,0.0,1.7002666666666666,LL
20,2LZdXi6WRVmdhAgPbon0eAeIRLDK4IL7g3s0giOsLMCGQT_M_P9psjXmu1AAamePmaCn5cKp31yPZA,DIAMOND,SaqMahDiq2,EUW,27,2026-07-22 17:48:14.279000+00:00,2026-07-22 19:14:14.815000002+00:00,3,1,2.140740740740741,3.2937076079419856,2,0.3333333333333333,1.4334822222227779,LLW
20,2LZdXi6WRVmdhAgPbon0eAeIRLDK4IL7g3s0giOsLMCGQT_M_P9psjXmu1AAamePmaCn5cKp31yPZA,DIAMOND,SaqMahDiq2,EUW,28,2026-07-24 11:26:09.826000+00:00,2026-07-24 15:32:52.959999998+00:00,7,2,1.8844037615046016,2.570867499940038,5,0.2857142857142857,4.111981666666111,LWLWLLL
20,2LZdXi6WRVmdhAgPbon0eAeIRLDK4IL7g3s0giOsLMCGQT_M_P9psjXmu1AAamePmaCn5cKp31yPZA,DIAMOND,SaqMahDiq2,EUW,29,2026-07-24 17:40:44.637000+00:00,2026-07-24 19:08:44.430000+00:00,3,1,4.2727272727272725,1.1922742372646857,2,0.3333333333333333,1.4666091666666665,LWL
20,2LZdXi6WRVmdhAgPbon0eAeIRLDK4IL7g3s0giOsLMCGQT_M_P9psjXmu1AAamePmaCn5cKp31yPZA,DIAMOND,SaqMahDiq2,EUW,30,2026-07-24 21:08:29.243000+00:00,2026-07-24 21:42:15.243000002+00:00,1,1,6.25,9.151036525172756,0,1.0,0.5627777777783334,W
20,2LZdXi6WRVmdhAgPbon0eAeIRLDK4IL7g3s0giOsLMCGQT_M_P9psjXmu1AAamePmaCn5cKp31yPZA,DIAMOND,SaqMahDiq2,EUW,31,2026-07-25 13:06:50.315000+00:00,2026-07-25 14:06:09.000999998+00:00,2,0,1.35,1.3539546981263646,2,0.0,0.9885238888883334,LL
20,2LZdXi6WRVmdhAgPbon0eAeIRLDK4IL7g3s0giOsLMCGQT_M_P9psjXmu1AAamePmaCn5cKp31yPZA,DIAMOND,SaqMahDiq2,EUW,32,2026-07-25 16:15:55.849000+00:00,2026-07-25 19:21:06.883000+00:00,5,4,4.079285714285715,2.5871639805092976,1,0.8,3.0863983333333334,WWLWW
20,2LZdXi6WRVmdhAgPbon0eAeIRLDK4IL7g3s0giOsLMCGQT_M_P9psjXmu1AAamePmaCn5cKp31yPZA,DIAMOND,SaqMahDiq2,EUW,33,2026-07-25 21:15:09.691000+00:00,2026-07-25 22:54:52.152000+00:00,3,3,12.333333333333334,3.7781729588643143,0,1.0,1.6617947222222222,WWW
20,2LZdXi6WRVmdhAgPbon0eAeIRLDK4IL7g3s0giOsLMCGQT_M_P9psjXmu1AAamePmaCn5cKp31yPZA,DIAMOND,SaqMahDiq2,EUW,34,2026-08-01 19:32:08.226000+00:00,2026-08-01 20:09:39.226000002+00:00,1,0,2.5,7.330075521990227,1,0.0,0.6252777777783334,L
20,2LZdXi6WRVmdhAgPbon0eAeIRLDK4IL7g3s0giOsLMCGQT_M_P9psjXmu1AAamePmaCn5cKp31yPZA,DIAMOND,SaqMahDiq2,EUW,35,2026-08-06 17:29:08.242000+00:00,2026-08-06 18:02:08.242000+00:00,1,0,1.5714285714285714,8.666666666666666,1,0.0,0.55,L
20,2LZdXi6WRVmdhAgPbon0eAeIRLDK4IL7g3s0giOsLMCGQT_M_P9psjXmu1AAamePmaCn5cKp31yPZA,DIAMOND,SaqMahDiq2,EUW,36,2026-08-08 14:21:33.312000+00:00,2026-08-08 14:46:02.311999998+00:00,1,1,6.5,8.413886997957794,0,1.0,0.408055555555,W
20,2LZdXi6WRVmdhAgPbon0eAeIRLDK4IL7g3s0giOsLMCGQT_M_P9psjXmu1AAamePmaCn5cKp31yPZA,DIAMOND,SaqMahDiq2,EUW,37,2026-08-12 18:55:37.555000+00:00,2026-08-12 19:35:33.554999998+00:00,1,0,2.090909090909091,0.7011686143572622,1,0.0,0.665555555555,L
20,2LZdXi6WRVmdhAgPbon0eAeIRLDK4IL7g3s0giOsLMCGQT_M_P9psjXmu1AAamePmaCn5cKp31yPZA,DIAMOND,SaqMahDiq2,EUW,38,2026-08-13 18:26:29.785000+00:00,2026-08-13 18:53:00.785000002+00:00,1,1,4.0,0.6411062225015713,0,1.0,0.441944444445,W
20,2LZdXi6WRVmdhAgPbon0eAeIRLDK4IL7g3s0giOsLMCGQT_M_P9psjXmu1AAamePmaCn5cKp31yPZA,DIAMOND,SaqMahDiq2,EUW,39,2026-08-14 16:32:08.114000+00:00,2026-08-14 18:47:42.773999998+00:00,3,1,3.0833333333333335,2.903462451781935,2,0.3333333333333333,2.2596277777772222,WLL
20,2LZdXi6WRVmdhAgPbon0eAeIRLDK4IL7g3s0giOsLMCGQT_M_P9psjXmu1AAamePmaCn5cKp31yPZA,DIAMOND,SaqMahDiq2,EUW,40,2026-08-18 17:22:56.805000+00:00,2026-08-18 18:24:06.407000002+00:00,2,1,10.7,9.913110145668284,1,0.5,1.0193338888894443,WL
20,2LZdXi6WRVmdhAgPbon0eAeIRLDK4IL7g3s0giOsLMCGQT_M_P9psjXmu1AAamePmaCn5cKp31yPZA,DIAMOND,SaqMahDiq2,EUW,41,2026-08-18 19:39:42.267000+00:00,2026-08-18 20:03:46.267000002+00:00,1,0,1.2857142857142858,0.9141274238227148,1,0.0,0.40111111111166664,L
20,2LZdXi6WRVmdhAgPbon0eAeIRLDK4IL7g3s0giOsLMCGQT_M_P9psjXmu1AAamePmaCn5cKp31yPZA,DIAMOND,SaqMahDiq2,EUW,42,2026-08-20 18:45:21.257000+00:00,2026-08-20 19:12:02.256999998+00:00,1,0,1.6666666666666667,0.637101811367895,1,0.0,0.4447222222216667,L
20,2LZdXi6WRVmdhAgPbon0eAeIRLDK4IL7g3s0giOsLMCGQT_M_P9psjXmu1AAamePmaCn5cKp31yPZA,DIAMOND,SaqMahDiq2,EUW,43,2026-08-26 16:31:28.984000+00:00,2026-08-26 17:02:04.984000+00:00,1,0,1.8333333333333333,8.26797385620915,1,0.0,0.51,L
21,8LRDQia-9ip8YHk8_ywOTkaN-hS5Ylp2PYFsngTgjX8dJoj1SpA74G9_Iv3j9gyeEc8vq_V0P5iJYQ,GOLD,Corpse,500,1,2025-07-30 11:23:46.560000+00:00,2025-07-30 15:13:43.013000002+00:00,6,1,3.2469696969696966,6.8645084186687555,5,0.16666666666666666,3.8323480555561114,LLLWLL
21,8LRDQia-9ip8YHk8_ywOTkaN-hS5Ylp2PYFsngTgjX8dJoj1SpA74G9_Iv3j9gyeEc8vq_V0P5iJYQ,GOLD,Corpse,500,2,2025-10-26 23:23:18.172000+00:00,2025-10-27 00:31:19.768999998+00:00,2,0,1.8888888888888888,6.585767724006281,2,0.0,1.1337769444438888,LL
21,8LRDQia-9ip8YHk8_ywOTkaN-hS5Ylp2PYFsngTgjX8dJoj1SpA74G9_Iv3j9gyeEc8vq_V0P5iJYQ,GOLD,Corpse,500,3,2025-11-16 18:12:44.553000+00:00,2025-11-16 18:51:20.553000+00:00,1,0,1.0,3.886010362694301,1,0.0,0.6433333333333333,L
21,8LRDQia-9ip8YHk8_ywOTkaN-hS5Ylp2PYFsngTgjX8dJoj1SpA74G9_Iv3j9gyeEc8vq_V0P5iJYQ,GOLD,Corpse,500,4,2025-11-19 00:03:34.298000+00:00,2025-11-19 00:39:34.298000+00:00,1,0,0.2,5.222222222222222,1,0.0,0.6,L
21,8LRDQia-9ip8YHk8_ywOTkaN-hS5Ylp2PYFsngTgjX8dJoj1SpA74G9_Iv3j9gyeEc8vq_V0P5iJYQ,GOLD,Corpse,500,5,2025-11-19 15:30:12.792000+00:00,2025-11-19 15:56:27.792000+00:00,1,0,0.3846153846153846,3.923809523809524,1,0.0,0.4375,L
21,8LRDQia-9ip8YHk8_ywOTkaN-hS5Ylp2PYFsngTgjX8dJoj1SpA74G9_Iv3j9gyeEc8vq_V0P5iJYQ,GOLD,Corpse,500,6,2025-11-21 23:09:50.049000+00:00,2025-11-21 23:45:44.049000+00:00,1,1,1.5714285714285714,5.0974930362117,0,1.0,0.5983333333333334,W
21,8LRDQia-9ip8YHk8_ywOTkaN-hS5Ylp2PYFsngTgjX8dJoj1SpA74G9_Iv3j9gyeEc8vq_V0P5iJYQ,GOLD,Corpse,500,7,2025-11-24 18:32:57.026000+00:00,2025-11-24 19:54:49.433999998+00:00,2,1,1.706060606060606,2.3881160661947063,1,0.5,1.3645577777772224,LW
21,8LRDQia-9ip8YHk8_ywOTkaN-hS5Ylp2PYFsngTgjX8dJoj1SpA74G9_Iv3j9gyeEc8vq_V0P5iJYQ,GOLD,Corpse,500,8,2025-12-03 15:34:28.695000+00:00,2025-12-03 16:17:11.695000002+00:00,1,0,0.6,2.738977760436988,1,0.0,0.711944444445,L
21,8LRDQia-9ip8YHk8_ywOTkaN-hS5Ylp2PYFsngTgjX8dJoj1SpA74G9_Iv3j9gyeEc8vq_V0P5iJYQ,GOLD,Corpse,500,9,2026-05-28 10:52:13.617000+00:00,2026-05-28 11:11:52.617000+00:00,1,0,0.0,3.56234096692112,1,0.0,0.3275,L
21,8LRDQia-9ip8YHk8_ywOTkaN-hS5Ylp2PYFsngTgjX8dJoj1SpA74G9_Iv3j9gyeEc8vq_V0P5iJYQ,GOLD,Corpse,500,10,2026-06-06 14:07:12.328000+00:00,2026-06-06 14:40:56.327999998+00:00,1,0,1.7,7.351778656126482,1,0.0,0.5622222222216666,L
21,8LRDQia-9ip8YHk8_ywOTkaN-hS5Ylp2PYFsngTgjX8dJoj1SpA74G9_Iv3j9gyeEc8vq_V0P5iJYQ,GOLD,Corpse,500,11,2026-06-06 19:44:46.199000+00:00,2026-06-06 21:04:53.361000002+00:00,2,1,7.1923076923076925,7.612701982635661,1,0.5,1.3353227777783334,LW
21,8LRDQia-9ip8YHk8_ywOTkaN-hS5Ylp2PYFsngTgjX8dJoj1SpA74G9_Iv3j9gyeEc8vq_V0P5iJYQ,GOLD,Corpse,500,12,2026-06-07 12:42:10.896000+00:00,2026-06-07 13:33:25.906000+00:00,2,0,0.875,7.07943480969085,2,0.0,0.8541694444444445,LL
21,8LRDQia-9ip8YHk8_ywOTkaN-hS5Ylp2PYFsngTgjX8dJoj1SpA74G9_Iv3j9gyeEc8vq_V0P5iJYQ,GOLD,Corpse,500,13,2026-06-10 10:32:44.625000+00:00,2026-06-10 11:00:07.624999998+00:00,1,1,4.75,8.289713937918442,0,1.0,0.45638888888833334,W
21,8LRDQia-9ip8YHk8_ywOTkaN-hS5Ylp2PYFsngTgjX8dJoj1SpA74G9_Iv3j9gyeEc8vq_V0P5iJYQ,GOLD,Corpse,500,14,2026-07-15 20:38:13.048000+00:00,2026-07-15 21:10:39.047999998+00:00,1,0,1.3636363636363635,7.338129496402878,1,0.0,0.540555555555,L
21,8LRDQia-9ip8YHk8_ywOTkaN-hS5Ylp2PYFsngTgjX8dJoj1SpA74G9_Iv3j9gyeEc8vq_V0P5iJYQ,GOLD,Corpse,500,15,2026-07-18 10:05:54.953000+00:00,2026-07-18 11:37:29.313999998+00:00,2,1,1.231818181818182,6.080031543732418,1,0.5,1.5262113888883333,LW
21,8LRDQia-9ip8YHk8_ywOTkaN-hS5Ylp2PYFsngTgjX8dJoj1SpA74G9_Iv3j9gyeEc8vq_V0P5iJYQ,GOLD,Corpse,500,16,2026-07-19 08:06:44.689000+00:00,2026-07-19 09:30:01.935000+00:00,3,0,0.823809523809524,4.4304501065213975,3,0.0,1.388123888888889,LLL
21,8LRDQia-9ip8YHk8_ywOTkaN-hS5Ylp2PYFsngTgjX8dJoj1SpA74G9_Iv3j9gyeEc8vq_V0P5iJYQ,GOLD,Corpse,500,17,2026-07-20 22:07:15.497000+00:00,2026-07-20 22:51:03.497000+00:00,1,1,1.6923076923076923,6.963470319634704,0,1.0,0.73,W
21,8LRDQia-9ip8YHk8_ywOTkaN-hS5Ylp2PYFsngTgjX8dJoj1SpA74G9_Iv3j9gyeEc8vq_V0P5iJYQ,GOLD,Corpse,500,18,2026-07-22 22:27:08.308000+00:00,2026-07-22 23:21:43.463000+00:00,2,2,4.375,7.97993531252755,0,1.0,0.9097652777777778,WW
21,8LRDQia-9ip8YHk8_ywOTkaN-hS5Ylp2PYFsngTgjX8dJoj1SpA74G9_Iv3j9gyeEc8vq_V0P5iJYQ,GOLD,Corpse,500,19,2026-07-23 21:28:46.552000+00:00,2026-07-23 21:53:26.552000002+00:00,1,1,3.7142857142857135,7.905405405405405,0,1.0,0.41111111111166665,W
21,8LRDQia-9ip8YHk8_ywOTkaN-hS5Ylp2PYFsngTgjX8dJoj1SpA74G9_Iv3j9gyeEc8vq_V0P5iJYQ,GOLD,Corpse,500,20,2026-07-24 23:49:23.026000+00:00,2026-07-25 00:16:23.026000+00:00,1,0,1.1428571428571428,7.592592592592593,1,0.0,0.45,L
21,8LRDQia-9ip8YHk8_ywOTkaN-hS5Ylp2PYFsngTgjX8dJoj1SpA74G9_Iv3j9gyeEc8vq_V0P5iJYQ,GOLD,Corpse,500,21,2026-07-26 00:55:59.873000+00:00,2026-07-26 01:30:48.873000002+00:00,1,1,1.75,6.318812829104834,0,1.0,0.5802777777783333,W
21,8LRDQia-9ip8YHk8_ywOTkaN-hS5Ylp2PYFsngTgjX8dJoj1SpA74G9_Iv3j9gyeEc8vq_V0P5iJYQ,GOLD,Corpse,500,22,2026-07-27 16:08:44.901000+00:00,2026-07-27 17:47:48.956999998+00:00,3,2,1.8,6.60183241806853,1,0.6666666666666666,1.651126666666111,LWW
21,8LRDQia-9ip8YHk8_ywOTkaN-hS5Ylp2PYFsngTgjX8dJoj1SpA74G9_Iv3j9gyeEc8vq_V0P5iJYQ,GOLD,Corpse,500,23,2026-07-27 22:15:25.778000+00:00,2026-07-27 22:45:29.778000002+00:00,1,0,0.8,6.751662971175167,1,0.0,0.5011111111116666,L
21,8LRDQia-9ip8YHk8_ywOTkaN-hS5Ylp2PYFsngTgjX8dJoj1SpA74G9_Iv3j9gyeEc8vq_V0P5iJYQ,GOLD,Corpse,500,24,2026-07-28 18:52:38.875000+00:00,2026-07-28 19:20:14.875000+00:00,1,0,2.0,5.72463768115942,1,0.0,0.46,L
21,8LRDQia-9ip8YHk8_ywOTkaN-hS5Ylp2PYFsngTgjX8dJoj1SpA74G9_Iv3j9gyeEc8vq_V0P5iJYQ,GOLD,Corpse,500,25,2026-08-03 17:22:57.190000+00:00,2026-08-03 17:58:02.189999998+00:00,1,0,1.25,7.752969121140142,1,0.0,0.5847222222216667,L
21,8LRDQia-9ip8YHk8_ywOTkaN-hS5Ylp2PYFsngTgjX8dJoj1SpA74G9_Iv3j9gyeEc8vq_V0P5iJYQ,GOLD,Corpse,500,26,2026-08-13 10:13:37.645000+00:00,2026-08-13 10:29:43.645000+00:00,1,1,2.0,10.062111801242237,0,1.0,0.2683333333333333,W
21,8LRDQia-9ip8YHk8_ywOTkaN-hS5Ylp2PYFsngTgjX8dJoj1SpA74G9_Iv3j9gyeEc8vq_V0P5iJYQ,GOLD,Corpse,500,27,2026-08-13 12:14:35.187000+00:00,2026-08-13 12:37:08.187000+00:00,1,0,0.3333333333333333,8.957871396895786,1,0.0,0.37583333333333335,L
21,8LRDQia-9ip8YHk8_ywOTkaN-hS5Ylp2PYFsngTgjX8dJoj1SpA74G9_Iv3j9gyeEc8vq_V0P5iJYQ,GOLD,Corpse,500,28,2026-08-13 15:03:24.935000+00:00,2026-08-13 16:30:45.010999998+00:00,2,1,5.0,8.49873183140155,1,0.5,1.4555766666661112,WL
21,8LRDQia-9ip8YHk8_ywOTkaN-hS5Ylp2PYFsngTgjX8dJoj1SpA74G9_Iv3j9gyeEc8vq_V0P5iJYQ,GOLD,Corpse,500,29,2026-08-14 12:18:02.319000+00:00,2026-08-14 13:27:15.426000002+00:00,2,2,4.25,8.271311095213012,0,1.0,1.1536408333338888,WW
21,8LRDQia-9ip8YHk8_ywOTkaN-hS5Ylp2PYFsngTgjX8dJoj1SpA74G9_Iv3j9gyeEc8vq_V0P5iJYQ,GOLD,Corpse,500,30,2026-08-14 14:59:54.945000+00:00,2026-08-14 17:14:24.781000+00:00,3,2,4.768518518518518,7.476229159086728,1,0.6666666666666666,2.2416211111111113,WLW
21,8LRDQia-9ip8YHk8_ywOTkaN-hS5Ylp2PYFsngTgjX8dJoj1SpA74G9_Iv3j9gyeEc8vq_V0P5iJYQ,GOLD,Corpse,500,31,2026-08-15 12:56:29.472000+00:00,2026-08-15 20:04:36.856000002+00:00,11,7,2.655992700110347,6.6946371028853235,4,0.6363636363636364,7.135384444445,WWWLLLWWWWL
21,8LRDQia-9ip8YHk8_ywOTkaN-hS5Ylp2PYFsngTgjX8dJoj1SpA74G9_Iv3j9gyeEc8vq_V0P5iJYQ,GOLD,Corpse,500,32,2026-08-15 23:08:27.220000+00:00,2026-08-16 00:26:07.549000+00:00,2,1,2.0444444444444443,6.919610007358353,1,0.5,1.2945358333333332,WL
21,8LRDQia-9ip8YHk8_ywOTkaN-hS5Ylp2PYFsngTgjX8dJoj1SpA74G9_Iv3j9gyeEc8vq_V0P5iJYQ,GOLD,Corpse,500,33,2026-08-16 11:23:30.207000+00:00,2026-08-16 12:27:26.708000+00:00,2,1,3.0,7.1047522750252785,1,0.5,1.0656947222222222,LW
21,8LRDQia-9ip8YHk8_ywOTkaN-hS5Ylp2PYFsngTgjX8dJoj1SpA74G9_Iv3j9gyeEc8vq_V0P5iJYQ,GOLD,Corpse,500,34,2026-08-16 14:55:45.753000+00:00,2026-08-16 21:49:11.335999998+00:00,11,6,3.245250827603769,6.363853491224003,5,0.5454545454545454,6.890439722221667,WWLWWLLLWWL
21,8LRDQia-9ip8YHk8_ywOTkaN-hS5Ylp2PYFsngTgjX8dJoj1SpA74G9_Iv3j9gyeEc8vq_V0P5iJYQ,GOLD,Corpse,500,35,2026-08-17 08:34:07.117000+00:00,2026-08-17 09:51:16.703000002+00:00,2,0,1.7,6.740084992390059,2,0.0,1.2859961111116667,LL
21,8LRDQia-9ip8YHk8_ywOTkaN-hS5Ylp2PYFsngTgjX8dJoj1SpA74G9_Iv3j9gyeEc8vq_V0P5iJYQ,GOLD,Corpse,500,36,2026-08-17 14:42:42.090000+00:00,2026-08-17 15:20:20.089999998+00:00,1,1,2.6,7.33392382639504,0,1.0,0.6272222222216667,W
21,8LRDQia-9ip8YHk8_ywOTkaN-hS5Ylp2PYFsngTgjX8dJoj1SpA74G9_Iv3j9gyeEc8vq_V0P5iJYQ,GOLD,Corpse,500,37,2026-08-17 17:08:02.824000+00:00,2026-08-17 22:21:13.500999998+00:00,8,6,2.7658768315018314,6.583920774899815,2,0.75,5.219632499999444,WWWWLLWW
21,8LRDQia-9ip8YHk8_ywOTkaN-hS5Ylp2PYFsngTgjX8dJoj1SpA74G9_Iv3j9gyeEc8vq_V0P5iJYQ,GOLD,Corpse,500,38,2026-08-18 21:11:41.430000+00:00,2026-08-19 02:04:53.262000002+00:00,8,7,2.4157738095238095,7.0767023102265885,1,0.875,4.886620000000556,WWWWWWLW
21,8LRDQia-9ip8YHk8_ywOTkaN-hS5Ylp2PYFsngTgjX8dJoj1SpA74G9_Iv3j9gyeEc8vq_V0P5iJYQ,GOLD,Corpse,500,39,2026-08-19 22:19:13.741000+00:00,2026-08-19 23:52:15.417000002+00:00,2,2,3.5,7.799354424879471,0,1.0,1.5504655555561113,WW
21,8LRDQia-9ip8YHk8_ywOTkaN-hS5Ylp2PYFsngTgjX8dJoj1SpA74G9_Iv3j9gyeEc8vq_V0P5iJYQ,GOLD,Corpse,500,40,2026-08-20 23:29:26.201000+00:00,2026-08-21 00:00:36.201000002+00:00,1,1,3.6,5.807486631016043,0,1.0,0.519444444445,W
21,8LRDQia-9ip8YHk8_ywOTkaN-hS5Ylp2PYFsngTgjX8dJoj1SpA74G9_Iv3j9gyeEc8vq_V0P5iJYQ,GOLD,Corpse,500,41,2026-08-21 15:14:04.499000+00:00,2026-08-21 15:44:15.498999998+00:00,1,0,1.0,7.123136388735505,1,0.0,0.503055555555,L
21,8LRDQia-9ip8YHk8_ywOTkaN-hS5Ylp2PYFsngTgjX8dJoj1SpA74G9_Iv3j9gyeEc8vq_V0P5iJYQ,GOLD,Corpse,500,42,2026-08-21 16:55:28.976000+00:00,2026-08-21 17:31:53.976000002+00:00,1,1,1.9090909090909087,7.359267734553776,0,1.0,0.606944444445,W
21,8LRDQia-9ip8YHk8_ywOTkaN-hS5Ylp2PYFsngTgjX8dJoj1SpA74G9_Iv3j9gyeEc8vq_V0P5iJYQ,GOLD,Corpse,500,43,2026-08-24 01:14:25.850000+00:00,2026-08-24 01:44:46.850000+00:00,1,0,0.8888888888888888,5.56836902800659,1,0.0,0.5058333333333334,L
22,JZzLzbecqoVW6LLiHz8UTW9QvFPf22U8qwPyxFYOizi0oouUGtK_GD_gDWuCaERjO938Gq7gFnS_Bw,GOLD,Dule2le,2le,5,2026-02-20 12:29:47.443000+00:00,2026-02-20 12:56:22.442999998+00:00,1,0,1.375,4.702194357366771,1,0.0,0.443055555555,L
22,JZzLzbecqoVW6LLiHz8UTW9QvFPf22U8qwPyxFYOizi0oouUGtK_GD_gDWuCaERjO938Gq7gFnS_Bw,GOLD,Dule2le,2le,6,2026-02-21 00:31:33.619000+00:00,2026-02-21 01:30:20.605000002+00:00,2,1,1.3030303030303028,6.728453536990017,1,0.5,0.9797183333338888,WL
22,JZzLzbecqoVW6LLiHz8UTW9QvFPf22U8qwPyxFYOizi0oouUGtK_GD_gDWuCaERjO938Gq7gFnS_Bw,GOLD,Dule2le,2le,7,2026-02-22 00:18:26.544000+00:00,2026-02-22 01:57:25.142999998+00:00,3,1,1.0304232804232805,4.770906753243291,2,0.3333333333333333,1.649610833332778,LLW
22,JZzLzbecqoVW6LLiHz8UTW9QvFPf22U8qwPyxFYOizi0oouUGtK_GD_gDWuCaERjO938Gq7gFnS_Bw,GOLD,Dule2le,2le,8,2026-02-22 17:52:46.149000+00:00,2026-02-22 19:37:55.468000002+00:00,2,2,2.2083333333333335,4.993385916418926,0,1.0,1.7525886111116669,WW
22,JZzLzbecqoVW6LLiHz8UTW9QvFPf22U8qwPyxFYOizi0oouUGtK_GD_gDWuCaERjO938Gq7gFnS_Bw,GOLD,Dule2le,2le,9,2026-02-24 23:20:44.087000+00:00,2026-02-25 02:00:35.423000+00:00,5,4,1.8666666666666665,6.260794579125202,1,0.8,2.6642599999999996,WLWWW
22,JZzLzbecqoVW6LLiHz8UTW9QvFPf22U8qwPyxFYOizi0oouUGtK_GD_gDWuCaERjO938Gq7gFnS_Bw,GOLD,Dule2le,2le,10,2026-02-25 21:44:22.269000+00:00,2026-02-26 01:24:24.199999998+00:00,5,2,1.680952380952381,5.975793696962899,3,0.4,3.667203055555,LWLWL
22,JZzLzbecqoVW6LLiHz8UTW9QvFPf22U8qwPyxFYOizi0oouUGtK_GD_gDWuCaERjO938Gq7gFnS_Bw,GOLD,Dule2le,2le,11,2026-02-26 21:41:58.514000+00:00,2026-02-27 00:48:54.061999998+00:00,4,4,3.44375,6.654191073062138,0,1.0,3.1154299999994444,WWWW
22,JZzLzbecqoVW6LLiHz8UTW9QvFPf22U8qwPyxFYOizi0oouUGtK_GD_gDWuCaERjO938Gq7gFnS_Bw,GOLD,Dule2le,2le,12,2026-03-02 19:51:43.822000+00:00,2026-03-02 20:27:37.822000+00:00,1,0,0.6,5.766016713091922,1,0.0,0.5983333333333334,L
22,JZzLzbecqoVW6LLiHz8UTW9QvFPf22U8qwPyxFYOizi0oouUGtK_GD_gDWuCaERjO938Gq7gFnS_Bw,GOLD,Dule2le,2le,13,2026-07-23 12:28:44.863000+00:00,2026-07-23 14:25:22.002000002+00:00,3,2,2.5555555555555554,5.713450488736053,1,0.6666666666666666,1.9436497222227778,LWW
22,JZzLzbecqoVW6LLiHz8UTW9QvFPf22U8qwPyxFYOizi0oouUGtK_GD_gDWuCaERjO938Gq7gFnS_Bw,GOLD,Dule2le,2le,14,2026-07-25 19:35:22.596000+00:00,2026-07-25 21:21:29.809999998+00:00,4,2,0.8375,3.294637090134315,2,0.5,1.768670555555,WWLL
22,JZzLzbecqoVW6LLiHz8UTW9QvFPf22U8qwPyxFYOizi0oouUGtK_GD_gDWuCaERjO938Gq7gFnS_Bw,GOLD,Dule2le,2le,15,2026-07-26 09:36:32.069000+00:00,2026-07-26 10:46:58.478000002+00:00,2,0,2.975,2.509644883932216,2,0.0,1.1740025000005554,LL
22,JZzLzbecqoVW6LLiHz8UTW9QvFPf22U8qwPyxFYOizi0oouUGtK_GD_gDWuCaERjO938Gq7gFnS_Bw,GOLD,Dule2le,2le,16,2026-07-26 15:53:22.364000+00:00,2026-07-26 17:41:15.588999998+00:00,3,2,3.8333333333333335,1.4199763702602404,1,0.6666666666666666,1.798118055555,LWW
22,JZzLzbecqoVW6LLiHz8UTW9QvFPf22U8qwPyxFYOizi0oouUGtK_GD_gDWuCaERjO938Gq7gFnS_Bw,GOLD,Dule2le,2le,17,2026-07-27 18:23:00.299000+00:00,2026-07-27 18:58:05.298999998+00:00,1,1,4.6,1.681710213776722,0,1.0,0.5847222222216667,W
22,JZzLzbecqoVW6LLiHz8UTW9QvFPf22U8qwPyxFYOizi0oouUGtK_GD_gDWuCaERjO938Gq7gFnS_Bw,GOLD,Paniuhinam Zoles,EUW,1,2024-09-08 18:39:07.934000+00:00,2024-09-08 19:16:14.934000002+00:00,1,1,1.6,6.843286933093848,0,1.0,0.6186111111116667,W
22,JZzLzbecqoVW6LLiHz8UTW9QvFPf22U8qwPyxFYOizi0oouUGtK_GD_gDWuCaERjO938Gq7gFnS_Bw,GOLD,Paniuhinam Zoles,EUW,2,2026-02-09 18:01:53.380000+00:00,2026-02-09 19:13:05.496999998+00:00,2,0,0.8714285714285714,2.7439794248304885,2,0.0,1.186699166666111,LL
22,JZzLzbecqoVW6LLiHz8UTW9QvFPf22U8qwPyxFYOizi0oouUGtK_GD_gDWuCaERjO938Gq7gFnS_Bw,GOLD,Paniuhinam Zoles,EUW,3,2026-02-19 17:28:36.436000+00:00,2026-02-19 19:10:41.863000002+00:00,3,1,6.4318181818181825,6.607472744344722,2,0.3333333333333333,1.7015075000005555,WLL
22,JZzLzbecqoVW6LLiHz8UTW9QvFPf22U8qwPyxFYOizi0oouUGtK_GD_gDWuCaERjO938Gq7gFnS_Bw,GOLD,Paniuhinam Zoles,EUW,4,2026-02-19 22:18:43.803000+00:00,2026-02-19 23:46:00.407999998+00:00,3,1,1.9333333333333333,6.27151962832228,2,0.3333333333333333,1.4546124999994443,LWL
23,o0WENnzt0W6IGvaGZcg7mZkx2x0cnnqa_aMDBz82eeEQ9BcZD29i7WM4qfN7lcZ1ZJQ05NGgXCgeDA,GOLD,Devine,EUWLD,1,2026-04-05 16:32:43.638000+00:00,2026-04-05 18:01:50.027000002+00:00,2,2,13.5,2.834879451610827,0,1.0,1.4851080555561111,WW
23,o0WENnzt0W6IGvaGZcg7mZkx2x0cnnqa_aMDBz82eeEQ9BcZD29i7WM4qfN7lcZ1ZJQ05NGgXCgeDA,GOLD,Devine,EUWLD,2,2026-04-05 20:05:08.191000+00:00,2026-04-05 21:22:33.967000002+00:00,3,1,2.4444444444444446,2.6141040148359105,2,0.3333333333333333,1.2904933333338888,LLW
23,o0WENnzt0W6IGvaGZcg7mZkx2x0cnnqa_aMDBz82eeEQ9BcZD29i7WM4qfN7lcZ1ZJQ05NGgXCgeDA,GOLD,Devine,EUWLD,3,2026-04-06 15:30:34.423000+00:00,2026-04-06 16:07:22.423000+00:00,1,1,11.666666666666666,2.1467391304347827,0,1.0,0.6133333333333333,W
23,o0WENnzt0W6IGvaGZcg7mZkx2x0cnnqa_aMDBz82eeEQ9BcZD29i7WM4qfN7lcZ1ZJQ05NGgXCgeDA,GOLD,Devine,EUWLD,4,2026-04-06 18:41:45.968000+00:00,2026-04-06 22:11:09.330000+00:00,6,5,8.819444444444445,2.4662153107068128,1,0.8333333333333334,3.4898227777777775,WWWLWW
23,o0WENnzt0W6IGvaGZcg7mZkx2x0cnnqa_aMDBz82eeEQ9BcZD29i7WM4qfN7lcZ1ZJQ05NGgXCgeDA,GOLD,Devine,EUWLD,5,2026-04-07 18:28:26.756000+00:00,2026-04-07 19:25:06.680000+00:00,2,0,3.0,2.0980309025814963,2,0.0,0.9444233333333333,LL
23,o0WENnzt0W6IGvaGZcg7mZkx2x0cnnqa_aMDBz82eeEQ9BcZD29i7WM4qfN7lcZ1ZJQ05NGgXCgeDA,GOLD,Devine,EUWLD,6,2026-04-09 15:10:50.689000+00:00,2026-04-09 17:18:08.244999998+00:00,4,3,11.25,7.785830753803287,1,0.75,2.121543333332778,WWLW
23,o0WENnzt0W6IGvaGZcg7mZkx2x0cnnqa_aMDBz82eeEQ9BcZD29i7WM4qfN7lcZ1ZJQ05NGgXCgeDA,GOLD,Devine,EUWLD,7,2026-04-10 18:58:36.383000+00:00,2026-04-10 19:43:42.383000+00:00,1,1,10.666666666666666,6.829268292682927,0,1.0,0.7516666666666667,W
23,o0WENnzt0W6IGvaGZcg7mZkx2x0cnnqa_aMDBz82eeEQ9BcZD29i7WM4qfN7lcZ1ZJQ05NGgXCgeDA,GOLD,Devine,EUWLD,8,2026-04-11 18:49:19.702000+00:00,2026-04-12 00:36:36.460000002+00:00,9,4,5.487962962962963,2.7781573465304366,5,0.4444444444444444,5.787988333333889,LWLLWWLLW
23,o0WENnzt0W6IGvaGZcg7mZkx2x0cnnqa_aMDBz82eeEQ9BcZD29i7WM4qfN7lcZ1ZJQ05NGgXCgeDA,GOLD,Devine,EUWLD,9,2026-04-12 17:09:31.295000+00:00,2026-04-12 21:18:20.087000002+00:00,7,5,9.062770562770563,1.682188627840997,2,0.7142857142857143,4.146886666667222,WWWLWLW
23,o0WENnzt0W6IGvaGZcg7mZkx2x0cnnqa_aMDBz82eeEQ9BcZD29i7WM4qfN7lcZ1ZJQ05NGgXCgeDA,GOLD,Devine,EUWLD,10,2026-04-13 17:16:43.371000+00:00,2026-04-13 21:15:52.051000+00:00,7,1,3.386904761904762,2.0411755168971246,6,0.14285714285714285,3.9857444444444443,LLLWLLL
23,o0WENnzt0W6IGvaGZcg7mZkx2x0cnnqa_aMDBz82eeEQ9BcZD29i7WM4qfN7lcZ1ZJQ05NGgXCgeDA,GOLD,Devine,EUWLD,11,2026-04-14 18:30:39.537000+00:00,2026-04-14 20:39:58.668999998+00:00,3,2,7.333333333333333,3.2575559250286297,1,0.6666666666666666,2.155314444443889,LWW
23,o0WENnzt0W6IGvaGZcg7mZkx2x0cnnqa_aMDBz82eeEQ9BcZD29i7WM4qfN7lcZ1ZJQ05NGgXCgeDA,GOLD,Devine,EUWLD,12,2026-04-15 18:36:57.558000+00:00,2026-04-15 20:19:17.828000+00:00,3,2,8.464285714285714,2.005745011722197,1,0.6666666666666666,1.7056305555555558,WLW
23,o0WENnzt0W6IGvaGZcg7mZkx2x0cnnqa_aMDBz82eeEQ9BcZD29i7WM4qfN7lcZ1ZJQ05NGgXCgeDA,GOLD,Devine,EUWLD,13,2026-04-16 17:28:59.170000+00:00,2026-04-16 19:04:37.290999998+00:00,3,3,7.888888888888889,1.7023416091515882,0,1.0,1.5939224999994446,WWW
23,o0WENnzt0W6IGvaGZcg7mZkx2x0cnnqa_aMDBz82eeEQ9BcZD29i7WM4qfN7lcZ1ZJQ05NGgXCgeDA,GOLD,Devine,EUWLD,14,2026-04-18 16:47:52.128000+00:00,2026-04-18 18:37:23.192000+00:00,4,3,7.833333333333333,2.344241982750657,1,0.75,1.8252955555555557,WLWW
23,o0WENnzt0W6IGvaGZcg7mZkx2x0cnnqa_aMDBz82eeEQ9BcZD29i7WM4qfN7lcZ1ZJQ05NGgXCgeDA,GOLD,Devine,EUWLD,15,2026-04-19 17:30:07.284000+00:00,2026-04-19 19:27:58.522999998+00:00,3,2,5.194444444444444,1.9427085316231414,1,0.6666666666666666,1.9642330555549998,WLW
24,kDXNc744I1TGHqKVal797NmAJGdRRyifCfz4NSPZUv61HwumtXjFe2wmcfpKELfz2Id594PbPG4ztQ,GOLD,bodyzayed,EUW,1,2026-02-07 22:02:24.937000+00:00,2026-02-07 23:04:45.460000002+00:00,2,0,1.55,6.9955004097938005,2,0.0,1.0390341666672223,LL
24,kDXNc744I1TGHqKVal797NmAJGdRRyifCfz4NSPZUv61HwumtXjFe2wmcfpKELfz2Id594PbPG4ztQ,GOLD,bodyzayed,EUW,2,2026-03-06 22:32:04.016000+00:00,2026-03-06 23:19:49.961000+00:00,2,0,0.75,3.43701399688958,2,0.0,0.7960958333333333,LL
24,kDXNc744I1TGHqKVal797NmAJGdRRyifCfz4NSPZUv61HwumtXjFe2wmcfpKELfz2Id594PbPG4ztQ,GOLD,bodyzayed,EUW,3,2026-03-08 01:58:11.636000+00:00,2026-03-08 03:05:14.806000002+00:00,2,1,1.309090909090909,7.274963025939407,1,0.5,1.1175472222227778,LW
24,kDXNc744I1TGHqKVal797NmAJGdRRyifCfz4NSPZUv61HwumtXjFe2wmcfpKELfz2Id594PbPG4ztQ,GOLD,bodyzayed,EUW,4,2026-03-09 23:48:02.985000+00:00,2026-03-10 00:15:17.985000+00:00,1,0,0.4444444444444444,6.715596330275229,1,0.0,0.45416666666666666,L
24,kDXNc744I1TGHqKVal797NmAJGdRRyifCfz4NSPZUv61HwumtXjFe2wmcfpKELfz2Id594PbPG4ztQ,GOLD,bodyzayed,EUW,5,2026-03-12 00:07:15.161000+00:00,2026-03-12 00:31:21.161000+00:00,1,0,0.3333333333333333,7.261410788381743,1,0.0,0.40166666666666667,L
24,kDXNc744I1TGHqKVal797NmAJGdRRyifCfz4NSPZUv61HwumtXjFe2wmcfpKELfz2Id594PbPG4ztQ,GOLD,bodyzayed,EUW,6,2026-03-12 19:08:57.545000+00:00,2026-03-12 20:01:51.466000002+00:00,2,1,2.1666666666666665,6.588987459423467,1,0.5,0.8816447222227777,WL
24,kDXNc744I1TGHqKVal797NmAJGdRRyifCfz4NSPZUv61HwumtXjFe2wmcfpKELfz2Id594PbPG4ztQ,GOLD,bodyzayed,EUW,7,2026-03-14 00:10:32.966000+00:00,2026-03-14 00:40:01.965999998+00:00,1,0,0.3636363636363636,4.714527981910684,1,0.0,0.4913888888883333,L
24,kDXNc744I1TGHqKVal797NmAJGdRRyifCfz4NSPZUv61HwumtXjFe2wmcfpKELfz2Id594PbPG4ztQ,GOLD,bodyzayed,EUW,8,2026-03-26 23:55:16.356000+00:00,2026-03-27 00:25:10.356000+00:00,1,0,1.4545454545454546,6.053511705685619,1,0.0,0.49833333333333335,L
24,kDXNc744I1TGHqKVal797NmAJGdRRyifCfz4NSPZUv61HwumtXjFe2wmcfpKELfz2Id594PbPG4ztQ,GOLD,bodyzayed,EUW,9,2026-04-04 19:50:48.487000+00:00,2026-04-04 21:24:02.415000+00:00,3,0,1.5714285714285714,5.6624932813389295,3,0.0,1.553868888888889,LLL
24,kDXNc744I1TGHqKVal797NmAJGdRRyifCfz4NSPZUv61HwumtXjFe2wmcfpKELfz2Id594PbPG4ztQ,GOLD,bodyzayed,EUW,10,2026-04-05 20:31:15.202000+00:00,2026-04-05 20:51:08.170000+00:00,2,1,0.5,4.7353951890034365,1,0.5,0.33138,LW
24,kDXNc744I1TGHqKVal797NmAJGdRRyifCfz4NSPZUv61HwumtXjFe2wmcfpKELfz2Id594PbPG4ztQ,GOLD,bodyzayed,EUW,11,2026-04-05 22:05:19.904000+00:00,2026-04-05 23:18:58.596000002+00:00,2,0,1.6285714285714283,7.498185845447853,2,0.0,1.227414444445,LL
24,kDXNc744I1TGHqKVal797NmAJGdRRyifCfz4NSPZUv61HwumtXjFe2wmcfpKELfz2Id594PbPG4ztQ,GOLD,bodyzayed,EUW,12,2026-04-06 23:47:36.408000+00:00,2026-04-07 01:22:44.841000+00:00,3,2,0.9761904761904762,4.95525633938666,1,0.6666666666666666,1.5856758333333334,LWW
24,kDXNc744I1TGHqKVal797NmAJGdRRyifCfz4NSPZUv61HwumtXjFe2wmcfpKELfz2Id594PbPG4ztQ,GOLD,bodyzayed,EUW,13,2026-04-07 20:40:06.855000+00:00,2026-04-07 22:52:21.042999998+00:00,5,1,2.1,6.628440127564858,4,0.2,2.203941111110556,LLWLL
24,kDXNc744I1TGHqKVal797NmAJGdRRyifCfz4NSPZUv61HwumtXjFe2wmcfpKELfz2Id594PbPG4ztQ,GOLD,bodyzayed,EUW,14,2026-04-08 23:28:37.847000+00:00,2026-04-09 02:14:00.529000002+00:00,5,5,2.337142857142857,6.5053234366158135,0,1.0,2.756300555556111,WWWWW
24,kDXNc744I1TGHqKVal797NmAJGdRRyifCfz4NSPZUv61HwumtXjFe2wmcfpKELfz2Id594PbPG4ztQ,GOLD,bodyzayed,EUW,15,2026-04-09 20:17:23.892000+00:00,2026-04-09 20:22:41.892000+00:00,1,1,1.0,8.49056603773585,0,1.0,0.08833333333333333,W
24,kDXNc744I1TGHqKVal797NmAJGdRRyifCfz4NSPZUv61HwumtXjFe2wmcfpKELfz2Id594PbPG4ztQ,GOLD,bodyzayed,EUW,16,2026-04-10 21:02:18.467000+00:00,2026-04-10 21:31:16.467000002+00:00,1,0,1.0,7.14614499424626,1,0.0,0.4827777777783333,L
24,kDXNc744I1TGHqKVal797NmAJGdRRyifCfz4NSPZUv61HwumtXjFe2wmcfpKELfz2Id594PbPG4ztQ,GOLD,bodyzayed,EUW,17,2026-04-12 21:37:45.341000+00:00,2026-04-12 22:55:58.098000+00:00,2,0,0.8881118881118881,6.652751822575336,2,0.0,1.303543611111111,LL
24,kDXNc744I1TGHqKVal797NmAJGdRRyifCfz4NSPZUv61HwumtXjFe2wmcfpKELfz2Id594PbPG4ztQ,GOLD,bodyzayed,EUW,18,2026-04-13 22:32:40.595000+00:00,2026-04-13 23:21:47.709999998+00:00,2,2,1.1666666666666665,4.708567882629317,0,1.0,0.8186430555549999,WW
24,kDXNc744I1TGHqKVal797NmAJGdRRyifCfz4NSPZUv61HwumtXjFe2wmcfpKELfz2Id594PbPG4ztQ,GOLD,bodyzayed,EUW,19,2026-04-14 23:27:09.527000+00:00,2026-04-15 02:40:13.477999998+00:00,5,3,3.587662337662338,6.870781439172871,2,0.6,3.217764166666111,WWLLW
24,kDXNc744I1TGHqKVal797NmAJGdRRyifCfz4NSPZUv61HwumtXjFe2wmcfpKELfz2Id594PbPG4ztQ,GOLD,bodyzayed,EUW,20,2026-04-16 02:34:57.952000+00:00,2026-04-16 10:01:45.763999998+00:00,11,6,3.5634067952249775,7.122731649033992,5,0.5454545454545454,7.446614444443889,LWLWWWWLWLL
24,kDXNc744I1TGHqKVal797NmAJGdRRyifCfz4NSPZUv61HwumtXjFe2wmcfpKELfz2Id594PbPG4ztQ,GOLD,bodyzayed,EUW,21,2026-04-17 21:09:40.396000+00:00,2026-04-17 22:24:28.208000+00:00,2,1,1.4333333333333333,5.841806651657967,1,0.5,1.2466144444444445,LW
24,kDXNc744I1TGHqKVal797NmAJGdRRyifCfz4NSPZUv61HwumtXjFe2wmcfpKELfz2Id594PbPG4ztQ,GOLD,bodyzayed,EUW,22,2026-04-18 20:37:13.101000+00:00,2026-04-18 23:34:04.712999998+00:00,4,0,1.7146464646464648,7.260578766956606,4,0.0,2.9476699999994445,LLLL
24,kDXNc744I1TGHqKVal797NmAJGdRRyifCfz4NSPZUv61HwumtXjFe2wmcfpKELfz2Id594PbPG4ztQ,GOLD,bodyzayed,EUW,23,2026-04-19 10:10:20.874000+00:00,2026-04-19 13:11:21.914000002+00:00,5,3,3.963492063492063,6.729068029044794,2,0.6,3.016955555556111,LWWWL
24,kDXNc744I1TGHqKVal797NmAJGdRRyifCfz4NSPZUv61HwumtXjFe2wmcfpKELfz2Id594PbPG4ztQ,GOLD,bodyzayed,EUW,24,2026-04-19 15:49:16.791000+00:00,2026-04-19 16:18:21.790999998+00:00,1,1,9.5,8.836676217765044,0,1.0,0.48472222222166667,W
24,kDXNc744I1TGHqKVal797NmAJGdRRyifCfz4NSPZUv61HwumtXjFe2wmcfpKELfz2Id594PbPG4ztQ,GOLD,bodyzayed,EUW,25,2026-04-19 20:33:01.479000+00:00,2026-04-19 21:12:35.479000002+00:00,1,0,1.9090909090909087,7.379949452401011,1,0.0,0.6594444444449999,L
24,kDXNc744I1TGHqKVal797NmAJGdRRyifCfz4NSPZUv61HwumtXjFe2wmcfpKELfz2Id594PbPG4ztQ,GOLD,bodyzayed,EUW,26,2026-04-19 22:26:52.501000+00:00,2026-04-19 22:54:26.501000002+00:00,1,1,1.5,6.711003627569529,0,1.0,0.459444444445,W
24,kDXNc744I1TGHqKVal797NmAJGdRRyifCfz4NSPZUv61HwumtXjFe2wmcfpKELfz2Id594PbPG4ztQ,GOLD,bodyzayed,EUW,27,2026-04-20 10:40:47.499000+00:00,2026-04-20 14:11:53.006000002+00:00,6,5,3.893849206349206,7.843219478819607,1,0.8333333333333334,3.5181963888894447,WWWWWL
24,kDXNc744I1TGHqKVal797NmAJGdRRyifCfz4NSPZUv61HwumtXjFe2wmcfpKELfz2Id594PbPG4ztQ,GOLD,bodyzayed,EUW,28,2026-04-20 15:36:17.302000+00:00,2026-04-20 16:34:04.274999998+00:00,2,1,7.7727272727272725,7.78746956811195,1,0.5,0.963048055555,WL
24,kDXNc744I1TGHqKVal797NmAJGdRRyifCfz4NSPZUv61HwumtXjFe2wmcfpKELfz2Id594PbPG4ztQ,GOLD,bodyzayed,EUW,29,2026-04-20 22:35:24.291000+00:00,2026-04-20 23:05:08.290999998+00:00,1,1,10.0,7.600896860986547,0,1.0,0.495555555555,W
24,kDXNc744I1TGHqKVal797NmAJGdRRyifCfz4NSPZUv61HwumtXjFe2wmcfpKELfz2Id594PbPG4ztQ,GOLD,bodyzayed,EUW,30,2026-04-21 00:09:30.321000+00:00,2026-04-21 02:14:39.675000+00:00,3,1,2.6634920634920634,7.143277668926981,2,0.3333333333333333,2.0859316666666667,LLW
24,kDXNc744I1TGHqKVal797NmAJGdRRyifCfz4NSPZUv61HwumtXjFe2wmcfpKELfz2Id594PbPG4ztQ,GOLD,bodyzayed,EUW,31,2026-04-21 20:02:59.458000+00:00,2026-04-21 22:06:41.646000002+00:00,3,1,2.128968253968254,7.621277237281698,2,0.3333333333333333,2.0617188888894447,LWL
24,kDXNc744I1TGHqKVal797NmAJGdRRyifCfz4NSPZUv61HwumtXjFe2wmcfpKELfz2Id594PbPG4ztQ,GOLD,bodyzayed,EUW,32,2026-04-22 15:34:49.071000+00:00,2026-04-22 17:53:03.726999998+00:00,3,2,2.2416666666666667,7.265226506102212,1,0.6666666666666666,2.3040711111105554,WLW
24,kDXNc744I1TGHqKVal797NmAJGdRRyifCfz4NSPZUv61HwumtXjFe2wmcfpKELfz2Id594PbPG4ztQ,GOLD,bodyzayed,EUW,33,2026-04-22 19:12:48.206000+00:00,2026-04-22 19:42:08.205999998+00:00,1,1,3.6,7.125,0,1.0,0.4888888888883333,W
24,kDXNc744I1TGHqKVal797NmAJGdRRyifCfz4NSPZUv61HwumtXjFe2wmcfpKELfz2Id594PbPG4ztQ,GOLD,bodyzayed,EUW,34,2026-04-22 21:38:33.017000+00:00,2026-04-22 22:12:50.016999998+00:00,1,1,2.2222222222222223,6.154594069032572,0,1.0,0.5713888888883334,W
24,kDXNc744I1TGHqKVal797NmAJGdRRyifCfz4NSPZUv61HwumtXjFe2wmcfpKELfz2Id594PbPG4ztQ,GOLD,bodyzayed,EUW,35,2026-04-23 22:29:05.492000+00:00,2026-04-23 22:57:41.492000+00:00,1,1,2.0,6.8531468531468525,0,1.0,0.4766666666666667,W
24,kDXNc744I1TGHqKVal797NmAJGdRRyifCfz4NSPZUv61HwumtXjFe2wmcfpKELfz2Id594PbPG4ztQ,GOLD,bodyzayed,EUW,36,2026-04-24 21:15:37.920000+00:00,2026-04-24 23:02:02.073999998+00:00,2,0,0.6339285714285714,6.430529191357312,2,0.0,1.7733761111105555,LL
24,kDXNc744I1TGHqKVal797NmAJGdRRyifCfz4NSPZUv61HwumtXjFe2wmcfpKELfz2Id594PbPG4ztQ,GOLD,bodyzayed,EUW,37,2026-04-25 18:17:22.863000+00:00,2026-04-25 18:43:23.863000002+00:00,1,1,12.5,7.610506085842409,0,1.0,0.43361111111166667,W
24,kDXNc744I1TGHqKVal797NmAJGdRRyifCfz4NSPZUv61HwumtXjFe2wmcfpKELfz2Id594PbPG4ztQ,GOLD,bodyzayed,EUW,38,2026-04-25 19:46:10.508000+00:00,2026-04-25 21:42:37.214000+00:00,3,1,1.7833333333333332,7.318353215813921,2,0.3333333333333333,1.9407516666666667,LWL
24,kDXNc744I1TGHqKVal797NmAJGdRRyifCfz4NSPZUv61HwumtXjFe2wmcfpKELfz2Id594PbPG4ztQ,GOLD,bodyzayed,EUW,39,2026-04-27 21:45:07.829000+00:00,2026-04-27 22:15:18.828999998+00:00,1,1,2.8,9.077857537272225,0,1.0,0.503055555555,W
24,kDXNc744I1TGHqKVal797NmAJGdRRyifCfz4NSPZUv61HwumtXjFe2wmcfpKELfz2Id594PbPG4ztQ,GOLD,bodyzayed,EUW,40,2026-05-01 19:41:24.430000+00:00,2026-05-01 21:00:02.806999998+00:00,2,0,0.625,7.19219814600792,2,0.0,1.3106602777772223,LL
24,kDXNc744I1TGHqKVal797NmAJGdRRyifCfz4NSPZUv61HwumtXjFe2wmcfpKELfz2Id594PbPG4ztQ,GOLD,bodyzayed,EUW,41,2026-05-21 16:31:40.315000+00:00,2026-05-21 17:19:39.314999998+00:00,1,1,2.1538461538461537,6.3980548801667245,0,1.0,0.7997222222216667,W
24,kDXNc744I1TGHqKVal797NmAJGdRRyifCfz4NSPZUv61HwumtXjFe2wmcfpKELfz2Id594PbPG4ztQ,GOLD,bodyzayed,EUW,42,2026-06-20 05:22:13.475000+00:00,2026-06-20 05:53:18.474999998+00:00,1,0,0.2857142857142857,3.86058981233244,1,0.0,0.518055555555,L
25,arBBR19CT1jet9GdZYm32Ic5rWictrEINhGOq69wQnzE-uhC5-yAYowROUeWWtLhruw4hmd-674oyw,GOLD,SaintSid,0001,1,2024-09-06 22:01:31.808000+00:00,2024-09-06 23:19:09.213999998+00:00,2,2,4.833333333333333,6.577049996415459,0,1.0,1.2937238888883333,WW
25,arBBR19CT1jet9GdZYm32Ic5rWictrEINhGOq69wQnzE-uhC5-yAYowROUeWWtLhruw4hmd-674oyw,GOLD,SaintSid,0001,2,2024-09-08 13:44:41.023000+00:00,2024-09-08 14:49:59.074000+00:00,2,2,5.0,7.494679649570978,0,1.0,1.0883475,WW
25,arBBR19CT1jet9GdZYm32Ic5rWictrEINhGOq69wQnzE-uhC5-yAYowROUeWWtLhruw4hmd-674oyw,GOLD,SaintSid,0001,3,2024-09-11 19:54:10.956000+00:00,2024-09-11 21:10:33.964000002+00:00,2,1,2.4375,7.151576002346518,1,0.5,1.2730577777783332,WL
25,arBBR19CT1jet9GdZYm32Ic5rWictrEINhGOq69wQnzE-uhC5-yAYowROUeWWtLhruw4hmd-674oyw,GOLD,SaintSid,0001,4,2024-09-24 21:11:03.340000+00:00,2024-09-24 21:38:38.339999998+00:00,1,1,3.2,5.11178247734139,0,1.0,0.4597222222216667,W
25,arBBR19CT1jet9GdZYm32Ic5rWictrEINhGOq69wQnzE-uhC5-yAYowROUeWWtLhruw4hmd-674oyw,GOLD,SaintSid,0001,5,2024-09-26 20:59:58.417000+00:00,2024-09-26 21:42:34.417000+00:00,1,0,0.8461538461538461,6.924882629107981,1,0.0,0.71,L
25,arBBR19CT1jet9GdZYm32Ic5rWictrEINhGOq69wQnzE-uhC5-yAYowROUeWWtLhruw4hmd-674oyw,GOLD,SaintSid,0001,6,2024-09-28 14:01:03.544000+00:00,2024-09-28 15:05:42.147999998+00:00,3,1,0.6,4.977589901647362,2,0.3333333333333333,1.0773899999994443,LLW
25,arBBR19CT1jet9GdZYm32Ic5rWictrEINhGOq69wQnzE-uhC5-yAYowROUeWWtLhruw4hmd-674oyw,GOLD,SaintSid,0001,7,2025-01-11 21:33:03.784000+00:00,2025-01-11 21:52:10.784000002+00:00,1,1,2.0,6.068003487358326,0,1.0,0.3186111111116667,W
25,arBBR19CT1jet9GdZYm32Ic5rWictrEINhGOq69wQnzE-uhC5-yAYowROUeWWtLhruw4hmd-674oyw,GOLD,SaintSid,0001,8,2025-02-02 19:59:47.169000+00:00,2025-02-02 21:17:20.975000002+00:00,2,1,1.8958333333333333,3.0859422533367225,1,0.5,1.2927238888894443,WL
25,arBBR19CT1jet9GdZYm32Ic5rWictrEINhGOq69wQnzE-uhC5-yAYowROUeWWtLhruw4hmd-674oyw,GOLD,SaintSid,0001,9,2025-02-12 16:54:56.206000+00:00,2025-02-12 17:24:39.206000002+00:00,1,0,2.1666666666666665,7.100392596747056,1,0.0,0.4952777777783333,L
25,arBBR19CT1jet9GdZYm32Ic5rWictrEINhGOq69wQnzE-uhC5-yAYowROUeWWtLhruw4hmd-674oyw,GOLD,SaintSid,0001,10,2025-02-22 16:46:15.603000+00:00,2025-02-22 17:15:14.602999998+00:00,1,0,3.0,7.245543415756181,1,0.0,0.483055555555,L
25,arBBR19CT1jet9GdZYm32Ic5rWictrEINhGOq69wQnzE-uhC5-yAYowROUeWWtLhruw4hmd-674oyw,GOLD,SaintSid,0001,11,2025-02-24 18:46:05.068000+00:00,2025-02-24 19:22:07.067999997+00:00,1,1,2.0,5.7169287696577245,0,1.0,0.6005555555547222,W
25,arBBR19CT1jet9GdZYm32Ic5rWictrEINhGOq69wQnzE-uhC5-yAYowROUeWWtLhruw4hmd-674oyw,GOLD,SaintSid,0001,12,2025-02-26 19:39:16.114000+00:00,2025-02-26 20:18:52.114000+00:00,1,1,2.1666666666666665,6.616161616161616,0,1.0,0.66,W
25,arBBR19CT1jet9GdZYm32Ic5rWictrEINhGOq69wQnzE-uhC5-yAYowROUeWWtLhruw4hmd-674oyw,GOLD,SaintSid,0001,13,2025-07-18 21:29:10.510000+00:00,2025-07-18 21:48:44.510000002+00:00,1,1,2.5,7.563884156729131,0,1.0,0.3261111111116667,W
25,arBBR19CT1jet9GdZYm32Ic5rWictrEINhGOq69wQnzE-uhC5-yAYowROUeWWtLhruw4hmd-674oyw,GOLD,SaintSid,0001,14,2025-07-24 19:31:38.450000+00:00,2025-07-24 19:59:48.450000002+00:00,1,1,8.5,5.538461538461538,0,1.0,0.469444444445,W
25,arBBR19CT1jet9GdZYm32Ic5rWictrEINhGOq69wQnzE-uhC5-yAYowROUeWWtLhruw4hmd-674oyw,GOLD,SaintSid,0001,15,2025-07-27 23:50:12.835000+00:00,2025-07-28 00:20:24.835000+00:00,1,0,2.6666666666666665,7.980132450331126,1,0.0,0.5033333333333333,L
25,arBBR19CT1jet9GdZYm32Ic5rWictrEINhGOq69wQnzE-uhC5-yAYowROUeWWtLhruw4hmd-674oyw,GOLD,SaintSid,0001,16,2025-08-08 16:47:28.115000+00:00,2025-08-08 18:00:34.756999998+00:00,2,2,8.05,3.752117796991354,0,1.0,1.218511666666111,WW
25,arBBR19CT1jet9GdZYm32Ic5rWictrEINhGOq69wQnzE-uhC5-yAYowROUeWWtLhruw4hmd-674oyw,GOLD,SaintSid,0001,17,2025-08-10 00:20:41.902000+00:00,2025-08-10 00:55:20.902000+00:00,1,1,3.857142857142857,0.7215007215007215,0,1.0,0.5775,W
25,arBBR19CT1jet9GdZYm32Ic5rWictrEINhGOq69wQnzE-uhC5-yAYowROUeWWtLhruw4hmd-674oyw,GOLD,SaintSid,0001,18,2025-08-10 18:51:57.725000+00:00,2025-08-10 19:31:52.725000002+00:00,1,0,2.0,6.663883089770355,1,0.0,0.6652777777783333,L
25,arBBR19CT1jet9GdZYm32Ic5rWictrEINhGOq69wQnzE-uhC5-yAYowROUeWWtLhruw4hmd-674oyw,GOLD,SaintSid,0001,19,2025-08-31 17:24:15.367000+00:00,2025-08-31 17:49:51.367000+00:00,1,1,3.2,1.25,0,1.0,0.4266666666666667,W
25,arBBR19CT1jet9GdZYm32Ic5rWictrEINhGOq69wQnzE-uhC5-yAYowROUeWWtLhruw4hmd-674oyw,GOLD,SaintSid,0001,20,2025-09-04 18:30:33.878000+00:00,2025-09-04 19:02:37.878000002+00:00,1,1,3.571428571428572,1.528066528066528,0,1.0,0.5344444444449999,W
25,arBBR19CT1jet9GdZYm32Ic5rWictrEINhGOq69wQnzE-uhC5-yAYowROUeWWtLhruw4hmd-674oyw,GOLD,SaintSid,0001,21,2025-09-16 10:43:49.152000+00:00,2025-09-16 11:11:47.152000002+00:00,1,0,1.0,1.2872467222884387,1,0.0,0.46611111111166664,L
25,arBBR19CT1jet9GdZYm32Ic5rWictrEINhGOq69wQnzE-uhC5-yAYowROUeWWtLhruw4hmd-674oyw,GOLD,SaintSid,0001,22,2025-10-13 16:32:25.351000+00:00,2025-10-13 18:13:42.354000+00:00,2,1,5.05,2.677530438213925,1,0.5,1.6880563888888889,LW
25,arBBR19CT1jet9GdZYm32Ic5rWictrEINhGOq69wQnzE-uhC5-yAYowROUeWWtLhruw4hmd-674oyw,GOLD,SaintSid,0001,23,2025-10-17 10:59:53.005000+00:00,2025-10-17 12:08:16.028000+00:00,2,0,1.9166666666666667,3.719520833371663,2,0.0,1.1397286111111111,LL
25,arBBR19CT1jet9GdZYm32Ic5rWictrEINhGOq69wQnzE-uhC5-yAYowROUeWWtLhruw4hmd-674oyw,GOLD,SaintSid,0001,24,2025-10-24 17:03:41.918000+00:00,2025-10-24 17:38:51.918000002+00:00,1,1,10.0,6.3412322274881525,0,1.0,0.5861111111116667,W
25,arBBR19CT1jet9GdZYm32Ic5rWictrEINhGOq69wQnzE-uhC5-yAYowROUeWWtLhruw4hmd-674oyw,GOLD,SaintSid,0001,25,2025-10-26 16:38:17.768000+00:00,2025-10-26 17:04:58.767999998+00:00,1,1,22.0,6.146158650843223,0,1.0,0.4447222222216667,W
25,arBBR19CT1jet9GdZYm32Ic5rWictrEINhGOq69wQnzE-uhC5-yAYowROUeWWtLhruw4hmd-674oyw,GOLD,SaintSid,0001,26,2025-10-27 17:51:59.964000+00:00,2025-10-27 18:55:20.026999998+00:00,2,2,5.0,7.0477409530204564,0,1.0,1.055573055555,WW
25,arBBR19CT1jet9GdZYm32Ic5rWictrEINhGOq69wQnzE-uhC5-yAYowROUeWWtLhruw4hmd-674oyw,GOLD,SaintSid,0001,27,2025-10-28 16:48:27.217000+00:00,2025-10-28 17:18:35.216999998+00:00,1,0,1.5714285714285714,5.475663716814159,1,0.0,0.5022222222216667,L
25,arBBR19CT1jet9GdZYm32Ic5rWictrEINhGOq69wQnzE-uhC5-yAYowROUeWWtLhruw4hmd-674oyw,GOLD,SaintSid,0001,28,2025-11-03 15:38:51.688000+00:00,2025-11-03 16:09:29.687999998+00:00,1,0,2.375,7.181719260065289,1,0.0,0.510555555555,L
25,arBBR19CT1jet9GdZYm32Ic5rWictrEINhGOq69wQnzE-uhC5-yAYowROUeWWtLhruw4hmd-674oyw,GOLD,SaintSid,0001,29,2025-11-12 17:06:52.812000+00:00,2025-11-12 18:21:58.567000+00:00,2,1,3.6666666666666665,3.063328424153166,1,0.5,1.251598611111111,LW
25,arBBR19CT1jet9GdZYm32Ic5rWictrEINhGOq69wQnzE-uhC5-yAYowROUeWWtLhruw4hmd-674oyw,GOLD,SaintSid,0001,30,2025-11-16 20:24:13.690000+00:00,2025-11-16 20:50:47.690000002+00:00,1,1,9.0,5.947302383939774,0,1.0,0.4427777777783333,W
25,arBBR19CT1jet9GdZYm32Ic5rWictrEINhGOq69wQnzE-uhC5-yAYowROUeWWtLhruw4hmd-674oyw,GOLD,SaintSid,0001,31,2025-11-18 18:02:13.337000+00:00,2025-11-18 19:17:45.113999998+00:00,2,2,2.8714285714285714,5.8714604563080535,0,1.0,1.2588269444438889,WW
25,arBBR19CT1jet9GdZYm32Ic5rWictrEINhGOq69wQnzE-uhC5-yAYowROUeWWtLhruw4hmd-674oyw,GOLD,SaintSid,0001,32,2025-11-24 16:23:17.808000+00:00,2025-11-24 16:47:38.808000+00:00,1,1,4.666666666666667,7.022587268993839,0,1.0,0.4058333333333333,W
25,arBBR19CT1jet9GdZYm32Ic5rWictrEINhGOq69wQnzE-uhC5-yAYowROUeWWtLhruw4hmd-674oyw,GOLD,SaintSid,0001,33,2025-11-28 17:50:08.217000+00:00,2025-11-28 19:29:03.985000+00:00,3,2,4.2407407407407405,4.700157070096602,1,0.6666666666666666,1.6488244444444444,WWL
25,arBBR19CT1jet9GdZYm32Ic5rWictrEINhGOq69wQnzE-uhC5-yAYowROUeWWtLhruw4hmd-674oyw,GOLD,SaintSid,0001,34,2025-11-29 13:43:20.061000+00:00,2025-11-29 14:47:04.781999998+00:00,2,1,8.0,4.076561677682638,1,0.5,1.0624224999994445,WL
25,arBBR19CT1jet9GdZYm32Ic5rWictrEINhGOq69wQnzE-uhC5-yAYowROUeWWtLhruw4hmd-674oyw,GOLD,SaintSid,0001,35,2025-12-01 15:49:04.857000+00:00,2025-12-01 17:33:28.321000+00:00,3,0,0.7555555555555555,6.807586949986658,3,0.0,1.739851111111111,LLL
25,arBBR19CT1jet9GdZYm32Ic5rWictrEINhGOq69wQnzE-uhC5-yAYowROUeWWtLhruw4hmd-674oyw,GOLD,SaintSid,0001,36,2026-01-04 15:04:09.279000+00:00,2026-01-04 16:52:33.843000002+00:00,4,3,2.45,4.799772228165684,1,0.75,1.806823333333889,WWLW
25,arBBR19CT1jet9GdZYm32Ic5rWictrEINhGOq69wQnzE-uhC5-yAYowROUeWWtLhruw4hmd-674oyw,GOLD,SaintSid,0001,37,2026-01-09 15:45:08.734000+00:00,2026-01-09 16:11:08.734000+00:00,1,1,4.8,1.1538461538461535,0,1.0,0.43333333333333335,W
25,arBBR19CT1jet9GdZYm32Ic5rWictrEINhGOq69wQnzE-uhC5-yAYowROUeWWtLhruw4hmd-674oyw,GOLD,SaintSid,0001,38,2026-01-11 15:29:13.297000+00:00,2026-01-11 15:59:16.297000+00:00,1,0,1.6666666666666667,5.990016638935108,1,0.0,0.5008333333333334,L
25,arBBR19CT1jet9GdZYm32Ic5rWictrEINhGOq69wQnzE-uhC5-yAYowROUeWWtLhruw4hmd-674oyw,GOLD,SaintSid,0001,39,2026-01-15 17:03:16.588000+00:00,2026-01-15 17:34:39.587999998+00:00,1,0,0.6666666666666666,6.691449814126394,1,0.0,0.523055555555,L
25,arBBR19CT1jet9GdZYm32Ic5rWictrEINhGOq69wQnzE-uhC5-yAYowROUeWWtLhruw4hmd-674oyw,GOLD,SaintSid,0001,40,2026-01-16 15:26:59.632000+00:00,2026-01-16 16:32:35.109000002+00:00,2,0,1.7857142857142856,1.0073261277268721,2,0.0,1.093188055556111,LL
25,arBBR19CT1jet9GdZYm32Ic5rWictrEINhGOq69wQnzE-uhC5-yAYowROUeWWtLhruw4hmd-674oyw,GOLD,SaintSid,0001,41,2026-01-16 18:14:34.135000+00:00,2026-01-16 19:28:08.736999998+00:00,2,1,8.964285714285714,7.730220527595403,1,0.5,1.2262783333327778,LW
25,arBBR19CT1jet9GdZYm32Ic5rWictrEINhGOq69wQnzE-uhC5-yAYowROUeWWtLhruw4hmd-674oyw,GOLD,SaintSid,0001,42,2026-01-16 21:54:45.432000+00:00,2026-01-16 23:46:39.427999998+00:00,3,2,5.161111111111111,2.653137124105265,1,0.6666666666666666,1.8649988888883333,WLW
25,arBBR19CT1jet9GdZYm32Ic5rWictrEINhGOq69wQnzE-uhC5-yAYowROUeWWtLhruw4hmd-674oyw,GOLD,SaintSid,0001,43,2026-01-17 19:29:00.622000+00:00,2026-01-17 20:05:32.621999998+00:00,1,1,13.5,0.6843065693430658,0,1.0,0.6088888888883334,W
25,arBBR19CT1jet9GdZYm32Ic5rWictrEINhGOq69wQnzE-uhC5-yAYowROUeWWtLhruw4hmd-674oyw,GOLD,SaintSid,0001,44,2026-01-17 22:50:57.693000+00:00,2026-01-17 23:27:27.693000+00:00,1,1,4.2,1.9726027397260275,0,1.0,0.6083333333333333,W
25,arBBR19CT1jet9GdZYm32Ic5rWictrEINhGOq69wQnzE-uhC5-yAYowROUeWWtLhruw4hmd-674oyw,GOLD,SaintSid,0001,45,2026-01-18 11:19:27.049000+00:00,2026-01-18 12:16:18.471000002+00:00,2,1,2.7291666666666665,4.452388238903882,1,0.5,0.9476172222227778,LW
25,arBBR19CT1jet9GdZYm32Ic5rWictrEINhGOq69wQnzE-uhC5-yAYowROUeWWtLhruw4hmd-674oyw,GOLD,SaintSid,0001,46,2026-01-18 18:49:10.866000+00:00,2026-01-18 19:19:35.866000002+00:00,1,0,2.0,7.66027397260274,1,0.0,0.506944444445,L
25,arBBR19CT1jet9GdZYm32Ic5rWictrEINhGOq69wQnzE-uhC5-yAYowROUeWWtLhruw4hmd-674oyw,GOLD,SaintSid,0001,47,2026-01-21 15:56:08.757000+00:00,2026-01-21 17:12:07.684000+00:00,2,0,1.9924242424242427,3.9480897009966776,2,0.0,1.266368611111111,LL
25,arBBR19CT1jet9GdZYm32Ic5rWictrEINhGOq69wQnzE-uhC5-yAYowROUeWWtLhruw4hmd-674oyw,GOLD,SaintSid,0001,48,2026-01-25 18:11:08.755000+00:00,2026-01-25 18:49:05.755000+00:00,1,1,4.5,7.272727272727272,0,1.0,0.6325,W
25,arBBR19CT1jet9GdZYm32Ic5rWictrEINhGOq69wQnzE-uhC5-yAYowROUeWWtLhruw4hmd-674oyw,GOLD,SaintSid,0001,49,2026-03-13 22:50:41.506000+00:00,2026-03-13 23:22:05.506000+00:00,1,1,3.0,7.452229299363058,0,1.0,0.5233333333333333,W
25,arBBR19CT1jet9GdZYm32Ic5rWictrEINhGOq69wQnzE-uhC5-yAYowROUeWWtLhruw4hmd-674oyw,GOLD,SaintSid,0001,50,2026-05-24 22:33:33.135000+00:00,2026-05-24 23:01:55.135000002+00:00,1,1,7.0,5.957696827262045,0,1.0,0.47277777777833335,W
25,arBBR19CT1jet9GdZYm32Ic5rWictrEINhGOq69wQnzE-uhC5-yAYowROUeWWtLhruw4hmd-674oyw,GOLD,SaintSid,0001,51,2026-06-16 21:38:57.114000+00:00,2026-06-16 22:19:09.114000+00:00,1,0,2.6666666666666665,8.53233830845771,1,0.0,0.67,L
25,arBBR19CT1jet9GdZYm32Ic5rWictrEINhGOq69wQnzE-uhC5-yAYowROUeWWtLhruw4hmd-674oyw,GOLD,SaintSid,0001,52,2026-06-19 15:21:13.730000+00:00,2026-06-19 16:38:49.022000002+00:00,2,0,2.0833333333333335,6.611568514254643,2,0.0,1.2931366666672224,LL
25,arBBR19CT1jet9GdZYm32Ic5rWictrEINhGOq69wQnzE-uhC5-yAYowROUeWWtLhruw4hmd-674oyw,GOLD,SaintSid,0001,53,2026-07-04 09:26:24.697000+00:00,2026-07-04 10:00:18.697000+00:00,1,1,2.2,5.103244837758112,0,1.0,0.565,W
25,arBBR19CT1jet9GdZYm32Ic5rWictrEINhGOq69wQnzE-uhC5-yAYowROUeWWtLhruw4hmd-674oyw,GOLD,SaintSid,0001,54,2026-07-05 16:54:40.741000+00:00,2026-07-05 17:21:57.740999998+00:00,1,0,0.4285714285714285,6.26756261453879,1,0.0,0.4547222222216667,L
26,f5_wWz4KpP89iiZRleLcs8wCqDFRVwlUQThrYb8UsnrAzXDegFgJ59lB-xeBwt2L4JLEG8H940E-2A,GOLD,ErVerdulero,EUW,1,2026-05-04 10:27:26.526000+00:00,2026-05-04 10:56:34.525999998+00:00,1,0,1.3333333333333333,5.423340961098399,1,0.0,0.485555555555,L
26,f5_wWz4KpP89iiZRleLcs8wCqDFRVwlUQThrYb8UsnrAzXDegFgJ59lB-xeBwt2L4JLEG8H940E-2A,GOLD,ErVerdulero,EUW,2,2026-05-08 07:56:29.729000+00:00,2026-05-08 09:19:07.385999998+00:00,3,3,1.5185185185185184,6.427367043304037,0,1.0,1.377126944443889,WWW
26,f5_wWz4KpP89iiZRleLcs8wCqDFRVwlUQThrYb8UsnrAzXDegFgJ59lB-xeBwt2L4JLEG8H940E-2A,GOLD,ErVerdulero,EUW,3,2026-05-08 10:52:07.694000+00:00,2026-05-08 11:21:51.693999998+00:00,1,0,1.0,6.524663677130045,1,0.0,0.495555555555,L
26,f5_wWz4KpP89iiZRleLcs8wCqDFRVwlUQThrYb8UsnrAzXDegFgJ59lB-xeBwt2L4JLEG8H940E-2A,GOLD,ErVerdulero,EUW,4,2026-05-08 16:31:41.395000+00:00,2026-05-08 17:05:09.395000002+00:00,1,0,1.3333333333333333,8.067729083665338,1,0.0,0.5577777777783334,L
26,f5_wWz4KpP89iiZRleLcs8wCqDFRVwlUQThrYb8UsnrAzXDegFgJ59lB-xeBwt2L4JLEG8H940E-2A,GOLD,ErVerdulero,EUW,5,2026-05-10 11:34:45.333000+00:00,2026-05-10 12:16:09.333000+00:00,1,0,0.9230769230769232,6.473429951690822,1,0.0,0.69,L
26,f5_wWz4KpP89iiZRleLcs8wCqDFRVwlUQThrYb8UsnrAzXDegFgJ59lB-xeBwt2L4JLEG8H940E-2A,GOLD,ErVerdulero,EUW,6,2026-05-10 13:54:12.525000+00:00,2026-05-10 16:31:43.931000+00:00,4,3,2.142857142857143,6.498421003778432,1,0.75,2.6253905555555557,WWWL
26,f5_wWz4KpP89iiZRleLcs8wCqDFRVwlUQThrYb8UsnrAzXDegFgJ59lB-xeBwt2L4JLEG8H940E-2A,GOLD,ErVerdulero,EUW,7,2026-05-11 01:27:06.067000+00:00,2026-05-11 01:53:56.066999998+00:00,1,0,2.25,6.037267080745342,1,0.0,0.4472222222216667,L
26,f5_wWz4KpP89iiZRleLcs8wCqDFRVwlUQThrYb8UsnrAzXDegFgJ59lB-xeBwt2L4JLEG8H940E-2A,GOLD,ErVerdulero,EUW,8,2026-05-12 07:14:57.348000+00:00,2026-05-12 07:53:49.348000002+00:00,1,0,1.4,6.072041166380789,1,0.0,0.6477777777783333,L
26,f5_wWz4KpP89iiZRleLcs8wCqDFRVwlUQThrYb8UsnrAzXDegFgJ59lB-xeBwt2L4JLEG8H940E-2A,GOLD,ErVerdulero,EUW,9,2026-05-13 21:02:17.468000+00:00,2026-05-13 22:04:25.884000+00:00,2,1,1.9444444444444442,6.434363636363637,1,0.5,1.0356711111111112,WL
26,f5_wWz4KpP89iiZRleLcs8wCqDFRVwlUQThrYb8UsnrAzXDegFgJ59lB-xeBwt2L4JLEG8H940E-2A,GOLD,ErVerdulero,EUW,10,2026-05-14 08:32:13.671000+00:00,2026-05-14 09:05:59.671000002+00:00,1,0,1.2727272727272727,6.544916090819348,1,0.0,0.5627777777783334,L
26,f5_wWz4KpP89iiZRleLcs8wCqDFRVwlUQThrYb8UsnrAzXDegFgJ59lB-xeBwt2L4JLEG8H940E-2A,GOLD,ErVerdulero,EUW,11,2026-05-15 00:03:18.759000+00:00,2026-05-15 01:26:17.974000+00:00,2,0,1.1458333333333333,6.7421649587105765,2,0.0,1.3831152777777778,LL
26,f5_wWz4KpP89iiZRleLcs8wCqDFRVwlUQThrYb8UsnrAzXDegFgJ59lB-xeBwt2L4JLEG8H940E-2A,GOLD,ErVerdulero,EUW,12,2026-05-15 09:08:37.329000+00:00,2026-05-15 09:25:59.329000002+00:00,1,0,1.0,7.024952015355086,1,0.0,0.289444444445,L
26,f5_wWz4KpP89iiZRleLcs8wCqDFRVwlUQThrYb8UsnrAzXDegFgJ59lB-xeBwt2L4JLEG8H940E-2A,GOLD,ErVerdulero,EUW,13,2026-05-17 00:47:49.827000+00:00,2026-05-17 01:03:00.826999998+00:00,1,0,0.8,4.742041712403951,1,0.0,0.25305555555500003,L
26,f5_wWz4KpP89iiZRleLcs8wCqDFRVwlUQThrYb8UsnrAzXDegFgJ59lB-xeBwt2L4JLEG8H940E-2A,GOLD,ErVerdulero,EUW,14,2026-05-17 11:54:03.272000+00:00,2026-05-17 12:22:26.271999998+00:00,1,0,0.3333333333333333,6.024662360540224,1,0.0,0.473055555555,L
26,f5_wWz4KpP89iiZRleLcs8wCqDFRVwlUQThrYb8UsnrAzXDegFgJ59lB-xeBwt2L4JLEG8H940E-2A,GOLD,ErVerdulero,EUW,15,2026-05-18 14:02:06.942000+00:00,2026-05-18 14:36:45.942000+00:00,1,0,0.8666666666666667,4.9062049062049065,1,0.0,0.5775,L
26,f5_wWz4KpP89iiZRleLcs8wCqDFRVwlUQThrYb8UsnrAzXDegFgJ59lB-xeBwt2L4JLEG8H940E-2A,GOLD,ErVerdulero,EUW,16,2026-05-20 01:25:03.887000+00:00,2026-05-20 02:29:17.202999998+00:00,2,1,1.725,5.07206893847852,1,0.5,1.070365555555,WL
26,f5_wWz4KpP89iiZRleLcs8wCqDFRVwlUQThrYb8UsnrAzXDegFgJ59lB-xeBwt2L4JLEG8H940E-2A,GOLD,ErVerdulero,EUW,17,2026-05-20 04:39:06.390000+00:00,2026-05-20 05:01:22.390000002+00:00,1,0,1.2,6.422155688622754,1,0.0,0.37111111111166667,L
26,f5_wWz4KpP89iiZRleLcs8wCqDFRVwlUQThrYb8UsnrAzXDegFgJ59lB-xeBwt2L4JLEG8H940E-2A,GOLD,ErVerdulero,EUW,18,2026-05-21 06:14:06.490000+00:00,2026-05-21 06:49:16.490000002+00:00,1,0,1.8,4.834123222748816,1,0.0,0.5861111111116667,L
26,f5_wWz4KpP89iiZRleLcs8wCqDFRVwlUQThrYb8UsnrAzXDegFgJ59lB-xeBwt2L4JLEG8H940E-2A,GOLD,ErVerdulero,EUW,19,2026-05-21 07:54:17.635000+00:00,2026-05-21 08:30:07.634999998+00:00,1,0,1.5,6.6139534883720925,1,0.0,0.5972222222216667,L
26,f5_wWz4KpP89iiZRleLcs8wCqDFRVwlUQThrYb8UsnrAzXDegFgJ59lB-xeBwt2L4JLEG8H940E-2A,GOLD,ErVerdulero,EUW,20,2026-05-22 00:03:42.493000+00:00,2026-05-22 00:33:26.706000002+00:00,2,2,2.1,4.267241379310345,0,1.0,0.49561472222277775,WW
26,f5_wWz4KpP89iiZRleLcs8wCqDFRVwlUQThrYb8UsnrAzXDegFgJ59lB-xeBwt2L4JLEG8H940E-2A,GOLD,ErVerdulero,EUW,21,2026-05-23 03:25:39.937000+00:00,2026-05-23 03:55:06.937000+00:00,1,1,3.4285714285714284,7.504244482173175,0,1.0,0.49083333333333334,W
26,f5_wWz4KpP89iiZRleLcs8wCqDFRVwlUQThrYb8UsnrAzXDegFgJ59lB-xeBwt2L4JLEG8H940E-2A,GOLD,ErVerdulero,EUW,22,2026-05-25 19:37:15.988000+00:00,2026-05-25 20:55:42.200000+00:00,2,1,3.1964285714285716,5.889929828428672,1,0.5,1.3072811111111113,WL
26,f5_wWz4KpP89iiZRleLcs8wCqDFRVwlUQThrYb8UsnrAzXDegFgJ59lB-xeBwt2L4JLEG8H940E-2A,GOLD,ErVerdulero,EUW,23,2026-05-26 05:40:19.433000+00:00,2026-05-26 06:35:09.136000002+00:00,2,0,1.0803571428571428,5.970022245759777,2,0.0,0.9138063888894444,LL
26,f5_wWz4KpP89iiZRleLcs8wCqDFRVwlUQThrYb8UsnrAzXDegFgJ59lB-xeBwt2L4JLEG8H940E-2A,GOLD,ErVerdulero,EUW,24,2026-05-28 17:11:37.616000+00:00,2026-05-28 19:49:45.959000+00:00,3,3,3.6825396825396823,6.458836350347816,0,1.0,2.6356508333333335,WWW
26,f5_wWz4KpP89iiZRleLcs8wCqDFRVwlUQThrYb8UsnrAzXDegFgJ59lB-xeBwt2L4JLEG8H940E-2A,GOLD,ErVerdulero,EUW,25,2026-05-28 21:06:03.361000+00:00,2026-05-28 21:45:34.361000002+00:00,1,1,2.25,4.6815689582454665,0,1.0,0.6586111111116667,W
26,f5_wWz4KpP89iiZRleLcs8wCqDFRVwlUQThrYb8UsnrAzXDegFgJ59lB-xeBwt2L4JLEG8H940E-2A,GOLD,ErVerdulero,EUW,26,2026-05-29 11:26:47.046000+00:00,2026-05-29 12:33:31.889000002+00:00,2,1,1.5625,6.451616632943799,1,0.5,1.1124563888894443,WL
26,f5_wWz4KpP89iiZRleLcs8wCqDFRVwlUQThrYb8UsnrAzXDegFgJ59lB-xeBwt2L4JLEG8H940E-2A,GOLD,ErVerdulero,EUW,27,2026-05-29 13:40:44.674000+00:00,2026-05-29 14:17:28.673999998+00:00,1,0,2.0,4.872958257713249,1,0.0,0.6122222222216667,L
26,f5_wWz4KpP89iiZRleLcs8wCqDFRVwlUQThrYb8UsnrAzXDegFgJ59lB-xeBwt2L4JLEG8H940E-2A,GOLD,ErVerdulero,EUW,28,2026-06-01 12:15:19.131000+00:00,2026-06-01 12:43:32.131000002+00:00,1,1,3.0,4.926166568222091,0,1.0,0.47027777777833335,W
26,f5_wWz4KpP89iiZRleLcs8wCqDFRVwlUQThrYb8UsnrAzXDegFgJ59lB-xeBwt2L4JLEG8H940E-2A,GOLD,ErVerdulero,EUW,29,2026-06-01 23:57:25.840000+00:00,2026-06-02 00:33:09.839999998+00:00,1,0,1.2727272727272727,3.3022388059701493,1,0.0,0.5955555555550001,L
26,f5_wWz4KpP89iiZRleLcs8wCqDFRVwlUQThrYb8UsnrAzXDegFgJ59lB-xeBwt2L4JLEG8H940E-2A,GOLD,ErVerdulero,EUW,30,2026-06-02 07:59:36.866000+00:00,2026-06-02 08:31:06.866000+00:00,1,1,5.5,8.88888888888889,0,1.0,0.525,W
26,f5_wWz4KpP89iiZRleLcs8wCqDFRVwlUQThrYb8UsnrAzXDegFgJ59lB-xeBwt2L4JLEG8H940E-2A,GOLD,ErVerdulero,EUW,31,2026-06-02 23:30:20.056000+00:00,2026-06-03 00:09:51.056000002+00:00,1,1,1.6666666666666667,3.821172501054408,0,1.0,0.6586111111116667,W
26,f5_wWz4KpP89iiZRleLcs8wCqDFRVwlUQThrYb8UsnrAzXDegFgJ59lB-xeBwt2L4JLEG8H940E-2A,GOLD,ErVerdulero,EUW,32,2026-06-03 11:48:01.979000+00:00,2026-06-03 13:41:01.196999998+00:00,3,2,4.433333333333334,4.898513323162425,1,0.6666666666666666,1.8831161111105554,WWL
26,f5_wWz4KpP89iiZRleLcs8wCqDFRVwlUQThrYb8UsnrAzXDegFgJ59lB-xeBwt2L4JLEG8H940E-2A,GOLD,ErVerdulero,EUW,33,2026-06-04 23:55:53.472000+00:00,2026-06-05 00:19:40.471999998+00:00,1,1,4.8,7.694463910301331,0,1.0,0.39638888888833335,W
26,f5_wWz4KpP89iiZRleLcs8wCqDFRVwlUQThrYb8UsnrAzXDegFgJ59lB-xeBwt2L4JLEG8H940E-2A,GOLD,ErVerdulero,EUW,34,2026-06-07 15:43:09.429000+00:00,2026-06-07 16:16:19.429000002+00:00,1,1,2.6666666666666665,7.899497487437187,0,1.0,0.5527777777783334,W
26,f5_wWz4KpP89iiZRleLcs8wCqDFRVwlUQThrYb8UsnrAzXDegFgJ59lB-xeBwt2L4JLEG8H940E-2A,GOLD,ErVerdulero,EUW,35,2026-06-08 14:17:33.727000+00:00,2026-06-08 15:18:20.326000+00:00,2,2,4.269230769230769,5.753925399448427,0,1.0,1.0129441666666668,WW
26,f5_wWz4KpP89iiZRleLcs8wCqDFRVwlUQThrYb8UsnrAzXDegFgJ59lB-xeBwt2L4JLEG8H940E-2A,GOLD,ErVerdulero,EUW,36,2026-06-08 23:38:30.089000+00:00,2026-06-09 01:21:30.328000002+00:00,3,1,1.9897435897435898,5.027117643997096,2,0.3333333333333333,1.7167330555561109,LLW
26,f5_wWz4KpP89iiZRleLcs8wCqDFRVwlUQThrYb8UsnrAzXDegFgJ59lB-xeBwt2L4JLEG8H940E-2A,GOLD,ErVerdulero,EUW,37,2026-06-09 14:00:00.259000+00:00,2026-06-09 15:03:15.790999998+00:00,2,1,1.4285714285714284,6.042396666380501,1,0.5,1.054314444443889,LW
26,f5_wWz4KpP89iiZRleLcs8wCqDFRVwlUQThrYb8UsnrAzXDegFgJ59lB-xeBwt2L4JLEG8H940E-2A,GOLD,ErVerdulero,EUW,38,2026-06-09 17:14:49.566000+00:00,2026-06-09 17:46:05.566000002+00:00,1,1,3.857142857142857,6.844349680170576,0,1.0,0.5211111111116666,W
26,f5_wWz4KpP89iiZRleLcs8wCqDFRVwlUQThrYb8UsnrAzXDegFgJ59lB-xeBwt2L4JLEG8H940E-2A,GOLD,ErVerdulero,EUW,39,2026-06-10 12:31:29.157000+00:00,2026-06-10 13:05:30.157000002+00:00,1,0,1.3846153846153846,6.085252327290544,1,0.0,0.566944444445,L
26,f5_wWz4KpP89iiZRleLcs8wCqDFRVwlUQThrYb8UsnrAzXDegFgJ59lB-xeBwt2L4JLEG8H940E-2A,GOLD,ErVerdulero,EUW,40,2026-06-10 23:40:26.415000+00:00,2026-06-11 00:11:06.415000002+00:00,1,1,1.7142857142857142,7.239130434782608,0,1.0,0.5111111111116666,W
26,f5_wWz4KpP89iiZRleLcs8wCqDFRVwlUQThrYb8UsnrAzXDegFgJ59lB-xeBwt2L4JLEG8H940E-2A,GOLD,ErVerdulero,EUW,41,2026-06-12 23:52:34.284000+00:00,2026-06-13 00:21:51.283999998+00:00,1,1,4.0,7.376209447922595,0,1.0,0.488055555555,W
26,f5_wWz4KpP89iiZRleLcs8wCqDFRVwlUQThrYb8UsnrAzXDegFgJ59lB-xeBwt2L4JLEG8H940E-2A,GOLD,ErVerdulero,EUW,42,2026-06-13 23:40:03.235000+00:00,2026-06-14 00:09:35.234999998+00:00,1,0,1.1538461538461535,4.571106094808126,1,0.0,0.49222222222166667,L
26,f5_wWz4KpP89iiZRleLcs8wCqDFRVwlUQThrYb8UsnrAzXDegFgJ59lB-xeBwt2L4JLEG8H940E-2A,GOLD,ErVerdulero,EUW,43,2026-06-15 07:43:30.456000+00:00,2026-06-15 09:44:24.820999998+00:00,3,2,1.7624338624338627,5.4598692432921325,1,0.6666666666666666,2.015101388888333,LWW
26,f5_wWz4KpP89iiZRleLcs8wCqDFRVwlUQThrYb8UsnrAzXDegFgJ59lB-xeBwt2L4JLEG8H940E-2A,GOLD,ErVerdulero,EUW,44,2026-06-16 22:44:19.813000+00:00,2026-06-16 23:21:33.812999998+00:00,1,0,1.8,3.276633840644584,1,0.0,0.620555555555,L
26,f5_wWz4KpP89iiZRleLcs8wCqDFRVwlUQThrYb8UsnrAzXDegFgJ59lB-xeBwt2L4JLEG8H940E-2A,GOLD,ErVerdulero,EUW,45,2026-06-18 08:32:26.882000+00:00,2026-06-18 09:07:56.882000+00:00,1,1,2.4545454545454546,2.3943661971830985,0,1.0,0.5916666666666667,W
26,f5_wWz4KpP89iiZRleLcs8wCqDFRVwlUQThrYb8UsnrAzXDegFgJ59lB-xeBwt2L4JLEG8H940E-2A,GOLD,ErVerdulero,EUW,46,2026-06-19 01:34:50.697000+00:00,2026-06-19 02:13:32.697000+00:00,1,0,2.5454545454545454,2.8682170542635657,1,0.0,0.645,L
26,f5_wWz4KpP89iiZRleLcs8wCqDFRVwlUQThrYb8UsnrAzXDegFgJ59lB-xeBwt2L4JLEG8H940E-2A,GOLD,ErVerdulero,EUW,47,2026-06-19 11:43:22.054000+00:00,2026-06-19 12:07:14.054000002+00:00,1,1,16.0,5.111731843575419,0,1.0,0.39777777777833334,W
26,f5_wWz4KpP89iiZRleLcs8wCqDFRVwlUQThrYb8UsnrAzXDegFgJ59lB-xeBwt2L4JLEG8H940E-2A,GOLD,ErVerdulero,EUW,48,2026-06-19 22:40:16.170000+00:00,2026-06-19 23:28:43.060000+00:00,2,1,1.7222222222222223,5.490176309979652,1,0.5,0.8074694444444445,WL
26,f5_wWz4KpP89iiZRleLcs8wCqDFRVwlUQThrYb8UsnrAzXDegFgJ59lB-xeBwt2L4JLEG8H940E-2A,GOLD,ErVerdulero,EUW,49,2026-06-23 08:37:23.875000+00:00,2026-06-23 09:17:36.875000002+00:00,1,1,2.0,4.749274761707418,0,1.0,0.6702777777783333,W
26,f5_wWz4KpP89iiZRleLcs8wCqDFRVwlUQThrYb8UsnrAzXDegFgJ59lB-xeBwt2L4JLEG8H940E-2A,GOLD,ErVerdulero,EUW,50,2026-06-23 11:11:58.207000+00:00,2026-06-23 12:05:58.207000+00:00,1,1,3.1666666666666665,3.425925925925926,0,1.0,0.9,W
26,f5_wWz4KpP89iiZRleLcs8wCqDFRVwlUQThrYb8UsnrAzXDegFgJ59lB-xeBwt2L4JLEG8H940E-2A,GOLD,ErVerdulero,EUW,51,2026-06-25 09:39:54.642000+00:00,2026-06-25 09:55:19.642000002+00:00,1,0,1.0,5.383783783783784,1,0.0,0.256944444445,L
26,f5_wWz4KpP89iiZRleLcs8wCqDFRVwlUQThrYb8UsnrAzXDegFgJ59lB-xeBwt2L4JLEG8H940E-2A,GOLD,ErVerdulero,EUW,52,2026-06-26 06:58:34.963000+00:00,2026-06-26 07:25:55.963000+00:00,1,0,1.0,5.338208409506398,1,0.0,0.4558333333333333,L
26,f5_wWz4KpP89iiZRleLcs8wCqDFRVwlUQThrYb8UsnrAzXDegFgJ59lB-xeBwt2L4JLEG8H940E-2A,GOLD,ErVerdulero,EUW,53,2026-06-26 10:35:20.555000+00:00,2026-06-26 11:03:59.555000+00:00,1,1,3.75,7.958115183246074,0,1.0,0.4775,W
26,f5_wWz4KpP89iiZRleLcs8wCqDFRVwlUQThrYb8UsnrAzXDegFgJ59lB-xeBwt2L4JLEG8H940E-2A,GOLD,ErVerdulero,EUW,54,2026-06-28 11:06:31.921000+00:00,2026-06-28 13:45:22.161999998+00:00,3,1,1.7909090909090908,6.498757400412085,2,0.3333333333333333,2.647289166666111,LWL
26,f5_wWz4KpP89iiZRleLcs8wCqDFRVwlUQThrYb8UsnrAzXDegFgJ59lB-xeBwt2L4JLEG8H940E-2A,GOLD,ErVerdulero,EUW,55,2026-06-28 23:07:22.739000+00:00,2026-06-28 23:33:26.739000002+00:00,1,0,0.5,5.370843989769821,1,0.0,0.43444444444499997,L
26,f5_wWz4KpP89iiZRleLcs8wCqDFRVwlUQThrYb8UsnrAzXDegFgJ59lB-xeBwt2L4JLEG8H940E-2A,GOLD,ErVerdulero,EUW,56,2026-06-29 09:40:45.825000+00:00,2026-06-29 10:08:05.824999998+00:00,1,0,1.0,6.365853658536586,1,0.0,0.455555555555,L
26,f5_wWz4KpP89iiZRleLcs8wCqDFRVwlUQThrYb8UsnrAzXDegFgJ59lB-xeBwt2L4JLEG8H940E-2A,GOLD,ErVerdulero,EUW,57,2026-06-29 11:22:22.094000+00:00,2026-06-29 11:51:41.094000002+00:00,1,0,2.5,7.913587265491757,1,0.0,0.48861111111166666,L
26,f5_wWz4KpP89iiZRleLcs8wCqDFRVwlUQThrYb8UsnrAzXDegFgJ59lB-xeBwt2L4JLEG8H940E-2A,GOLD,ErVerdulero,EUW,58,2026-06-30 16:17:16.729000+00:00,2026-06-30 16:47:53.729000002+00:00,1,1,1.3076923076923077,6.5323897659227,0,1.0,0.5102777777783333,W
26,f5_wWz4KpP89iiZRleLcs8wCqDFRVwlUQThrYb8UsnrAzXDegFgJ59lB-xeBwt2L4JLEG8H940E-2A,GOLD,ErVerdulero,EUW,59,2026-07-02 10:33:13.150000+00:00,2026-07-02 11:05:30.149999998+00:00,1,0,1.5454545454545454,5.35880227155395,1,0.0,0.538055555555,L
26,f5_wWz4KpP89iiZRleLcs8wCqDFRVwlUQThrYb8UsnrAzXDegFgJ59lB-xeBwt2L4JLEG8H940E-2A,GOLD,ErVerdulero,EUW,60,2026-07-07 10:01:40.280000+00:00,2026-07-07 11:35:56.407000+00:00,2,0,1.375,6.212534638419594,2,0.0,1.571146388888889,LL
26,f5_wWz4KpP89iiZRleLcs8wCqDFRVwlUQThrYb8UsnrAzXDegFgJ59lB-xeBwt2L4JLEG8H940E-2A,GOLD,ErVerdulero,EUW,61,2026-07-09 22:42:03.604000+00:00,2026-07-09 23:13:27.604000+00:00,1,1,0.8888888888888888,6.496815286624204,0,1.0,0.5233333333333333,W
26,f5_wWz4KpP89iiZRleLcs8wCqDFRVwlUQThrYb8UsnrAzXDegFgJ59lB-xeBwt2L4JLEG8H940E-2A,GOLD,ErVerdulero,EUW,62,2026-07-10 08:56:16.343000+00:00,2026-07-10 09:25:31.343000+00:00,1,0,0.7272727272727273,4.0,1,0.0,0.4875,L
26,f5_wWz4KpP89iiZRleLcs8wCqDFRVwlUQThrYb8UsnrAzXDegFgJ59lB-xeBwt2L4JLEG8H940E-2A,GOLD,ErVerdulero,EUW,63,2026-07-10 10:44:30.868000+00:00,2026-07-10 11:11:12.868000+00:00,1,1,1.8,5.617977528089888,0,1.0,0.445,W
26,f5_wWz4KpP89iiZRleLcs8wCqDFRVwlUQThrYb8UsnrAzXDegFgJ59lB-xeBwt2L4JLEG8H940E-2A,GOLD,ErVerdulero,EUW,64,2026-07-13 06:00:53.553000+00:00,2026-07-13 06:23:55.552999997+00:00,1,0,5.333333333333333,5.383502170767004,1,0.0,0.38388888888805556,L
26,f5_wWz4KpP89iiZRleLcs8wCqDFRVwlUQThrYb8UsnrAzXDegFgJ59lB-xeBwt2L4JLEG8H940E-2A,GOLD,ErVerdulero,EUW,65,2026-07-13 07:50:07.247000+00:00,2026-07-13 08:18:40.247000+00:00,1,1,2.142857142857143,6.725043782837128,0,1.0,0.47583333333333333,W
26,f5_wWz4KpP89iiZRleLcs8wCqDFRVwlUQThrYb8UsnrAzXDegFgJ59lB-xeBwt2L4JLEG8H940E-2A,GOLD,ErVerdulero,EUW,66,2026-07-14 08:19:29.275000+00:00,2026-07-14 09:20:07.898000002+00:00,2,1,2.5079365079365084,3.9217023976713277,1,0.5,1.0107286111116667,WL
26,f5_wWz4KpP89iiZRleLcs8wCqDFRVwlUQThrYb8UsnrAzXDegFgJ59lB-xeBwt2L4JLEG8H940E-2A,GOLD,ErVerdulero,EUW,67,2026-07-15 06:42:41.937000+00:00,2026-07-15 07:27:15.937000002+00:00,1,1,1.7142857142857142,6.484667165295437,0,1.0,0.7427777777783333,W
26,f5_wWz4KpP89iiZRleLcs8wCqDFRVwlUQThrYb8UsnrAzXDegFgJ59lB-xeBwt2L4JLEG8H940E-2A,GOLD,ErVerdulero,EUW,68,2026-07-16 06:36:16.890000+00:00,2026-07-16 08:46:21.693000002+00:00,3,3,3.4166666666666665,5.216169264534386,0,1.0,2.1680008333338887,WWW
26,f5_wWz4KpP89iiZRleLcs8wCqDFRVwlUQThrYb8UsnrAzXDegFgJ59lB-xeBwt2L4JLEG8H940E-2A,GOLD,ErVerdulero,EUW,69,2026-07-24 09:45:21.628000+00:00,2026-07-24 10:17:35.627999998+00:00,1,0,0.75,5.956566701137539,1,0.0,0.5372222222216667,L
26,f5_wWz4KpP89iiZRleLcs8wCqDFRVwlUQThrYb8UsnrAzXDegFgJ59lB-xeBwt2L4JLEG8H940E-2A,GOLD,ErVerdulero,EUW,70,2026-08-01 11:18:12.757000+00:00,2026-08-01 12:39:11.596999998+00:00,2,1,1.625,4.563834003344507,1,0.5,1.3496777777772222,LW
27,an8TEdjNJUm09qqnxIZtlqWaYilrgRa6wXnsDi51T2r4LKQAZTb_NHT0m4cYWAvn6pC3giRaX8rtUg,GOLD,JHlNlUS,4514,1,2026-05-09 15:06:07.898000+00:00,2026-05-09 15:37:01.898000+00:00,1,1,2.25,8.349514563106796,0,1.0,0.515,W
27,an8TEdjNJUm09qqnxIZtlqWaYilrgRa6wXnsDi51T2r4LKQAZTb_NHT0m4cYWAvn6pC3giRaX8rtUg,GOLD,JHlNlUS,4514,2,2026-05-10 11:14:34.132000+00:00,2026-05-10 11:46:48.131999998+00:00,1,0,1.5,9.555325749741469,1,0.0,0.5372222222216667,L
27,an8TEdjNJUm09qqnxIZtlqWaYilrgRa6wXnsDi51T2r4LKQAZTb_NHT0m4cYWAvn6pC3giRaX8rtUg,GOLD,JHlNlUS,4514,3,2026-05-11 19:52:30.520000+00:00,2026-05-11 20:25:18.520000+00:00,1,1,3.5,9.481707317073171,0,1.0,0.5466666666666666,W
27,an8TEdjNJUm09qqnxIZtlqWaYilrgRa6wXnsDi51T2r4LKQAZTb_NHT0m4cYWAvn6pC3giRaX8rtUg,GOLD,JHlNlUS,4514,4,2026-05-12 13:19:23.016000+00:00,2026-05-12 13:44:17.016000+00:00,1,1,1.4285714285714286,8.875502008032129,0,1.0,0.415,W
27,an8TEdjNJUm09qqnxIZtlqWaYilrgRa6wXnsDi51T2r4LKQAZTb_NHT0m4cYWAvn6pC3giRaX8rtUg,GOLD,JHlNlUS,4514,5,2026-05-13 19:42:55.467000+00:00,2026-05-13 20:17:40.467000+00:00,1,0,0.5454545454545454,8.46043165467626,1,0.0,0.5791666666666667,L
27,an8TEdjNJUm09qqnxIZtlqWaYilrgRa6wXnsDi51T2r4LKQAZTb_NHT0m4cYWAvn6pC3giRaX8rtUg,GOLD,JHlNlUS,4514,6,2026-05-14 09:51:58.298000+00:00,2026-05-14 10:22:24.297999998+00:00,1,1,0.8571428571428571,6.341730558598028,0,1.0,0.5072222222216667,W
27,an8TEdjNJUm09qqnxIZtlqWaYilrgRa6wXnsDi51T2r4LKQAZTb_NHT0m4cYWAvn6pC3giRaX8rtUg,GOLD,JHlNlUS,4514,7,2026-05-16 09:23:06.089000+00:00,2026-05-16 09:48:23.088999998+00:00,1,1,1.6666666666666667,8.226763348714568,0,1.0,0.4213888888883333,W
27,an8TEdjNJUm09qqnxIZtlqWaYilrgRa6wXnsDi51T2r4LKQAZTb_NHT0m4cYWAvn6pC3giRaX8rtUg,GOLD,JHlNlUS,4514,8,2026-05-17 09:41:10.436000+00:00,2026-05-17 10:20:46.436000+00:00,1,0,1.5,9.898989898989898,1,0.0,0.66,L
27,an8TEdjNJUm09qqnxIZtlqWaYilrgRa6wXnsDi51T2r4LKQAZTb_NHT0m4cYWAvn6pC3giRaX8rtUg,GOLD,JHlNlUS,4514,9,2026-05-18 19:31:52.797000+00:00,2026-05-18 20:06:56.797000002+00:00,1,1,3.4,10.979087452471482,0,1.0,0.584444444445,W
27,an8TEdjNJUm09qqnxIZtlqWaYilrgRa6wXnsDi51T2r4LKQAZTb_NHT0m4cYWAvn6pC3giRaX8rtUg,GOLD,JHlNlUS,4514,10,2026-05-21 15:06:03.500000+00:00,2026-05-21 15:38:35.499999998+00:00,1,1,1.375,7.561475409836066,0,1.0,0.5422222222216667,W
27,an8TEdjNJUm09qqnxIZtlqWaYilrgRa6wXnsDi51T2r4LKQAZTb_NHT0m4cYWAvn6pC3giRaX8rtUg,GOLD,JHlNlUS,4514,11,2026-05-22 19:01:08.573000+00:00,2026-05-22 19:34:41.573000+00:00,1,0,1.1428571428571428,10.491803278688526,1,0.0,0.5591666666666667,L
27,an8TEdjNJUm09qqnxIZtlqWaYilrgRa6wXnsDi51T2r4LKQAZTb_NHT0m4cYWAvn6pC3giRaX8rtUg,GOLD,JHlNlUS,4514,12,2026-05-27 18:02:50.675000+00:00,2026-05-27 18:27:32.675000+00:00,1,1,1.75,8.704453441295547,0,1.0,0.4116666666666667,W
27,an8TEdjNJUm09qqnxIZtlqWaYilrgRa6wXnsDi51T2r4LKQAZTb_NHT0m4cYWAvn6pC3giRaX8rtUg,GOLD,JHlNlUS,4514,13,2026-06-02 09:06:50.760000+00:00,2026-06-02 09:35:43.759999998+00:00,1,0,0.4545454545454545,6.439699942296596,1,0.0,0.48138888888833337,L
27,an8TEdjNJUm09qqnxIZtlqWaYilrgRa6wXnsDi51T2r4LKQAZTb_NHT0m4cYWAvn6pC3giRaX8rtUg,GOLD,JHlNlUS,4514,14,2026-06-06 10:48:12.858000+00:00,2026-06-06 11:04:44.857999998+00:00,1,0,2.0,6.89516129032258,1,0.0,0.275555555555,L
27,an8TEdjNJUm09qqnxIZtlqWaYilrgRa6wXnsDi51T2r4LKQAZTb_NHT0m4cYWAvn6pC3giRaX8rtUg,GOLD,JHlNlUS,4514,15,2026-06-06 14:55:03.501000+00:00,2026-06-06 15:32:45.501000+00:00,1,0,3.875,8.116710875331565,1,0.0,0.6283333333333333,L
27,an8TEdjNJUm09qqnxIZtlqWaYilrgRa6wXnsDi51T2r4LKQAZTb_NHT0m4cYWAvn6pC3giRaX8rtUg,GOLD,JHlNlUS,4514,16,2026-06-07 09:42:12.732000+00:00,2026-06-07 10:11:28.732000002+00:00,1,0,2.5,9.806378132118452,1,0.0,0.4877777777783333,L
27,an8TEdjNJUm09qqnxIZtlqWaYilrgRa6wXnsDi51T2r4LKQAZTb_NHT0m4cYWAvn6pC3giRaX8rtUg,GOLD,JHlNlUS,4514,17,2026-06-07 14:27:05.766000+00:00,2026-06-07 14:53:39.766000002+00:00,1,1,8.5,7.52823086574655,0,1.0,0.4427777777783333,W
27,an8TEdjNJUm09qqnxIZtlqWaYilrgRa6wXnsDi51T2r4LKQAZTb_NHT0m4cYWAvn6pC3giRaX8rtUg,GOLD,JHlNlUS,4514,18,2026-06-07 17:46:27.990000+00:00,2026-06-07 17:47:37.990000002+00:00,1,1,0.0,1.7142857142857142,0,1.0,0.019444444444999997,W
27,an8TEdjNJUm09qqnxIZtlqWaYilrgRa6wXnsDi51T2r4LKQAZTb_NHT0m4cYWAvn6pC3giRaX8rtUg,GOLD,JHlNlUS,4514,19,2026-06-08 16:38:19.027000+00:00,2026-06-08 17:11:11.027000002+00:00,1,0,0.9,5.141987829614604,1,0.0,0.5477777777783334,L
27,an8TEdjNJUm09qqnxIZtlqWaYilrgRa6wXnsDi51T2r4LKQAZTb_NHT0m4cYWAvn6pC3giRaX8rtUg,GOLD,JHlNlUS,4514,20,2026-06-11 12:08:14.633000+00:00,2026-06-11 12:44:47.633000+00:00,1,1,1.4,8.016415868673052,0,1.0,0.6091666666666666,W
27,an8TEdjNJUm09qqnxIZtlqWaYilrgRa6wXnsDi51T2r4LKQAZTb_NHT0m4cYWAvn6pC3giRaX8rtUg,GOLD,JHlNlUS,4514,21,2026-06-12 17:31:01.609000+00:00,2026-06-12 19:48:35.022999998+00:00,5,1,1.0533333333333332,4.858493326831942,4,0.2,2.2926149999994445,LLLLW
27,an8TEdjNJUm09qqnxIZtlqWaYilrgRa6wXnsDi51T2r4LKQAZTb_NHT0m4cYWAvn6pC3giRaX8rtUg,GOLD,JHlNlUS,4514,22,2026-06-12 23:03:24.502000+00:00,2026-06-12 23:16:26.501999997+00:00,1,0,1.5,3.3759590792838874,1,0.0,0.2172222222213889,L
27,an8TEdjNJUm09qqnxIZtlqWaYilrgRa6wXnsDi51T2r4LKQAZTb_NHT0m4cYWAvn6pC3giRaX8rtUg,GOLD,JHlNlUS,4514,23,2026-06-13 13:07:28.857000+00:00,2026-06-13 14:25:09.048999998+00:00,2,0,0.8142857142857143,4.506135395522059,2,0.0,1.2944977777772222,LL
27,an8TEdjNJUm09qqnxIZtlqWaYilrgRa6wXnsDi51T2r4LKQAZTb_NHT0m4cYWAvn6pC3giRaX8rtUg,GOLD,JHlNlUS,4514,24,2026-06-18 19:43:27.351000+00:00,2026-06-18 20:18:44.350999998+00:00,1,0,0.5833333333333334,7.567312234293812,1,0.0,0.588055555555,L
27,an8TEdjNJUm09qqnxIZtlqWaYilrgRa6wXnsDi51T2r4LKQAZTb_NHT0m4cYWAvn6pC3giRaX8rtUg,GOLD,JHlNlUS,4514,25,2026-06-20 09:53:43.908000+00:00,2026-06-20 10:27:15.907999998+00:00,1,0,1.7142857142857142,9.393638170974157,1,0.0,0.5588888888883333,L
27,an8TEdjNJUm09qqnxIZtlqWaYilrgRa6wXnsDi51T2r4LKQAZTb_NHT0m4cYWAvn6pC3giRaX8rtUg,GOLD,JHlNlUS,4514,26,2026-06-21 10:44:05.413000+00:00,2026-06-21 10:59:46.412999998+00:00,1,0,0.3333333333333333,6.376195536663125,1,0.0,0.26138888888833334,L
27,an8TEdjNJUm09qqnxIZtlqWaYilrgRa6wXnsDi51T2r4LKQAZTb_NHT0m4cYWAvn6pC3giRaX8rtUg,GOLD,JHlNlUS,4514,27,2026-06-22 09:14:01.338000+00:00,2026-06-22 09:49:05.338000002+00:00,1,0,2.4285714285714284,7.499999999999999,1,0.0,0.584444444445,L
27,an8TEdjNJUm09qqnxIZtlqWaYilrgRa6wXnsDi51T2r4LKQAZTb_NHT0m4cYWAvn6pC3giRaX8rtUg,GOLD,JHlNlUS,4514,28,2026-06-23 09:50:41.460000+00:00,2026-06-23 10:19:08.460000+00:00,1,1,2.833333333333333,8.260105448154658,0,1.0,0.4741666666666667,W
27,an8TEdjNJUm09qqnxIZtlqWaYilrgRa6wXnsDi51T2r4LKQAZTb_NHT0m4cYWAvn6pC3giRaX8rtUg,GOLD,JHlNlUS,4514,29,2026-06-23 17:22:37.092000+00:00,2026-06-23 17:38:01.092000+00:00,1,0,0.6666666666666666,7.987012987012987,1,0.0,0.25666666666666665,L
27,an8TEdjNJUm09qqnxIZtlqWaYilrgRa6wXnsDi51T2r4LKQAZTb_NHT0m4cYWAvn6pC3giRaX8rtUg,GOLD,JHlNlUS,4514,30,2026-06-24 10:16:15.555000+00:00,2026-06-24 11:02:36.555000+00:00,1,1,2.9,6.386192017259979,0,1.0,0.7725,W
27,an8TEdjNJUm09qqnxIZtlqWaYilrgRa6wXnsDi51T2r4LKQAZTb_NHT0m4cYWAvn6pC3giRaX8rtUg,GOLD,JHlNlUS,4514,31,2026-06-25 11:18:46.669000+00:00,2026-06-25 11:37:42.668999998+00:00,1,0,0.0,7.183098591549296,1,0.0,0.31555555555500003,L
27,an8TEdjNJUm09qqnxIZtlqWaYilrgRa6wXnsDi51T2r4LKQAZTb_NHT0m4cYWAvn6pC3giRaX8rtUg,GOLD,JHlNlUS,4514,32,2026-06-25 17:29:02.633000+00:00,2026-06-25 18:07:52.632999998+00:00,1,0,1.0,8.369098712446352,1,0.0,0.6472222222216667,L
27,an8TEdjNJUm09qqnxIZtlqWaYilrgRa6wXnsDi51T2r4LKQAZTb_NHT0m4cYWAvn6pC3giRaX8rtUg,GOLD,JHlNlUS,4514,33,2026-06-26 10:08:33.706000+00:00,2026-06-26 10:40:51.706000+00:00,1,1,1.2222222222222223,8.88544891640867,0,1.0,0.5383333333333333,W
27,an8TEdjNJUm09qqnxIZtlqWaYilrgRa6wXnsDi51T2r4LKQAZTb_NHT0m4cYWAvn6pC3giRaX8rtUg,GOLD,JHlNlUS,4514,34,2026-06-27 16:54:47.730000+00:00,2026-06-27 17:28:49.729999997+00:00,1,0,1.8888888888888888,8.315377081292851,1,0.0,0.5672222222213888,L
27,an8TEdjNJUm09qqnxIZtlqWaYilrgRa6wXnsDi51T2r4LKQAZTb_NHT0m4cYWAvn6pC3giRaX8rtUg,GOLD,JHlNlUS,4514,35,2026-06-29 15:49:23.249000+00:00,2026-06-29 16:29:55.248999998+00:00,1,1,6.25,7.401315789473685,0,1.0,0.675555555555,W
27,an8TEdjNJUm09qqnxIZtlqWaYilrgRa6wXnsDi51T2r4LKQAZTb_NHT0m4cYWAvn6pC3giRaX8rtUg,GOLD,JHlNlUS,4514,36,2026-06-29 19:54:09.765000+00:00,2026-06-29 20:29:27.765000+00:00,1,1,5.666666666666667,7.308781869688386,0,1.0,0.5883333333333334,W
27,an8TEdjNJUm09qqnxIZtlqWaYilrgRa6wXnsDi51T2r4LKQAZTb_NHT0m4cYWAvn6pC3giRaX8rtUg,GOLD,JHlNlUS,4514,37,2026-06-30 16:06:47.548000+00:00,2026-06-30 16:38:26.548000+00:00,1,1,3.2,5.213270142180095,0,1.0,0.5275,W
27,an8TEdjNJUm09qqnxIZtlqWaYilrgRa6wXnsDi51T2r4LKQAZTb_NHT0m4cYWAvn6pC3giRaX8rtUg,GOLD,JHlNlUS,4514,38,2026-07-01 16:27:00.594000+00:00,2026-07-01 16:58:34.594000002+00:00,1,0,2.8,8.331573389651531,1,0.0,0.5261111111116666,L
27,an8TEdjNJUm09qqnxIZtlqWaYilrgRa6wXnsDi51T2r4LKQAZTb_NHT0m4cYWAvn6pC3giRaX8rtUg,GOLD,JHlNlUS,4514,39,2026-07-04 13:04:38.170000+00:00,2026-07-04 13:36:59.170000+00:00,1,0,0.5,8.315301391035549,1,0.0,0.5391666666666667,L
27,an8TEdjNJUm09qqnxIZtlqWaYilrgRa6wXnsDi51T2r4LKQAZTb_NHT0m4cYWAvn6pC3giRaX8rtUg,GOLD,JHlNlUS,4514,40,2026-07-04 15:51:09.906000+00:00,2026-07-04 16:14:22.906000002+00:00,1,1,4.0,9.863603732950468,0,1.0,0.386944444445,W
27,an8TEdjNJUm09qqnxIZtlqWaYilrgRa6wXnsDi51T2r4LKQAZTb_NHT0m4cYWAvn6pC3giRaX8rtUg,GOLD,JHlNlUS,4514,41,2026-07-05 10:14:35.199000+00:00,2026-07-05 10:41:20.199000+00:00,1,0,1.5,5.233644859813084,1,0.0,0.44583333333333336,L
27,an8TEdjNJUm09qqnxIZtlqWaYilrgRa6wXnsDi51T2r4LKQAZTb_NHT0m4cYWAvn6pC3giRaX8rtUg,GOLD,JHlNlUS,4514,42,2026-07-06 17:42:26.183000+00:00,2026-07-06 18:11:22.182999998+00:00,1,1,7.5,8.536866359447005,0,1.0,0.48222222222166666,W
27,an8TEdjNJUm09qqnxIZtlqWaYilrgRa6wXnsDi51T2r4LKQAZTb_NHT0m4cYWAvn6pC3giRaX8rtUg,GOLD,JHlNlUS,4514,43,2026-07-09 17:29:57.988000+00:00,2026-07-09 17:58:45.988000+00:00,1,1,2.4444444444444446,9.027777777777777,0,1.0,0.48,W
27,an8TEdjNJUm09qqnxIZtlqWaYilrgRa6wXnsDi51T2r4LKQAZTb_NHT0m4cYWAvn6pC3giRaX8rtUg,GOLD,JHlNlUS,4514,44,2026-07-10 17:02:08.711000+00:00,2026-07-10 17:39:34.710999998+00:00,1,1,4.125,8.869100623330366,0,1.0,0.6238888888883334,W
27,an8TEdjNJUm09qqnxIZtlqWaYilrgRa6wXnsDi51T2r4LKQAZTb_NHT0m4cYWAvn6pC3giRaX8rtUg,GOLD,JHlNlUS,4514,45,2026-07-10 21:28:26.149000+00:00,2026-07-10 22:02:49.148999998+00:00,1,0,0.8888888888888888,6.9219583131362095,1,0.0,0.573055555555,L
27,an8TEdjNJUm09qqnxIZtlqWaYilrgRa6wXnsDi51T2r4LKQAZTb_NHT0m4cYWAvn6pC3giRaX8rtUg,GOLD,JHlNlUS,4514,46,2026-07-12 16:07:02.979000+00:00,2026-07-12 16:50:39.979000002+00:00,1,0,1.6363636363636365,6.557126480703095,1,0.0,0.726944444445,L
27,an8TEdjNJUm09qqnxIZtlqWaYilrgRa6wXnsDi51T2r4LKQAZTb_NHT0m4cYWAvn6pC3giRaX8rtUg,GOLD,JHlNlUS,4514,47,2026-07-12 17:58:24.518000+00:00,2026-07-12 18:26:36.518000+00:00,1,0,1.2857142857142858,7.588652482269504,1,0.0,0.47,L
27,an8TEdjNJUm09qqnxIZtlqWaYilrgRa6wXnsDi51T2r4LKQAZTb_NHT0m4cYWAvn6pC3giRaX8rtUg,GOLD,JHlNlUS,4514,48,2026-07-13 21:39:36.020000+00:00,2026-07-13 22:23:31.020000002+00:00,1,1,2.4615384615384617,6.03415559772296,0,1.0,0.731944444445,W
27,an8TEdjNJUm09qqnxIZtlqWaYilrgRa6wXnsDi51T2r4LKQAZTb_NHT0m4cYWAvn6pC3giRaX8rtUg,GOLD,JHlNlUS,4514,49,2026-07-14 15:59:31.596000+00:00,2026-07-14 17:55:47.065000002+00:00,3,0,1.9222222222222225,6.245984982283486,3,0.0,1.9376302777783334,LLL
27,an8TEdjNJUm09qqnxIZtlqWaYilrgRa6wXnsDi51T2r4LKQAZTb_NHT0m4cYWAvn6pC3giRaX8rtUg,GOLD,JHlNlUS,4514,50,2026-07-16 17:13:35.390000+00:00,2026-07-16 17:14:42.390000002+00:00,1,0,0.0,0.0,1,0.0,0.018611111111666665,L
27,an8TEdjNJUm09qqnxIZtlqWaYilrgRa6wXnsDi51T2r4LKQAZTb_NHT0m4cYWAvn6pC3giRaX8rtUg,GOLD,JHlNlUS,4514,51,2026-07-16 21:35:12.829000+00:00,2026-07-16 22:45:11.350000+00:00,2,0,1.7083333333333335,6.42900824490836,2,0.0,1.1662558333333333,LL
27,an8TEdjNJUm09qqnxIZtlqWaYilrgRa6wXnsDi51T2r4LKQAZTb_NHT0m4cYWAvn6pC3giRaX8rtUg,GOLD,JHlNlUS,4514,52,2026-07-17 13:55:15.333000+00:00,2026-07-17 14:31:51.333000+00:00,1,1,5.833333333333333,6.939890710382514,0,1.0,0.61,W
27,an8TEdjNJUm09qqnxIZtlqWaYilrgRa6wXnsDi51T2r4LKQAZTb_NHT0m4cYWAvn6pC3giRaX8rtUg,GOLD,JHlNlUS,4514,53,2026-07-17 16:32:47.246000+00:00,2026-07-17 17:00:58.245999998+00:00,1,0,0.125,7.770549970431698,1,0.0,0.46972222222166665,L
27,an8TEdjNJUm09qqnxIZtlqWaYilrgRa6wXnsDi51T2r4LKQAZTb_NHT0m4cYWAvn6pC3giRaX8rtUg,GOLD,JHlNlUS,4514,54,2026-07-18 09:32:33.708000+00:00,2026-07-18 10:49:58.979000+00:00,3,1,3.4,5.795244070725196,2,0.3333333333333333,1.2903530555555556,LWL
27,an8TEdjNJUm09qqnxIZtlqWaYilrgRa6wXnsDi51T2r4LKQAZTb_NHT0m4cYWAvn6pC3giRaX8rtUg,GOLD,JHlNlUS,4514,55,2026-07-19 17:20:29.867000+00:00,2026-07-19 17:46:35.867000+00:00,1,0,0.25,3.371647509578544,1,0.0,0.435,L
27,an8TEdjNJUm09qqnxIZtlqWaYilrgRa6wXnsDi51T2r4LKQAZTb_NHT0m4cYWAvn6pC3giRaX8rtUg,GOLD,JHlNlUS,4514,56,2026-07-20 16:33:50.733000+00:00,2026-07-20 17:02:23.733000+00:00,1,0,0.6,8.40630472854641,1,0.0,0.47583333333333333,L
27,an8TEdjNJUm09qqnxIZtlqWaYilrgRa6wXnsDi51T2r4LKQAZTb_NHT0m4cYWAvn6pC3giRaX8rtUg,GOLD,JHlNlUS,4514,57,2026-07-21 10:45:44.235000+00:00,2026-07-21 11:10:21.235000002+00:00,1,0,3.25,7.555856465809072,1,0.0,0.41027777777833335,L
27,an8TEdjNJUm09qqnxIZtlqWaYilrgRa6wXnsDi51T2r4LKQAZTb_NHT0m4cYWAvn6pC3giRaX8rtUg,GOLD,JHlNlUS,4514,58,2026-07-22 17:24:18.468000+00:00,2026-07-22 18:00:00.468000+00:00,1,1,5.2,8.935574229691875,0,1.0,0.595,W
27,an8TEdjNJUm09qqnxIZtlqWaYilrgRa6wXnsDi51T2r4LKQAZTb_NHT0m4cYWAvn6pC3giRaX8rtUg,GOLD,JHlNlUS,4514,59,2026-07-23 17:37:13.249000+00:00,2026-07-23 18:03:23.249000002+00:00,1,0,0.4444444444444444,6.382165605095541,1,0.0,0.43611111111166667,L
27,an8TEdjNJUm09qqnxIZtlqWaYilrgRa6wXnsDi51T2r4LKQAZTb_NHT0m4cYWAvn6pC3giRaX8rtUg,GOLD,JHlNlUS,4514,60,2026-07-24 17:22:26.366000+00:00,2026-07-24 18:33:39.712000002+00:00,2,2,6.333333333333333,1.8788456918284853,0,1.0,1.1870405555561112,WW
27,an8TEdjNJUm09qqnxIZtlqWaYilrgRa6wXnsDi51T2r4LKQAZTb_NHT0m4cYWAvn6pC3giRaX8rtUg,GOLD,JHlNlUS,4514,61,2026-07-25 10:18:35.445000+00:00,2026-07-25 10:54:52.444999998+00:00,1,0,0.875,7.689480937069362,1,0.0,0.6047222222216667,L
27,an8TEdjNJUm09qqnxIZtlqWaYilrgRa6wXnsDi51T2r4LKQAZTb_NHT0m4cYWAvn6pC3giRaX8rtUg,GOLD,JHlNlUS,4514,62,2026-07-25 16:54:50.086000+00:00,2026-07-25 18:04:09.113999998+00:00,2,1,3.1571428571428575,7.568763064038915,1,0.5,1.1552855555550001,LW
27,an8TEdjNJUm09qqnxIZtlqWaYilrgRa6wXnsDi51T2r4LKQAZTb_NHT0m4cYWAvn6pC3giRaX8rtUg,GOLD,JHlNlUS,4514,63,2026-07-26 10:22:30.302000+00:00,2026-07-26 10:49:56.301999998+00:00,1,1,4.0,9.65978128797084,0,1.0,0.4572222222216667,W
27,an8TEdjNJUm09qqnxIZtlqWaYilrgRa6wXnsDi51T2r4LKQAZTb_NHT0m4cYWAvn6pC3giRaX8rtUg,GOLD,JHlNlUS,4514,64,2026-07-27 09:28:02.433000+00:00,2026-07-27 10:28:18.721000+00:00,2,2,4.166666666666666,9.696084085140766,0,1.0,1.0045244444444446,WW
27,an8TEdjNJUm09qqnxIZtlqWaYilrgRa6wXnsDi51T2r4LKQAZTb_NHT0m4cYWAvn6pC3giRaX8rtUg,GOLD,JHlNlUS,4514,65,2026-07-27 15:57:45.065000+00:00,2026-07-27 16:45:11.064999998+00:00,1,0,1.3636363636363635,7.315530569219958,1,0.0,0.790555555555,L
27,an8TEdjNJUm09qqnxIZtlqWaYilrgRa6wXnsDi51T2r4LKQAZTb_NHT0m4cYWAvn6pC3giRaX8rtUg,GOLD,JHlNlUS,4514,66,2026-07-28 15:59:39.207000+00:00,2026-07-28 16:28:20.206999998+00:00,1,1,1.2222222222222223,8.297501452643811,0,1.0,0.478055555555,W
27,an8TEdjNJUm09qqnxIZtlqWaYilrgRa6wXnsDi51T2r4LKQAZTb_NHT0m4cYWAvn6pC3giRaX8rtUg,GOLD,JHlNlUS,4514,67,2026-07-29 16:25:23.130000+00:00,2026-07-29 16:55:09.130000002+00:00,1,0,1.4,8.667413213885778,1,0.0,0.49611111111166667,L
27,an8TEdjNJUm09qqnxIZtlqWaYilrgRa6wXnsDi51T2r4LKQAZTb_NHT0m4cYWAvn6pC3giRaX8rtUg,GOLD,JHlNlUS,4514,68,2026-07-30 16:17:36.475000+00:00,2026-07-30 16:42:43.475000002+00:00,1,1,18.0,11.187790311877905,0,1.0,0.41861111111166666,W
27,an8TEdjNJUm09qqnxIZtlqWaYilrgRa6wXnsDi51T2r4LKQAZTb_NHT0m4cYWAvn6pC3giRaX8rtUg,GOLD,JHlNlUS,4514,69,2026-07-31 16:40:22.800000+00:00,2026-07-31 17:06:00.799999998+00:00,1,0,0.4285714285714285,6.436931079323797,1,0.0,0.42722222222166667,L
27,an8TEdjNJUm09qqnxIZtlqWaYilrgRa6wXnsDi51T2r4LKQAZTb_NHT0m4cYWAvn6pC3giRaX8rtUg,GOLD,JHlNlUS,4514,70,2026-08-02 09:54:55.146000+00:00,2026-08-02 10:19:38.146000002+00:00,1,1,3.6,9.9527983816588,0,1.0,0.411944444445,W
27,an8TEdjNJUm09qqnxIZtlqWaYilrgRa6wXnsDi51T2r4LKQAZTb_NHT0m4cYWAvn6pC3giRaX8rtUg,GOLD,JHlNlUS,4514,71,2026-08-03 10:33:48.381000+00:00,2026-08-03 11:05:03.381000+00:00,1,1,1.8333333333333333,9.312,0,1.0,0.5208333333333334,W
27,an8TEdjNJUm09qqnxIZtlqWaYilrgRa6wXnsDi51T2r4LKQAZTb_NHT0m4cYWAvn6pC3giRaX8rtUg,GOLD,JHlNlUS,4514,72,2026-08-05 16:57:13.360000+00:00,2026-08-05 17:15:44.360000002+00:00,1,1,5.0,10.0990099009901,0,1.0,0.30861111111166667,W
27,an8TEdjNJUm09qqnxIZtlqWaYilrgRa6wXnsDi51T2r4LKQAZTb_NHT0m4cYWAvn6pC3giRaX8rtUg,GOLD,JHlNlUS,4514,73,2026-08-06 10:37:46.652000+00:00,2026-08-06 11:11:07.652000+00:00,1,1,1.7142857142857142,7.916041979010495,0,1.0,0.5558333333333333,W
27,an8TEdjNJUm09qqnxIZtlqWaYilrgRa6wXnsDi51T2r4LKQAZTb_NHT0m4cYWAvn6pC3giRaX8rtUg,GOLD,JHlNlUS,4514,74,2026-08-06 13:32:40.291000+00:00,2026-08-06 14:07:08.291000002+00:00,1,0,1.4444444444444444,6.934235976789168,1,0.0,0.574444444445,L
27,an8TEdjNJUm09qqnxIZtlqWaYilrgRa6wXnsDi51T2r4LKQAZTb_NHT0m4cYWAvn6pC3giRaX8rtUg,GOLD,JHlNlUS,4514,75,2026-08-07 09:57:31.973000+00:00,2026-08-07 10:27:26.973000002+00:00,1,1,2.1666666666666665,9.12534818941504,0,1.0,0.49861111111166667,W
27,an8TEdjNJUm09qqnxIZtlqWaYilrgRa6wXnsDi51T2r4LKQAZTb_NHT0m4cYWAvn6pC3giRaX8rtUg,GOLD,JHlNlUS,4514,76,2026-08-08 09:37:56.214000+00:00,2026-08-08 10:13:11.214000+00:00,1,0,1.2,8.907801418439716,1,0.0,0.5875,L
27,an8TEdjNJUm09qqnxIZtlqWaYilrgRa6wXnsDi51T2r4LKQAZTb_NHT0m4cYWAvn6pC3giRaX8rtUg,GOLD,JHlNlUS,4514,77,2026-08-08 12:53:41.796000+00:00,2026-08-08 13:29:38.796000+00:00,1,1,5.166666666666667,8.066759388038943,0,1.0,0.5991666666666666,W
27,an8TEdjNJUm09qqnxIZtlqWaYilrgRa6wXnsDi51T2r4LKQAZTb_NHT0m4cYWAvn6pC3giRaX8rtUg,GOLD,JHlNlUS,4514,78,2026-08-08 16:16:59.614000+00:00,2026-08-08 17:22:58.842000+00:00,2,2,0.9285714285714286,6.1721884266527125,0,1.0,1.0997855555555556,WW
27,an8TEdjNJUm09qqnxIZtlqWaYilrgRa6wXnsDi51T2r4LKQAZTb_NHT0m4cYWAvn6pC3giRaX8rtUg,GOLD,JHlNlUS,4514,79,2026-08-09 19:05:54.527000+00:00,2026-08-09 19:35:30.527000+00:00,1,1,2.0,9.054054054054054,0,1.0,0.49333333333333335,W
27,an8TEdjNJUm09qqnxIZtlqWaYilrgRa6wXnsDi51T2r4LKQAZTb_NHT0m4cYWAvn6pC3giRaX8rtUg,GOLD,JHlNlUS,4514,80,2026-08-11 17:49:28.483000+00:00,2026-08-11 18:29:04.483000+00:00,1,1,2.5454545454545454,6.8686868686868685,0,1.0,0.66,W
27,an8TEdjNJUm09qqnxIZtlqWaYilrgRa6wXnsDi51T2r4LKQAZTb_NHT0m4cYWAvn6pC3giRaX8rtUg,GOLD,JHlNlUS,4514,81,2026-08-12 16:44:31.955000+00:00,2026-08-12 17:07:46.955000+00:00,1,1,18.0,10.623655913978494,0,1.0,0.3875,W
27,an8TEdjNJUm09qqnxIZtlqWaYilrgRa6wXnsDi51T2r4LKQAZTb_NHT0m4cYWAvn6pC3giRaX8rtUg,GOLD,JHlNlUS,4514,82,2026-08-12 21:22:44.741000+00:00,2026-08-12 22:51:21.177999998+00:00,3,2,1.1666666666666665,4.188039951286893,1,0.6666666666666666,1.476788055555,WWL
27,an8TEdjNJUm09qqnxIZtlqWaYilrgRa6wXnsDi51T2r4LKQAZTb_NHT0m4cYWAvn6pC3giRaX8rtUg,GOLD,JHlNlUS,4514,83,2026-08-16 16:29:39.056000+00:00,2026-08-16 17:03:51.056000+00:00,1,1,0.6153846153846154,7.602339181286549,0,1.0,0.57,W
27,an8TEdjNJUm09qqnxIZtlqWaYilrgRa6wXnsDi51T2r4LKQAZTb_NHT0m4cYWAvn6pC3giRaX8rtUg,GOLD,JHlNlUS,4514,84,2026-08-22 08:53:11.850000+00:00,2026-08-22 09:20:33.850000002+00:00,1,0,0.4285714285714285,8.404384896467722,1,0.0,0.45611111111166663,L
28,xbDPjzN4Ux-ZGv3Wmq3kOPTyPI5S7l_DpKdgxvggOMM3d-H3MQt3QPCVWdzgb9Cbl166M45sSy1EHg,GOLD,Nınetails,EUW,1,2026-07-22 15:42:16.328000+00:00,2026-07-22 17:02:38.013999998+00:00,2,0,2.6071428571428568,2.5244800530725016,2,0.0,1.3393572222216665,LL
28,xbDPjzN4Ux-ZGv3Wmq3kOPTyPI5S7l_DpKdgxvggOMM3d-H3MQt3QPCVWdzgb9Cbl166M45sSy1EHg,GOLD,Nınetails,EUW,2,2026-07-24 09:55:56.799000+00:00,2026-07-24 10:11:47.799000+00:00,1,1,2.5,7.9495268138801265,0,1.0,0.26416666666666666,W
28,xbDPjzN4Ux-ZGv3Wmq3kOPTyPI5S7l_DpKdgxvggOMM3d-H3MQt3QPCVWdzgb9Cbl166M45sSy1EHg,GOLD,Nınetails,EUW,3,2026-07-25 10:47:56.537000+00:00,2026-07-25 12:04:32.574000+00:00,2,0,5.208333333333334,6.683429013687809,2,0.0,1.2766769444444446,LL
28,xbDPjzN4Ux-ZGv3Wmq3kOPTyPI5S7l_DpKdgxvggOMM3d-H3MQt3QPCVWdzgb9Cbl166M45sSy1EHg,GOLD,Nınetails,EUW,4,2026-07-25 14:06:10.101000+00:00,2026-07-25 18:38:02.907999998+00:00,7,2,4.3414965986394565,2.9858899999334114,5,0.2857142857142857,4.531335277777222,LLLLWLW
28,xbDPjzN4Ux-ZGv3Wmq3kOPTyPI5S7l_DpKdgxvggOMM3d-H3MQt3QPCVWdzgb9Cbl166M45sSy1EHg,GOLD,Nınetails,EUW,5,2026-07-26 17:29:17.385000+00:00,2026-07-26 22:17:42.259000002+00:00,7,3,4.4812925170068025,2.68615011781575,4,0.42857142857142855,4.806909444445,WLLLLWW
28,xbDPjzN4Ux-ZGv3Wmq3kOPTyPI5S7l_DpKdgxvggOMM3d-H3MQt3QPCVWdzgb9Cbl166M45sSy1EHg,GOLD,Nınetails,EUW,6,2026-07-27 11:58:46.961000+00:00,2026-07-27 13:06:20.446000002+00:00,2,0,3.125,7.631940840685003,2,0.0,1.1259680555561111,LL
28,xbDPjzN4Ux-ZGv3Wmq3kOPTyPI5S7l_DpKdgxvggOMM3d-H3MQt3QPCVWdzgb9Cbl166M45sSy1EHg,GOLD,Nınetails,EUW,7,2026-07-27 14:17:54.323000+00:00,2026-07-27 16:31:02.370000002+00:00,3,2,4.446969696969696,6.761188305579135,1,0.6666666666666666,2.2189019444449998,LWW
28,xbDPjzN4Ux-ZGv3Wmq3kOPTyPI5S7l_DpKdgxvggOMM3d-H3MQt3QPCVWdzgb9Cbl166M45sSy1EHg,GOLD,Nınetails,EUW,8,2026-07-28 10:35:58.719000+00:00,2026-07-28 12:32:01.292999998+00:00,3,1,2.2083333333333335,7.825243028819522,2,0.3333333333333333,1.9340483333327776,LWL
28,xbDPjzN4Ux-ZGv3Wmq3kOPTyPI5S7l_DpKdgxvggOMM3d-H3MQt3QPCVWdzgb9Cbl166M45sSy1EHg,GOLD,Nınetails,EUW,9,2026-07-28 13:47:46.184000+00:00,2026-07-28 15:10:26.330000+00:00,2,2,4.75,1.34604178660189,0,1.0,1.3778183333333334,WW
28,xbDPjzN4Ux-ZGv3Wmq3kOPTyPI5S7l_DpKdgxvggOMM3d-H3MQt3QPCVWdzgb9Cbl166M45sSy1EHg,GOLD,Nınetails,EUW,10,2026-07-28 20:48:37.174000+00:00,2026-07-28 22:10:42.779000+00:00,2,1,2.0444444444444443,4.771804196277006,1,0.5,1.368223611111111,LW
28,xbDPjzN4Ux-ZGv3Wmq3kOPTyPI5S7l_DpKdgxvggOMM3d-H3MQt3QPCVWdzgb9Cbl166M45sSy1EHg,GOLD,Nınetails,EUW,11,2026-07-29 12:55:19.725000+00:00,2026-07-29 14:52:22.831000+00:00,2,2,4.614285714285714,7.406012117446015,0,1.0,1.9508627777777776,WW
28,xbDPjzN4Ux-ZGv3Wmq3kOPTyPI5S7l_DpKdgxvggOMM3d-H3MQt3QPCVWdzgb9Cbl166M45sSy1EHg,GOLD,Nınetails,EUW,12,2026-07-29 15:58:12.524000+00:00,2026-07-29 17:31:36.109000002+00:00,4,1,0.6125,2.9665520774386187,3,0.25,1.5565513888894444,LLWL
28,xbDPjzN4Ux-ZGv3Wmq3kOPTyPI5S7l_DpKdgxvggOMM3d-H3MQt3QPCVWdzgb9Cbl166M45sSy1EHg,GOLD,Nınetails,EUW,13,2026-07-29 18:46:20.057000+00:00,2026-07-29 19:19:21.057000002+00:00,1,0,3.2,1.2115093387178193,1,0.0,0.5502777777783333,L
28,xbDPjzN4Ux-ZGv3Wmq3kOPTyPI5S7l_DpKdgxvggOMM3d-H3MQt3QPCVWdzgb9Cbl166M45sSy1EHg,GOLD,Nınetails,EUW,14,2026-07-29 20:59:40.050000+00:00,2026-07-29 22:20:56.415000+00:00,2,0,2.0454545454545454,6.5757785418763275,2,0.0,1.3545458333333333,LL
28,xbDPjzN4Ux-ZGv3Wmq3kOPTyPI5S7l_DpKdgxvggOMM3d-H3MQt3QPCVWdzgb9Cbl166M45sSy1EHg,GOLD,Nınetails,EUW,15,2026-07-30 14:27:41.401000+00:00,2026-07-30 15:31:22.478999998+00:00,3,1,1.2083333333333333,4.93793670316063,2,0.3333333333333333,1.061410555555,LWL
28,xbDPjzN4Ux-ZGv3Wmq3kOPTyPI5S7l_DpKdgxvggOMM3d-H3MQt3QPCVWdzgb9Cbl166M45sSy1EHg,GOLD,Nınetails,EUW,16,2026-07-30 17:34:21.153000+00:00,2026-07-30 18:05:32.152999998+00:00,1,1,8.333333333333334,6.509887760555852,0,1.0,0.5197222222216666,W
28,xbDPjzN4Ux-ZGv3Wmq3kOPTyPI5S7l_DpKdgxvggOMM3d-H3MQt3QPCVWdzgb9Cbl166M45sSy1EHg,GOLD,Nınetails,EUW,17,2026-07-30 19:20:58.063000+00:00,2026-07-30 22:39:45.428000+00:00,4,3,1.5087301587301587,6.547121654260563,1,0.75,3.313156944444444,WWWL
28,xbDPjzN4Ux-ZGv3Wmq3kOPTyPI5S7l_DpKdgxvggOMM3d-H3MQt3QPCVWdzgb9Cbl166M45sSy1EHg,GOLD,Nınetails,EUW,18,2026-07-31 15:37:17.123000+00:00,2026-07-31 16:11:17.123000+00:00,1,0,2.25,2.764705882352941,1,0.0,0.5666666666666667,L
28,xbDPjzN4Ux-ZGv3Wmq3kOPTyPI5S7l_DpKdgxvggOMM3d-H3MQt3QPCVWdzgb9Cbl166M45sSy1EHg,GOLD,Nınetails,EUW,19,2026-07-31 19:11:51.494000+00:00,2026-07-31 22:00:19.044000002+00:00,4,3,3.125,7.060672990610097,1,0.75,2.8076527777783333,WWWL
28,xbDPjzN4Ux-ZGv3Wmq3kOPTyPI5S7l_DpKdgxvggOMM3d-H3MQt3QPCVWdzgb9Cbl166M45sSy1EHg,GOLD,Nınetails,EUW,20,2026-08-01 18:58:43.433000+00:00,2026-08-01 19:51:24.058000002+00:00,2,1,1.75,5.244121830809137,1,0.5,0.8779513888894445,WL
28,xbDPjzN4Ux-ZGv3Wmq3kOPTyPI5S7l_DpKdgxvggOMM3d-H3MQt3QPCVWdzgb9Cbl166M45sSy1EHg,GOLD,Nınetails,EUW,21,2026-08-02 22:05:32.798000+00:00,2026-08-02 22:38:59.798000+00:00,1,1,4.75,7.294469357249626,0,1.0,0.5575,W
28,xbDPjzN4Ux-ZGv3Wmq3kOPTyPI5S7l_DpKdgxvggOMM3d-H3MQt3QPCVWdzgb9Cbl166M45sSy1EHg,GOLD,Nınetails,EUW,22,2026-08-03 16:40:01.457000+00:00,2026-08-03 17:44:00.039999998+00:00,2,1,4.041666666666667,8.221635815555942,1,0.5,1.066273055555,LW
28,xbDPjzN4Ux-ZGv3Wmq3kOPTyPI5S7l_DpKdgxvggOMM3d-H3MQt3QPCVWdzgb9Cbl166M45sSy1EHg,GOLD,Nınetails,EUW,23,2026-08-03 19:11:17.901000+00:00,2026-08-03 21:59:20.108999998+00:00,4,2,2.0104166666666665,6.729080393834264,2,0.5,2.8006133333327776,LWWL
28,xbDPjzN4Ux-ZGv3Wmq3kOPTyPI5S7l_DpKdgxvggOMM3d-H3MQt3QPCVWdzgb9Cbl166M45sSy1EHg,GOLD,Nınetails,EUW,24,2026-08-04 14:52:20.499000+00:00,2026-08-04 16:12:20.287999998+00:00,2,1,6.107142857142857,7.048952996603997,1,0.5,1.3332747222216665,LW
28,xbDPjzN4Ux-ZGv3Wmq3kOPTyPI5S7l_DpKdgxvggOMM3d-H3MQt3QPCVWdzgb9Cbl166M45sSy1EHg,GOLD,Nınetails,EUW,25,2026-08-04 18:22:57.783000+00:00,2026-08-04 18:51:20.782999998+00:00,1,1,12.0,1.268349970640047,0,1.0,0.473055555555,W
28,xbDPjzN4Ux-ZGv3Wmq3kOPTyPI5S7l_DpKdgxvggOMM3d-H3MQt3QPCVWdzgb9Cbl166M45sSy1EHg,GOLD,Nınetails,EUW,26,2026-08-04 21:30:35.426000+00:00,2026-08-04 22:31:11.016999998+00:00,2,1,2.261904761904762,6.916460959561279,1,0.5,1.0098863888883334,LW
28,xbDPjzN4Ux-ZGv3Wmq3kOPTyPI5S7l_DpKdgxvggOMM3d-H3MQt3QPCVWdzgb9Cbl166M45sSy1EHg,GOLD,Nınetails,EUW,27,2026-08-05 15:49:39.477000+00:00,2026-08-05 16:12:59.476999998+00:00,1,0,1.0,6.257142857142857,1,0.0,0.38888888888833334,L
28,xbDPjzN4Ux-ZGv3Wmq3kOPTyPI5S7l_DpKdgxvggOMM3d-H3MQt3QPCVWdzgb9Cbl166M45sSy1EHg,GOLD,Nınetails,EUW,28,2026-08-06 22:08:24.484000+00:00,2026-08-07 00:50:48.685000+00:00,3,1,1.9675324675324675,3.554294381345281,2,0.3333333333333333,2.7067224999999997,LWL
28,xbDPjzN4Ux-ZGv3Wmq3kOPTyPI5S7l_DpKdgxvggOMM3d-H3MQt3QPCVWdzgb9Cbl166M45sSy1EHg,GOLD,Nınetails,EUW,29,2026-08-07 14:35:23.385000+00:00,2026-08-07 15:03:50.385000+00:00,1,1,8.0,5.905096660808436,0,1.0,0.4741666666666667,W
28,xbDPjzN4Ux-ZGv3Wmq3kOPTyPI5S7l_DpKdgxvggOMM3d-H3MQt3QPCVWdzgb9Cbl166M45sSy1EHg,GOLD,Nınetails,EUW,30,2026-08-07 17:29:00.863000+00:00,2026-08-07 18:33:19.866000002+00:00,2,1,1.8125,6.817817393641054,1,0.5,1.0719452777783334,LW
28,xbDPjzN4Ux-ZGv3Wmq3kOPTyPI5S7l_DpKdgxvggOMM3d-H3MQt3QPCVWdzgb9Cbl166M45sSy1EHg,GOLD,Nınetails,EUW,31,2026-08-08 22:46:08.262000+00:00,2026-08-08 23:55:41.561999998+00:00,3,0,0.9087301587301587,4.505306955084184,3,0.0,1.1592499999994446,LLL
28,xbDPjzN4Ux-ZGv3Wmq3kOPTyPI5S7l_DpKdgxvggOMM3d-H3MQt3QPCVWdzgb9Cbl166M45sSy1EHg,GOLD,Nınetails,EUW,32,2026-08-09 21:07:09.195000+00:00,2026-08-09 22:20:22.816999998+00:00,2,1,5.75,5.980493570272577,1,0.5,1.220450555555,WL
28,xbDPjzN4Ux-ZGv3Wmq3kOPTyPI5S7l_DpKdgxvggOMM3d-H3MQt3QPCVWdzgb9Cbl166M45sSy1EHg,GOLD,Nınetails,EUW,33,2026-08-10 15:38:23.514000+00:00,2026-08-10 16:09:26.514000+00:00,1,0,2.7142857142857144,6.731078904991948,1,0.0,0.5175,L
28,xbDPjzN4Ux-ZGv3Wmq3kOPTyPI5S7l_DpKdgxvggOMM3d-H3MQt3QPCVWdzgb9Cbl166M45sSy1EHg,GOLD,Nınetails,EUW,34,2026-08-10 20:35:41.647000+00:00,2026-08-10 22:06:25.260000002+00:00,3,2,3.119047619047619,6.25504587559238,1,0.6666666666666666,1.5121147222227778,LWW
28,xbDPjzN4Ux-ZGv3Wmq3kOPTyPI5S7l_DpKdgxvggOMM3d-H3MQt3QPCVWdzgb9Cbl166M45sSy1EHg,GOLD,Nınetails,EUW,35,2026-08-11 13:12:11.542000+00:00,2026-08-11 13:44:53.542000+00:00,1,0,8.0,7.400611620795106,1,0.0,0.545,L
28,xbDPjzN4Ux-ZGv3Wmq3kOPTyPI5S7l_DpKdgxvggOMM3d-H3MQt3QPCVWdzgb9Cbl166M45sSy1EHg,GOLD,Nınetails,EUW,36,2026-08-11 17:02:57.963000+00:00,2026-08-11 17:29:31.963000002+00:00,1,0,1.6,5.4579673776662485,1,0.0,0.4427777777783333,L
28,xbDPjzN4Ux-ZGv3Wmq3kOPTyPI5S7l_DpKdgxvggOMM3d-H3MQt3QPCVWdzgb9Cbl166M45sSy1EHg,GOLD,Nınetails,EUW,37,2026-08-12 19:36:15.540000+00:00,2026-08-12 21:38:04.187000002+00:00,2,1,2.583333333333333,6.874633245994705,1,0.5,2.0301797222227775,WL
28,xbDPjzN4Ux-ZGv3Wmq3kOPTyPI5S7l_DpKdgxvggOMM3d-H3MQt3QPCVWdzgb9Cbl166M45sSy1EHg,GOLD,Nınetails,EUW,38,2026-08-14 16:46:22.366000+00:00,2026-08-14 17:21:02.366000002+00:00,1,0,2.0,7.153846153846154,1,0.0,0.5777777777783333,L
28,xbDPjzN4Ux-ZGv3Wmq3kOPTyPI5S7l_DpKdgxvggOMM3d-H3MQt3QPCVWdzgb9Cbl166M45sSy1EHg,GOLD,Nınetails,EUW,39,2026-08-14 19:59:27.161000+00:00,2026-08-14 22:03:56.112000+00:00,3,3,3.661111111111111,6.9424297952362695,0,1.0,2.0747086111111113,WWW
28,xbDPjzN4Ux-ZGv3Wmq3kOPTyPI5S7l_DpKdgxvggOMM3d-H3MQt3QPCVWdzgb9Cbl166M45sSy1EHg,GOLD,Nınetails,EUW,40,2026-08-20 23:31:56.432000+00:00,2026-08-21 00:36:12.063000+00:00,2,0,1.3571428571428572,5.514805091284046,2,0.0,1.071008611111111,LL
28,xbDPjzN4Ux-ZGv3Wmq3kOPTyPI5S7l_DpKdgxvggOMM3d-H3MQt3QPCVWdzgb9Cbl166M45sSy1EHg,GOLD,Nınetails,EUW,41,2026-08-23 16:53:20.696000+00:00,2026-08-23 17:28:33.696000002+00:00,1,1,5.5,5.821107430194036,0,1.0,0.586944444445,W
28,xbDPjzN4Ux-ZGv3Wmq3kOPTyPI5S7l_DpKdgxvggOMM3d-H3MQt3QPCVWdzgb9Cbl166M45sSy1EHg,GOLD,Nınetails,EUW,42,2026-08-23 21:00:11.028000+00:00,2026-08-23 22:08:10.114999998+00:00,2,0,1.5357142857142856,6.8154573725072245,2,0.0,1.1330797222216666,LL
28,xbDPjzN4Ux-ZGv3Wmq3kOPTyPI5S7l_DpKdgxvggOMM3d-H3MQt3QPCVWdzgb9Cbl166M45sSy1EHg,GOLD,Nınetails,EUW,43,2026-08-24 22:52:13.800000+00:00,2026-08-25 00:29:26.635000002+00:00,3,2,7.5,7.814397135644424,1,0.6666666666666666,1.620231944445,WLW
28,xbDPjzN4Ux-ZGv3Wmq3kOPTyPI5S7l_DpKdgxvggOMM3d-H3MQt3QPCVWdzgb9Cbl166M45sSy1EHg,GOLD,Nınetails,EUW,44,2026-08-25 15:46:12.757000+00:00,2026-08-25 16:22:28.757000002+00:00,1,1,3.8,6.452205882352941,0,1.0,0.604444444445,W
29,RU3dV1YIAdfEal-ZDF0kQVXcZMisQvbDCoWvYBo3gCUcypIcrg4FRgaSkgayn7L8Vz4MyFxL1CUyWw,GOLD,Dresseur de coqs,EUW,1,2025-04-05 18:47:09.968000+00:00,2025-04-05 19:15:18.968000+00:00,1,1,9.5,5.719360568383659,0,1.0,0.4691666666666667,W
29,RU3dV1YIAdfEal-ZDF0kQVXcZMisQvbDCoWvYBo3gCUcypIcrg4FRgaSkgayn7L8Vz4MyFxL1CUyWw,GOLD,Dresseur de coqs,EUW,2,2025-04-07 17:52:32.953000+00:00,2025-04-07 19:09:37.609999998+00:00,2,1,3.0416666666666665,6.079290740135974,1,0.5,1.284626944443889,LW
29,RU3dV1YIAdfEal-ZDF0kQVXcZMisQvbDCoWvYBo3gCUcypIcrg4FRgaSkgayn7L8Vz4MyFxL1CUyWw,GOLD,Dresseur de coqs,EUW,3,2025-04-08 14:19:04.485000+00:00,2025-04-08 15:36:21.063000002+00:00,3,2,12.333333333333334,5.885580274919963,1,0.6666666666666666,1.287938333333889,WWL
29,RU3dV1YIAdfEal-ZDF0kQVXcZMisQvbDCoWvYBo3gCUcypIcrg4FRgaSkgayn7L8Vz4MyFxL1CUyWw,GOLD,Dresseur de coqs,EUW,4,2025-04-09 18:21:25.141000+00:00,2025-04-09 20:30:44.139000002+00:00,4,3,13.142857142857142,6.885854205016642,1,0.75,2.155277222222778,WWWL
29,RU3dV1YIAdfEal-ZDF0kQVXcZMisQvbDCoWvYBo3gCUcypIcrg4FRgaSkgayn7L8Vz4MyFxL1CUyWw,GOLD,Dresseur de coqs,EUW,5,2025-04-11 15:11:54.496000+00:00,2025-04-11 16:06:41.780000+00:00,2,2,16.5,8.514720197444564,0,1.0,0.9131344444444445,WW
29,RU3dV1YIAdfEal-ZDF0kQVXcZMisQvbDCoWvYBo3gCUcypIcrg4FRgaSkgayn7L8Vz4MyFxL1CUyWw,GOLD,Dresseur de coqs,EUW,6,2025-04-16 18:19:16.332000+00:00,2025-04-16 19:29:48.066999998+00:00,2,1,3.5,7.642892545474453,1,0.5,1.1754819444438889,WL
29,RU3dV1YIAdfEal-ZDF0kQVXcZMisQvbDCoWvYBo3gCUcypIcrg4FRgaSkgayn7L8Vz4MyFxL1CUyWw,GOLD,Dresseur de coqs,EUW,7,2025-04-18 16:58:33.583000+00:00,2025-04-18 18:11:31.405999998+00:00,2,2,5.583333333333333,7.177048851665425,0,1.0,1.216061944443889,WW
29,RU3dV1YIAdfEal-ZDF0kQVXcZMisQvbDCoWvYBo3gCUcypIcrg4FRgaSkgayn7L8Vz4MyFxL1CUyWw,GOLD,Dresseur de coqs,EUW,8,2025-04-24 17:47:32.436000+00:00,2025-04-24 18:56:01.382000+00:00,2,2,8.75,7.671878620824236,0,1.0,1.141373888888889,WW
29,RU3dV1YIAdfEal-ZDF0kQVXcZMisQvbDCoWvYBo3gCUcypIcrg4FRgaSkgayn7L8Vz4MyFxL1CUyWw,GOLD,Dresseur de coqs,EUW,9,2025-04-27 09:47:31.913000+00:00,2025-04-27 10:17:37.913000+00:00,1,1,12.0,6.843853820598007,0,1.0,0.5016666666666667,W
29,RU3dV1YIAdfEal-ZDF0kQVXcZMisQvbDCoWvYBo3gCUcypIcrg4FRgaSkgayn7L8Vz4MyFxL1CUyWw,GOLD,Dresseur de coqs,EUW,10,2026-03-17 12:29:35.884000+00:00,2026-03-17 14:13:21.928000+00:00,3,3,5.666666666666667,6.63042256140876,0,1.0,1.7294566666666666,WWW
29,RU3dV1YIAdfEal-ZDF0kQVXcZMisQvbDCoWvYBo3gCUcypIcrg4FRgaSkgayn7L8Vz4MyFxL1CUyWw,GOLD,Dresseur de coqs,EUW,11,2026-03-18 14:43:54.944000+00:00,2026-03-18 16:04:45.104999998+00:00,2,0,2.65,5.32424070019586,2,0.0,1.347266944443889,LL
29,RU3dV1YIAdfEal-ZDF0kQVXcZMisQvbDCoWvYBo3gCUcypIcrg4FRgaSkgayn7L8Vz4MyFxL1CUyWw,GOLD,Dresseur de coqs,EUW,12,2026-03-18 20:04:36.697000+00:00,2026-03-18 20:35:12.697000+00:00,1,0,8.0,5.980392156862745,1,0.0,0.51,L
29,RU3dV1YIAdfEal-ZDF0kQVXcZMisQvbDCoWvYBo3gCUcypIcrg4FRgaSkgayn7L8Vz4MyFxL1CUyWw,GOLD,Dresseur de coqs,EUW,13,2026-04-09 12:34:49.396000+00:00,2026-04-09 13:04:44.396000002+00:00,1,0,4.0,7.988857938718662,1,0.0,0.49861111111166667,L
29,RU3dV1YIAdfEal-ZDF0kQVXcZMisQvbDCoWvYBo3gCUcypIcrg4FRgaSkgayn7L8Vz4MyFxL1CUyWw,GOLD,Dresseur de coqs,EUW,14,2026-04-10 07:22:49.424000+00:00,2026-04-10 11:24:42.155000002+00:00,7,4,4.345238095238096,7.668763583848222,3,0.5714285714285714,4.031314166667222,WLLWLWW
29,RU3dV1YIAdfEal-ZDF0kQVXcZMisQvbDCoWvYBo3gCUcypIcrg4FRgaSkgayn7L8Vz4MyFxL1CUyWw,GOLD,Dresseur de coqs,EUW,15,2026-04-10 14:31:40.691000+00:00,2026-04-10 15:12:08.326999998+00:00,2,0,1.625,5.052317073170732,2,0.0,0.6743433333327777,LL
29,RU3dV1YIAdfEal-ZDF0kQVXcZMisQvbDCoWvYBo3gCUcypIcrg4FRgaSkgayn7L8Vz4MyFxL1CUyWw,GOLD,Dresseur de coqs,EUW,16,2026-04-12 09:51:16.031000+00:00,2026-04-12 10:09:55.031000+00:00,1,0,0.4,4.50402144772118,1,0.0,0.31083333333333335,L
30,R5jY9evOwYS6Izh7FKBivzYKv-jZ2BU91HXBN2Nj0vJc6GvoFKIZrZoglvdK4Tjte9wqVgd2aWm4nA,GOLD,Gustav Mark,EUW,1,2026-02-26 21:13:30.607000+00:00,2026-02-26 23:28:37.750999998+00:00,3,1,1.6690235690235689,3.5685490002594378,2,0.3333333333333333,2.251984444443889,LWL
30,R5jY9evOwYS6Izh7FKBivzYKv-jZ2BU91HXBN2Nj0vJc6GvoFKIZrZoglvdK4Tjte9wqVgd2aWm4nA,GOLD,Gustav Mark,EUW,2,2026-03-02 21:36:48.424000+00:00,2026-03-02 22:05:05.423999998+00:00,1,1,2.0,2.8285209192692986,0,1.0,0.47138888888833336,W
30,R5jY9evOwYS6Izh7FKBivzYKv-jZ2BU91HXBN2Nj0vJc6GvoFKIZrZoglvdK4Tjte9wqVgd2aWm4nA,GOLD,Gustav Mark,EUW,3,2026-03-04 18:18:24.528000+00:00,2026-03-04 18:56:47.527999998+00:00,1,0,3.875,1.2505427702996093,1,0.0,0.6397222222216666,L
30,R5jY9evOwYS6Izh7FKBivzYKv-jZ2BU91HXBN2Nj0vJc6GvoFKIZrZoglvdK4Tjte9wqVgd2aWm4nA,GOLD,Gustav Mark,EUW,4,2026-03-05 20:51:25.372000+00:00,2026-03-05 21:25:01.372000+00:00,1,0,1.0,2.3511904761904763,1,0.0,0.56,L
30,R5jY9evOwYS6Izh7FKBivzYKv-jZ2BU91HXBN2Nj0vJc6GvoFKIZrZoglvdK4Tjte9wqVgd2aWm4nA,GOLD,Gustav Mark,EUW,5,2026-03-06 21:46:47.896000+00:00,2026-03-06 23:34:18.906000+00:00,2,1,4.2,6.523194112185635,1,0.5,1.7919472222222224,LW
30,R5jY9evOwYS6Izh7FKBivzYKv-jZ2BU91HXBN2Nj0vJc6GvoFKIZrZoglvdK4Tjte9wqVgd2aWm4nA,GOLD,Gustav Mark,EUW,6,2026-07-07 10:13:39.422000+00:00,2026-07-07 10:58:51.422000+00:00,1,1,4.8,7.942477876106194,0,1.0,0.7533333333333333,W
31,tIccoo0qkBKTlLt_9GemUCysybhUVG87M1L1QMlhH5c7yyTjHM_VZfkSpHfi98nXh1kt10oXt7mLzQ,BRONZE,CrazyMortal24,EUW,1,2024-11-13 12:50:41.445000+00:00,2024-11-13 14:10:59.614999998+00:00,2,1,1.3333333333333333,3.233946254039354,1,0.5,1.3383805555550001,WL
31,tIccoo0qkBKTlLt_9GemUCysybhUVG87M1L1QMlhH5c7yyTjHM_VZfkSpHfi98nXh1kt10oXt7mLzQ,BRONZE,CrazyMortal24,EUW,2,2024-11-13 18:02:17.133000+00:00,2024-11-13 20:15:00.747000+00:00,2,1,2.840909090909091,1.0794851549035092,1,0.5,2.212115,LW
31,tIccoo0qkBKTlLt_9GemUCysybhUVG87M1L1QMlhH5c7yyTjHM_VZfkSpHfi98nXh1kt10oXt7mLzQ,BRONZE,CrazyMortal24,EUW,3,2024-11-13 23:22:50.095000+00:00,2024-11-14 00:24:15.053000002+00:00,2,1,2.625,1.9052263438490984,1,0.5,1.023599444445,LW
31,tIccoo0qkBKTlLt_9GemUCysybhUVG87M1L1QMlhH5c7yyTjHM_VZfkSpHfi98nXh1kt10oXt7mLzQ,BRONZE,CrazyMortal24,EUW,4,2024-11-15 11:26:59.872000+00:00,2024-11-15 12:40:00.369000+00:00,2,0,0.9583333333333333,3.708094154410516,2,0.0,1.2168047222222222,LL
31,tIccoo0qkBKTlLt_9GemUCysybhUVG87M1L1QMlhH5c7yyTjHM_VZfkSpHfi98nXh1kt10oXt7mLzQ,BRONZE,CrazyMortal24,EUW,5,2024-11-17 09:55:15.526000+00:00,2024-11-17 11:20:18.743000+00:00,2,1,1.952380952380952,4.658046738381644,1,0.5,1.4175602777777776,WL
31,tIccoo0qkBKTlLt_9GemUCysybhUVG87M1L1QMlhH5c7yyTjHM_VZfkSpHfi98nXh1kt10oXt7mLzQ,BRONZE,CrazyMortal24,EUW,6,2024-11-18 10:09:57.540000+00:00,2024-11-18 10:51:46.540000002+00:00,1,1,3.5,3.802311677959346,0,1.0,0.696944444445,W
31,tIccoo0qkBKTlLt_9GemUCysybhUVG87M1L1QMlhH5c7yyTjHM_VZfkSpHfi98nXh1kt10oXt7mLzQ,BRONZE,CrazyMortal24,EUW,7,2024-11-19 00:25:18.887000+00:00,2024-11-19 01:03:54.887000+00:00,1,1,1.375,3.601036269430052,0,1.0,0.6433333333333333,W
31,tIccoo0qkBKTlLt_9GemUCysybhUVG87M1L1QMlhH5c7yyTjHM_VZfkSpHfi98nXh1kt10oXt7mLzQ,BRONZE,CrazyMortal24,EUW,8,2024-11-20 02:26:27.093000+00:00,2024-11-20 02:47:49.093000002+00:00,1,0,1.0,1.1700468018720749,1,0.0,0.35611111111166666,L
31,tIccoo0qkBKTlLt_9GemUCysybhUVG87M1L1QMlhH5c7yyTjHM_VZfkSpHfi98nXh1kt10oXt7mLzQ,BRONZE,CrazyMortal24,EUW,9,2024-11-20 10:26:09.143000+00:00,2024-11-20 11:53:29.948000+00:00,2,1,2.232142857142857,0.9889390371056297,1,0.5,1.4557791666666668,LW
31,tIccoo0qkBKTlLt_9GemUCysybhUVG87M1L1QMlhH5c7yyTjHM_VZfkSpHfi98nXh1kt10oXt7mLzQ,BRONZE,CrazyMortal24,EUW,10,2024-11-23 10:18:40.305000+00:00,2024-11-23 10:51:08.305000002+00:00,1,1,4.0,2.5256673511293632,0,1.0,0.5411111111116667,W
31,tIccoo0qkBKTlLt_9GemUCysybhUVG87M1L1QMlhH5c7yyTjHM_VZfkSpHfi98nXh1kt10oXt7mLzQ,BRONZE,CrazyMortal24,EUW,11,2024-12-11 14:58:25.420000+00:00,2024-12-11 15:35:08.420000002+00:00,1,1,1.875,2.560145256468452,0,1.0,0.611944444445,W
31,tIccoo0qkBKTlLt_9GemUCysybhUVG87M1L1QMlhH5c7yyTjHM_VZfkSpHfi98nXh1kt10oXt7mLzQ,BRONZE,CrazyMortal24,EUW,12,2024-12-12 10:13:16.402000+00:00,2024-12-12 10:33:26.402000002+00:00,1,0,1.0,1.1900826446280992,1,0.0,0.33611111111166664,L
31,tIccoo0qkBKTlLt_9GemUCysybhUVG87M1L1QMlhH5c7yyTjHM_VZfkSpHfi98nXh1kt10oXt7mLzQ,BRONZE,CrazyMortal24,EUW,13,2024-12-13 12:17:52.626000+00:00,2024-12-13 12:39:47.626000002+00:00,1,0,1.6,3.1482889733840302,1,0.0,0.3652777777783333,L
31,tIccoo0qkBKTlLt_9GemUCysybhUVG87M1L1QMlhH5c7yyTjHM_VZfkSpHfi98nXh1kt10oXt7mLzQ,BRONZE,CrazyMortal24,EUW,14,2024-12-15 01:14:17.613000+00:00,2024-12-15 01:55:41.698000002+00:00,2,2,3.5,5.249465157838811,0,1.0,0.6900236111116667,WW
31,tIccoo0qkBKTlLt_9GemUCysybhUVG87M1L1QMlhH5c7yyTjHM_VZfkSpHfi98nXh1kt10oXt7mLzQ,BRONZE,CrazyMortal24,EUW,15,2024-12-19 12:57:05.400000+00:00,2024-12-19 14:01:31.281999998+00:00,2,1,3.5,3.997634979233964,1,0.5,1.0738561111105556,LW
31,tIccoo0qkBKTlLt_9GemUCysybhUVG87M1L1QMlhH5c7yyTjHM_VZfkSpHfi98nXh1kt10oXt7mLzQ,BRONZE,CrazyMortal24,EUW,16,2024-12-29 12:34:01.313000+00:00,2024-12-29 13:11:41.313000002+00:00,1,1,3.125,2.920353982300885,0,1.0,0.6277777777783333,W
31,tIccoo0qkBKTlLt_9GemUCysybhUVG87M1L1QMlhH5c7yyTjHM_VZfkSpHfi98nXh1kt10oXt7mLzQ,BRONZE,CrazyMortal24,EUW,17,2024-12-30 13:02:17.344000+00:00,2024-12-30 13:40:36.344000002+00:00,1,0,2.1666666666666665,3.3666811657242275,1,0.0,0.6386111111116667,L
31,tIccoo0qkBKTlLt_9GemUCysybhUVG87M1L1QMlhH5c7yyTjHM_VZfkSpHfi98nXh1kt10oXt7mLzQ,BRONZE,CrazyMortal24,EUW,18,2025-01-23 23:54:00.446000+00:00,2025-01-24 00:25:25.446000002+00:00,1,0,2.571428571428572,2.9920424403183024,1,0.0,0.5236111111116667,L
31,tIccoo0qkBKTlLt_9GemUCysybhUVG87M1L1QMlhH5c7yyTjHM_VZfkSpHfi98nXh1kt10oXt7mLzQ,BRONZE,CrazyMortal24,EUW,19,2025-01-24 01:28:34.852000+00:00,2025-01-24 02:18:22.876000002+00:00,2,0,2.875,3.7724895442938347,2,0.0,0.8300066666672222,LL
31,tIccoo0qkBKTlLt_9GemUCysybhUVG87M1L1QMlhH5c7yyTjHM_VZfkSpHfi98nXh1kt10oXt7mLzQ,BRONZE,CrazyMortal24,EUW,20,2025-01-26 23:49:45.332000+00:00,2025-01-27 00:58:50.029000+00:00,2,2,2.083333333333333,4.789709040380648,0,1.0,1.1513047222222224,WW
31,tIccoo0qkBKTlLt_9GemUCysybhUVG87M1L1QMlhH5c7yyTjHM_VZfkSpHfi98nXh1kt10oXt7mLzQ,BRONZE,CrazyMortal24,EUW,21,2025-01-29 17:04:01.849000+00:00,2025-01-29 17:36:40.849000+00:00,1,0,1.5454545454545454,2.082695252679939,1,0.0,0.5441666666666667,L
31,tIccoo0qkBKTlLt_9GemUCysybhUVG87M1L1QMlhH5c7yyTjHM_VZfkSpHfi98nXh1kt10oXt7mLzQ,BRONZE,CrazyMortal24,EUW,22,2025-02-10 23:05:18.497000+00:00,2025-02-10 23:28:26.496999998+00:00,1,0,1.2,4.020172910662824,1,0.0,0.385555555555,L
31,tIccoo0qkBKTlLt_9GemUCysybhUVG87M1L1QMlhH5c7yyTjHM_VZfkSpHfi98nXh1kt10oXt7mLzQ,BRONZE,CrazyMortal24,EUW,23,2025-02-11 22:43:54.218000+00:00,2025-02-12 00:20:23.041999998+00:00,2,0,2.361111111111111,4.798653347255563,2,0.0,1.608006666666111,LL
31,tIccoo0qkBKTlLt_9GemUCysybhUVG87M1L1QMlhH5c7yyTjHM_VZfkSpHfi98nXh1kt10oXt7mLzQ,BRONZE,CrazyMortal24,EUW,24,2025-02-13 17:16:41.099000+00:00,2025-02-13 18:21:48.879999998+00:00,2,2,5.916666666666666,3.956252542143083,0,1.0,1.0854947222216667,WW
31,tIccoo0qkBKTlLt_9GemUCysybhUVG87M1L1QMlhH5c7yyTjHM_VZfkSpHfi98nXh1kt10oXt7mLzQ,BRONZE,CrazyMortal24,EUW,25,2025-07-28 13:31:07.958000+00:00,2025-07-28 14:03:09.957999997+00:00,1,1,7.0,1.7481789802289285,0,1.0,0.5338888888880555,W
31,tIccoo0qkBKTlLt_9GemUCysybhUVG87M1L1QMlhH5c7yyTjHM_VZfkSpHfi98nXh1kt10oXt7mLzQ,BRONZE,CrazyMortal24,EUW,26,2025-07-31 11:36:09.049000+00:00,2025-07-31 12:44:32.066000002+00:00,2,1,3.6,4.177211524047045,1,0.5,1.139726944445,LW
31,tIccoo0qkBKTlLt_9GemUCysybhUVG87M1L1QMlhH5c7yyTjHM_VZfkSpHfi98nXh1kt10oXt7mLzQ,BRONZE,CrazyMortal24,EUW,27,2025-08-01 15:25:28.210000+00:00,2025-08-01 16:22:26.047000002+00:00,2,2,13.5,4.7944472613028415,0,1.0,0.9493991666672222,WW
31,tIccoo0qkBKTlLt_9GemUCysybhUVG87M1L1QMlhH5c7yyTjHM_VZfkSpHfi98nXh1kt10oXt7mLzQ,BRONZE,CrazyMortal24,EUW,28,2025-08-03 13:08:25.784000+00:00,2025-08-03 14:14:54.613000+00:00,2,2,10.0,3.9626766170108683,0,1.0,1.1080080555555556,WW
31,tIccoo0qkBKTlLt_9GemUCysybhUVG87M1L1QMlhH5c7yyTjHM_VZfkSpHfi98nXh1kt10oXt7mLzQ,BRONZE,CrazyMortal24,EUW,29,2025-10-07 14:38:07.207000+00:00,2025-10-07 14:53:03.206999998+00:00,1,0,0.0,3.080357142857143,1,0.0,0.24888888888833333,L
31,tIccoo0qkBKTlLt_9GemUCysybhUVG87M1L1QMlhH5c7yyTjHM_VZfkSpHfi98nXh1kt10oXt7mLzQ,BRONZE,CrazyMortal24,EUW,30,2025-10-07 23:15:02.777000+00:00,2025-10-07 23:42:28.776999998+00:00,1,0,1.8571428571428568,4.410692588092345,1,0.0,0.4572222222216667,L
31,tIccoo0qkBKTlLt_9GemUCysybhUVG87M1L1QMlhH5c7yyTjHM_VZfkSpHfi98nXh1kt10oXt7mLzQ,BRONZE,CrazyMortal24,EUW,31,2025-11-06 21:36:14.708000+00:00,2025-11-06 22:14:06.708000002+00:00,1,0,3.142857142857143,4.595070422535211,1,0.0,0.6311111111116666,L
31,tIccoo0qkBKTlLt_9GemUCysybhUVG87M1L1QMlhH5c7yyTjHM_VZfkSpHfi98nXh1kt10oXt7mLzQ,BRONZE,CrazyMortal24,EUW,32,2025-11-26 21:27:24.109000+00:00,2025-11-26 22:58:12.034000+00:00,2,0,1.6111111111111112,3.7556140658286683,2,0.0,1.5133125,LL
31,tIccoo0qkBKTlLt_9GemUCysybhUVG87M1L1QMlhH5c7yyTjHM_VZfkSpHfi98nXh1kt10oXt7mLzQ,BRONZE,CrazyMortal24,EUW,33,2025-12-05 20:54:31.615000+00:00,2025-12-05 21:10:39.614999998+00:00,1,0,0.1666666666666666,2.603305785123967,1,0.0,0.26888888888833334,L
31,tIccoo0qkBKTlLt_9GemUCysybhUVG87M1L1QMlhH5c7yyTjHM_VZfkSpHfi98nXh1kt10oXt7mLzQ,BRONZE,CrazyMortal24,EUW,34,2025-12-08 00:31:06.308000+00:00,2025-12-08 01:03:42.308000+00:00,1,0,1.7777777777777777,5.214723926380368,1,0.0,0.5433333333333333,L
31,tIccoo0qkBKTlLt_9GemUCysybhUVG87M1L1QMlhH5c7yyTjHM_VZfkSpHfi98nXh1kt10oXt7mLzQ,BRONZE,CrazyMortal24,EUW,35,2026-05-28 15:59:48.956000+00:00,2026-05-28 16:26:22.956000002+00:00,1,0,2.0,6.286072772898369,1,0.0,0.4427777777783333,L
31,tIccoo0qkBKTlLt_9GemUCysybhUVG87M1L1QMlhH5c7yyTjHM_VZfkSpHfi98nXh1kt10oXt7mLzQ,BRONZE,CrazyMortal24,EUW,36,2026-05-29 23:08:02.766000+00:00,2026-05-30 01:29:08.599999998+00:00,4,1,4.052083333333333,4.175281861689616,3,0.25,2.351620555555,LLWL
31,tIccoo0qkBKTlLt_9GemUCysybhUVG87M1L1QMlhH5c7yyTjHM_VZfkSpHfi98nXh1kt10oXt7mLzQ,BRONZE,CrazyMortal24,EUW,37,2026-05-30 14:45:20.612000+00:00,2026-05-30 18:33:36.622999998+00:00,7,3,4.109523809523809,4.12305678016279,4,0.42857142857142855,3.804447499999444,LLLWWWL
31,tIccoo0qkBKTlLt_9GemUCysybhUVG87M1L1QMlhH5c7yyTjHM_VZfkSpHfi98nXh1kt10oXt7mLzQ,BRONZE,CrazyMortal24,EUW,38,2026-06-01 01:21:13.626000+00:00,2026-06-01 02:15:20.753999997+00:00,2,1,5.5,0.6406038531855137,1,0.5,0.9019799999991667,LW
31,tIccoo0qkBKTlLt_9GemUCysybhUVG87M1L1QMlhH5c7yyTjHM_VZfkSpHfi98nXh1kt10oXt7mLzQ,BRONZE,CrazyMortal24,EUW,39,2026-06-03 15:48:52.642000+00:00,2026-06-03 17:01:22.325000002+00:00,2,2,1.7833333333333332,5.025249867719245,0,1.0,1.2082452777783332,WW
31,tIccoo0qkBKTlLt_9GemUCysybhUVG87M1L1QMlhH5c7yyTjHM_VZfkSpHfi98nXh1kt10oXt7mLzQ,BRONZE,CrazyMortal24,EUW,40,2026-06-06 19:43:15.382000+00:00,2026-06-06 20:19:27.382000+00:00,1,0,1.25,5.0,1,0.0,0.6033333333333334,L
31,tIccoo0qkBKTlLt_9GemUCysybhUVG87M1L1QMlhH5c7yyTjHM_VZfkSpHfi98nXh1kt10oXt7mLzQ,BRONZE,CrazyMortal24,EUW,41,2026-06-09 00:13:47.341000+00:00,2026-06-09 01:31:24.732000+00:00,2,0,2.196969696969697,4.342854584188401,2,0.0,1.293719722222222,LL
31,tIccoo0qkBKTlLt_9GemUCysybhUVG87M1L1QMlhH5c7yyTjHM_VZfkSpHfi98nXh1kt10oXt7mLzQ,BRONZE,CrazyMortal24,EUW,42,2026-06-25 21:12:24.218000+00:00,2026-06-25 22:33:00.797000+00:00,3,2,4.916666666666667,6.060360298237001,1,0.6666666666666666,1.3434941666666667,WWL
31,tIccoo0qkBKTlLt_9GemUCysybhUVG87M1L1QMlhH5c7yyTjHM_VZfkSpHfi98nXh1kt10oXt7mLzQ,BRONZE,CrazyMortal24,EUW,43,2026-06-26 09:50:42.537000+00:00,2026-06-26 11:40:51.727000+00:00,3,0,1.5555555555555556,1.355668174953012,3,0.0,1.835886111111111,LLL
31,tIccoo0qkBKTlLt_9GemUCysybhUVG87M1L1QMlhH5c7yyTjHM_VZfkSpHfi98nXh1kt10oXt7mLzQ,BRONZE,CrazyMortal24,EUW,44,2026-06-27 15:20:21.469000+00:00,2026-06-27 18:29:39.813000002+00:00,6,3,1.168584656084656,2.89739281370885,3,0.5,3.155095555556111,WLWWLL
31,tIccoo0qkBKTlLt_9GemUCysybhUVG87M1L1QMlhH5c7yyTjHM_VZfkSpHfi98nXh1kt10oXt7mLzQ,BRONZE,CrazyMortal24,EUW,45,2026-06-30 14:31:42.460000+00:00,2026-06-30 15:07:39.913000002+00:00,2,2,2.25,3.1497603232948563,0,1.0,0.5992925000005556,WW
32,CZZ-pPjAt_CgPYGwsQkxMKqzIk92EMQKgkr4zsC5Q8_7x9KfH3Fq8pnNwp_VnQ4hrr30BCoxmYsdRA,BRONZE,KutnaHora,EUW,1,2026-01-27 02:46:05.640000+00:00,2026-01-27 03:27:53.640000+00:00,1,0,3.111111111111111,6.052631578947369,1,0.0,0.6966666666666667,L
32,CZZ-pPjAt_CgPYGwsQkxMKqzIk92EMQKgkr4zsC5Q8_7x9KfH3Fq8pnNwp_VnQ4hrr30BCoxmYsdRA,BRONZE,KutnaHora,EUW,2,2026-01-27 07:12:02.023000+00:00,2026-01-27 07:50:06.023000002+00:00,1,0,1.6363636363636365,9.588441330998249,1,0.0,0.634444444445,L
32,CZZ-pPjAt_CgPYGwsQkxMKqzIk92EMQKgkr4zsC5Q8_7x9KfH3Fq8pnNwp_VnQ4hrr30BCoxmYsdRA,BRONZE,KutnaHora,EUW,3,2026-01-28 06:11:42.298000+00:00,2026-01-28 07:24:36.074000+00:00,2,1,15.75,5.935173017958826,1,0.5,1.2149377777777777,LW
32,CZZ-pPjAt_CgPYGwsQkxMKqzIk92EMQKgkr4zsC5Q8_7x9KfH3Fq8pnNwp_VnQ4hrr30BCoxmYsdRA,BRONZE,KutnaHora,EUW,4,2026-01-30 02:10:21.899000+00:00,2026-01-30 06:07:35.699000002+00:00,6,4,3.5787037037037037,7.297915901261708,2,0.6666666666666666,3.953833333333889,WLWLWW
32,CZZ-pPjAt_CgPYGwsQkxMKqzIk92EMQKgkr4zsC5Q8_7x9KfH3Fq8pnNwp_VnQ4hrr30BCoxmYsdRA,BRONZE,KutnaHora,EUW,5,2026-01-30 15:46:32.341000+00:00,2026-01-30 16:14:26.341000+00:00,1,1,6.25,9.42652329749104,0,1.0,0.465,W
32,CZZ-pPjAt_CgPYGwsQkxMKqzIk92EMQKgkr4zsC5Q8_7x9KfH3Fq8pnNwp_VnQ4hrr30BCoxmYsdRA,BRONZE,KutnaHora,EUW,6,2026-01-31 03:32:32.189000+00:00,2026-01-31 04:22:07.933000002+00:00,2,1,2.9,4.000027444755993,1,0.5,0.8265955555561112,WL
33,m0Mh33h1Nvhu6Z6JU1E-7D-jf9Vd1kPVeFvWiNrUQR8qPd8ptYN1at7lH2cWbBdzu5ktKRtGzPzuxg,BRONZE,ZMACROVICH,EUW,1,2024-11-07 22:42:01.816000+00:00,2024-11-07 23:13:15.815999998+00:00,1,0,1.6666666666666667,6.115261472785486,1,0.0,0.520555555555,L
33,m0Mh33h1Nvhu6Z6JU1E-7D-jf9Vd1kPVeFvWiNrUQR8qPd8ptYN1at7lH2cWbBdzu5ktKRtGzPzuxg,BRONZE,ZMACROVICH,EUW,2,2025-01-26 17:16:36.764000+00:00,2025-01-26 17:41:22.764000002+00:00,1,0,0.6666666666666666,5.047106325706595,1,0.0,0.41277777777833335,L
33,m0Mh33h1Nvhu6Z6JU1E-7D-jf9Vd1kPVeFvWiNrUQR8qPd8ptYN1at7lH2cWbBdzu5ktKRtGzPzuxg,BRONZE,ZMACROVICH,EUW,3,2025-01-27 21:10:19.205000+00:00,2025-01-27 21:34:36.204999998+00:00,1,0,1.8,5.600549073438572,1,0.0,0.40472222222166665,L
33,m0Mh33h1Nvhu6Z6JU1E-7D-jf9Vd1kPVeFvWiNrUQR8qPd8ptYN1at7lH2cWbBdzu5ktKRtGzPzuxg,BRONZE,ZMACROVICH,EUW,4,2025-01-27 23:34:15.391000+00:00,2025-01-28 00:41:37.753000+00:00,2,2,5.357142857142858,5.921705863007565,0,1.0,1.1228783333333334,WW
33,m0Mh33h1Nvhu6Z6JU1E-7D-jf9Vd1kPVeFvWiNrUQR8qPd8ptYN1at7lH2cWbBdzu5ktKRtGzPzuxg,BRONZE,ZMACROVICH,EUW,5,2025-02-01 17:57:18.504000+00:00,2025-02-01 18:25:27.504000+00:00,1,1,4.0,5.612788632326821,0,1.0,0.4691666666666667,W
33,m0Mh33h1Nvhu6Z6JU1E-7D-jf9Vd1kPVeFvWiNrUQR8qPd8ptYN1at7lH2cWbBdzu5ktKRtGzPzuxg,BRONZE,ZMACROVICH,EUW,6,2025-02-02 23:15:21.771000+00:00,2025-02-02 23:57:31.771000002+00:00,1,1,2.857142857142857,5.786561264822135,0,1.0,0.7027777777783333,W
33,m0Mh33h1Nvhu6Z6JU1E-7D-jf9Vd1kPVeFvWiNrUQR8qPd8ptYN1at7lH2cWbBdzu5ktKRtGzPzuxg,BRONZE,ZMACROVICH,EUW,7,2025-02-03 22:58:37.280000+00:00,2025-02-03 23:42:27.279999998+00:00,1,0,3.2857142857142856,5.406844106463878,1,0.0,0.730555555555,L
33,m0Mh33h1Nvhu6Z6JU1E-7D-jf9Vd1kPVeFvWiNrUQR8qPd8ptYN1at7lH2cWbBdzu5ktKRtGzPzuxg,BRONZE,ZMACROVICH,EUW,8,2025-02-05 21:18:31.616000+00:00,2025-02-05 21:58:43.616000+00:00,1,1,13.0,4.9502487562189055,0,1.0,0.67,W
33,m0Mh33h1Nvhu6Z6JU1E-7D-jf9Vd1kPVeFvWiNrUQR8qPd8ptYN1at7lH2cWbBdzu5ktKRtGzPzuxg,BRONZE,ZMACROVICH,EUW,9,2025-02-08 13:51:36.030000+00:00,2025-02-08 14:30:11.029999998+00:00,1,0,1.125,4.742980561555076,1,0.0,0.643055555555,L
33,m0Mh33h1Nvhu6Z6JU1E-7D-jf9Vd1kPVeFvWiNrUQR8qPd8ptYN1at7lH2cWbBdzu5ktKRtGzPzuxg,BRONZE,ZMACROVICH,EUW,10,2025-02-25 20:55:53.055000+00:00,2025-02-25 21:22:15.055000002+00:00,1,1,4.25,5.651074589127687,0,1.0,0.43944444444499997,W
33,m0Mh33h1Nvhu6Z6JU1E-7D-jf9Vd1kPVeFvWiNrUQR8qPd8ptYN1at7lH2cWbBdzu5ktKRtGzPzuxg,BRONZE,ZMACROVICH,EUW,11,2025-02-26 23:24:36.148000+00:00,2025-02-27 01:16:10.818000002+00:00,3,3,2.690476190476191,5.959869879475707,0,1.0,1.8596305555561112,WWW
33,m0Mh33h1Nvhu6Z6JU1E-7D-jf9Vd1kPVeFvWiNrUQR8qPd8ptYN1at7lH2cWbBdzu5ktKRtGzPzuxg,BRONZE,ZMACROVICH,EUW,12,2025-02-27 12:00:27.421000+00:00,2025-02-27 12:34:07.421000002+00:00,1,0,4.25,7.247524752475248,1,0.0,0.5611111111116667,L
33,m0Mh33h1Nvhu6Z6JU1E-7D-jf9Vd1kPVeFvWiNrUQR8qPd8ptYN1at7lH2cWbBdzu5ktKRtGzPzuxg,BRONZE,ZMACROVICH,EUW,13,2025-02-28 17:57:45.437000+00:00,2025-02-28 18:36:49.232000+00:00,2,0,0.16666666666666666,3.9541735995562957,2,0.0,0.6510541666666667,LL
33,m0Mh33h1Nvhu6Z6JU1E-7D-jf9Vd1kPVeFvWiNrUQR8qPd8ptYN1at7lH2cWbBdzu5ktKRtGzPzuxg,BRONZE,ZMACROVICH,EUW,14,2025-10-28 23:10:56.584000+00:00,2025-10-28 23:35:49.583999998+00:00,1,1,9.5,5.304755525787006,0,1.0,0.41472222222166666,W
33,m0Mh33h1Nvhu6Z6JU1E-7D-jf9Vd1kPVeFvWiNrUQR8qPd8ptYN1at7lH2cWbBdzu5ktKRtGzPzuxg,BRONZE,ZMACROVICH,EUW,15,2025-11-07 22:21:01.678000+00:00,2025-11-07 22:48:52.678000+00:00,1,0,1.4,5.996409335727109,1,0.0,0.46416666666666667,L
33,m0Mh33h1Nvhu6Z6JU1E-7D-jf9Vd1kPVeFvWiNrUQR8qPd8ptYN1at7lH2cWbBdzu5ktKRtGzPzuxg,BRONZE,ZMACROVICH,EUW,16,2025-11-19 11:24:39.594000+00:00,2025-11-19 11:56:03.594000+00:00,1,0,1.625,4.585987261146497,1,0.0,0.5233333333333333,L
33,m0Mh33h1Nvhu6Z6JU1E-7D-jf9Vd1kPVeFvWiNrUQR8qPd8ptYN1at7lH2cWbBdzu5ktKRtGzPzuxg,BRONZE,ZMACROVICH,EUW,17,2025-11-24 22:00:27.039000+00:00,2025-11-24 23:16:33.553999998+00:00,3,2,2.111111111111111,4.77328222527658,1,0.6666666666666666,1.2684763888883335,WWL
33,m0Mh33h1Nvhu6Z6JU1E-7D-jf9Vd1kPVeFvWiNrUQR8qPd8ptYN1at7lH2cWbBdzu5ktKRtGzPzuxg,BRONZE,ZMACROVICH,EUW,18,2025-12-14 19:34:58.202000+00:00,2025-12-14 20:10:03.201999998+00:00,1,1,3.25,4.133016627078384,0,1.0,0.5847222222216667,W
33,m0Mh33h1Nvhu6Z6JU1E-7D-jf9Vd1kPVeFvWiNrUQR8qPd8ptYN1at7lH2cWbBdzu5ktKRtGzPzuxg,BRONZE,ZMACROVICH,EUW,19,2025-12-16 18:01:33.640000+00:00,2025-12-16 18:59:15.925999998+00:00,2,1,1.7,5.904612585094803,1,0.5,0.9617461111105555,LW
33,m0Mh33h1Nvhu6Z6JU1E-7D-jf9Vd1kPVeFvWiNrUQR8qPd8ptYN1at7lH2cWbBdzu5ktKRtGzPzuxg,BRONZE,ZMACROVICH,EUW,20,2025-12-16 22:33:04.127000+00:00,2025-12-16 23:12:47.127000002+00:00,1,1,3.7142857142857135,4.985312631137222,0,1.0,0.661944444445,W
33,m0Mh33h1Nvhu6Z6JU1E-7D-jf9Vd1kPVeFvWiNrUQR8qPd8ptYN1at7lH2cWbBdzu5ktKRtGzPzuxg,BRONZE,ZMACROVICH,EUW,21,2025-12-17 17:58:40.804000+00:00,2025-12-17 19:09:03.702999998+00:00,3,2,4.0,4.6630092928427365,1,0.6666666666666666,1.1730274999994446,WLW
33,m0Mh33h1Nvhu6Z6JU1E-7D-jf9Vd1kPVeFvWiNrUQR8qPd8ptYN1at7lH2cWbBdzu5ktKRtGzPzuxg,BRONZE,ZMACROVICH,EUW,22,2025-12-17 23:41:12.458000+00:00,2025-12-18 00:13:13.458000002+00:00,1,1,16.0,4.685059864653827,0,1.0,0.5336111111116667,W
33,m0Mh33h1Nvhu6Z6JU1E-7D-jf9Vd1kPVeFvWiNrUQR8qPd8ptYN1at7lH2cWbBdzu5ktKRtGzPzuxg,BRONZE,ZMACROVICH,EUW,23,2025-12-18 21:55:34.849000+00:00,2025-12-18 23:17:29.768000+00:00,2,0,1.1375,4.3930110506012365,2,0.0,1.3652552777777778,LL
33,m0Mh33h1Nvhu6Z6JU1E-7D-jf9Vd1kPVeFvWiNrUQR8qPd8ptYN1at7lH2cWbBdzu5ktKRtGzPzuxg,BRONZE,ZMACROVICH,EUW,24,2025-12-19 16:34:10.376000+00:00,2025-12-19 17:04:59.376000002+00:00,1,0,2.0,4.802595997836669,1,0.0,0.5136111111116667,L
33,m0Mh33h1Nvhu6Z6JU1E-7D-jf9Vd1kPVeFvWiNrUQR8qPd8ptYN1at7lH2cWbBdzu5ktKRtGzPzuxg,BRONZE,ZMACROVICH,EUW,25,2026-01-10 00:55:22.171000+00:00,2026-01-10 01:43:22.171000+00:00,1,0,2.7142857142857144,5.6875,1,0.0,0.8,L
33,m0Mh33h1Nvhu6Z6JU1E-7D-jf9Vd1kPVeFvWiNrUQR8qPd8ptYN1at7lH2cWbBdzu5ktKRtGzPzuxg,BRONZE,ZMACROVICH,EUW,26,2026-01-11 18:21:51.178000+00:00,2026-01-11 18:48:06.178000+00:00,1,1,3.25,4.990476190476191,0,1.0,0.4375,W
33,m0Mh33h1Nvhu6Z6JU1E-7D-jf9Vd1kPVeFvWiNrUQR8qPd8ptYN1at7lH2cWbBdzu5ktKRtGzPzuxg,BRONZE,ZMACROVICH,EUW,27,2026-02-10 00:04:36.486000+00:00,2026-02-10 00:28:00.486000+00:00,1,0,1.5,5.641025641025641,1,0.0,0.39,L
33,m0Mh33h1Nvhu6Z6JU1E-7D-jf9Vd1kPVeFvWiNrUQR8qPd8ptYN1at7lH2cWbBdzu5ktKRtGzPzuxg,BRONZE,ZMACROVICH,EUW,28,2026-08-23 13:28:59.827000+00:00,2026-08-23 14:04:04.377000002+00:00,2,2,2.625,4.343615949867582,0,1.0,0.5845972222227778,WW
33,m0Mh33h1Nvhu6Z6JU1E-7D-jf9Vd1kPVeFvWiNrUQR8qPd8ptYN1at7lH2cWbBdzu5ktKRtGzPzuxg,BRONZE,ZMACROVICH,EUW,29,2026-08-23 21:11:18.834000+00:00,2026-08-23 22:02:04.378999998+00:00,2,1,1.9166666666666665,6.306949981422532,1,0.5,0.8459847222216667,WL
34,8AUwlTMwMHji0JRToseXdDNodJnSMEV7Y-8rP0h92dJkR48LgnY0XsSPTPGO41W3t8vnjOXW14ylbg,BRONZE,Arthèmis,3162,1,2026-02-27 23:57:30.326000+00:00,2026-02-28 01:07:29.784999998+00:00,2,1,0.9285714285714286,5.026061634689113,1,0.5,1.1665163888883332,WL
34,8AUwlTMwMHji0JRToseXdDNodJnSMEV7Y-8rP0h92dJkR48LgnY0XsSPTPGO41W3t8vnjOXW14ylbg,BRONZE,Arthèmis,3162,2,2026-02-28 13:17:51.037000+00:00,2026-02-28 13:52:46.037000002+00:00,1,1,4.0,3.0071599045346065,0,1.0,0.581944444445,W
34,8AUwlTMwMHji0JRToseXdDNodJnSMEV7Y-8rP0h92dJkR48LgnY0XsSPTPGO41W3t8vnjOXW14ylbg,BRONZE,Arthèmis,3162,3,2026-02-28 17:45:17.321000+00:00,2026-02-28 19:27:08.640000+00:00,4,3,2.706349206349206,4.107141325480231,1,0.75,1.6975886111111111,WLWW
34,8AUwlTMwMHji0JRToseXdDNodJnSMEV7Y-8rP0h92dJkR48LgnY0XsSPTPGO41W3t8vnjOXW14ylbg,BRONZE,Arthèmis,3162,4,2026-03-01 13:14:56.394000+00:00,2026-03-01 16:19:18.981999998+00:00,4,2,2.926767676767677,5.198891979483745,2,0.5,3.0729411111105556,WWLL
34,8AUwlTMwMHji0JRToseXdDNodJnSMEV7Y-8rP0h92dJkR48LgnY0XsSPTPGO41W3t8vnjOXW14ylbg,BRONZE,Arthèmis,3162,5,2026-03-02 23:44:26.328000+00:00,2026-03-03 00:09:18.328000002+00:00,1,0,3.1666666666666665,5.3083109919571045,1,0.0,0.414444444445,L
34,8AUwlTMwMHji0JRToseXdDNodJnSMEV7Y-8rP0h92dJkR48LgnY0XsSPTPGO41W3t8vnjOXW14ylbg,BRONZE,Arthèmis,3162,6,2026-03-03 15:43:16.248000+00:00,2026-03-03 18:32:50.906000002+00:00,5,3,2.4833333333333334,3.852228313802148,2,0.6,2.8262938888894444,WLLWW
34,8AUwlTMwMHji0JRToseXdDNodJnSMEV7Y-8rP0h92dJkR48LgnY0XsSPTPGO41W3t8vnjOXW14ylbg,BRONZE,Arthèmis,3162,7,2026-03-04 13:29:43.647000+00:00,2026-03-04 14:04:36.646999998+00:00,1,1,2.7777777777777777,0.9173435260391782,0,1.0,0.5813888888883333,W
34,8AUwlTMwMHji0JRToseXdDNodJnSMEV7Y-8rP0h92dJkR48LgnY0XsSPTPGO41W3t8vnjOXW14ylbg,BRONZE,Arthèmis,3162,8,2026-03-04 15:23:04.617000+00:00,2026-03-04 17:21:30.827000002+00:00,3,1,1.926984126984127,1.6750025261816266,2,0.3333333333333333,1.9739472222227779,LWL
34,8AUwlTMwMHji0JRToseXdDNodJnSMEV7Y-8rP0h92dJkR48LgnY0XsSPTPGO41W3t8vnjOXW14ylbg,BRONZE,Arthèmis,3162,9,2026-03-04 22:01:51.882000+00:00,2026-03-04 23:59:10.759999998+00:00,3,2,1.5333333333333332,4.146695912612711,1,0.6666666666666666,1.9552438888883332,WLW
34,8AUwlTMwMHji0JRToseXdDNodJnSMEV7Y-8rP0h92dJkR48LgnY0XsSPTPGO41W3t8vnjOXW14ylbg,BRONZE,Arthèmis,3162,10,2026-03-05 15:52:59.790000+00:00,2026-03-05 16:23:15.790000002+00:00,1,0,0.3636363636363636,5.484581497797357,1,0.0,0.504444444445,L
34,8AUwlTMwMHji0JRToseXdDNodJnSMEV7Y-8rP0h92dJkR48LgnY0XsSPTPGO41W3t8vnjOXW14ylbg,BRONZE,Arthèmis,3162,11,2026-03-05 21:59:14.201000+00:00,2026-03-06 01:52:08.905999998+00:00,5,4,5.506666666666666,5.243070275639069,1,0.8,3.881862499999445,WWWWL
34,8AUwlTMwMHji0JRToseXdDNodJnSMEV7Y-8rP0h92dJkR48LgnY0XsSPTPGO41W3t8vnjOXW14ylbg,BRONZE,Arthèmis,3162,12,2026-03-06 17:35:49.999000+00:00,2026-03-06 20:28:37.377000002+00:00,5,2,2.1313492063492063,1.5220756949818148,3,0.4,2.8798272222227776,WLLWL
34,8AUwlTMwMHji0JRToseXdDNodJnSMEV7Y-8rP0h92dJkR48LgnY0XsSPTPGO41W3t8vnjOXW14ylbg,BRONZE,Arthèmis,3162,13,2026-03-06 22:59:44.222000+00:00,2026-03-07 00:13:14.581999998+00:00,2,1,2.455357142857143,1.6718766095776574,1,0.5,1.2250999999994443,LW
34,8AUwlTMwMHji0JRToseXdDNodJnSMEV7Y-8rP0h92dJkR48LgnY0XsSPTPGO41W3t8vnjOXW14ylbg,BRONZE,Arthèmis,3162,14,2026-03-07 14:27:53.921000+00:00,2026-03-07 15:03:42.729000002+00:00,2,0,1.3888888888888888,0.27762656505171474,2,0.0,0.5968911111116667,LL
34,8AUwlTMwMHji0JRToseXdDNodJnSMEV7Y-8rP0h92dJkR48LgnY0XsSPTPGO41W3t8vnjOXW14ylbg,BRONZE,Arthèmis,3162,15,2026-03-07 16:32:39.041000+00:00,2026-03-07 16:34:15.041000+00:00,1,1,0.0,0.0,0,1.0,0.02666666666666667,W
34,8AUwlTMwMHji0JRToseXdDNodJnSMEV7Y-8rP0h92dJkR48LgnY0XsSPTPGO41W3t8vnjOXW14ylbg,BRONZE,Arthèmis,3162,16,2026-03-07 22:20:33.112000+00:00,2026-03-08 00:01:22.476000+00:00,3,0,1.0,1.0593029884115521,3,0.0,1.6803788888888889,LLL
34,8AUwlTMwMHji0JRToseXdDNodJnSMEV7Y-8rP0h92dJkR48LgnY0XsSPTPGO41W3t8vnjOXW14ylbg,BRONZE,Arthèmis,3162,17,2026-03-08 14:51:39.381000+00:00,2026-03-08 16:17:19.527999998+00:00,2,1,3.5,0.4545454545454546,1,0.5,1.4278186111105555,WL
34,8AUwlTMwMHji0JRToseXdDNodJnSMEV7Y-8rP0h92dJkR48LgnY0XsSPTPGO41W3t8vnjOXW14ylbg,BRONZE,Arthèmis,3162,18,2026-03-08 20:11:55.035000+00:00,2026-03-08 21:41:37.801999998+00:00,3,2,4.5,1.0735564996740734,1,0.6666666666666666,1.495213055555,WWL
34,8AUwlTMwMHji0JRToseXdDNodJnSMEV7Y-8rP0h92dJkR48LgnY0XsSPTPGO41W3t8vnjOXW14ylbg,BRONZE,Arthèmis,3162,19,2026-03-09 15:43:04.472000+00:00,2026-03-09 16:25:19.472000+00:00,1,1,4.8,1.3727810650887573,0,1.0,0.7041666666666667,W
34,8AUwlTMwMHji0JRToseXdDNodJnSMEV7Y-8rP0h92dJkR48LgnY0XsSPTPGO41W3t8vnjOXW14ylbg,BRONZE,Arthèmis,3162,20,2026-03-09 18:18:20.570000+00:00,2026-03-09 19:24:44.419000002+00:00,2,1,3.5,0.8470972328269397,1,0.5,1.1066247222227779,WL
34,8AUwlTMwMHji0JRToseXdDNodJnSMEV7Y-8rP0h92dJkR48LgnY0XsSPTPGO41W3t8vnjOXW14ylbg,BRONZE,Arthèmis,3162,21,2026-03-10 15:45:27.370000+00:00,2026-03-10 17:41:33.303000+00:00,3,2,11.899999999999999,0.7168614699553618,1,0.6666666666666666,1.934981388888889,WWL
34,8AUwlTMwMHji0JRToseXdDNodJnSMEV7Y-8rP0h92dJkR48LgnY0XsSPTPGO41W3t8vnjOXW14ylbg,BRONZE,Arthèmis,3162,22,2026-03-10 20:07:23.994000+00:00,2026-03-10 20:49:33.994000002+00:00,1,1,3.6666666666666665,0.6403162055335969,0,1.0,0.7027777777783333,W
34,8AUwlTMwMHji0JRToseXdDNodJnSMEV7Y-8rP0h92dJkR48LgnY0XsSPTPGO41W3t8vnjOXW14ylbg,BRONZE,Arthèmis,3162,23,2026-03-10 22:10:56.553000+00:00,2026-03-10 22:37:22.552999998+00:00,1,1,6.0,0.832282471626734,0,1.0,0.44055555555500003,W
34,8AUwlTMwMHji0JRToseXdDNodJnSMEV7Y-8rP0h92dJkR48LgnY0XsSPTPGO41W3t8vnjOXW14ylbg,BRONZE,Arthèmis,3162,24,2026-03-11 12:57:09.459000+00:00,2026-03-11 13:15:21.459000+00:00,1,1,4.0,0.7692307692307693,0,1.0,0.30333333333333334,W
34,8AUwlTMwMHji0JRToseXdDNodJnSMEV7Y-8rP0h92dJkR48LgnY0XsSPTPGO41W3t8vnjOXW14ylbg,BRONZE,Arthèmis,3162,25,2026-03-11 14:57:03.847000+00:00,2026-03-11 15:30:05.846999997+00:00,1,1,15.5,0.6357214934409687,0,1.0,0.5505555555547222,W
34,8AUwlTMwMHji0JRToseXdDNodJnSMEV7Y-8rP0h92dJkR48LgnY0XsSPTPGO41W3t8vnjOXW14ylbg,BRONZE,Arthèmis,3162,26,2026-03-11 19:42:55.752000+00:00,2026-03-11 21:48:32.378999997+00:00,2,2,4.833333333333334,0.7134336552522885,0,1.0,2.0935074999991667,WW
34,8AUwlTMwMHji0JRToseXdDNodJnSMEV7Y-8rP0h92dJkR48LgnY0XsSPTPGO41W3t8vnjOXW14ylbg,BRONZE,Arthèmis,3162,27,2026-03-12 18:55:24.112000+00:00,2026-03-12 20:52:25.176999998+00:00,3,3,4.562962962962962,1.091127711085429,0,1.0,1.9502958333327776,WWW
34,8AUwlTMwMHji0JRToseXdDNodJnSMEV7Y-8rP0h92dJkR48LgnY0XsSPTPGO41W3t8vnjOXW14ylbg,BRONZE,Arthèmis,3162,28,2026-03-12 22:52:17.794000+00:00,2026-03-12 23:20:21.794000002+00:00,1,1,35.0,1.2114014251781473,0,1.0,0.46777777777833335,W
34,8AUwlTMwMHji0JRToseXdDNodJnSMEV7Y-8rP0h92dJkR48LgnY0XsSPTPGO41W3t8vnjOXW14ylbg,BRONZE,Arthèmis,3162,29,2026-03-13 00:39:27.474000+00:00,2026-03-13 01:15:40.474000002+00:00,1,0,1.5,0.966405890473999,1,0.0,0.6036111111116667,L
34,8AUwlTMwMHji0JRToseXdDNodJnSMEV7Y-8rP0h92dJkR48LgnY0XsSPTPGO41W3t8vnjOXW14ylbg,BRONZE,Arthèmis,3162,30,2026-03-13 13:50:03.487000+00:00,2026-03-13 14:23:44.486999998+00:00,1,0,2.0,1.0390895596239489,1,0.0,0.5613888888883334,L
34,8AUwlTMwMHji0JRToseXdDNodJnSMEV7Y-8rP0h92dJkR48LgnY0XsSPTPGO41W3t8vnjOXW14ylbg,BRONZE,Arthèmis,3162,31,2026-03-13 20:49:35.428000+00:00,2026-03-13 22:36:53.455000002+00:00,3,0,1.6527777777777777,0.8924586223443737,3,0.0,1.7883408333338888,LLL
34,8AUwlTMwMHji0JRToseXdDNodJnSMEV7Y-8rP0h92dJkR48LgnY0XsSPTPGO41W3t8vnjOXW14ylbg,BRONZE,Arthèmis,3162,32,2026-03-14 01:24:05.259000+00:00,2026-03-14 02:03:09.259000002+00:00,1,1,3.571428571428572,0.8703071672354948,0,1.0,0.6511111111116666,W
34,8AUwlTMwMHji0JRToseXdDNodJnSMEV7Y-8rP0h92dJkR48LgnY0XsSPTPGO41W3t8vnjOXW14ylbg,BRONZE,Arthèmis,3162,33,2026-03-14 13:55:13.658000+00:00,2026-03-14 16:03:27.112000+00:00,3,0,0.9789562289562289,1.842774187708882,3,0.0,2.1370705555555554,LLL
34,8AUwlTMwMHji0JRToseXdDNodJnSMEV7Y-8rP0h92dJkR48LgnY0XsSPTPGO41W3t8vnjOXW14ylbg,BRONZE,Arthèmis,3162,34,2026-03-15 00:06:57.246000+00:00,2026-03-15 00:46:06.246000+00:00,1,1,4.166666666666667,0.996168582375479,0,1.0,0.6525,W
34,8AUwlTMwMHji0JRToseXdDNodJnSMEV7Y-8rP0h92dJkR48LgnY0XsSPTPGO41W3t8vnjOXW14ylbg,BRONZE,Arthèmis,3162,35,2026-03-15 21:34:47.366000+00:00,2026-03-15 23:11:34.553000+00:00,2,0,4.944444444444445,0.6206675760697085,2,0.0,1.6131075,LL
34,8AUwlTMwMHji0JRToseXdDNodJnSMEV7Y-8rP0h92dJkR48LgnY0XsSPTPGO41W3t8vnjOXW14ylbg,BRONZE,Arthèmis,3162,36,2026-03-16 13:39:10.219000+00:00,2026-03-16 14:00:52.219000+00:00,1,1,3.333333333333333,0.6912442396313364,0,1.0,0.3616666666666667,W
34,8AUwlTMwMHji0JRToseXdDNodJnSMEV7Y-8rP0h92dJkR48LgnY0XsSPTPGO41W3t8vnjOXW14ylbg,BRONZE,Arthèmis,3162,37,2026-03-16 21:00:33.713000+00:00,2026-03-16 22:22:08.054000002+00:00,2,2,4.642857142857142,0.7647959694095152,0,1.0,1.3595391666672223,WW
34,8AUwlTMwMHji0JRToseXdDNodJnSMEV7Y-8rP0h92dJkR48LgnY0XsSPTPGO41W3t8vnjOXW14ylbg,BRONZE,Arthèmis,3162,38,2026-03-17 01:09:55.122000+00:00,2026-03-17 01:44:22.122000+00:00,1,0,1.4285714285714286,1.2481857764876632,1,0.0,0.5741666666666667,L
34,8AUwlTMwMHji0JRToseXdDNodJnSMEV7Y-8rP0h92dJkR48LgnY0XsSPTPGO41W3t8vnjOXW14ylbg,BRONZE,Arthèmis,3162,39,2026-03-17 16:25:48.458000+00:00,2026-03-17 18:13:30.297000002+00:00,3,1,1.9753246753246751,0.7122744278253105,2,0.3333333333333333,1.7949552777783333,LWL
34,8AUwlTMwMHji0JRToseXdDNodJnSMEV7Y-8rP0h92dJkR48LgnY0XsSPTPGO41W3t8vnjOXW14ylbg,BRONZE,Arthèmis,3162,40,2026-03-17 20:56:02.736000+00:00,2026-03-17 22:04:55.140000002+00:00,2,1,6.365384615384615,0.678354796804517,1,0.5,1.1478900000005556,WL
34,8AUwlTMwMHji0JRToseXdDNodJnSMEV7Y-8rP0h92dJkR48LgnY0XsSPTPGO41W3t8vnjOXW14ylbg,BRONZE,Arthèmis,3162,41,2026-03-18 15:02:32.159000+00:00,2026-03-18 15:45:05.159000+00:00,1,1,2.4545454545454546,0.6815511163337251,0,1.0,0.7091666666666666,W
34,8AUwlTMwMHji0JRToseXdDNodJnSMEV7Y-8rP0h92dJkR48LgnY0XsSPTPGO41W3t8vnjOXW14ylbg,BRONZE,Arthèmis,3162,42,2026-03-18 21:06:45.153000+00:00,2026-03-18 21:38:08.152999998+00:00,1,0,1.6666666666666667,0.6372809346787042,1,0.0,0.523055555555,L
34,8AUwlTMwMHji0JRToseXdDNodJnSMEV7Y-8rP0h92dJkR48LgnY0XsSPTPGO41W3t8vnjOXW14ylbg,BRONZE,Arthèmis,3162,43,2026-03-19 16:26:06.512000+00:00,2026-03-19 17:37:28.324999998+00:00,3,0,0.7744107744107743,0.6771044624746451,3,0.0,1.1893924999994445,LLL
34,8AUwlTMwMHji0JRToseXdDNodJnSMEV7Y-8rP0h92dJkR48LgnY0XsSPTPGO41W3t8vnjOXW14ylbg,BRONZE,Arthèmis,3162,44,2026-03-20 14:51:34.781000+00:00,2026-03-20 15:22:18.780999998+00:00,1,1,2.0,0.911062906724512,0,1.0,0.5122222222216667,W
34,8AUwlTMwMHji0JRToseXdDNodJnSMEV7Y-8rP0h92dJkR48LgnY0XsSPTPGO41W3t8vnjOXW14ylbg,BRONZE,Arthèmis,3162,45,2026-03-20 18:13:14.351000+00:00,2026-03-20 18:49:54.351000002+00:00,1,0,4.142857142857143,0.9,1,0.0,0.6111111111116667,L
34,8AUwlTMwMHji0JRToseXdDNodJnSMEV7Y-8rP0h92dJkR48LgnY0XsSPTPGO41W3t8vnjOXW14ylbg,BRONZE,Arthèmis,3162,46,2026-03-21 15:23:51.758000+00:00,2026-03-21 15:47:16.758000002+00:00,1,0,0.625,0.6405693950177935,1,0.0,0.39027777777833333,L
34,8AUwlTMwMHji0JRToseXdDNodJnSMEV7Y-8rP0h92dJkR48LgnY0XsSPTPGO41W3t8vnjOXW14ylbg,BRONZE,Arthèmis,3162,47,2026-03-22 19:09:40.218000+00:00,2026-03-22 20:48:50.781000002+00:00,3,2,2.3095238095238098,0.846679922942717,1,0.6666666666666666,1.6529341666672221,WWL
34,8AUwlTMwMHji0JRToseXdDNodJnSMEV7Y-8rP0h92dJkR48LgnY0XsSPTPGO41W3t8vnjOXW14ylbg,BRONZE,Arthèmis,3162,48,2026-03-26 18:33:49.012000+00:00,2026-03-26 19:11:37.012000+00:00,1,0,1.3333333333333333,0.6878306878306879,1,0.0,0.63,L
34,8AUwlTMwMHji0JRToseXdDNodJnSMEV7Y-8rP0h92dJkR48LgnY0XsSPTPGO41W3t8vnjOXW14ylbg,BRONZE,Arthèmis,3162,49,2026-03-29 22:03:27.107000+00:00,2026-03-29 22:35:25.107000002+00:00,1,1,2.125,1.2200208550573517,0,1.0,0.5327777777783334,W
34,8AUwlTMwMHji0JRToseXdDNodJnSMEV7Y-8rP0h92dJkR48LgnY0XsSPTPGO41W3t8vnjOXW14ylbg,BRONZE,Arthèmis,3162,50,2026-04-03 23:55:39.176000+00:00,2026-04-04 00:32:28.176000002+00:00,1,1,2.75,0.9234947940244452,0,1.0,0.6136111111116667,W
34,8AUwlTMwMHji0JRToseXdDNodJnSMEV7Y-8rP0h92dJkR48LgnY0XsSPTPGO41W3t8vnjOXW14ylbg,BRONZE,Arthèmis,3162,51,2026-05-23 14:29:35.251000+00:00,2026-05-23 15:07:12.251000002+00:00,1,0,1.5,1.2228622064687638,1,0.0,0.626944444445,L
35,-TGbgbhadiw9P4pTWUwHu3DshEonSh7JbVoQ6vFLDh8qVPDIfnJnunWY7pi5UM9TlJMWJ-a7DPP5tw,BRONZE,qazx232323,EUW,1,2026-07-01 15:21:03.133000+00:00,2026-07-01 15:44:43.133000002+00:00,1,1,6.25,8.028169014084506,0,1.0,0.394444444445,W
35,-TGbgbhadiw9P4pTWUwHu3DshEonSh7JbVoQ6vFLDh8qVPDIfnJnunWY7pi5UM9TlJMWJ-a7DPP5tw,BRONZE,qazx232323,EUW,2,2026-07-04 03:11:53.029000+00:00,2026-07-04 04:53:20.891999998+00:00,3,1,2.4722222222222223,6.4624834380638525,2,0.3333333333333333,1.691073055555,LWL
35,-TGbgbhadiw9P4pTWUwHu3DshEonSh7JbVoQ6vFLDh8qVPDIfnJnunWY7pi5UM9TlJMWJ-a7DPP5tw,BRONZE,qazx232323,EUW,3,2026-07-04 19:08:54.450000+00:00,2026-07-04 20:26:32.039999998+00:00,2,2,4.4,6.853289857947345,0,1.0,1.2937749999994446,WW
35,-TGbgbhadiw9P4pTWUwHu3DshEonSh7JbVoQ6vFLDh8qVPDIfnJnunWY7pi5UM9TlJMWJ-a7DPP5tw,BRONZE,qazx232323,EUW,4,2026-07-11 14:32:09.467000+00:00,2026-07-11 15:59:57.672000002+00:00,5,2,2.0846153846153848,4.915598738053435,3,0.4,1.4633902777783334,WLLWL
35,-TGbgbhadiw9P4pTWUwHu3DshEonSh7JbVoQ6vFLDh8qVPDIfnJnunWY7pi5UM9TlJMWJ-a7DPP5tw,BRONZE,qazx232323,EUW,5,2026-07-11 20:09:35.473000+00:00,2026-07-11 20:48:13.472999998+00:00,1,1,1.9,5.927523727351165,0,1.0,0.6438888888883333,W
35,-TGbgbhadiw9P4pTWUwHu3DshEonSh7JbVoQ6vFLDh8qVPDIfnJnunWY7pi5UM9TlJMWJ-a7DPP5tw,BRONZE,qazx232323,EUW,6,2026-07-15 12:34:00.983000+00:00,2026-07-15 13:36:07.387999998+00:00,2,1,1.2232142857142856,4.150093898974335,1,0.5,1.0351124999994445,LW
35,-TGbgbhadiw9P4pTWUwHu3DshEonSh7JbVoQ6vFLDh8qVPDIfnJnunWY7pi5UM9TlJMWJ-a7DPP5tw,BRONZE,qazx232323,EUW,7,2026-07-16 17:14:42.341000+00:00,2026-07-16 18:42:57.764999998+00:00,4,1,0.32916666666666666,4.0870296591778335,3,0.25,1.4709511111105555,WLLL
35,-TGbgbhadiw9P4pTWUwHu3DshEonSh7JbVoQ6vFLDh8qVPDIfnJnunWY7pi5UM9TlJMWJ-a7DPP5tw,BRONZE,qazx232323,EUW,8,2026-07-17 07:13:01.747000+00:00,2026-07-17 07:36:01.747000+00:00,1,1,3.0,7.695652173913044,0,1.0,0.38333333333333336,W
35,-TGbgbhadiw9P4pTWUwHu3DshEonSh7JbVoQ6vFLDh8qVPDIfnJnunWY7pi5UM9TlJMWJ-a7DPP5tw,BRONZE,qazx232323,EUW,9,2026-07-17 08:50:37.438000+00:00,2026-07-17 09:35:32.438000002+00:00,1,0,1.8,6.36734693877551,1,0.0,0.7486111111116667,L
35,-TGbgbhadiw9P4pTWUwHu3DshEonSh7JbVoQ6vFLDh8qVPDIfnJnunWY7pi5UM9TlJMWJ-a7DPP5tw,BRONZE,qazx232323,EUW,10,2026-07-17 14:15:21.095000+00:00,2026-07-17 14:41:10.095000002+00:00,1,0,0.3333333333333333,4.686894770819884,1,0.0,0.4302777777783333,L
35,-TGbgbhadiw9P4pTWUwHu3DshEonSh7JbVoQ6vFLDh8qVPDIfnJnunWY7pi5UM9TlJMWJ-a7DPP5tw,BRONZE,qazx232323,EUW,11,2026-07-17 15:54:07.285000+00:00,2026-07-17 17:18:22.644999998+00:00,3,1,0.3659090909090909,4.186350551120376,2,0.3333333333333333,1.404266666666111,WLL
35,-TGbgbhadiw9P4pTWUwHu3DshEonSh7JbVoQ6vFLDh8qVPDIfnJnunWY7pi5UM9TlJMWJ-a7DPP5tw,BRONZE,qazx232323,EUW,12,2026-07-18 12:29:38.664000+00:00,2026-07-18 13:33:09.567999998+00:00,2,0,1.738095238095238,6.8386773123798665,2,0.0,1.058584444443889,LL
35,-TGbgbhadiw9P4pTWUwHu3DshEonSh7JbVoQ6vFLDh8qVPDIfnJnunWY7pi5UM9TlJMWJ-a7DPP5tw,BRONZE,qazx232323,EUW,13,2026-07-19 12:18:36.763000+00:00,2026-07-19 12:44:14.762999998+00:00,1,0,0.2222222222222222,6.0468140442132645,1,0.0,0.42722222222166667,L
35,-TGbgbhadiw9P4pTWUwHu3DshEonSh7JbVoQ6vFLDh8qVPDIfnJnunWY7pi5UM9TlJMWJ-a7DPP5tw,BRONZE,qazx232323,EUW,14,2026-07-20 12:08:57.285000+00:00,2026-07-20 13:15:14.101999998+00:00,2,0,0.5934065934065934,4.849503982784048,2,0.0,1.1046713888883333,LL
35,-TGbgbhadiw9P4pTWUwHu3DshEonSh7JbVoQ6vFLDh8qVPDIfnJnunWY7pi5UM9TlJMWJ-a7DPP5tw,BRONZE,qazx232323,EUW,15,2026-07-21 21:39:37.619000+00:00,2026-07-21 22:27:51.844999998+00:00,2,1,1.0666666666666667,5.06574600237875,1,0.5,0.8039516666661112,LW
35,-TGbgbhadiw9P4pTWUwHu3DshEonSh7JbVoQ6vFLDh8qVPDIfnJnunWY7pi5UM9TlJMWJ-a7DPP5tw,BRONZE,qazx232323,EUW,16,2026-07-22 12:08:44.371000+00:00,2026-07-22 13:16:11.769000002+00:00,3,1,0.461904761904762,3.328353551201182,2,0.3333333333333333,1.1242772222227777,LWL
35,-TGbgbhadiw9P4pTWUwHu3DshEonSh7JbVoQ6vFLDh8qVPDIfnJnunWY7pi5UM9TlJMWJ-a7DPP5tw,BRONZE,qazx232323,EUW,17,2026-07-24 16:17:32.139000+00:00,2026-07-24 17:13:52.486000002+00:00,2,1,0.7142857142857143,5.706546323862746,1,0.5,0.9389852777783334,LW
35,-TGbgbhadiw9P4pTWUwHu3DshEonSh7JbVoQ6vFLDh8qVPDIfnJnunWY7pi5UM9TlJMWJ-a7DPP5tw,BRONZE,qazx232323,EUW,18,2026-07-25 12:02:15.594000+00:00,2026-07-25 13:15:57.956999998+00:00,3,0,0.5851851851851851,5.423944954187763,3,0.0,1.2284341666661112,LLL
35,-TGbgbhadiw9P4pTWUwHu3DshEonSh7JbVoQ6vFLDh8qVPDIfnJnunWY7pi5UM9TlJMWJ-a7DPP5tw,BRONZE,qazx232323,EUW,19,2026-07-26 21:00:35.337000+00:00,2026-07-26 22:50:00.796999998+00:00,3,1,1.1222222222222222,4.483275905284036,2,0.3333333333333333,1.8237388888883332,LLW
35,-TGbgbhadiw9P4pTWUwHu3DshEonSh7JbVoQ6vFLDh8qVPDIfnJnunWY7pi5UM9TlJMWJ-a7DPP5tw,BRONZE,qazx232323,EUW,20,2026-07-27 21:23:04.471000+00:00,2026-07-27 22:26:34.553000+00:00,2,1,0.55,5.537349014621742,1,0.5,1.058356111111111,LW
35,-TGbgbhadiw9P4pTWUwHu3DshEonSh7JbVoQ6vFLDh8qVPDIfnJnunWY7pi5UM9TlJMWJ-a7DPP5tw,BRONZE,qazx232323,EUW,21,2026-07-28 12:30:30.704000+00:00,2026-07-28 12:51:47.703999998+00:00,1,0,0.25,4.510571652310102,1,0.0,0.35472222222166666,L
35,-TGbgbhadiw9P4pTWUwHu3DshEonSh7JbVoQ6vFLDh8qVPDIfnJnunWY7pi5UM9TlJMWJ-a7DPP5tw,BRONZE,qazx232323,EUW,22,2026-07-29 12:22:56.124000+00:00,2026-07-29 13:42:36.467000002+00:00,2,1,1.4318181818181819,4.716889709275495,1,0.5,1.3278730555561111,LW
35,-TGbgbhadiw9P4pTWUwHu3DshEonSh7JbVoQ6vFLDh8qVPDIfnJnunWY7pi5UM9TlJMWJ-a7DPP5tw,BRONZE,qazx232323,EUW,23,2026-07-30 20:20:15.640000+00:00,2026-07-30 21:22:41.027000002+00:00,2,0,0.5972222222222222,4.439264043020706,2,0.0,1.0403852777783333,LL
35,-TGbgbhadiw9P4pTWUwHu3DshEonSh7JbVoQ6vFLDh8qVPDIfnJnunWY7pi5UM9TlJMWJ-a7DPP5tw,BRONZE,qazx232323,EUW,24,2026-07-31 19:26:01.730000+00:00,2026-07-31 19:49:29.730000002+00:00,1,0,0.0,0.9801136363636364,1,0.0,0.3911111111116667,L
35,-TGbgbhadiw9P4pTWUwHu3DshEonSh7JbVoQ6vFLDh8qVPDIfnJnunWY7pi5UM9TlJMWJ-a7DPP5tw,BRONZE,qazx232323,EUW,25,2026-08-01 20:01:46.299000+00:00,2026-08-01 22:30:01.634000002+00:00,4,1,0.775,5.072167549303687,3,0.25,2.4709263888894446,WLLL
35,-TGbgbhadiw9P4pTWUwHu3DshEonSh7JbVoQ6vFLDh8qVPDIfnJnunWY7pi5UM9TlJMWJ-a7DPP5tw,BRONZE,qazx232323,EUW,26,2026-08-02 19:28:37.559000+00:00,2026-08-02 22:13:06.929000002+00:00,4,1,1.8958333333333333,6.588682958225324,3,0.25,2.741491666667222,WLLL
35,-TGbgbhadiw9P4pTWUwHu3DshEonSh7JbVoQ6vFLDh8qVPDIfnJnunWY7pi5UM9TlJMWJ-a7DPP5tw,BRONZE,qazx232323,EUW,27,2026-08-03 19:14:12.378000+00:00,2026-08-03 21:25:35.285999998+00:00,3,0,0.87008547008547,5.180025023512441,3,0.0,2.1896966666661113,LLL
35,-TGbgbhadiw9P4pTWUwHu3DshEonSh7JbVoQ6vFLDh8qVPDIfnJnunWY7pi5UM9TlJMWJ-a7DPP5tw,BRONZE,qazx232323,EUW,28,2026-08-04 19:49:36.113000+00:00,2026-08-04 21:36:09.005000+00:00,2,1,1.1166666666666667,5.277912168845857,1,0.5,1.7758033333333332,LW
35,-TGbgbhadiw9P4pTWUwHu3DshEonSh7JbVoQ6vFLDh8qVPDIfnJnunWY7pi5UM9TlJMWJ-a7DPP5tw,BRONZE,qazx232323,EUW,29,2026-08-05 19:13:46.620000+00:00,2026-08-05 21:16:30.957999998+00:00,3,0,1.4964285714285712,5.857395434588368,3,0.0,2.045649444443889,LLL
35,-TGbgbhadiw9P4pTWUwHu3DshEonSh7JbVoQ6vFLDh8qVPDIfnJnunWY7pi5UM9TlJMWJ-a7DPP5tw,BRONZE,qazx232323,EUW,30,2026-08-06 12:18:01.463000+00:00,2026-08-06 12:56:30.590999998+00:00,3,0,0.0,0.0,3,0.0,0.6414244444438889,LLL
35,-TGbgbhadiw9P4pTWUwHu3DshEonSh7JbVoQ6vFLDh8qVPDIfnJnunWY7pi5UM9TlJMWJ-a7DPP5tw,BRONZE,qazx232323,EUW,31,2026-08-08 12:10:55.164000+00:00,2026-08-08 12:46:36.163999998+00:00,1,0,2.375,5.57683325548809,1,0.0,0.5947222222216667,L
35,-TGbgbhadiw9P4pTWUwHu3DshEonSh7JbVoQ6vFLDh8qVPDIfnJnunWY7pi5UM9TlJMWJ-a7DPP5tw,BRONZE,qazx232323,EUW,32,2026-08-08 19:43:56.096000+00:00,2026-08-08 22:08:57.705000+00:00,4,2,1.5833333333333333,4.775684381312102,2,0.5,2.417113611111111,WWLL
35,-TGbgbhadiw9P4pTWUwHu3DshEonSh7JbVoQ6vFLDh8qVPDIfnJnunWY7pi5UM9TlJMWJ-a7DPP5tw,BRONZE,qazx232323,EUW,33,2026-08-11 19:31:21.674000+00:00,2026-08-11 21:12:13.203000+00:00,2,1,2.064102564102564,5.101817509402359,1,0.5,1.6809802777777778,WL
35,-TGbgbhadiw9P4pTWUwHu3DshEonSh7JbVoQ6vFLDh8qVPDIfnJnunWY7pi5UM9TlJMWJ-a7DPP5tw,BRONZE,qazx232323,EUW,34,2026-08-12 12:30:00.095000+00:00,2026-08-12 14:02:59.537999998+00:00,2,0,1.9375,5.369687053991019,2,0.0,1.5498452777772223,LL
35,-TGbgbhadiw9P4pTWUwHu3DshEonSh7JbVoQ6vFLDh8qVPDIfnJnunWY7pi5UM9TlJMWJ-a7DPP5tw,BRONZE,qazx232323,EUW,35,2026-08-12 19:58:08.306000+00:00,2026-08-12 20:36:58.305999998+00:00,1,0,2.0,5.278969957081545,1,0.0,0.6472222222216667,L
35,-TGbgbhadiw9P4pTWUwHu3DshEonSh7JbVoQ6vFLDh8qVPDIfnJnunWY7pi5UM9TlJMWJ-a7DPP5tw,BRONZE,qazx232323,EUW,36,2026-08-13 19:20:57.084000+00:00,2026-08-13 19:55:28.019000002+00:00,2,0,0.6666666666666666,3.0219471018570623,2,0.0,0.5752597222227778,LL
35,-TGbgbhadiw9P4pTWUwHu3DshEonSh7JbVoQ6vFLDh8qVPDIfnJnunWY7pi5UM9TlJMWJ-a7DPP5tw,BRONZE,qazx232323,EUW,37,2026-08-15 12:30:13.573000+00:00,2026-08-15 14:23:15.897999998+00:00,3,0,1.2502645502645502,5.029192424473739,3,0.0,1.883979166666111,LLL
35,-TGbgbhadiw9P4pTWUwHu3DshEonSh7JbVoQ6vFLDh8qVPDIfnJnunWY7pi5UM9TlJMWJ-a7DPP5tw,BRONZE,qazx232323,EUW,38,2026-08-16 13:04:43.566000+00:00,2026-08-16 14:10:54.308999998+00:00,2,0,3.416666666666667,6.482542152109415,2,0.0,1.102984166666111,LL
35,-TGbgbhadiw9P4pTWUwHu3DshEonSh7JbVoQ6vFLDh8qVPDIfnJnunWY7pi5UM9TlJMWJ-a7DPP5tw,BRONZE,qazx232323,EUW,39,2026-08-16 19:32:22.574000+00:00,2026-08-16 19:48:20.574000002+00:00,1,1,7.0,6.450939457202505,0,1.0,0.2661111111116667,W
35,-TGbgbhadiw9P4pTWUwHu3DshEonSh7JbVoQ6vFLDh8qVPDIfnJnunWY7pi5UM9TlJMWJ-a7DPP5tw,BRONZE,qazx232323,EUW,40,2026-08-17 00:09:15.066000+00:00,2026-08-17 01:45:46.167999998+00:00,3,2,3.0285714285714285,7.583372280174173,1,0.6666666666666666,1.608639444443889,LWW
35,-TGbgbhadiw9P4pTWUwHu3DshEonSh7JbVoQ6vFLDh8qVPDIfnJnunWY7pi5UM9TlJMWJ-a7DPP5tw,BRONZE,qazx232323,EUW,41,2026-08-18 03:09:45.347000+00:00,2026-08-18 03:33:31.347000002+00:00,1,1,1.625,6.94249649368864,0,1.0,0.39611111111166664,W
35,-TGbgbhadiw9P4pTWUwHu3DshEonSh7JbVoQ6vFLDh8qVPDIfnJnunWY7pi5UM9TlJMWJ-a7DPP5tw,BRONZE,qazx232323,EUW,42,2026-08-18 12:40:50.539000+00:00,2026-08-18 14:35:17.169000+00:00,4,1,1.225,4.359402977499013,3,0.25,1.9073972222222222,LLLW
35,-TGbgbhadiw9P4pTWUwHu3DshEonSh7JbVoQ6vFLDh8qVPDIfnJnunWY7pi5UM9TlJMWJ-a7DPP5tw,BRONZE,qazx232323,EUW,43,2026-08-19 12:05:18.657000+00:00,2026-08-19 12:38:47.656999998+00:00,1,0,1.6,4.868093578894973,1,0.0,0.558055555555,L
35,-TGbgbhadiw9P4pTWUwHu3DshEonSh7JbVoQ6vFLDh8qVPDIfnJnunWY7pi5UM9TlJMWJ-a7DPP5tw,BRONZE,qazx232323,EUW,44,2026-08-20 12:27:43.109000+00:00,2026-08-20 14:31:57.517000+00:00,2,0,1.0,5.829003583680861,2,0.0,2.070668888888889,LL
35,-TGbgbhadiw9P4pTWUwHu3DshEonSh7JbVoQ6vFLDh8qVPDIfnJnunWY7pi5UM9TlJMWJ-a7DPP5tw,BRONZE,qazx232323,EUW,45,2026-08-21 14:18:26.948000+00:00,2026-08-21 14:49:32.948000+00:00,1,0,1.1666666666666667,6.816720257234726,1,0.0,0.5183333333333333,L
35,-TGbgbhadiw9P4pTWUwHu3DshEonSh7JbVoQ6vFLDh8qVPDIfnJnunWY7pi5UM9TlJMWJ-a7DPP5tw,BRONZE,qazx232323,EUW,46,2026-08-21 20:20:37.323000+00:00,2026-08-21 20:59:18.322999998+00:00,1,0,0.6923076923076923,5.325290822921155,1,0.0,0.6447222222216666,L
36,vbOjjYbwO91ZTR42V3rvS_DaJYeTNR6y4O6WuB3FRg3PUZb5z_8pNWWydCCUJyjhzW7h7NAFXQPVTg,BRONZE,tyf5,EUW,1,2026-06-30 11:48:48.489000+00:00,2026-06-30 13:38:32.154999998+00:00,3,2,6.138888888888888,1.3518686850250194,1,0.6666666666666666,1.8287961111105555,LWW
36,vbOjjYbwO91ZTR42V3rvS_DaJYeTNR6y4O6WuB3FRg3PUZb5z_8pNWWydCCUJyjhzW7h7NAFXQPVTg,BRONZE,tyf5,EUW,2,2026-06-30 18:00:43.293000+00:00,2026-06-30 19:52:38.590000+00:00,3,1,1.8009259259259258,1.6289226768762157,2,0.3333333333333333,1.8653602777777776,LLW
36,vbOjjYbwO91ZTR42V3rvS_DaJYeTNR6y4O6WuB3FRg3PUZb5z_8pNWWydCCUJyjhzW7h7NAFXQPVTg,BRONZE,tyf5,EUW,3,2026-07-08 13:43:57.138000+00:00,2026-07-08 14:40:33.989000+00:00,2,2,6.166666666666666,1.4982015909253514,0,1.0,0.9435697222222222,WW
37,B3YGJXMxthPAPO18vsOXg1WOxfAg-nlzvmp4AyBEUbL-zi4uBfefLrSUTHN_l3-qtQX3Jy-yV84UmA,BRONZE,the honored one,Tlili,1,2025-08-27 20:55:54.724000+00:00,2025-08-27 22:06:13.660999998+00:00,2,0,1.5,5.403374361959607,2,0.0,1.171926944443889,LL
37,B3YGJXMxthPAPO18vsOXg1WOxfAg-nlzvmp4AyBEUbL-zi4uBfefLrSUTHN_l3-qtQX3Jy-yV84UmA,BRONZE,the honored one,Tlili,2,2025-08-29 13:48:57.123000+00:00,2025-08-29 14:20:42.123000+00:00,1,0,1.8888888888888888,4.535433070866142,1,0.0,0.5291666666666667,L
37,B3YGJXMxthPAPO18vsOXg1WOxfAg-nlzvmp4AyBEUbL-zi4uBfefLrSUTHN_l3-qtQX3Jy-yV84UmA,BRONZE,the honored one,Tlili,3,2025-08-29 22:47:42.686000+00:00,2025-08-29 23:54:36.583000+00:00,2,1,2.0238095238095237,5.206528755050163,1,0.5,1.1149713888888888,LW
37,B3YGJXMxthPAPO18vsOXg1WOxfAg-nlzvmp4AyBEUbL-zi4uBfefLrSUTHN_l3-qtQX3Jy-yV84UmA,BRONZE,the honored one,Tlili,4,2025-08-30 11:12:12.641000+00:00,2025-08-30 11:44:42.641000+00:00,1,0,2.2857142857142856,6.061538461538461,1,0.0,0.5416666666666666,L
37,B3YGJXMxthPAPO18vsOXg1WOxfAg-nlzvmp4AyBEUbL-zi4uBfefLrSUTHN_l3-qtQX3Jy-yV84UmA,BRONZE,the honored one,Tlili,5,2025-08-31 10:00:07.619000+00:00,2025-08-31 11:35:00.873000002+00:00,3,2,4.416666666666667,5.431273306273307,1,0.6666666666666666,1.5814594444449999,WLW
37,B3YGJXMxthPAPO18vsOXg1WOxfAg-nlzvmp4AyBEUbL-zi4uBfefLrSUTHN_l3-qtQX3Jy-yV84UmA,BRONZE,the honored one,Tlili,6,2025-08-31 18:03:28.741000+00:00,2025-08-31 19:46:31.395000002+00:00,3,0,1.5577342047930285,3.5104219138121837,3,0.0,1.7174038888894445,LLL
37,B3YGJXMxthPAPO18vsOXg1WOxfAg-nlzvmp4AyBEUbL-zi4uBfefLrSUTHN_l3-qtQX3Jy-yV84UmA,BRONZE,the honored one,Tlili,7,2025-09-03 15:10:41.518000+00:00,2025-09-03 15:37:27.518000002+00:00,1,0,2.5,4.259028642590287,1,0.0,0.4461111111116667,L
37,B3YGJXMxthPAPO18vsOXg1WOxfAg-nlzvmp4AyBEUbL-zi4uBfefLrSUTHN_l3-qtQX3Jy-yV84UmA,BRONZE,the honored one,Tlili,8,2025-09-06 12:59:58.472000+00:00,2025-09-06 14:41:46.514999998+00:00,3,1,2.5185185185185186,5.115655170423859,2,0.3333333333333333,1.6966786111105554,LLW
37,B3YGJXMxthPAPO18vsOXg1WOxfAg-nlzvmp4AyBEUbL-zi4uBfefLrSUTHN_l3-qtQX3Jy-yV84UmA,BRONZE,the honored one,Tlili,9,2025-09-14 10:43:19.679000+00:00,2025-09-14 11:24:13.679000+00:00,1,1,3.333333333333333,5.305623471882641,0,1.0,0.6816666666666666,W
37,B3YGJXMxthPAPO18vsOXg1WOxfAg-nlzvmp4AyBEUbL-zi4uBfefLrSUTHN_l3-qtQX3Jy-yV84UmA,BRONZE,the honored one,Tlili,10,2025-09-16 16:13:55.693000+00:00,2025-09-16 17:24:20.470000002+00:00,2,0,1.8833333333333333,4.61732617329853,2,0.0,1.1735491666672222,LL
37,B3YGJXMxthPAPO18vsOXg1WOxfAg-nlzvmp4AyBEUbL-zi4uBfefLrSUTHN_l3-qtQX3Jy-yV84UmA,BRONZE,the honored one,Tlili,11,2025-09-20 17:47:26.889000+00:00,2025-09-20 18:54:50.114999998+00:00,2,0,2.7142857142857144,5.151217771705734,2,0.0,1.1231183333327779,LL
37,B3YGJXMxthPAPO18vsOXg1WOxfAg-nlzvmp4AyBEUbL-zi4uBfefLrSUTHN_l3-qtQX3Jy-yV84UmA,BRONZE,the honored one,Tlili,12,2025-09-27 22:37:27.179000+00:00,2025-09-28 01:15:24.036000+00:00,5,3,3.4156060606060605,4.590594389215942,2,0.6,2.6324602777777777,LWLWW
37,B3YGJXMxthPAPO18vsOXg1WOxfAg-nlzvmp4AyBEUbL-zi4uBfefLrSUTHN_l3-qtQX3Jy-yV84UmA,BRONZE,the honored one,Tlili,13,2025-09-28 12:50:03.020000+00:00,2025-09-28 13:23:12.020000+00:00,1,0,1.6,5.007541478129713,1,0.0,0.5525,L
37,B3YGJXMxthPAPO18vsOXg1WOxfAg-nlzvmp4AyBEUbL-zi4uBfefLrSUTHN_l3-qtQX3Jy-yV84UmA,BRONZE,the honored one,Tlili,14,2025-09-29 19:33:30.080000+00:00,2025-09-29 20:11:42.080000+00:00,1,1,3.6666666666666665,5.261780104712042,0,1.0,0.6366666666666667,W
37,B3YGJXMxthPAPO18vsOXg1WOxfAg-nlzvmp4AyBEUbL-zi4uBfefLrSUTHN_l3-qtQX3Jy-yV84UmA,BRONZE,the honored one,Tlili,15,2025-10-01 09:13:04.036000+00:00,2025-10-01 09:40:05.036000002+00:00,1,1,3.6666666666666665,5.256014805675509,0,1.0,0.45027777777833333,W
37,B3YGJXMxthPAPO18vsOXg1WOxfAg-nlzvmp4AyBEUbL-zi4uBfefLrSUTHN_l3-qtQX3Jy-yV84UmA,BRONZE,the honored one,Tlili,16,2025-10-01 22:31:23.015000+00:00,2025-10-01 23:17:58.014999998+00:00,1,0,1.75,3.649373881932021,1,0.0,0.7763888888883334,L
37,B3YGJXMxthPAPO18vsOXg1WOxfAg-nlzvmp4AyBEUbL-zi4uBfefLrSUTHN_l3-qtQX3Jy-yV84UmA,BRONZE,the honored one,Tlili,17,2025-10-02 21:18:49.435000+00:00,2025-10-02 21:39:54.434999998+00:00,1,1,2.25,4.837944664031621,0,1.0,0.35138888888833336,W
37,B3YGJXMxthPAPO18vsOXg1WOxfAg-nlzvmp4AyBEUbL-zi4uBfefLrSUTHN_l3-qtQX3Jy-yV84UmA,BRONZE,the honored one,Tlili,18,2025-10-04 19:51:48.020000+00:00,2025-10-04 20:22:50.019999997+00:00,1,0,0.6666666666666666,4.253490870032223,1,0.0,0.5172222222213889,L
37,B3YGJXMxthPAPO18vsOXg1WOxfAg-nlzvmp4AyBEUbL-zi4uBfefLrSUTHN_l3-qtQX3Jy-yV84UmA,BRONZE,the honored one,Tlili,19,2025-10-08 19:18:12.468000+00:00,2025-10-08 21:37:53.953999998+00:00,3,3,7.904761904761905,5.445328811988754,0,1.0,2.328190555555,WWW
37,B3YGJXMxthPAPO18vsOXg1WOxfAg-nlzvmp4AyBEUbL-zi4uBfefLrSUTHN_l3-qtQX3Jy-yV84UmA,BRONZE,the honored one,Tlili,20,2025-10-09 14:22:58.346000+00:00,2025-10-09 14:58:34.346000+00:00,1,1,3.6,5.0,0,1.0,0.5933333333333334,W
37,B3YGJXMxthPAPO18vsOXg1WOxfAg-nlzvmp4AyBEUbL-zi4uBfefLrSUTHN_l3-qtQX3Jy-yV84UmA,BRONZE,the honored one,Tlili,21,2025-10-12 00:11:31.426000+00:00,2025-10-12 01:39:54.691999998+00:00,3,1,3.8523809523809525,3.5808516508384893,2,0.3333333333333333,1.4731294444438887,WLL
37,B3YGJXMxthPAPO18vsOXg1WOxfAg-nlzvmp4AyBEUbL-zi4uBfefLrSUTHN_l3-qtQX3Jy-yV84UmA,BRONZE,the honored one,Tlili,22,2025-10-13 11:05:03.407000+00:00,2025-10-13 11:38:49.407000002+00:00,1,1,4.25,4.91609081934847,0,1.0,0.5627777777783334,W
37,B3YGJXMxthPAPO18vsOXg1WOxfAg-nlzvmp4AyBEUbL-zi4uBfefLrSUTHN_l3-qtQX3Jy-yV84UmA,BRONZE,the honored one,Tlili,23,2025-10-22 12:23:29.084000+00:00,2025-10-22 12:56:32.084000+00:00,1,0,1.875,4.871406959152799,1,0.0,0.5508333333333333,L
37,B3YGJXMxthPAPO18vsOXg1WOxfAg-nlzvmp4AyBEUbL-zi4uBfefLrSUTHN_l3-qtQX3Jy-yV84UmA,BRONZE,the honored one,Tlili,24,2025-10-24 13:02:43.498000+00:00,2025-10-24 13:16:18.497999998+00:00,1,0,1.0,4.785276073619632,1,0.0,0.22638888888833333,L
37,B3YGJXMxthPAPO18vsOXg1WOxfAg-nlzvmp4AyBEUbL-zi4uBfefLrSUTHN_l3-qtQX3Jy-yV84UmA,BRONZE,the honored one,Tlili,25,2025-10-27 16:25:53.109000+00:00,2025-10-27 17:00:37.108999998+00:00,1,0,1.625,5.095969289827255,1,0.0,0.5788888888883333,L
37,B3YGJXMxthPAPO18vsOXg1WOxfAg-nlzvmp4AyBEUbL-zi4uBfefLrSUTHN_l3-qtQX3Jy-yV84UmA,BRONZE,the honored one,Tlili,26,2025-10-30 10:36:19.385000+00:00,2025-10-30 11:16:59.385000002+00:00,1,0,2.333333333333333,5.704918032786885,1,0.0,0.6777777777783334,L
37,B3YGJXMxthPAPO18vsOXg1WOxfAg-nlzvmp4AyBEUbL-zi4uBfefLrSUTHN_l3-qtQX3Jy-yV84UmA,BRONZE,the honored one,Tlili,27,2025-11-05 21:46:26.819000+00:00,2025-11-05 22:15:50.819000+00:00,1,1,8.25,5.918367346938775,0,1.0,0.49,W
37,B3YGJXMxthPAPO18vsOXg1WOxfAg-nlzvmp4AyBEUbL-zi4uBfefLrSUTHN_l3-qtQX3Jy-yV84UmA,BRONZE,the honored one,Tlili,28,2025-11-13 15:18:57.120000+00:00,2025-11-13 16:00:39.120000+00:00,1,1,2.4285714285714284,5.899280575539568,0,1.0,0.695,W
37,B3YGJXMxthPAPO18vsOXg1WOxfAg-nlzvmp4AyBEUbL-zi4uBfefLrSUTHN_l3-qtQX3Jy-yV84UmA,BRONZE,the honored one,Tlili,29,2025-11-24 17:29:38.650000+00:00,2025-11-24 18:02:10.649999998+00:00,1,0,1.4,4.672131147540984,1,0.0,0.5422222222216667,L
37,B3YGJXMxthPAPO18vsOXg1WOxfAg-nlzvmp4AyBEUbL-zi4uBfefLrSUTHN_l3-qtQX3Jy-yV84UmA,BRONZE,the honored one,Tlili,30,2025-11-25 20:14:43.584000+00:00,2025-11-25 21:27:59.091000002+00:00,2,1,1.1458333333333335,4.45256728128963,1,0.5,1.220974166667222,LW
37,B3YGJXMxthPAPO18vsOXg1WOxfAg-nlzvmp4AyBEUbL-zi4uBfefLrSUTHN_l3-qtQX3Jy-yV84UmA,BRONZE,the honored one,Tlili,31,2025-12-01 21:28:33.160000+00:00,2025-12-01 22:01:22.160000002+00:00,1,1,3.0,5.180294565769426,0,1.0,0.546944444445,W
37,B3YGJXMxthPAPO18vsOXg1WOxfAg-nlzvmp4AyBEUbL-zi4uBfefLrSUTHN_l3-qtQX3Jy-yV84UmA,BRONZE,the honored one,Tlili,32,2025-12-02 20:30:29.542000+00:00,2025-12-02 21:29:54.773000002+00:00,2,2,3.4166666666666665,5.22858674491437,0,1.0,0.990341944445,WW
37,B3YGJXMxthPAPO18vsOXg1WOxfAg-nlzvmp4AyBEUbL-zi4uBfefLrSUTHN_l3-qtQX3Jy-yV84UmA,BRONZE,the honored one,Tlili,33,2025-12-04 18:49:54.892000+00:00,2025-12-04 19:16:51.892000+00:00,1,0,1.5,4.230055658627087,1,0.0,0.44916666666666666,L
37,B3YGJXMxthPAPO18vsOXg1WOxfAg-nlzvmp4AyBEUbL-zi4uBfefLrSUTHN_l3-qtQX3Jy-yV84UmA,BRONZE,the honored one,Tlili,34,2025-12-04 23:39:12.972000+00:00,2025-12-05 00:22:35.862000002+00:00,2,1,1.0,3.0136363636363637,1,0.5,0.7230250000005555,WL
37,B3YGJXMxthPAPO18vsOXg1WOxfAg-nlzvmp4AyBEUbL-zi4uBfefLrSUTHN_l3-qtQX3Jy-yV84UmA,BRONZE,the honored one,Tlili,35,2025-12-05 01:33:49.553000+00:00,2025-12-05 05:09:01.756000002+00:00,6,5,4.0092592592592595,4.846111310408118,1,0.8333333333333334,3.5867230555561114,WLWWWW
37,B3YGJXMxthPAPO18vsOXg1WOxfAg-nlzvmp4AyBEUbL-zi4uBfefLrSUTHN_l3-qtQX3Jy-yV84UmA,BRONZE,the honored one,Tlili,36,2025-12-05 22:27:03.655000+00:00,2025-12-05 22:58:15.655000+00:00,1,0,1.5,4.615384615384616,1,0.0,0.52,L
37,B3YGJXMxthPAPO18vsOXg1WOxfAg-nlzvmp4AyBEUbL-zi4uBfefLrSUTHN_l3-qtQX3Jy-yV84UmA,BRONZE,the honored one,Tlili,37,2025-12-06 23:24:53.858000+00:00,2025-12-06 23:59:02.858000+00:00,1,0,1.8333333333333333,4.392386530014641,1,0.0,0.5691666666666667,L
37,B3YGJXMxthPAPO18vsOXg1WOxfAg-nlzvmp4AyBEUbL-zi4uBfefLrSUTHN_l3-qtQX3Jy-yV84UmA,BRONZE,the honored one,Tlili,38,2025-12-08 00:24:26.857000+00:00,2025-12-08 00:49:53.857000+00:00,1,0,1.1666666666666667,5.18664047151277,1,0.0,0.4241666666666667,L
37,B3YGJXMxthPAPO18vsOXg1WOxfAg-nlzvmp4AyBEUbL-zi4uBfefLrSUTHN_l3-qtQX3Jy-yV84UmA,BRONZE,the honored one,Tlili,39,2025-12-09 14:06:25.240000+00:00,2025-12-09 14:36:18.239999998+00:00,1,1,4.5,5.220301171221417,0,1.0,0.49805555555500003,W
37,B3YGJXMxthPAPO18vsOXg1WOxfAg-nlzvmp4AyBEUbL-zi4uBfefLrSUTHN_l3-qtQX3Jy-yV84UmA,BRONZE,the honored one,Tlili,40,2025-12-09 21:40:17.910000+00:00,2025-12-09 22:11:27.910000002+00:00,1,0,1.6,4.7486631016042775,1,0.0,0.519444444445,L
37,B3YGJXMxthPAPO18vsOXg1WOxfAg-nlzvmp4AyBEUbL-zi4uBfefLrSUTHN_l3-qtQX3Jy-yV84UmA,BRONZE,the honored one,Tlili,41,2025-12-10 14:51:35.232000+00:00,2025-12-10 15:27:47.232000+00:00,1,1,4.2,4.088397790055248,0,1.0,0.6033333333333334,W
37,B3YGJXMxthPAPO18vsOXg1WOxfAg-nlzvmp4AyBEUbL-zi4uBfefLrSUTHN_l3-qtQX3Jy-yV84UmA,BRONZE,the honored one,Tlili,42,2025-12-10 18:48:58.152000+00:00,2025-12-10 19:14:54.151999998+00:00,1,0,0.5555555555555556,3.701799485861183,1,0.0,0.4322222222216667,L
37,B3YGJXMxthPAPO18vsOXg1WOxfAg-nlzvmp4AyBEUbL-zi4uBfefLrSUTHN_l3-qtQX3Jy-yV84UmA,BRONZE,the honored one,Tlili,43,2025-12-15 19:58:20.174000+00:00,2025-12-15 20:32:18.174000002+00:00,1,0,3.142857142857143,5.564278704612365,1,0.0,0.5661111111116667,L
37,B3YGJXMxthPAPO18vsOXg1WOxfAg-nlzvmp4AyBEUbL-zi4uBfefLrSUTHN_l3-qtQX3Jy-yV84UmA,BRONZE,the honored one,Tlili,44,2025-12-16 23:41:11.766000+00:00,2025-12-17 00:06:06.766000002+00:00,1,1,3.0,5.45819397993311,0,1.0,0.4152777777783333,W
37,B3YGJXMxthPAPO18vsOXg1WOxfAg-nlzvmp4AyBEUbL-zi4uBfefLrSUTHN_l3-qtQX3Jy-yV84UmA,BRONZE,the honored one,Tlili,45,2025-12-19 19:48:21.722000+00:00,2025-12-19 20:58:31.437000+00:00,2,1,2.2,4.983157782173983,1,0.5,1.1693652777777779,WL
37,B3YGJXMxthPAPO18vsOXg1WOxfAg-nlzvmp4AyBEUbL-zi4uBfefLrSUTHN_l3-qtQX3Jy-yV84UmA,BRONZE,the honored one,Tlili,46,2025-12-21 15:43:12.908000+00:00,2025-12-21 16:09:52.908000002+00:00,1,0,1.8571428571428568,5.025,1,0.0,0.444444444445,L
37,B3YGJXMxthPAPO18vsOXg1WOxfAg-nlzvmp4AyBEUbL-zi4uBfefLrSUTHN_l3-qtQX3Jy-yV84UmA,BRONZE,the honored one,Tlili,47,2025-12-22 09:35:47.529000+00:00,2025-12-22 10:39:10.969000002+00:00,2,2,5.5,6.194985177865613,0,1.0,1.0565111111116667,WW
37,B3YGJXMxthPAPO18vsOXg1WOxfAg-nlzvmp4AyBEUbL-zi4uBfefLrSUTHN_l3-qtQX3Jy-yV84UmA,BRONZE,the honored one,Tlili,48,2025-12-22 18:11:27.757000+00:00,2025-12-22 18:37:39.757000+00:00,1,0,1.875,4.0458015267175576,1,0.0,0.43666666666666665,L
37,B3YGJXMxthPAPO18vsOXg1WOxfAg-nlzvmp4AyBEUbL-zi4uBfefLrSUTHN_l3-qtQX3Jy-yV84UmA,BRONZE,the honored one,Tlili,49,2025-12-22 19:59:47.869000+00:00,2025-12-22 21:00:18.599000002+00:00,2,1,1.7857142857142856,5.081771948334314,1,0.5,1.0085361111116666,WL
37,B3YGJXMxthPAPO18vsOXg1WOxfAg-nlzvmp4AyBEUbL-zi4uBfefLrSUTHN_l3-qtQX3Jy-yV84UmA,BRONZE,the honored one,Tlili,50,2025-12-25 15:07:18.191000+00:00,2025-12-25 15:26:38.190999998+00:00,1,0,0.0,4.810344827586207,1,0.0,0.3222222222216667,L
37,B3YGJXMxthPAPO18vsOXg1WOxfAg-nlzvmp4AyBEUbL-zi4uBfefLrSUTHN_l3-qtQX3Jy-yV84UmA,BRONZE,the honored one,Tlili,51,2025-12-26 00:43:48.405000+00:00,2025-12-26 01:11:35.404999998+00:00,1,0,2.571428571428572,4.535092981403719,1,0.0,0.463055555555,L
37,B3YGJXMxthPAPO18vsOXg1WOxfAg-nlzvmp4AyBEUbL-zi4uBfefLrSUTHN_l3-qtQX3Jy-yV84UmA,BRONZE,the honored one,Tlili,52,2025-12-27 18:44:14.902000+00:00,2025-12-27 19:48:53.483000002+00:00,2,2,2.414285714285714,4.747820920900299,0,1.0,1.0773836111116668,WW
37,B3YGJXMxthPAPO18vsOXg1WOxfAg-nlzvmp4AyBEUbL-zi4uBfefLrSUTHN_l3-qtQX3Jy-yV84UmA,BRONZE,the honored one,Tlili,53,2026-01-12 13:31:06.362000+00:00,2026-01-12 14:46:29.392000002+00:00,2,1,1.5,4.496754517398694,1,0.5,1.2563972222227777,LW
37,B3YGJXMxthPAPO18vsOXg1WOxfAg-nlzvmp4AyBEUbL-zi4uBfefLrSUTHN_l3-qtQX3Jy-yV84UmA,BRONZE,the honored one,Tlili,54,2026-01-17 02:07:27.562000+00:00,2026-01-17 02:34:44.561999998+00:00,1,0,1.0,3.628588882101405,1,0.0,0.4547222222216667,L
37,B3YGJXMxthPAPO18vsOXg1WOxfAg-nlzvmp4AyBEUbL-zi4uBfefLrSUTHN_l3-qtQX3Jy-yV84UmA,BRONZE,the honored one,Tlili,55,2026-01-19 14:20:02.204000+00:00,2026-01-19 15:32:05.104999998+00:00,2,1,3.2333333333333334,4.969372329539606,1,0.5,1.2008058333327778,LW
37,B3YGJXMxthPAPO18vsOXg1WOxfAg-nlzvmp4AyBEUbL-zi4uBfefLrSUTHN_l3-qtQX3Jy-yV84UmA,BRONZE,the honored one,Tlili,56,2026-01-20 19:03:08.547000+00:00,2026-01-20 19:29:11.547000+00:00,1,1,5.666666666666667,5.719769673704414,0,1.0,0.43416666666666665,W
37,B3YGJXMxthPAPO18vsOXg1WOxfAg-nlzvmp4AyBEUbL-zi4uBfefLrSUTHN_l3-qtQX3Jy-yV84UmA,BRONZE,the honored one,Tlili,57,2026-01-28 15:23:36.878000+00:00,2026-01-28 15:57:31.878000002+00:00,1,0,2.2,5.395577395577396,1,0.0,0.5652777777783333,L
37,B3YGJXMxthPAPO18vsOXg1WOxfAg-nlzvmp4AyBEUbL-zi4uBfefLrSUTHN_l3-qtQX3Jy-yV84UmA,BRONZE,the honored one,Tlili,58,2026-03-29 11:10:24.780000+00:00,2026-03-29 11:33:09.780000+00:00,1,1,7.5,6.813186813186813,0,1.0,0.37916666666666665,W
37,B3YGJXMxthPAPO18vsOXg1WOxfAg-nlzvmp4AyBEUbL-zi4uBfefLrSUTHN_l3-qtQX3Jy-yV84UmA,BRONZE,the honored one,Tlili,59,2026-04-13 16:59:23.959000+00:00,2026-04-13 17:39:08.959000+00:00,1,0,0.7333333333333333,4.0251572327044025,1,0.0,0.6625,L
37,B3YGJXMxthPAPO18vsOXg1WOxfAg-nlzvmp4AyBEUbL-zi4uBfefLrSUTHN_l3-qtQX3Jy-yV84UmA,BRONZE,the honored one,Tlili,60,2026-04-17 21:38:26.974000+00:00,2026-04-17 22:08:15.974000002+00:00,1,1,4.0,5.399664617104528,0,1.0,0.49694444444499997,W
37,B3YGJXMxthPAPO18vsOXg1WOxfAg-nlzvmp4AyBEUbL-zi4uBfefLrSUTHN_l3-qtQX3Jy-yV84UmA,BRONZE,the honored one,Tlili,61,2026-05-01 01:23:47.247000+00:00,2026-05-01 02:03:04.246999998+00:00,1,0,1.9166666666666667,4.81120067882902,1,0.0,0.6547222222216666,L
37,B3YGJXMxthPAPO18vsOXg1WOxfAg-nlzvmp4AyBEUbL-zi4uBfefLrSUTHN_l3-qtQX3Jy-yV84UmA,BRONZE,the honored one,Tlili,62,2026-05-10 17:51:06.049000+00:00,2026-05-10 18:24:59.048999998+00:00,1,0,1.9,5.400885391047713,1,0.0,0.5647222222216667,L
37,B3YGJXMxthPAPO18vsOXg1WOxfAg-nlzvmp4AyBEUbL-zi4uBfefLrSUTHN_l3-qtQX3Jy-yV84UmA,BRONZE,the honored one,Tlili,63,2026-05-18 16:51:58.061000+00:00,2026-05-18 17:08:01.061000+00:00,1,1,1.4,4.797507788161994,0,1.0,0.2675,W
37,B3YGJXMxthPAPO18vsOXg1WOxfAg-nlzvmp4AyBEUbL-zi4uBfefLrSUTHN_l3-qtQX3Jy-yV84UmA,BRONZE,the honored one,Tlili,64,2026-05-20 19:45:13.906000+00:00,2026-05-20 20:39:23.906000002+00:00,1,0,1.6363636363636365,5.372307692307692,1,0.0,0.9027777777783333,L
37,B3YGJXMxthPAPO18vsOXg1WOxfAg-nlzvmp4AyBEUbL-zi4uBfefLrSUTHN_l3-qtQX3Jy-yV84UmA,BRONZE,the honored one,Tlili,65,2026-05-25 14:22:53.825000+00:00,2026-05-25 14:51:18.825000002+00:00,1,1,2.5,3.730205278592375,0,1.0,0.47361111111166665,W
37,B3YGJXMxthPAPO18vsOXg1WOxfAg-nlzvmp4AyBEUbL-zi4uBfefLrSUTHN_l3-qtQX3Jy-yV84UmA,BRONZE,the honored one,Tlili,66,2026-05-28 23:23:13.939000+00:00,2026-05-29 00:16:37.563999998+00:00,2,0,0.5318181818181817,2.2153007452710245,2,0.0,0.8898958333327778,LL
37,B3YGJXMxthPAPO18vsOXg1WOxfAg-nlzvmp4AyBEUbL-zi4uBfefLrSUTHN_l3-qtQX3Jy-yV84UmA,BRONZE,the honored one,Tlili,67,2026-06-10 16:43:42.240000+00:00,2026-06-10 17:11:44.239999997+00:00,1,1,17.0,6.456599286563614,0,1.0,0.46722222222138887,W
38,FxMTJKzzCsBY-OzJLSVXx99hh8qY1fGscl7Ugr67SJISoaQLxsVzMtEP1Lc0oJiO3I2_if1R_qHEEg,BRONZE,BOB3CK,EUW,1,2026-01-16 21:42:47.464000+00:00,2026-01-16 22:52:57.584000002+00:00,2,1,1.55,5.790829327642584,1,0.5,1.1694777777783334,WL
38,FxMTJKzzCsBY-OzJLSVXx99hh8qY1fGscl7Ugr67SJISoaQLxsVzMtEP1Lc0oJiO3I2_if1R_qHEEg,BRONZE,BOB3CK,EUW,2,2026-01-17 17:03:27.570000+00:00,2026-01-17 18:25:31.327999998+00:00,2,2,11.571428571428571,6.213972274857884,0,1.0,1.367710555555,WW
38,FxMTJKzzCsBY-OzJLSVXx99hh8qY1fGscl7Ugr67SJISoaQLxsVzMtEP1Lc0oJiO3I2_if1R_qHEEg,BRONZE,BOB3CK,EUW,3,2026-01-19 17:19:20.363000+00:00,2026-01-19 18:49:20.961000+00:00,3,0,1.7,6.64330240055595,3,0.0,1.500166111111111,LLL
38,FxMTJKzzCsBY-OzJLSVXx99hh8qY1fGscl7Ugr67SJISoaQLxsVzMtEP1Lc0oJiO3I2_if1R_qHEEg,BRONZE,BOB3CK,EUW,4,2026-01-19 21:10:45.043000+00:00,2026-01-19 23:23:39.367000+00:00,4,1,2.125,6.377467561567088,3,0.25,2.21509,LLLW
38,FxMTJKzzCsBY-OzJLSVXx99hh8qY1fGscl7Ugr67SJISoaQLxsVzMtEP1Lc0oJiO3I2_if1R_qHEEg,BRONZE,BOB3CK,EUW,5,2026-01-21 17:42:43.735000+00:00,2026-01-21 18:18:43.735000+00:00,1,0,3.8,6.388888888888889,1,0.0,0.6,L
38,FxMTJKzzCsBY-OzJLSVXx99hh8qY1fGscl7Ugr67SJISoaQLxsVzMtEP1Lc0oJiO3I2_if1R_qHEEg,BRONZE,BOB3CK,EUW,6,2026-01-21 22:00:08+00:00,2026-01-21 23:00:03.032999998+00:00,2,0,1.3333333333333335,1.1293270276266396,2,0.0,0.9986202777772222,LL
38,FxMTJKzzCsBY-OzJLSVXx99hh8qY1fGscl7Ugr67SJISoaQLxsVzMtEP1Lc0oJiO3I2_if1R_qHEEg,BRONZE,BOB3CK,EUW,7,2026-01-25 10:03:10.393000+00:00,2026-01-25 10:34:47.393000002+00:00,1,0,2.333333333333333,0.9804955192409068,1,0.0,0.526944444445,L
38,FxMTJKzzCsBY-OzJLSVXx99hh8qY1fGscl7Ugr67SJISoaQLxsVzMtEP1Lc0oJiO3I2_if1R_qHEEg,BRONZE,BOB3CK,EUW,8,2026-01-27 21:29:19.281000+00:00,2026-01-27 22:01:49.281000+00:00,1,0,1.8333333333333333,7.230769230769231,1,0.0,0.5416666666666666,L
38,FxMTJKzzCsBY-OzJLSVXx99hh8qY1fGscl7Ugr67SJISoaQLxsVzMtEP1Lc0oJiO3I2_if1R_qHEEg,BRONZE,BOB3CK,EUW,9,2026-01-29 17:28:00.468000+00:00,2026-01-29 18:20:27.913000+00:00,2,2,3.3333333333333335,5.461207807765485,0,1.0,0.8742902777777778,WW
38,FxMTJKzzCsBY-OzJLSVXx99hh8qY1fGscl7Ugr67SJISoaQLxsVzMtEP1Lc0oJiO3I2_if1R_qHEEg,BRONZE,BOB3CK,EUW,10,2026-01-31 14:36:00.553000+00:00,2026-01-31 18:30:17.038000+00:00,6,4,4.644444444444445,3.9520407834604807,2,0.6666666666666666,3.9045791666666667,WLLWWW
38,FxMTJKzzCsBY-OzJLSVXx99hh8qY1fGscl7Ugr67SJISoaQLxsVzMtEP1Lc0oJiO3I2_if1R_qHEEg,BRONZE,BOB3CK,EUW,11,2026-02-02 17:09:39.824000+00:00,2026-02-02 18:36:33.601000+00:00,2,1,3.3125,0.8741157878894296,1,0.5,1.448271388888889,LW
38,FxMTJKzzCsBY-OzJLSVXx99hh8qY1fGscl7Ugr67SJISoaQLxsVzMtEP1Lc0oJiO3I2_if1R_qHEEg,BRONZE,BOB3CK,EUW,12,2026-02-03 17:02:50.070000+00:00,2026-02-03 18:20:25.269000002+00:00,2,1,2.875,5.8708252740923275,1,0.5,1.2931108333338888,WL
38,FxMTJKzzCsBY-OzJLSVXx99hh8qY1fGscl7Ugr67SJISoaQLxsVzMtEP1Lc0oJiO3I2_if1R_qHEEg,BRONZE,BOB3CK,EUW,13,2026-02-03 22:08:04.676000+00:00,2026-02-03 22:29:37.676000+00:00,1,1,3.333333333333333,5.568445475638051,0,1.0,0.3591666666666667,W
38,FxMTJKzzCsBY-OzJLSVXx99hh8qY1fGscl7Ugr67SJISoaQLxsVzMtEP1Lc0oJiO3I2_if1R_qHEEg,BRONZE,BOB3CK,EUW,14,2026-02-04 20:30:12.774000+00:00,2026-02-04 21:32:05.040000002+00:00,2,1,1.5535714285714284,5.896621907954428,1,0.5,1.0311850000005556,LW
38,FxMTJKzzCsBY-OzJLSVXx99hh8qY1fGscl7Ugr67SJISoaQLxsVzMtEP1Lc0oJiO3I2_if1R_qHEEg,BRONZE,BOB3CK,EUW,15,2026-02-06 16:40:52.444000+00:00,2026-02-06 19:09:51.092999998+00:00,4,1,1.5,1.9794134118863784,3,0.25,2.482958055555,LLWL
38,FxMTJKzzCsBY-OzJLSVXx99hh8qY1fGscl7Ugr67SJISoaQLxsVzMtEP1Lc0oJiO3I2_if1R_qHEEg,BRONZE,BOB3CK,EUW,16,2026-02-07 15:27:20.450000+00:00,2026-02-07 18:23:03.326000002+00:00,4,3,2.291314935064935,5.554082227435048,1,0.75,2.928576666667222,LWWW
38,FxMTJKzzCsBY-OzJLSVXx99hh8qY1fGscl7Ugr67SJISoaQLxsVzMtEP1Lc0oJiO3I2_if1R_qHEEg,BRONZE,BOB3CK,EUW,17,2026-02-08 09:33:40.715000+00:00,2026-02-08 11:28:36.020000+00:00,3,2,2.8518518518518516,5.382782652467866,1,0.6666666666666666,1.9153625,WWL
38,FxMTJKzzCsBY-OzJLSVXx99hh8qY1fGscl7Ugr67SJISoaQLxsVzMtEP1Lc0oJiO3I2_if1R_qHEEg,BRONZE,BOB3CK,EUW,18,2026-02-08 16:26:50.985000+00:00,2026-02-08 18:03:51.152000+00:00,3,0,2.1666666666666665,5.1387637158351955,3,0.0,1.6167130555555556,LLL
38,FxMTJKzzCsBY-OzJLSVXx99hh8qY1fGscl7Ugr67SJISoaQLxsVzMtEP1Lc0oJiO3I2_if1R_qHEEg,BRONZE,BOB3CK,EUW,19,2026-02-09 21:45:45.762000+00:00,2026-02-09 23:17:21.171000002+00:00,2,2,5.625,5.837344260664306,0,1.0,1.5265025000005554,WW
38,FxMTJKzzCsBY-OzJLSVXx99hh8qY1fGscl7Ugr67SJISoaQLxsVzMtEP1Lc0oJiO3I2_if1R_qHEEg,BRONZE,BOB3CK,EUW,20,2026-02-11 16:05:19.172000+00:00,2026-02-11 18:05:22.451000+00:00,3,0,2.1521164021164023,5.073575396371026,3,0.0,2.0009108333333336,LLL
38,FxMTJKzzCsBY-OzJLSVXx99hh8qY1fGscl7Ugr67SJISoaQLxsVzMtEP1Lc0oJiO3I2_if1R_qHEEg,BRONZE,BOB3CK,EUW,21,2026-02-12 16:46:35.039000+00:00,2026-02-12 18:28:40.316999998+00:00,2,0,2.25,5.25273438517639,2,0.0,1.7014661111105556,LL
38,FxMTJKzzCsBY-OzJLSVXx99hh8qY1fGscl7Ugr67SJISoaQLxsVzMtEP1Lc0oJiO3I2_if1R_qHEEg,BRONZE,BOB3CK,EUW,22,2026-02-12 21:38:13.056000+00:00,2026-02-12 23:28:03.338999998+00:00,4,2,5.116666666666667,4.500427934230948,2,0.5,1.8306341666661112,WLWL
38,FxMTJKzzCsBY-OzJLSVXx99hh8qY1fGscl7Ugr67SJISoaQLxsVzMtEP1Lc0oJiO3I2_if1R_qHEEg,BRONZE,BOB3CK,EUW,23,2026-02-13 16:38:20.834000+00:00,2026-02-13 18:38:04.647000+00:00,3,1,2.2962962962962963,5.650476106135208,2,0.3333333333333333,1.995503611111111,LWL
38,FxMTJKzzCsBY-OzJLSVXx99hh8qY1fGscl7Ugr67SJISoaQLxsVzMtEP1Lc0oJiO3I2_if1R_qHEEg,BRONZE,BOB3CK,EUW,24,2026-02-13 21:47:40.448000+00:00,2026-02-13 22:33:53.448000002+00:00,1,1,3.4285714285714284,6.036783267219618,0,1.0,0.7702777777783333,W
38,FxMTJKzzCsBY-OzJLSVXx99hh8qY1fGscl7Ugr67SJISoaQLxsVzMtEP1Lc0oJiO3I2_if1R_qHEEg,BRONZE,BOB3CK,EUW,25,2026-02-15 16:06:42.549000+00:00,2026-02-15 18:07:34.962000002+00:00,3,3,4.0,6.3684047170474285,0,1.0,2.0145591666672225,WWW
38,FxMTJKzzCsBY-OzJLSVXx99hh8qY1fGscl7Ugr67SJISoaQLxsVzMtEP1Lc0oJiO3I2_if1R_qHEEg,BRONZE,BOB3CK,EUW,26,2026-02-16 16:36:22.563000+00:00,2026-02-16 16:57:38.563000002+00:00,1,0,1.1428571428571428,4.3730407523510975,1,0.0,0.354444444445,L
38,FxMTJKzzCsBY-OzJLSVXx99hh8qY1fGscl7Ugr67SJISoaQLxsVzMtEP1Lc0oJiO3I2_if1R_qHEEg,BRONZE,BOB3CK,EUW,27,2026-02-16 21:22:37.789000+00:00,2026-02-16 22:28:46.367000002+00:00,2,0,0.8571428571428571,5.157969611998073,2,0.0,1.1023827777783333,LL
38,FxMTJKzzCsBY-OzJLSVXx99hh8qY1fGscl7Ugr67SJISoaQLxsVzMtEP1Lc0oJiO3I2_if1R_qHEEg,BRONZE,BOB3CK,EUW,28,2026-02-17 16:03:51.465000+00:00,2026-02-17 17:08:37.377000002+00:00,2,2,8.583333333333334,5.692099371705062,0,1.0,1.0794200000005556,WW
38,FxMTJKzzCsBY-OzJLSVXx99hh8qY1fGscl7Ugr67SJISoaQLxsVzMtEP1Lc0oJiO3I2_if1R_qHEEg,BRONZE,BOB3CK,EUW,29,2026-02-17 20:51:54.179000+00:00,2026-02-17 21:22:57.179000+00:00,1,0,3.0,4.798711755233494,1,0.0,0.5175,L
38,FxMTJKzzCsBY-OzJLSVXx99hh8qY1fGscl7Ugr67SJISoaQLxsVzMtEP1Lc0oJiO3I2_if1R_qHEEg,BRONZE,BOB3CK,EUW,30,2026-02-18 15:31:43.746000+00:00,2026-02-18 17:44:51.667999998+00:00,3,2,4.855555555555555,5.464992923838429,1,0.6666666666666666,2.2188672222216668,WWL
38,FxMTJKzzCsBY-OzJLSVXx99hh8qY1fGscl7Ugr67SJISoaQLxsVzMtEP1Lc0oJiO3I2_if1R_qHEEg,BRONZE,BOB3CK,EUW,31,2026-02-19 21:37:16.337000+00:00,2026-02-19 22:54:40.899000+00:00,2,1,3.583333333333333,5.716179100976435,1,0.5,1.290156111111111,WL
38,FxMTJKzzCsBY-OzJLSVXx99hh8qY1fGscl7Ugr67SJISoaQLxsVzMtEP1Lc0oJiO3I2_if1R_qHEEg,BRONZE,BOB3CK,EUW,32,2026-02-23 21:26:22.766000+00:00,2026-02-23 23:05:37.231999998+00:00,3,1,1.361111111111111,6.141728302779453,2,0.3333333333333333,1.6540183333327778,LLW
38,FxMTJKzzCsBY-OzJLSVXx99hh8qY1fGscl7Ugr67SJISoaQLxsVzMtEP1Lc0oJiO3I2_if1R_qHEEg,BRONZE,BOB3CK,EUW,33,2026-02-26 17:12:12.617000+00:00,2026-02-26 18:01:24.617000+00:00,1,1,1.8666666666666667,4.227642276422764,0,1.0,0.82,W
38,FxMTJKzzCsBY-OzJLSVXx99hh8qY1fGscl7Ugr67SJISoaQLxsVzMtEP1Lc0oJiO3I2_if1R_qHEEg,BRONZE,BOB3CK,EUW,34,2026-02-26 22:03:31.543000+00:00,2026-02-26 23:01:11.972000+00:00,2,1,6.5,6.24066923143177,1,0.5,0.9612302777777778,WL
38,FxMTJKzzCsBY-OzJLSVXx99hh8qY1fGscl7Ugr67SJISoaQLxsVzMtEP1Lc0oJiO3I2_if1R_qHEEg,BRONZE,BOB3CK,EUW,35,2026-03-03 20:21:28.994000+00:00,2026-03-03 22:16:15.463999998+00:00,3,0,1.9444444444444444,5.820560471832799,3,0.0,1.9129083333327779,LLL
38,FxMTJKzzCsBY-OzJLSVXx99hh8qY1fGscl7Ugr67SJISoaQLxsVzMtEP1Lc0oJiO3I2_if1R_qHEEg,BRONZE,BOB3CK,EUW,36,2026-03-04 21:06:09.139000+00:00,2026-03-04 21:21:29.138999998+00:00,1,1,5.0,6.456521739130435,0,1.0,0.255555555555,W
38,FxMTJKzzCsBY-OzJLSVXx99hh8qY1fGscl7Ugr67SJISoaQLxsVzMtEP1Lc0oJiO3I2_if1R_qHEEg,BRONZE,BOB3CK,EUW,37,2026-03-06 22:42:12.524000+00:00,2026-03-06 23:06:57.524000+00:00,1,0,0.5,7.434343434343434,1,0.0,0.4125,L
38,FxMTJKzzCsBY-OzJLSVXx99hh8qY1fGscl7Ugr67SJISoaQLxsVzMtEP1Lc0oJiO3I2_if1R_qHEEg,BRONZE,BOB3CK,EUW,38,2026-03-09 17:28:33.762000+00:00,2026-03-09 18:14:52.238000002+00:00,2,1,1.785714285714286,2.7519539284245167,1,0.5,0.7717988888894445,WL
38,FxMTJKzzCsBY-OzJLSVXx99hh8qY1fGscl7Ugr67SJISoaQLxsVzMtEP1Lc0oJiO3I2_if1R_qHEEg,BRONZE,BOB3CK,EUW,39,2026-03-12 15:45:24.314000+00:00,2026-03-12 16:20:44.313999998+00:00,1,1,10.0,7.018867924528301,0,1.0,0.5888888888883334,W
38,FxMTJKzzCsBY-OzJLSVXx99hh8qY1fGscl7Ugr67SJISoaQLxsVzMtEP1Lc0oJiO3I2_if1R_qHEEg,BRONZE,BOB3CK,EUW,40,2026-03-12 21:42:34.879000+00:00,2026-03-12 22:13:27.878999998+00:00,1,0,0.5454545454545454,5.277927684835402,1,0.0,0.5147222222216666,L
38,FxMTJKzzCsBY-OzJLSVXx99hh8qY1fGscl7Ugr67SJISoaQLxsVzMtEP1Lc0oJiO3I2_if1R_qHEEg,BRONZE,BOB3CK,EUW,41,2026-03-16 21:25:13.850000+00:00,2026-03-16 23:24:03.710999998+00:00,4,2,5.655555555555556,1.039876720940045,2,0.5,1.9805169444438888,WLLW
38,FxMTJKzzCsBY-OzJLSVXx99hh8qY1fGscl7Ugr67SJISoaQLxsVzMtEP1Lc0oJiO3I2_if1R_qHEEg,BRONZE,BOB3CK,EUW,42,2026-03-19 21:05:16.507000+00:00,2026-03-19 21:37:59.507000002+00:00,1,1,3.75,6.479877738155883,0,1.0,0.5452777777783333,W
38,FxMTJKzzCsBY-OzJLSVXx99hh8qY1fGscl7Ugr67SJISoaQLxsVzMtEP1Lc0oJiO3I2_if1R_qHEEg,BRONZE,BOB3CK,EUW,43,2026-03-23 21:12:40.334000+00:00,2026-03-23 21:34:48.333999998+00:00,1,1,14.0,5.240963855421687,0,1.0,0.3688888888883333,W
38,FxMTJKzzCsBY-OzJLSVXx99hh8qY1fGscl7Ugr67SJISoaQLxsVzMtEP1Lc0oJiO3I2_if1R_qHEEg,BRONZE,BOB3CK,EUW,44,2026-03-29 15:38:11.624000+00:00,2026-03-29 16:56:53.265999998+00:00,2,0,2.892857142857143,4.9066986914165245,2,0.0,1.3115672222216666,LL
38,FxMTJKzzCsBY-OzJLSVXx99hh8qY1fGscl7Ugr67SJISoaQLxsVzMtEP1Lc0oJiO3I2_if1R_qHEEg,BRONZE,BOB3CK,EUW,45,2026-04-03 11:06:04.990000+00:00,2026-04-03 11:34:27.989999998+00:00,1,0,3.5,5.813270698766882,1,0.0,0.473055555555,L
38,FxMTJKzzCsBY-OzJLSVXx99hh8qY1fGscl7Ugr67SJISoaQLxsVzMtEP1Lc0oJiO3I2_if1R_qHEEg,BRONZE,BOB3CK,EUW,46,2026-05-26 20:19:49.158000+00:00,2026-05-26 20:50:54.157999998+00:00,1,0,2.0,6.53083109919571,1,0.0,0.518055555555,L
38,FxMTJKzzCsBY-OzJLSVXx99hh8qY1fGscl7Ugr67SJISoaQLxsVzMtEP1Lc0oJiO3I2_if1R_qHEEg,BRONZE,BOB3CK,EUW,47,2026-05-27 20:19:08.078000+00:00,2026-05-27 20:53:29.078000+00:00,1,0,1.3333333333333333,1.0189228529839882,1,0.0,0.5725,L
39,XO8U_UjMjaC0O7AQ10nO9HO8VFt2Ge1FXBNgUSK8xEr6lt0eW9BostRZYDZ6m6z0embnIOINKCI8_w,BRONZE,Sirje,EUW,1,2025-03-17 00:07:43.246000+00:00,2025-03-17 00:45:27.245999998+00:00,1,0,2.25,5.459363957597173,1,0.0,0.6288888888883334,L
39,XO8U_UjMjaC0O7AQ10nO9HO8VFt2Ge1FXBNgUSK8xEr6lt0eW9BostRZYDZ6m6z0embnIOINKCI8_w,BRONZE,Sirje,EUW,2,2025-03-22 00:11:44.083000+00:00,2025-03-22 00:37:59.083000+00:00,1,0,2.0,5.79047619047619,1,0.0,0.4375,L
39,XO8U_UjMjaC0O7AQ10nO9HO8VFt2Ge1FXBNgUSK8xEr6lt0eW9BostRZYDZ6m6z0embnIOINKCI8_w,BRONZE,Sirje,EUW,3,2026-03-15 22:51:09.172000+00:00,2026-03-15 23:30:12.172000+00:00,1,0,2.0,5.377720870678617,1,0.0,0.6508333333333334,L
39,XO8U_UjMjaC0O7AQ10nO9HO8VFt2Ge1FXBNgUSK8xEr6lt0eW9BostRZYDZ6m6z0embnIOINKCI8_w,BRONZE,Sirje,EUW,4,2026-03-16 21:57:12.625000+00:00,2026-03-16 23:06:59.969000+00:00,2,1,1.9166666666666665,6.017006802721088,1,0.5,1.163151111111111,WL
39,XO8U_UjMjaC0O7AQ10nO9HO8VFt2Ge1FXBNgUSK8xEr6lt0eW9BostRZYDZ6m6z0embnIOINKCI8_w,BRONZE,Sirje,EUW,5,2026-03-22 21:47:14.287000+00:00,2026-03-22 22:16:39.287000002+00:00,1,0,0.5,3.6033994334277617,1,0.0,0.4902777777783333,L
39,XO8U_UjMjaC0O7AQ10nO9HO8VFt2Ge1FXBNgUSK8xEr6lt0eW9BostRZYDZ6m6z0embnIOINKCI8_w,BRONZE,Sirje,EUW,6,2026-03-23 17:24:00.050000+00:00,2026-03-23 18:30:36.150999998+00:00,2,1,1.4500000000000002,4.6810760821564035,1,0.5,1.110028055555,LW
39,XO8U_UjMjaC0O7AQ10nO9HO8VFt2Ge1FXBNgUSK8xEr6lt0eW9BostRZYDZ6m6z0embnIOINKCI8_w,BRONZE,Sirje,EUW,7,2026-03-23 21:59:28.462000+00:00,2026-03-23 23:25:47.226999998+00:00,2,1,2.208333333333333,4.847908635871766,1,0.5,1.4385458333327779,LW
40,ypYIVd9QNbjzQ3GGuZsGTb_HbqmXMP9Cc3EGcPA9aj208Fsa-aPPakz5YQ8ul8EWB0mbBRcjrBytWw,BRONZE,boughamgham,EUW,1,2025-01-12 16:14:30.178000+00:00,2025-01-12 17:57:37.201000+00:00,2,2,3.5,5.06795350684908,0,1.0,1.7186175000000001,WW
40,ypYIVd9QNbjzQ3GGuZsGTb_HbqmXMP9Cc3EGcPA9aj208Fsa-aPPakz5YQ8ul8EWB0mbBRcjrBytWw,BRONZE,boughamgham,EUW,2,2025-01-15 21:41:55.816000+00:00,2025-01-15 22:48:02.480000002+00:00,2,2,1.2875,4.704375623697695,0,1.0,1.1018511111116667,WW
40,ypYIVd9QNbjzQ3GGuZsGTb_HbqmXMP9Cc3EGcPA9aj208Fsa-aPPakz5YQ8ul8EWB0mbBRcjrBytWw,BRONZE,boughamgham,EUW,3,2025-01-16 19:32:38.507000+00:00,2025-01-16 21:01:49.784000002+00:00,2,1,1.7857142857142856,4.853349799320778,1,0.5,1.486465833333889,WL
40,ypYIVd9QNbjzQ3GGuZsGTb_HbqmXMP9Cc3EGcPA9aj208Fsa-aPPakz5YQ8ul8EWB0mbBRcjrBytWw,BRONZE,boughamgham,EUW,4,2025-01-18 20:03:14.763000+00:00,2025-01-18 20:38:07.762999998+00:00,1,0,0.9333333333333332,3.6407071189679887,1,0.0,0.5813888888883333,L
40,ypYIVd9QNbjzQ3GGuZsGTb_HbqmXMP9Cc3EGcPA9aj208Fsa-aPPakz5YQ8ul8EWB0mbBRcjrBytWw,BRONZE,boughamgham,EUW,5,2025-11-08 20:08:10.553000+00:00,2025-11-08 21:11:57.321000+00:00,2,1,2.375,5.715854888516759,1,0.5,1.0629911111111112,WL
40,ypYIVd9QNbjzQ3GGuZsGTb_HbqmXMP9Cc3EGcPA9aj208Fsa-aPPakz5YQ8ul8EWB0mbBRcjrBytWw,BRONZE,boughamgham,EUW,6,2025-12-14 10:47:21.992000+00:00,2025-12-14 13:13:49.362000+00:00,3,1,2.361111111111111,4.847033343463258,2,0.3333333333333333,2.440936111111111,LWL
40,ypYIVd9QNbjzQ3GGuZsGTb_HbqmXMP9Cc3EGcPA9aj208Fsa-aPPakz5YQ8ul8EWB0mbBRcjrBytWw,BRONZE,boughamgham,EUW,7,2025-12-14 15:22:49.427000+00:00,2025-12-14 17:09:30.636999998+00:00,3,3,3.292929292929293,5.799644077338576,0,1.0,1.7781138888883334,WWW
40,ypYIVd9QNbjzQ3GGuZsGTb_HbqmXMP9Cc3EGcPA9aj208Fsa-aPPakz5YQ8ul8EWB0mbBRcjrBytWw,BRONZE,boughamgham,EUW,8,2025-12-20 11:32:18.409000+00:00,2025-12-20 13:16:46.563000002+00:00,3,2,3.077777777777778,5.569177498555707,1,0.6666666666666666,1.7411538888894447,WLW
40,ypYIVd9QNbjzQ3GGuZsGTb_HbqmXMP9Cc3EGcPA9aj208Fsa-aPPakz5YQ8ul8EWB0mbBRcjrBytWw,BRONZE,boughamgham,EUW,9,2025-12-20 16:55:38.734000+00:00,2025-12-20 20:39:11.369000002+00:00,6,4,2.128276815776816,3.597646490170815,2,0.6666666666666666,3.7257319444449997,WLWWWL
40,ypYIVd9QNbjzQ3GGuZsGTb_HbqmXMP9Cc3EGcPA9aj208Fsa-aPPakz5YQ8ul8EWB0mbBRcjrBytWw,BRONZE,boughamgham,EUW,10,2025-12-21 15:20:52.992000+00:00,2025-12-21 15:58:30.991999998+00:00,1,0,1.2307692307692308,3.2152347209920284,1,0.0,0.6272222222216667,L
40,ypYIVd9QNbjzQ3GGuZsGTb_HbqmXMP9Cc3EGcPA9aj208Fsa-aPPakz5YQ8ul8EWB0mbBRcjrBytWw,BRONZE,boughamgham,EUW,11,2026-01-11 10:59:37.920000+00:00,2026-01-11 13:06:57.359999998+00:00,4,1,0.6783088235294117,4.3038157496775105,3,0.25,2.122066666666111,LWLL
40,ypYIVd9QNbjzQ3GGuZsGTb_HbqmXMP9Cc3EGcPA9aj208Fsa-aPPakz5YQ8ul8EWB0mbBRcjrBytWw,BRONZE,boughamgham,EUW,12,2026-01-17 18:57:52.851000+00:00,2026-01-17 21:36:22.521000002+00:00,4,2,1.9798368298368298,4.2654335527332545,2,0.5,2.641575000000555,LWWL
40,ypYIVd9QNbjzQ3GGuZsGTb_HbqmXMP9Cc3EGcPA9aj208Fsa-aPPakz5YQ8ul8EWB0mbBRcjrBytWw,BRONZE,boughamgham,EUW,13,2026-05-19 16:45:07.413000+00:00,2026-05-19 17:15:00.412999998+00:00,1,0,0.5833333333333334,4.283324037925265,1,0.0,0.49805555555500003,L
40,ypYIVd9QNbjzQ3GGuZsGTb_HbqmXMP9Cc3EGcPA9aj208Fsa-aPPakz5YQ8ul8EWB0mbBRcjrBytWw,BRONZE,boughamgham,EUW,14,2026-07-12 10:28:24.618000+00:00,2026-07-12 10:45:46.618000002+00:00,1,0,0.6,3.1094049904030707,1,0.0,0.289444444445,L
40,ypYIVd9QNbjzQ3GGuZsGTb_HbqmXMP9Cc3EGcPA9aj208Fsa-aPPakz5YQ8ul8EWB0mbBRcjrBytWw,BRONZE,boughamgham,EUW,15,2026-07-25 11:04:52.293000+00:00,2026-07-25 12:57:31.243999998+00:00,4,0,0.6666666666666667,2.4538848224802288,4,0.0,1.8774863888883333,LLLL
