player_id,puuid,rank_group,sample_tier,sample_division,sample_league_points,game_name,tag_line,match_id,game_start,queue_id,game_mode,game_duration_min,champion,position,win,kills,deaths,assists,kda,gold,damage_to_champions,damage_taken,vision_score,cs,cs_per_min
31,tIccoo0qkBKTlLt_9GemUCysybhUVG87M1L1QMlhH5c7yyTjHM_VZfkSpHfi98nXh1kt10oXt7mLzQ,BRONZE,BRONZE,IV,18,CrazyMortal24,EUW,EUW1_7185036442,2024-11-13 12:50:41.445000+00:00,420,CLASSIC,49.983333333333334,Lillia,JUNGLE,True,8,12,20,2.3333333333333335,16081,32339,69944,18,147,2.9409803267755916
31,tIccoo0qkBKTlLt_9GemUCysybhUVG87M1L1QMlhH5c7yyTjHM_VZfkSpHfi98nXh1kt10oXt7mLzQ,BRONZE,BRONZE,IV,18,CrazyMortal24,EUW,EUW1_7185087675,2024-11-13 13:47:27.615000+00:00,420,CLASSIC,23.533333333333335,Kindred,JUNGLE,False,1,6,1,0.3333333333333333,5837,5393,21164,15,83,3.526912181303116
31,tIccoo0qkBKTlLt_9GemUCysybhUVG87M1L1QMlhH5c7yyTjHM_VZfkSpHfi98nXh1kt10oXt7mLzQ,BRONZE,BRONZE,IV,18,CrazyMortal24,EUW,EUW1_7185358067,2024-11-13 18:02:17.133000+00:00,420,CLASSIC,37.93333333333333,Blitzcrank,UTILITY,False,4,11,20,2.1818181818181817,10320,15365,39756,11,37,0.9753954305799649
31,tIccoo0qkBKTlLt_9GemUCysybhUVG87M1L1QMlhH5c7yyTjHM_VZfkSpHfi98nXh1kt10oXt7mLzQ,BRONZE,BRONZE,IV,18,CrazyMortal24,EUW,EUW1_7185499514,2024-11-13 19:33:36.747000+00:00,420,CLASSIC,41.4,Maokai,UTILITY,True,8,8,20,3.5,13780,21773,55892,28,49,1.1835748792270533
31,tIccoo0qkBKTlLt_9GemUCysybhUVG87M1L1QMlhH5c7yyTjHM_VZfkSpHfi98nXh1kt10oXt7mLzQ,BRONZE,BRONZE,IV,18,CrazyMortal24,EUW,EUW1_7185822028,2024-11-13 23:22:50.095000+00:00,420,CLASSIC,25.2,Bard,UTILITY,False,2,3,4,2.0,6227,5858,14350,12,31,1.2301587301587302
31,tIccoo0qkBKTlLt_9GemUCysybhUVG87M1L1QMlhH5c7yyTjHM_VZfkSpHfi98nXh1kt10oXt7mLzQ,BRONZE,BRONZE,IV,18,CrazyMortal24,EUW,EUW1_7185853651,2024-11-13 23:53:38.053000+00:00,420,CLASSIC,30.616666666666667,Bard,BOTTOM,True,1,4,12,3.25,7546,9900,14125,12,79,2.5802939575394666
31,tIccoo0qkBKTlLt_9GemUCysybhUVG87M1L1QMlhH5c7yyTjHM_VZfkSpHfi98nXh1kt10oXt7mLzQ,BRONZE,BRONZE,IV,18,CrazyMortal24,EUW,EUW1_7187156905,2024-11-15 11:26:59.872000+00:00,420,CLASSIC,29.5,Thresh,BOTTOM,False,0,6,4,0.6666666666666666,7393,8738,15302,13,110,3.7288135593220337
31,tIccoo0qkBKTlLt_9GemUCysybhUVG87M1L1QMlhH5c7yyTjHM_VZfkSpHfi98nXh1kt10oXt7mLzQ,BRONZE,BRONZE,IV,18,CrazyMortal24,EUW,EUW1_7187190705,2024-11-15 12:15:03.369000+00:00,420,CLASSIC,24.95,Thresh,BOTTOM,False,3,8,7,1.25,7515,7319,17636,14,92,3.687374749498998
31,tIccoo0qkBKTlLt_9GemUCysybhUVG87M1L1QMlhH5c7yyTjHM_VZfkSpHfi98nXh1kt10oXt7mLzQ,BRONZE,BRONZE,IV,18,CrazyMortal24,EUW,EUW1_7189502259,2024-11-17 09:55:15.526000+00:00,420,CLASSIC,37.666666666666664,Thresh,BOTTOM,True,8,6,12,3.3333333333333335,15004,17790,20921,13,184,4.88495575221239
31,tIccoo0qkBKTlLt_9GemUCysybhUVG87M1L1QMlhH5c7yyTjHM_VZfkSpHfi98nXh1kt10oXt7mLzQ,BRONZE,BRONZE,IV,18,CrazyMortal24,EUW,EUW1_7189550748,2024-11-17 10:55:15.743000+00:00,420,CLASSIC,25.05,Thresh,BOTTOM,False,1,7,3,0.5714285714285714,7310,7709,16230,13,111,4.431137724550898
31,tIccoo0qkBKTlLt_9GemUCysybhUVG87M1L1QMlhH5c7yyTjHM_VZfkSpHfi98nXh1kt10oXt7mLzQ,BRONZE,BRONZE,IV,18,CrazyMortal24,EUW,EUW1_7190815906,2024-11-18 10:09:57.540000+00:00,420,CLASSIC,41.81666666666667,Thresh,BOTTOM,True,8,6,13,3.5,13921,25955,25339,24,159,3.802311677959346
31,tIccoo0qkBKTlLt_9GemUCysybhUVG87M1L1QMlhH5c7yyTjHM_VZfkSpHfi98nXh1kt10oXt7mLzQ,BRONZE,BRONZE,IV,18,CrazyMortal24,EUW,EUW1_7191810899,2024-11-19 00:25:18.887000+00:00,420,CLASSIC,38.6,Thresh,UTILITY,True,3,8,8,1.375,11821,9289,20932,18,139,3.6010362694300517
31,tIccoo0qkBKTlLt_9GemUCysybhUVG87M1L1QMlhH5c7yyTjHM_VZfkSpHfi98nXh1kt10oXt7mLzQ,BRONZE,BRONZE,IV,18,CrazyMortal24,EUW,EUW1_7192939610,2024-11-20 02:26:27.093000+00:00,420,CLASSIC,21.366666666666667,Aurora,UTILITY,False,3,4,1,1.0,5417,5712,9270,14,25,1.1700468018720749
31,tIccoo0qkBKTlLt_9GemUCysybhUVG87M1L1QMlhH5c7yyTjHM_VZfkSpHfi98nXh1kt10oXt7mLzQ,BRONZE,BRONZE,IV,18,CrazyMortal24,EUW,EUW1_7193039139,2024-11-20 10:26:09.143000+00:00,420,CLASSIC,34.11666666666667,Aurora,UTILITY,False,1,7,4,0.7142857142857143,7650,5871,19859,36,41,1.2017586712261847
31,tIccoo0qkBKTlLt_9GemUCysybhUVG87M1L1QMlhH5c7yyTjHM_VZfkSpHfi98nXh1kt10oXt7mLzQ,BRONZE,BRONZE,IV,18,CrazyMortal24,EUW,EUW1_7193078497,2024-11-20 11:19:59.948000+00:00,420,CLASSIC,33.5,Blitzcrank,UTILITY,True,1,4,14,3.75,8643,7381,17668,24,26,0.7761194029850746
31,tIccoo0qkBKTlLt_9GemUCysybhUVG87M1L1QMlhH5c7yyTjHM_VZfkSpHfi98nXh1kt10oXt7mLzQ,BRONZE,BRONZE,IV,18,CrazyMortal24,EUW,EUW1_7197530324,2024-11-23 10:18:40.305000+00:00,420,CLASSIC,32.46666666666667,Zoe,MIDDLE,True,7,6,17,4.0,10251,28096,21563,15,82,2.5256673511293632
31,tIccoo0qkBKTlLt_9GemUCysybhUVG87M1L1QMlhH5c7yyTjHM_VZfkSpHfi98nXh1kt10oXt7mLzQ,BRONZE,BRONZE,IV,18,CrazyMortal24,EUW,EUW1_7223527545,2024-12-11 14:58:25.420000+00:00,420,CLASSIC,36.71666666666667,Jhin,BOTTOM,True,2,8,13,1.875,9169,13334,23995,16,94,2.560145256468452
31,tIccoo0qkBKTlLt_9GemUCysybhUVG87M1L1QMlhH5c7yyTjHM_VZfkSpHfi98nXh1kt10oXt7mLzQ,BRONZE,BRONZE,IV,18,CrazyMortal24,EUW,EUW1_7224569131,2024-12-12 10:13:16.402000+00:00,420,CLASSIC,20.166666666666668,Amumu,UTILITY,False,0,2,2,1.0,4228,1745,9044,17,24,1.1900826446280992
31,tIccoo0qkBKTlLt_9GemUCysybhUVG87M1L1QMlhH5c7yyTjHM_VZfkSpHfi98nXh1kt10oXt7mLzQ,BRONZE,BRONZE,IV,18,CrazyMortal24,EUW,EUW1_7225920170,2024-12-13 12:17:52.626000+00:00,420,CLASSIC,21.916666666666668,XinZhao,BOTTOM,False,2,5,6,1.6,5961,9207,17346,4,69,3.1482889733840302
31,tIccoo0qkBKTlLt_9GemUCysybhUVG87M1L1QMlhH5c7yyTjHM_VZfkSpHfi98nXh1kt10oXt7mLzQ,BRONZE,BRONZE,IV,18,CrazyMortal24,EUW,EUW1_7228353237,2024-12-15 01:14:17.613000+00:00,420,CLASSIC,11.45,Ornn,BOTTOM,True,2,0,1,3.0,3983,2654,5744,4,63,5.502183406113537
31,tIccoo0qkBKTlLt_9GemUCysybhUVG87M1L1QMlhH5c7yyTjHM_VZfkSpHfi98nXh1kt10oXt7mLzQ,BRONZE,BRONZE,IV,18,CrazyMortal24,EUW,EUW1_7228368041,2024-12-15 01:30:04.698000+00:00,420,CLASSIC,25.616666666666667,Thresh,BOTTOM,True,6,3,6,4.0,9805,10773,12691,6,128,4.996746909564086
31,tIccoo0qkBKTlLt_9GemUCysybhUVG87M1L1QMlhH5c7yyTjHM_VZfkSpHfi98nXh1kt10oXt7mLzQ,BRONZE,BRONZE,IV,18,CrazyMortal24,EUW,EUW1_7234010723,2024-12-19 12:57:05.400000+00:00,420,CLASSIC,26.266666666666666,Thresh,BOTTOM,False,2,4,8,2.5,7700,7173,14229,7,133,5.063451776649746
31,tIccoo0qkBKTlLt_9GemUCysybhUVG87M1L1QMlhH5c7yyTjHM_VZfkSpHfi98nXh1kt10oXt7mLzQ,BRONZE,BRONZE,IV,18,CrazyMortal24,EUW,EUW1_7234045671,2024-12-19 13:32:11.282000+00:00,420,CLASSIC,29.333333333333332,Ornn,BOTTOM,True,5,4,13,4.5,8973,10597,23806,9,86,2.931818181818182
31,tIccoo0qkBKTlLt_9GemUCysybhUVG87M1L1QMlhH5c7yyTjHM_VZfkSpHfi98nXh1kt10oXt7mLzQ,BRONZE,BRONZE,IV,18,CrazyMortal24,EUW,EUW1_7246828098,2024-12-29 12:34:01.313000+00:00,420,CLASSIC,37.666666666666664,Thresh,BOTTOM,True,2,8,23,3.125,10299,20620,24502,23,110,2.920353982300885
31,tIccoo0qkBKTlLt_9GemUCysybhUVG87M1L1QMlhH5c7yyTjHM_VZfkSpHfi98nXh1kt10oXt7mLzQ,BRONZE,BRONZE,IV,18,CrazyMortal24,EUW,EUW1_7248230139,2024-12-30 13:02:17.344000+00:00,420,CLASSIC,38.31666666666667,Garen,BOTTOM,False,7,6,6,2.1666666666666665,11372,12442,28725,12,129,3.3666811657242275
31,tIccoo0qkBKTlLt_9GemUCysybhUVG87M1L1QMlhH5c7yyTjHM_VZfkSpHfi98nXh1kt10oXt7mLzQ,BRONZE,BRONZE,IV,18,CrazyMortal24,EUW,EUW1_7279207508,2025-01-23 23:54:00.446000+00:00,420,CLASSIC,31.416666666666668,Braum,BOTTOM,False,7,7,11,2.5714285714285716,11155,12679,29620,18,94,2.9920424403183024
31,tIccoo0qkBKTlLt_9GemUCysybhUVG87M1L1QMlhH5c7yyTjHM_VZfkSpHfi98nXh1kt10oXt7mLzQ,BRONZE,BRONZE,IV,18,CrazyMortal24,EUW,EUW1_7279274236,2025-01-24 01:28:34.852000+00:00,420,CLASSIC,24.566666666666666,Braum,BOTTOM,False,3,2,2,2.5,6705,6834,11809,11,95,3.8670284938941655
31,tIccoo0qkBKTlLt_9GemUCysybhUVG87M1L1QMlhH5c7yyTjHM_VZfkSpHfi98nXh1kt10oXt7mLzQ,BRONZE,BRONZE,IV,18,CrazyMortal24,EUW,EUW1_7279295608,2025-01-24 02:00:09.876000+00:00,420,CLASSIC,18.216666666666665,Braum,BOTTOM,False,9,4,4,3.25,7624,8345,11161,7,67,3.6779505946935043
31,tIccoo0qkBKTlLt_9GemUCysybhUVG87M1L1QMlhH5c7yyTjHM_VZfkSpHfi98nXh1kt10oXt7mLzQ,BRONZE,BRONZE,IV,18,CrazyMortal24,EUW,EUW1_7283897507,2025-01-26 23:49:45.332000+00:00,420,CLASSIC,35.983333333333334,Yorick,BOTTOM,True,4,6,9,2.1666666666666665,13817,19321,28365,15,206,5.7248726262158405
31,tIccoo0qkBKTlLt_9GemUCysybhUVG87M1L1QMlhH5c7yyTjHM_VZfkSpHfi98nXh1kt10oXt7mLzQ,BRONZE,BRONZE,IV,18,CrazyMortal24,EUW,EUW1_7283931601,2025-01-27 00:31:20.029000+00:00,420,CLASSIC,27.5,Yorick,BOTTOM,True,1,5,9,2.0,9139,14332,21392,12,106,3.8545454545454545
31,tIccoo0qkBKTlLt_9GemUCysybhUVG87M1L1QMlhH5c7yyTjHM_VZfkSpHfi98nXh1kt10oXt7mLzQ,BRONZE,BRONZE,IV,18,CrazyMortal24,EUW,EUW1_7287033030,2025-01-29 17:04:01.849000+00:00,420,CLASSIC,32.65,Blitzcrank,BOTTOM,False,4,11,13,1.5454545454545454,8601,14004,25473,16,68,2.082695252679939
31,tIccoo0qkBKTlLt_9GemUCysybhUVG87M1L1QMlhH5c7yyTjHM_VZfkSpHfi98nXh1kt10oXt7mLzQ,BRONZE,BRONZE,IV,18,CrazyMortal24,EUW,EUW1_7302287812,2025-02-10 23:05:18.497000+00:00,420,CLASSIC,23.133333333333333,Corki,BOTTOM,False,4,5,2,1.2,7320,7942,15576,9,93,4.020172910662824
31,tIccoo0qkBKTlLt_9GemUCysybhUVG87M1L1QMlhH5c7yyTjHM_VZfkSpHfi98nXh1kt10oXt7mLzQ,BRONZE,BRONZE,IV,18,CrazyMortal24,EUW,EUW1_7303355237,2025-02-11 22:43:54.218000+00:00,420,CLASSIC,42.93333333333333,Corki,BOTTOM,False,6,6,3,1.5,14682,16961,30718,34,204,4.751552795031056
31,tIccoo0qkBKTlLt_9GemUCysybhUVG87M1L1QMlhH5c7yyTjHM_VZfkSpHfi98nXh1kt10oXt7mLzQ,BRONZE,BRONZE,IV,18,CrazyMortal24,EUW,EUW1_7303413614,2025-02-11 23:32:18.042000+00:00,420,CLASSIC,48.083333333333336,Corki,BOTTOM,False,15,9,14,3.2222222222222223,19595,36587,47692,34,233,4.845753899480069
31,tIccoo0qkBKTlLt_9GemUCysybhUVG87M1L1QMlhH5c7yyTjHM_VZfkSpHfi98nXh1kt10oXt7mLzQ,BRONZE,BRONZE,IV,18,CrazyMortal24,EUW,EUW1_7305069080,2025-02-13 17:16:41.099000+00:00,420,CLASSIC,33.833333333333336,Corki,BOTTOM,True,11,2,8,9.5,11224,17023,24503,21,140,4.137931034482758
31,tIccoo0qkBKTlLt_9GemUCysybhUVG87M1L1QMlhH5c7yyTjHM_VZfkSpHfi98nXh1kt10oXt7mLzQ,BRONZE,BRONZE,IV,18,CrazyMortal24,EUW,EUW1_7305117200,2025-02-13 17:56:22.880000+00:00,420,CLASSIC,25.433333333333334,Sion,BOTTOM,True,1,3,6,2.3333333333333335,6638,10365,14316,11,96,3.7745740498034075
31,tIccoo0qkBKTlLt_9GemUCysybhUVG87M1L1QMlhH5c7yyTjHM_VZfkSpHfi98nXh1kt10oXt7mLzQ,BRONZE,BRONZE,IV,18,CrazyMortal24,EUW,EUW1_7475156203,2025-07-28 13:31:07.958000+00:00,420,CLASSIC,32.03333333333333,Thresh,BOTTOM,True,5,0,2,7.0,7705,4324,4529,1,56,1.7481789802289283
31,tIccoo0qkBKTlLt_9GemUCysybhUVG87M1L1QMlhH5c7yyTjHM_VZfkSpHfi98nXh1kt10oXt7mLzQ,BRONZE,BRONZE,IV,18,CrazyMortal24,EUW,EUW1_7478238487,2025-07-31 11:36:09.049000+00:00,420,CLASSIC,27.9,Thresh,BOTTOM,False,6,5,5,2.2,9714,8668,13861,12,140,5.017921146953405
31,tIccoo0qkBKTlLt_9GemUCysybhUVG87M1L1QMlhH5c7yyTjHM_VZfkSpHfi98nXh1kt10oXt7mLzQ,BRONZE,BRONZE,IV,18,CrazyMortal24,EUW,EUW1_7478267708,2025-07-31 12:09:28.066000+00:00,420,CLASSIC,35.06666666666667,Thresh,BOTTOM,True,11,5,14,5.0,14465,16298,20856,15,117,3.336501901140684
31,tIccoo0qkBKTlLt_9GemUCysybhUVG87M1L1QMlhH5c7yyTjHM_VZfkSpHfi98nXh1kt10oXt7mLzQ,BRONZE,BRONZE,IV,18,CrazyMortal24,EUW,EUW1_7479724119,2025-08-01 15:25:28.210000+00:00,420,CLASSIC,25.033333333333335,Thresh,BOTTOM,True,7,0,5,12.0,8627,8227,9227,11,131,5.233022636484686
31,tIccoo0qkBKTlLt_9GemUCysybhUVG87M1L1QMlhH5c7yyTjHM_VZfkSpHfi98nXh1kt10oXt7mLzQ,BRONZE,BRONZE,IV,18,CrazyMortal24,EUW,EUW1_7479769482,2025-08-01 15:59:01.047000+00:00,420,CLASSIC,23.416666666666668,Thresh,BOTTOM,True,6,1,9,15.0,9117,10120,9461,10,102,4.355871886120997
31,tIccoo0qkBKTlLt_9GemUCysybhUVG87M1L1QMlhH5c7yyTjHM_VZfkSpHfi98nXh1kt10oXt7mLzQ,BRONZE,BRONZE,IV,18,CrazyMortal24,EUW,EUW1_7482087562,2025-08-03 13:08:25.784000+00:00,420,CLASSIC,23.416666666666668,Thresh,BOTTOM,True,12,0,5,17.0,10353,12798,10445,11,113,4.825622775800712
31,tIccoo0qkBKTlLt_9GemUCysybhUVG87M1L1QMlhH5c7yyTjHM_VZfkSpHfi98nXh1kt10oXt7mLzQ,BRONZE,BRONZE,IV,18,CrazyMortal24,EUW,EUW1_7482119984,2025-08-03 13:37:48.613000+00:00,420,CLASSIC,37.1,Chogath,BOTTOM,True,9,7,12,3.0,13833,18244,32810,14,115,3.0997304582210243
31,tIccoo0qkBKTlLt_9GemUCysybhUVG87M1L1QMlhH5c7yyTjHM_VZfkSpHfi98nXh1kt10oXt7mLzQ,BRONZE,BRONZE,IV,18,CrazyMortal24,EUW,EUW1_7559479372,2025-10-07 14:38:07.207000+00:00,420,CLASSIC,14.933333333333334,Ornn,MIDDLE,False,0,4,0,0.0,3086,1775,12144,3,46,3.080357142857143
31,tIccoo0qkBKTlLt_9GemUCysybhUVG87M1L1QMlhH5c7yyTjHM_VZfkSpHfi98nXh1kt10oXt7mLzQ,BRONZE,BRONZE,IV,18,CrazyMortal24,EUW,EUW1_7560210543,2025-10-07 23:15:02.777000+00:00,420,CLASSIC,27.433333333333334,Thresh,MIDDLE,False,7,7,6,1.8571428571428572,11286,13485,22840,6,121,4.410692588092345
31,tIccoo0qkBKTlLt_9GemUCysybhUVG87M1L1QMlhH5c7yyTjHM_VZfkSpHfi98nXh1kt10oXt7mLzQ,BRONZE,BRONZE,IV,18,CrazyMortal24,EUW,EUW1_7594625931,2025-11-06 21:36:14.708000+00:00,420,CLASSIC,37.86666666666667,Thresh,BOTTOM,False,11,7,11,3.142857142857143,14284,21799,26078,21,174,4.595070422535211
31,tIccoo0qkBKTlLt_9GemUCysybhUVG87M1L1QMlhH5c7yyTjHM_VZfkSpHfi98nXh1kt10oXt7mLzQ,BRONZE,BRONZE,IV,18,CrazyMortal24,EUW,EUW1_7618645472,2025-11-26 21:27:24.109000+00:00,420,CLASSIC,36.583333333333336,Thresh,BOTTOM,False,4,9,7,1.2222222222222223,12354,17701,25412,23,160,4.373576309794989
31,tIccoo0qkBKTlLt_9GemUCysybhUVG87M1L1QMlhH5c7yyTjHM_VZfkSpHfi98nXh1kt10oXt7mLzQ,BRONZE,BRONZE,IV,18,CrazyMortal24,EUW,EUW1_7618709670,2025-11-26 22:08:48.034000+00:00,420,CLASSIC,49.4,Ornn,BOTTOM,False,6,7,8,2.0,13993,19010,57527,25,155,3.1376518218623484
31,tIccoo0qkBKTlLt_9GemUCysybhUVG87M1L1QMlhH5c7yyTjHM_VZfkSpHfi98nXh1kt10oXt7mLzQ,BRONZE,BRONZE,IV,18,CrazyMortal24,EUW,EUW1_7629904627,2025-12-05 20:54:31.615000+00:00,420,CLASSIC,16.133333333333333,Thresh,BOTTOM,False,1,6,0,0.16666666666666666,3571,1972,10489,4,42,2.603305785123967
31,tIccoo0qkBKTlLt_9GemUCysybhUVG87M1L1QMlhH5c7yyTjHM_VZfkSpHfi98nXh1kt10oXt7mLzQ,BRONZE,BRONZE,IV,18,CrazyMortal24,EUW,EUW1_7633695459,2025-12-08 00:31:06.308000+00:00,420,CLASSIC,32.6,Thresh,BOTTOM,False,8,9,8,1.7777777777777777,12846,14336,24229,14,170,5.214723926380368
31,tIccoo0qkBKTlLt_9GemUCysybhUVG87M1L1QMlhH5c7yyTjHM_VZfkSpHfi98nXh1kt10oXt7mLzQ,BRONZE,BRONZE,IV,18,CrazyMortal24,EUW,EUW1_7868660289,2026-05-28 15:59:48.956000+00:00,420,CLASSIC,26.566666666666666,Thresh,MIDDLE,False,7,6,5,2.0,10802,10980,23060,8,167,6.286072772898369
31,tIccoo0qkBKTlLt_9GemUCysybhUVG87M1L1QMlhH5c7yyTjHM_VZfkSpHfi98nXh1kt10oXt7mLzQ,BRONZE,BRONZE,IV,18,CrazyMortal24,EUW,EUW1_7870288694,2026-05-29 23:08:02.766000+00:00,420,CLASSIC,28.233333333333334,Thresh,MIDDLE,False,6,4,0,1.5,11735,16457,20917,10,197,6.977567886658796
31,tIccoo0qkBKTlLt_9GemUCysybhUVG87M1L1QMlhH5c7yyTjHM_VZfkSpHfi98nXh1kt10oXt7mLzQ,BRONZE,BRONZE,IV,18,CrazyMortal24,EUW,EUW1_7870318802,2026-05-29 23:42:35.896000+00:00,420,CLASSIC,29.083333333333332,Thresh,MIDDLE,False,3,6,5,1.3333333333333333,10035,8837,17905,18,162,5.570200573065903
31,tIccoo0qkBKTlLt_9GemUCysybhUVG87M1L1QMlhH5c7yyTjHM_VZfkSpHfi98nXh1kt10oXt7mLzQ,BRONZE,BRONZE,IV,18,CrazyMortal24,EUW,EUW1_7870342040,2026-05-30 00:16:05.665000+00:00,420,CLASSIC,36.016666666666666,Thresh,MIDDLE,True,9,2,15,12.0,12631,23643,27363,23,118,3.276260990282277
31,tIccoo0qkBKTlLt_9GemUCysybhUVG87M1L1QMlhH5c7yyTjHM_VZfkSpHfi98nXh1kt10oXt7mLzQ,BRONZE,BRONZE,IV,18,CrazyMortal24,EUW,EUW1_7870367529,2026-05-30 00:58:21.600000+00:00,420,CLASSIC,30.783333333333335,Braum,UTILITY,False,1,8,10,1.375,7777,5835,25945,44,27,0.8770979967514888
31,tIccoo0qkBKTlLt_9GemUCysybhUVG87M1L1QMlhH5c7yyTjHM_VZfkSpHfi98nXh1kt10oXt7mLzQ,BRONZE,BRONZE,IV,18,CrazyMortal24,EUW,EUW1_7870795002,2026-05-30 14:45:20.612000+00:00,420,CLASSIC,23.833333333333332,Zoe,MIDDLE,False,7,6,4,1.8333333333333333,7677,11359,15723,19,88,3.6923076923076925
31,tIccoo0qkBKTlLt_9GemUCysybhUVG87M1L1QMlhH5c7yyTjHM_VZfkSpHfi98nXh1kt10oXt7mLzQ,BRONZE,BRONZE,IV,18,CrazyMortal24,EUW,EUW1_7870825240,2026-05-30 15:13:31.733000+00:00,420,CLASSIC,27.8,Diana,MIDDLE,False,6,4,7,3.25,9936,21587,18532,16,142,5.107913669064748
31,tIccoo0qkBKTlLt_9GemUCysybhUVG87M1L1QMlhH5c7yyTjHM_VZfkSpHfi98nXh1kt10oXt7mLzQ,BRONZE,BRONZE,IV,18,CrazyMortal24,EUW,EUW1_7870863767,2026-05-30 15:45:43.726000+00:00,420,CLASSIC,30.683333333333334,Akali,MIDDLE,False,5,8,9,1.75,8975,18406,28525,17,100,3.2590983161325364
31,tIccoo0qkBKTlLt_9GemUCysybhUVG87M1L1QMlhH5c7yyTjHM_VZfkSpHfi98nXh1kt10oXt7mLzQ,BRONZE,BRONZE,IV,18,CrazyMortal24,EUW,EUW1_7870892307,2026-05-30 16:21:18.450000+00:00,420,CLASSIC,27.466666666666665,Thresh,MIDDLE,True,3,1,10,13.0,10126,15688,14848,18,165,6.007281553398059
31,tIccoo0qkBKTlLt_9GemUCysybhUVG87M1L1QMlhH5c7yyTjHM_VZfkSpHfi98nXh1kt10oXt7mLzQ,BRONZE,BRONZE,IV,18,CrazyMortal24,EUW,EUW1_7870925840,2026-05-30 16:55:01.317000+00:00,420,CLASSIC,28.133333333333333,Thresh,MIDDLE,True,10,3,6,5.333333333333333,11000,16121,16306,14,118,4.194312796208531
31,tIccoo0qkBKTlLt_9GemUCysybhUVG87M1L1QMlhH5c7yyTjHM_VZfkSpHfi98nXh1kt10oXt7mLzQ,BRONZE,BRONZE,IV,18,CrazyMortal24,EUW,EUW1_7870957984,2026-05-30 17:29:29.980000+00:00,420,CLASSIC,30.266666666666666,Kassadin,MIDDLE,True,0,5,8,1.6,7505,11046,24817,25,99,3.2709251101321586
31,tIccoo0qkBKTlLt_9GemUCysybhUVG87M1L1QMlhH5c7yyTjHM_VZfkSpHfi98nXh1kt10oXt7mLzQ,BRONZE,BRONZE,IV,18,CrazyMortal24,EUW,EUW1_7870991938,2026-05-30 18:04:10.623000+00:00,420,CLASSIC,29.433333333333334,Kassadin,MIDDLE,False,5,5,5,2.0,8291,13386,23196,17,98,3.3295583238958097
31,tIccoo0qkBKTlLt_9GemUCysybhUVG87M1L1QMlhH5c7yyTjHM_VZfkSpHfi98nXh1kt10oXt7mLzQ,BRONZE,BRONZE,IV,18,CrazyMortal24,EUW,EUW1_7872666390,2026-06-01 01:21:13.626000+00:00,420,CLASSIC,18.783333333333335,Braum,UTILITY,False,2,6,10,2.0,5946,5742,14841,22,6,0.31943212067435667
31,tIccoo0qkBKTlLt_9GemUCysybhUVG87M1L1QMlhH5c7yyTjHM_VZfkSpHfi98nXh1kt10oXt7mLzQ,BRONZE,BRONZE,IV,18,CrazyMortal24,EUW,EUW1_7872678015,2026-06-01 01:48:18.754000+00:00,420,CLASSIC,27.033333333333335,Braum,UTILITY,True,5,2,13,9.0,10133,7873,11922,30,26,0.9617755856966708
31,tIccoo0qkBKTlLt_9GemUCysybhUVG87M1L1QMlhH5c7yyTjHM_VZfkSpHfi98nXh1kt10oXt7mLzQ,BRONZE,BRONZE,IV,18,CrazyMortal24,EUW,EUW1_7875162867,2026-06-03 15:48:52.642000+00:00,420,CLASSIC,18.983333333333334,Thresh,MIDDLE,True,2,3,0,0.6666666666666666,6552,3055,7359,10,125,6.584723441615452
31,tIccoo0qkBKTlLt_9GemUCysybhUVG87M1L1QMlhH5c7yyTjHM_VZfkSpHfi98nXh1kt10oXt7mLzQ,BRONZE,BRONZE,IV,18,CrazyMortal24,EUW,EUW1_7875191502,2026-06-03 16:11:27.325000+00:00,420,CLASSIC,49.916666666666664,Thresh,MIDDLE,True,12,10,17,2.9,19393,40662,41748,39,173,3.4657762938230388
31,tIccoo0qkBKTlLt_9GemUCysybhUVG87M1L1QMlhH5c7yyTjHM_VZfkSpHfi98nXh1kt10oXt7mLzQ,BRONZE,BRONZE,IV,18,CrazyMortal24,EUW,EUW1_7878719607,2026-06-06 19:43:15.382000+00:00,420,CLASSIC,36.2,Thresh,MIDDLE,False,4,8,6,1.25,11378,12853,26685,26,181,5.0
31,tIccoo0qkBKTlLt_9GemUCysybhUVG87M1L1QMlhH5c7yyTjHM_VZfkSpHfi98nXh1kt10oXt7mLzQ,BRONZE,BRONZE,IV,18,CrazyMortal24,EUW,EUW1_7881224963,2026-06-09 00:13:47.341000+00:00,420,CLASSIC,30.516666666666666,Thresh,MIDDLE,False,3,6,7,1.6666666666666667,10095,12891,24220,22,153,5.013653741125069
31,tIccoo0qkBKTlLt_9GemUCysybhUVG87M1L1QMlhH5c7yyTjHM_VZfkSpHfi98nXh1kt10oXt7mLzQ,BRONZE,BRONZE,IV,18,CrazyMortal24,EUW,EUW1_7881241537,2026-06-09 00:48:06.732000+00:00,420,CLASSIC,43.3,Thresh,MIDDLE,False,10,11,20,2.727272727272727,15279,27041,40417,30,159,3.6720554272517325
31,tIccoo0qkBKTlLt_9GemUCysybhUVG87M1L1QMlhH5c7yyTjHM_VZfkSpHfi98nXh1kt10oXt7mLzQ,BRONZE,BRONZE,IV,18,CrazyMortal24,EUW,EUW1_7899441683,2026-06-25 21:12:24.218000+00:00,420,CLASSIC,29.283333333333335,Thresh,MIDDLE,True,12,3,9,7.0,12775,28924,23327,23,141,4.815025611838361
31,tIccoo0qkBKTlLt_9GemUCysybhUVG87M1L1QMlhH5c7yyTjHM_VZfkSpHfi98nXh1kt10oXt7mLzQ,BRONZE,BRONZE,IV,18,CrazyMortal24,EUW,EUW1_7899488480,2026-06-25 21:46:33.156000+00:00,420,CLASSIC,21.066666666666666,Yorick,TOP,True,2,1,5,7.0,9132,16230,12683,14,144,6.8354430379746836
31,tIccoo0qkBKTlLt_9GemUCysybhUVG87M1L1QMlhH5c7yyTjHM_VZfkSpHfi98nXh1kt10oXt7mLzQ,BRONZE,BRONZE,IV,18,CrazyMortal24,EUW,EUW1_7899513119,2026-06-25 22:13:24.797000+00:00,420,CLASSIC,19.6,Ornn,TOP,False,1,4,2,0.75,6013,9567,13416,10,128,6.530612244897958
31,tIccoo0qkBKTlLt_9GemUCysybhUVG87M1L1QMlhH5c7yyTjHM_VZfkSpHfi98nXh1kt10oXt7mLzQ,BRONZE,BRONZE,IV,18,CrazyMortal24,EUW,EUW1_7899767348,2026-06-26 09:50:42.537000+00:00,420,CLASSIC,25.65,Maokai,UTILITY,False,2,7,4,0.8571428571428571,6974,10304,26863,23,54,2.105263157894737
31,tIccoo0qkBKTlLt_9GemUCysybhUVG87M1L1QMlhH5c7yyTjHM_VZfkSpHfi98nXh1kt10oXt7mLzQ,BRONZE,BRONZE,IV,18,CrazyMortal24,EUW,EUW1_7899793542,2026-06-26 10:24:46.612000+00:00,420,CLASSIC,27.816666666666666,Maokai,UTILITY,False,5,9,10,1.6666666666666667,10167,17384,31915,33,41,1.4739364889155182
31,tIccoo0qkBKTlLt_9GemUCysybhUVG87M1L1QMlhH5c7yyTjHM_VZfkSpHfi98nXh1kt10oXt7mLzQ,BRONZE,BRONZE,IV,18,CrazyMortal24,EUW,EUW1_7899813196,2026-06-26 10:57:48.727000+00:00,420,CLASSIC,43.05,Pyke,UTILITY,False,10,14,20,2.142857142857143,13700,28896,38163,55,21,0.48780487804878053
31,tIccoo0qkBKTlLt_9GemUCysybhUVG87M1L1QMlhH5c7yyTjHM_VZfkSpHfi98nXh1kt10oXt7mLzQ,BRONZE,BRONZE,IV,18,CrazyMortal24,EUW,EUW1_7901183698,2026-06-27 15:20:21.469000+00:00,420,CLASSIC,32.9,Braum,UTILITY,True,0,8,23,2.875,9832,10550,27734,28,30,0.9118541033434651
31,tIccoo0qkBKTlLt_9GemUCysybhUVG87M1L1QMlhH5c7yyTjHM_VZfkSpHfi98nXh1kt10oXt7mLzQ,BRONZE,BRONZE,IV,18,CrazyMortal24,EUW,EUW1_7901229428,2026-06-27 16:05:22.103000+00:00,420,CLASSIC,30.1,Thresh,MIDDLE,False,7,7,5,1.7142857142857142,13154,15444,25444,18,208,6.910299003322259
31,tIccoo0qkBKTlLt_9GemUCysybhUVG87M1L1QMlhH5c7yyTjHM_VZfkSpHfi98nXh1kt10oXt7mLzQ,BRONZE,BRONZE,IV,18,CrazyMortal24,EUW,EUW1_7901269370,2026-06-27 16:41:08.726000+00:00,420,CLASSIC,1.4833333333333334,Zoe,MIDDLE,True,0,0,0,0.0,599,251,184,0,3,2.0224719101123596
31,tIccoo0qkBKTlLt_9GemUCysybhUVG87M1L1QMlhH5c7yyTjHM_VZfkSpHfi98nXh1kt10oXt7mLzQ,BRONZE,BRONZE,IV,18,CrazyMortal24,EUW,EUW1_7901281061,2026-06-27 16:51:55.877000+00:00,420,CLASSIC,1.4333333333333333,Thresh,MIDDLE,True,0,0,0,0.0,562,122,418,0,1,0.6976744186046512
31,tIccoo0qkBKTlLt_9GemUCysybhUVG87M1L1QMlhH5c7yyTjHM_VZfkSpHfi98nXh1kt10oXt7mLzQ,BRONZE,BRONZE,IV,18,CrazyMortal24,EUW,EUW1_7901308472,2026-06-27 17:09:13.173000+00:00,420,CLASSIC,31.466666666666665,Thresh,MIDDLE,False,4,10,8,1.2,9272,16770,27403,22,106,3.3686440677966103
31,tIccoo0qkBKTlLt_9GemUCysybhUVG87M1L1QMlhH5c7yyTjHM_VZfkSpHfi98nXh1kt10oXt7mLzQ,BRONZE,BRONZE,IV,18,CrazyMortal24,EUW,EUW1_7901350854,2026-06-27 17:50:47.813000+00:00,420,CLASSIC,38.86666666666667,Akali,MIDDLE,False,3,9,8,1.2222222222222223,11209,14168,35751,33,135,3.4734133790737562
31,tIccoo0qkBKTlLt_9GemUCysybhUVG87M1L1QMlhH5c7yyTjHM_VZfkSpHfi98nXh1kt10oXt7mLzQ,BRONZE,BRONZE,IV,18,CrazyMortal24,EUW,EUW1_7904384044,2026-06-30 14:31:42.460000+00:00,420,CLASSIC,2.7,Syndra,MIDDLE,True,0,0,0,0.0,972,417,546,0,14,5.185185185185185
31,tIccoo0qkBKTlLt_9GemUCysybhUVG87M1L1QMlhH5c7yyTjHM_VZfkSpHfi98nXh1kt10oXt7mLzQ,BRONZE,BRONZE,IV,18,CrazyMortal24,EUW,EUW1_7904388177,2026-06-30 14:38:56.913000+00:00,420,CLASSIC,28.716666666666665,Blitzcrank,UTILITY,True,4,6,23,4.5,11792,14361,27154,26,32,1.114335461404527
32,CZZ-pPjAt_CgPYGwsQkxMKqzIk92EMQKgkr4zsC5Q8_7x9KfH3Fq8pnNwp_VnQ4hrr30BCoxmYsdRA,BRONZE,BRONZE,I,2,KutnaHora,EUW,EUW1_7703685137,2026-01-27 02:46:05.640000+00:00,420,CLASSIC,41.8,Zed,JUNGLE,False,10,9,18,3.111111111111111,18619,45045,48480,36,253,6.052631578947369
32,CZZ-pPjAt_CgPYGwsQkxMKqzIk92EMQKgkr4zsC5Q8_7x9KfH3Fq8pnNwp_VnQ4hrr30BCoxmYsdRA,BRONZE,BRONZE,I,2,KutnaHora,EUW,EUW1_7703750609,2026-01-27 07:12:02.023000+00:00,420,CLASSIC,38.06666666666667,Irelia,TOP,False,12,11,6,1.6363636363636365,22142,53010,58003,29,365,9.588441330998247
32,CZZ-pPjAt_CgPYGwsQkxMKqzIk92EMQKgkr4zsC5Q8_7x9KfH3Fq8pnNwp_VnQ4hrr30BCoxmYsdRA,BRONZE,BRONZE,I,2,KutnaHora,EUW,EUW1_7705171215,2026-01-28 06:11:42.298000+00:00,420,CLASSIC,38.05,Zed,MIDDLE,False,19,12,11,2.5,18022,60760,43772,29,198,5.2036793692509855
32,CZZ-pPjAt_CgPYGwsQkxMKqzIk92EMQKgkr4zsC5Q8_7x9KfH3Fq8pnNwp_VnQ4hrr30BCoxmYsdRA,BRONZE,BRONZE,I,2,KutnaHora,EUW,EUW1_7705182856,2026-01-28 06:55:39.074000+00:00,420,CLASSIC,28.95,Zed,MIDDLE,True,25,0,4,29.0,17366,53376,18910,34,193,6.666666666666667
32,CZZ-pPjAt_CgPYGwsQkxMKqzIk92EMQKgkr4zsC5Q8_7x9KfH3Fq8pnNwp_VnQ4hrr30BCoxmYsdRA,BRONZE,BRONZE,I,2,KutnaHora,EUW,EUW1_7707974668,2026-01-30 02:10:21.899000+00:00,420,CLASSIC,31.166666666666668,Viktor,MIDDLE,True,19,4,7,6.5,17311,51442,22522,32,232,7.443850267379679
32,CZZ-pPjAt_CgPYGwsQkxMKqzIk92EMQKgkr4zsC5Q8_7x9KfH3Fq8pnNwp_VnQ4hrr30BCoxmYsdRA,BRONZE,BRONZE,I,2,KutnaHora,EUW,EUW1_7707986767,2026-01-30 02:48:16.352000+00:00,420,CLASSIC,37.53333333333333,Viktor,MIDDLE,False,21,9,15,4.0,20706,81985,30889,35,248,6.607460035523979
32,CZZ-pPjAt_CgPYGwsQkxMKqzIk92EMQKgkr4zsC5Q8_7x9KfH3Fq8pnNwp_VnQ4hrr30BCoxmYsdRA,BRONZE,BRONZE,I,2,KutnaHora,EUW,EUW1_7708003118,2026-01-30 03:52:22.031000+00:00,420,CLASSIC,24.983333333333334,Viktor,MIDDLE,True,2,9,3,0.5555555555555556,9000,26021,17265,11,173,6.924616410940627
32,CZZ-pPjAt_CgPYGwsQkxMKqzIk92EMQKgkr4zsC5Q8_7x9KfH3Fq8pnNwp_VnQ4hrr30BCoxmYsdRA,BRONZE,BRONZE,I,2,KutnaHora,EUW,EUW1_7708014463,2026-01-30 04:21:53.123000+00:00,420,CLASSIC,34.68333333333333,Irelia,TOP,False,10,8,8,2.25,16909,34952,48357,21,255,7.352234502642961
32,CZZ-pPjAt_CgPYGwsQkxMKqzIk92EMQKgkr4zsC5Q8_7x9KfH3Fq8pnNwp_VnQ4hrr30BCoxmYsdRA,BRONZE,BRONZE,I,2,KutnaHora,EUW,EUW1_7708020671,2026-01-30 05:01:35.957000+00:00,420,CLASSIC,27.383333333333333,Yone,MIDDLE,True,17,6,6,3.8333333333333335,15948,49002,33119,18,227,8.289713937918442
32,CZZ-pPjAt_CgPYGwsQkxMKqzIk92EMQKgkr4zsC5Q8_7x9KfH3Fq8pnNwp_VnQ4hrr30BCoxmYsdRA,BRONZE,BRONZE,I,2,KutnaHora,EUW,EUW1_7708024982,2026-01-30 05:34:40.699000+00:00,420,CLASSIC,32.916666666666664,Yone,MIDDLE,True,22,6,4,4.333333333333333,20336,65382,41198,18,236,7.169620253164558
32,CZZ-pPjAt_CgPYGwsQkxMKqzIk92EMQKgkr4zsC5Q8_7x9KfH3Fq8pnNwp_VnQ4hrr30BCoxmYsdRA,BRONZE,BRONZE,I,2,KutnaHora,EUW,EUW1_7708477938,2026-01-30 15:46:32.341000+00:00,420,CLASSIC,27.9,Yone,MIDDLE,True,25,4,0,6.25,19005,60116,40238,20,263,9.42652329749104
32,CZZ-pPjAt_CgPYGwsQkxMKqzIk92EMQKgkr4zsC5Q8_7x9KfH3Fq8pnNwp_VnQ4hrr30BCoxmYsdRA,BRONZE,BRONZE,I,2,KutnaHora,EUW,EUW1_7709521645,2026-01-31 03:32:32.189000+00:00,420,CLASSIC,25.1,Nautilus,UTILITY,True,2,5,26,5.6,11316,16436,30173,33,40,1.593625498007968
32,CZZ-pPjAt_CgPYGwsQkxMKqzIk92EMQKgkr4zsC5Q8_7x9KfH3Fq8pnNwp_VnQ4hrr30BCoxmYsdRA,BRONZE,BRONZE,I,2,KutnaHora,EUW,EUW1_7709530596,2026-01-31 04:07:36.933000+00:00,420,CLASSIC,14.516666666666667,Yone,MIDDLE,False,0,5,1,0.2,4252,5173,9166,7,93,6.406429391504018
33,m0Mh33h1Nvhu6Z6JU1E-7D-jf9Vd1kPVeFvWiNrUQR8qPd8ptYN1at7lH2cWbBdzu5ktKRtGzPzuxg,BRONZE,BRONZE,IV,40,ZMACROVICH,EUW,EUW1_7178581222,2024-11-07 22:42:01.816000+00:00,420,CLASSIC,31.233333333333334,Ahri,MIDDLE,False,2,6,8,1.6666666666666667,9722,23380,20778,25,191,6.115261472785486
33,m0Mh33h1Nvhu6Z6JU1E-7D-jf9Vd1kPVeFvWiNrUQR8qPd8ptYN1at7lH2cWbBdzu5ktKRtGzPzuxg,BRONZE,BRONZE,IV,40,ZMACROVICH,EUW,EUW1_7283216633,2025-01-26 17:16:36.764000+00:00,420,CLASSIC,24.766666666666666,Fizz,MIDDLE,False,3,6,1,0.6666666666666666,7374,8116,15962,12,125,5.047106325706595
33,m0Mh33h1Nvhu6Z6JU1E-7D-jf9Vd1kPVeFvWiNrUQR8qPd8ptYN1at7lH2cWbBdzu5ktKRtGzPzuxg,BRONZE,BRONZE,IV,40,ZMACROVICH,EUW,EUW1_7284941140,2025-01-27 21:10:19.205000+00:00,420,CLASSIC,24.283333333333335,Mel,MIDDLE,False,4,5,5,1.8,7742,13767,15578,9,136,5.600549073438572
33,m0Mh33h1Nvhu6Z6JU1E-7D-jf9Vd1kPVeFvWiNrUQR8qPd8ptYN1at7lH2cWbBdzu5ktKRtGzPzuxg,BRONZE,BRONZE,IV,40,ZMACROVICH,EUW,EUW1_7285167590,2025-01-27 23:34:15.391000+00:00,420,CLASSIC,32.13333333333333,Mel,MIDDLE,True,15,7,4,2.7142857142857144,14494,21670,18064,18,205,6.3796680497925315
33,m0Mh33h1Nvhu6Z6JU1E-7D-jf9Vd1kPVeFvWiNrUQR8qPd8ptYN1at7lH2cWbBdzu5ktKRtGzPzuxg,BRONZE,BRONZE,IV,40,ZMACROVICH,EUW,EUW1_7285199643,2025-01-28 00:11:58.753000+00:00,420,CLASSIC,29.65,Fizz,MIDDLE,True,9,2,7,8.0,12230,14777,18093,17,162,5.463743676222597
33,m0Mh33h1Nvhu6Z6JU1E-7D-jf9Vd1kPVeFvWiNrUQR8qPd8ptYN1at7lH2cWbBdzu5ktKRtGzPzuxg,BRONZE,BRONZE,IV,40,ZMACROVICH,EUW,EUW1_7290902874,2025-02-01 17:57:18.504000+00:00,420,CLASSIC,28.15,Mel,MIDDLE,True,16,5,4,4.0,12252,24585,18882,16,158,5.612788632326821
33,m0Mh33h1Nvhu6Z6JU1E-7D-jf9Vd1kPVeFvWiNrUQR8qPd8ptYN1at7lH2cWbBdzu5ktKRtGzPzuxg,BRONZE,BRONZE,IV,40,ZMACROVICH,EUW,EUW1_7292813013,2025-02-02 23:15:21.771000+00:00,420,CLASSIC,42.166666666666664,Mel,MIDDLE,True,15,7,5,2.857142857142857,17784,34657,27472,27,244,5.786561264822135
33,m0Mh33h1Nvhu6Z6JU1E-7D-jf9Vd1kPVeFvWiNrUQR8qPd8ptYN1at7lH2cWbBdzu5ktKRtGzPzuxg,BRONZE,BRONZE,IV,40,ZMACROVICH,EUW,EUW1_7293945460,2025-02-03 22:58:37.280000+00:00,420,CLASSIC,43.833333333333336,Fizz,MIDDLE,False,16,7,7,3.2857142857142856,18245,37873,30979,41,237,5.406844106463878
33,m0Mh33h1Nvhu6Z6JU1E-7D-jf9Vd1kPVeFvWiNrUQR8qPd8ptYN1at7lH2cWbBdzu5ktKRtGzPzuxg,BRONZE,BRONZE,IV,40,ZMACROVICH,EUW,EUW1_7296043728,2025-02-05 21:18:31.616000+00:00,420,CLASSIC,40.2,Brand,MIDDLE,True,7,2,19,13.0,14922,34349,20910,31,199,4.9502487562189055
33,m0Mh33h1Nvhu6Z6JU1E-7D-jf9Vd1kPVeFvWiNrUQR8qPd8ptYN1at7lH2cWbBdzu5ktKRtGzPzuxg,BRONZE,BRONZE,IV,40,ZMACROVICH,EUW,EUW1_7298997216,2025-02-08 13:51:36.030000+00:00,420,CLASSIC,38.583333333333336,Fizz,MIDDLE,False,3,8,6,1.125,12522,20007,30499,22,183,4.7429805615550755
33,m0Mh33h1Nvhu6Z6JU1E-7D-jf9Vd1kPVeFvWiNrUQR8qPd8ptYN1at7lH2cWbBdzu5ktKRtGzPzuxg,BRONZE,BRONZE,IV,40,ZMACROVICH,EUW,EUW1_7319160532,2025-02-25 20:55:53.055000+00:00,420,CLASSIC,26.366666666666667,Fizz,MIDDLE,True,5,4,12,4.25,10436,12219,14466,16,149,5.651074589127687
33,m0Mh33h1Nvhu6Z6JU1E-7D-jf9Vd1kPVeFvWiNrUQR8qPd8ptYN1at7lH2cWbBdzu5ktKRtGzPzuxg,BRONZE,BRONZE,IV,40,ZMACROVICH,EUW,EUW1_7320367698,2025-02-26 23:24:36.148000+00:00,420,CLASSIC,33.31666666666667,Mel,MIDDLE,True,12,9,6,2.0,14740,25146,25751,18,184,5.522761380690345
33,m0Mh33h1Nvhu6Z6JU1E-7D-jf9Vd1kPVeFvWiNrUQR8qPd8ptYN1at7lH2cWbBdzu5ktKRtGzPzuxg,BRONZE,BRONZE,IV,40,ZMACROVICH,EUW,EUW1_7320400506,2025-02-27 00:05:40.742000+00:00,420,CLASSIC,23.116666666666667,Mel,MIDDLE,True,5,2,2,3.5,8462,5866,11893,14,159,6.878154289834175
33,m0Mh33h1Nvhu6Z6JU1E-7D-jf9Vd1kPVeFvWiNrUQR8qPd8ptYN1at7lH2cWbBdzu5ktKRtGzPzuxg,BRONZE,BRONZE,IV,40,ZMACROVICH,EUW,EUW1_7320423718,2025-02-27 00:46:03.818000+00:00,420,CLASSIC,30.116666666666667,Mel,MIDDLE,True,8,7,10,2.5714285714285716,10756,19586,14420,14,165,5.4786939679026005
33,m0Mh33h1Nvhu6Z6JU1E-7D-jf9Vd1kPVeFvWiNrUQR8qPd8ptYN1at7lH2cWbBdzu5ktKRtGzPzuxg,BRONZE,BRONZE,IV,40,ZMACROVICH,EUW,EUW1_7320634699,2025-02-27 12:00:27.421000+00:00,420,CLASSIC,33.666666666666664,Mel,MIDDLE,False,12,4,5,4.25,14283,22371,26498,19,244,7.247524752475248
33,m0Mh33h1Nvhu6Z6JU1E-7D-jf9Vd1kPVeFvWiNrUQR8qPd8ptYN1at7lH2cWbBdzu5ktKRtGzPzuxg,BRONZE,BRONZE,IV,40,ZMACROVICH,EUW,EUW1_7321966137,2025-02-28 17:57:45.437000+00:00,420,CLASSIC,2.4,Malzahar,MIDDLE,False,0,0,0,0.0,710,0,145,0,7,2.916666666666667
33,m0Mh33h1Nvhu6Z6JU1E-7D-jf9Vd1kPVeFvWiNrUQR8qPd8ptYN1at7lH2cWbBdzu5ktKRtGzPzuxg,BRONZE,BRONZE,IV,40,ZMACROVICH,EUW,EUW1_7321983716,2025-02-28 18:06:46.232000+00:00,420,CLASSIC,30.05,Mel,MIDDLE,False,2,9,1,0.3333333333333333,7893,16634,26433,13,150,4.9916805324459235
33,m0Mh33h1Nvhu6Z6JU1E-7D-jf9Vd1kPVeFvWiNrUQR8qPd8ptYN1at7lH2cWbBdzu5ktKRtGzPzuxg,BRONZE,BRONZE,IV,40,ZMACROVICH,EUW,EUW1_7585079542,2025-10-28 23:10:56.584000+00:00,420,CLASSIC,24.883333333333333,Ahri,MIDDLE,True,8,2,11,9.5,10727,17516,13130,16,132,5.304755525787006
33,m0Mh33h1Nvhu6Z6JU1E-7D-jf9Vd1kPVeFvWiNrUQR8qPd8ptYN1at7lH2cWbBdzu5ktKRtGzPzuxg,BRONZE,BRONZE,IV,40,ZMACROVICH,EUW,EUW1_7595759136,2025-11-07 22:21:01.678000+00:00,420,CLASSIC,27.85,Syndra,MIDDLE,False,0,5,7,1.4,8106,13929,16926,12,167,5.996409335727109
33,m0Mh33h1Nvhu6Z6JU1E-7D-jf9Vd1kPVeFvWiNrUQR8qPd8ptYN1at7lH2cWbBdzu5ktKRtGzPzuxg,BRONZE,BRONZE,IV,40,ZMACROVICH,EUW,EUW1_7608968250,2025-11-19 11:24:39.594000+00:00,420,CLASSIC,31.4,Ahri,MIDDLE,False,6,8,7,1.625,9875,16322,20005,22,144,4.585987261146497
33,m0Mh33h1Nvhu6Z6JU1E-7D-jf9Vd1kPVeFvWiNrUQR8qPd8ptYN1at7lH2cWbBdzu5ktKRtGzPzuxg,BRONZE,BRONZE,IV,40,ZMACROVICH,EUW,EUW1_7616491200,2025-11-24 22:00:27.039000+00:00,420,CLASSIC,1.8166666666666667,Lissandra,MIDDLE,True,0,0,0,0.0,561,203,63,0,2,1.1009174311926606
33,m0Mh33h1Nvhu6Z6JU1E-7D-jf9Vd1kPVeFvWiNrUQR8qPd8ptYN1at7lH2cWbBdzu5ktKRtGzPzuxg,BRONZE,BRONZE,IV,40,ZMACROVICH,EUW,EUW1_7616511083,2025-11-24 22:08:14.056000+00:00,420,CLASSIC,28.35,Lissandra,MIDDLE,True,4,3,9,4.333333333333333,11699,20413,18758,12,209,7.372134038800705
33,m0Mh33h1Nvhu6Z6JU1E-7D-jf9Vd1kPVeFvWiNrUQR8qPd8ptYN1at7lH2cWbBdzu5ktKRtGzPzuxg,BRONZE,BRONZE,IV,40,ZMACROVICH,EUW,EUW1_7616559377,2025-11-24 22:44:34.554000+00:00,420,CLASSIC,31.983333333333334,Fizz,MIDDLE,False,7,6,5,2.0,12080,18830,24826,11,187,5.846795205836373
33,m0Mh33h1Nvhu6Z6JU1E-7D-jf9Vd1kPVeFvWiNrUQR8qPd8ptYN1at7lH2cWbBdzu5ktKRtGzPzuxg,BRONZE,BRONZE,IV,40,ZMACROVICH,EUW,EUW1_7643389624,2025-12-14 19:34:58.202000+00:00,420,CLASSIC,35.083333333333336,Ahri,MIDDLE,True,12,8,14,3.25,14642,39320,23819,29,145,4.133016627078384
33,m0Mh33h1Nvhu6Z6JU1E-7D-jf9Vd1kPVeFvWiNrUQR8qPd8ptYN1at7lH2cWbBdzu5ktKRtGzPzuxg,BRONZE,BRONZE,IV,40,ZMACROVICH,EUW,EUW1_7645838315,2025-12-16 18:01:33.640000+00:00,420,CLASSIC,20.333333333333332,Ahri,MIDDLE,False,1,5,1,0.4,5882,8519,12950,8,118,5.803278688524591
33,m0Mh33h1Nvhu6Z6JU1E-7D-jf9Vd1kPVeFvWiNrUQR8qPd8ptYN1at7lH2cWbBdzu5ktKRtGzPzuxg,BRONZE,BRONZE,IV,40,ZMACROVICH,EUW,EUW1_7645882781,2025-12-16 18:25:37.926000+00:00,420,CLASSIC,33.63333333333333,Ahri,MIDDLE,True,8,5,7,3.0,14252,15214,17475,18,202,6.005946481665015
33,m0Mh33h1Nvhu6Z6JU1E-7D-jf9Vd1kPVeFvWiNrUQR8qPd8ptYN1at7lH2cWbBdzu5ktKRtGzPzuxg,BRONZE,BRONZE,IV,40,ZMACROVICH,EUW,EUW1_7646327415,2025-12-16 22:33:04.127000+00:00,420,CLASSIC,39.71666666666667,Ahri,MIDDLE,True,14,7,12,3.7142857142857144,16437,34263,27116,30,198,4.985312631137222
33,m0Mh33h1Nvhu6Z6JU1E-7D-jf9Vd1kPVeFvWiNrUQR8qPd8ptYN1at7lH2cWbBdzu5ktKRtGzPzuxg,BRONZE,BRONZE,IV,40,ZMACROVICH,EUW,EUW1_7647129591,2025-12-17 17:58:40.804000+00:00,420,CLASSIC,17.683333333333334,Ahri,MIDDLE,True,2,2,2,2.0,5645,8444,7607,6,92,5.202639019792648
33,m0Mh33h1Nvhu6Z6JU1E-7D-jf9Vd1kPVeFvWiNrUQR8qPd8ptYN1at7lH2cWbBdzu5ktKRtGzPzuxg,BRONZE,BRONZE,IV,40,ZMACROVICH,EUW,EUW1_7647154445,2025-12-17 18:22:47.665000+00:00,420,CLASSIC,16.866666666666667,Gragas,JUNGLE,False,3,4,3,1.5,5341,5236,14593,9,64,3.794466403162055
33,m0Mh33h1Nvhu6Z6JU1E-7D-jf9Vd1kPVeFvWiNrUQR8qPd8ptYN1at7lH2cWbBdzu5ktKRtGzPzuxg,BRONZE,BRONZE,IV,40,ZMACROVICH,EUW,EUW1_7647201975,2025-12-17 18:48:25.703000+00:00,420,CLASSIC,20.633333333333333,Ahri,MIDDLE,True,7,2,10,8.5,8500,13885,11676,12,103,4.991922455573506
33,m0Mh33h1Nvhu6Z6JU1E-7D-jf9Vd1kPVeFvWiNrUQR8qPd8ptYN1at7lH2cWbBdzu5ktKRtGzPzuxg,BRONZE,BRONZE,IV,40,ZMACROVICH,EUW,EUW1_7647692533,2025-12-17 23:41:12.458000+00:00,420,CLASSIC,32.016666666666666,Ahri,MIDDLE,True,7,1,9,16.0,11731,20745,15861,20,150,4.685059864653827
33,m0Mh33h1Nvhu6Z6JU1E-7D-jf9Vd1kPVeFvWiNrUQR8qPd8ptYN1at7lH2cWbBdzu5ktKRtGzPzuxg,BRONZE,BRONZE,IV,40,ZMACROVICH,EUW,EUW1_7648803982,2025-12-18 21:55:34.849000+00:00,420,CLASSIC,42.1,Ahri,MIDDLE,False,7,8,4,1.375,14439,31110,26889,26,211,5.01187648456057
33,m0Mh33h1Nvhu6Z6JU1E-7D-jf9Vd1kPVeFvWiNrUQR8qPd8ptYN1at7lH2cWbBdzu5ktKRtGzPzuxg,BRONZE,BRONZE,IV,40,ZMACROVICH,EUW,EUW1_7648886541,2025-12-18 22:43:50.768000+00:00,420,CLASSIC,33.65,Ahri,MIDDLE,False,4,10,5,0.9,8766,14579,22061,20,127,3.7741456166419023
33,m0Mh33h1Nvhu6Z6JU1E-7D-jf9Vd1kPVeFvWiNrUQR8qPd8ptYN1at7lH2cWbBdzu5ktKRtGzPzuxg,BRONZE,BRONZE,IV,40,ZMACROVICH,EUW,EUW1_7649577194,2025-12-19 16:34:10.376000+00:00,420,CLASSIC,30.816666666666666,Ahri,MIDDLE,False,6,7,8,2.0,10673,16623,22273,19,148,4.802595997836669
33,m0Mh33h1Nvhu6Z6JU1E-7D-jf9Vd1kPVeFvWiNrUQR8qPd8ptYN1at7lH2cWbBdzu5ktKRtGzPzuxg,BRONZE,BRONZE,IV,40,ZMACROVICH,EUW,EUW1_7678199152,2026-01-10 00:55:22.171000+00:00,420,CLASSIC,48.0,Ahri,MIDDLE,False,5,7,14,2.7142857142857144,16109,45095,42514,59,273,5.6875
33,m0Mh33h1Nvhu6Z6JU1E-7D-jf9Vd1kPVeFvWiNrUQR8qPd8ptYN1at7lH2cWbBdzu5ktKRtGzPzuxg,BRONZE,BRONZE,IV,40,ZMACROVICH,EUW,EUW1_7680972811,2026-01-11 18:21:51.178000+00:00,420,CLASSIC,26.25,Ahri,MIDDLE,True,5,4,8,3.25,10081,12912,15668,14,131,4.9904761904761905
33,m0Mh33h1Nvhu6Z6JU1E-7D-jf9Vd1kPVeFvWiNrUQR8qPd8ptYN1at7lH2cWbBdzu5ktKRtGzPzuxg,BRONZE,BRONZE,IV,40,ZMACROVICH,EUW,EUW1_7725161898,2026-02-10 00:04:36.486000+00:00,420,CLASSIC,23.4,Fizz,MIDDLE,False,4,6,5,1.5,8169,8365,15126,16,132,5.641025641025641
33,m0Mh33h1Nvhu6Z6JU1E-7D-jf9Vd1kPVeFvWiNrUQR8qPd8ptYN1at7lH2cWbBdzu5ktKRtGzPzuxg,BRONZE,BRONZE,IV,40,ZMACROVICH,EUW,EUW1_7959496026,2026-08-23 13:28:59.827000+00:00,420,CLASSIC,1.3833333333333333,Lux,MIDDLE,True,0,0,0,0.0,604,234,191,0,4,2.891566265060241
33,m0Mh33h1Nvhu6Z6JU1E-7D-jf9Vd1kPVeFvWiNrUQR8qPd8ptYN1at7lH2cWbBdzu5ktKRtGzPzuxg,BRONZE,BRONZE,IV,40,ZMACROVICH,EUW,EUW1_7959499222,2026-08-23 13:37:09.377000+00:00,420,CLASSIC,26.916666666666668,Ahri,MIDDLE,True,9,4,12,5.25,11505,30128,19141,23,156,5.795665634674922
33,m0Mh33h1Nvhu6Z6JU1E-7D-jf9Vd1kPVeFvWiNrUQR8qPd8ptYN1at7lH2cWbBdzu5ktKRtGzPzuxg,BRONZE,BRONZE,IV,40,ZMACROVICH,EUW,EUW1_7960111844,2026-08-23 21:11:18.834000+00:00,420,CLASSIC,27.433333333333334,Fizz,MIDDLE,True,7,6,4,1.8333333333333333,11328,12879,18674,21,176,6.415552855407047
33,m0Mh33h1Nvhu6Z6JU1E-7D-jf9Vd1kPVeFvWiNrUQR8qPd8ptYN1at7lH2cWbBdzu5ktKRtGzPzuxg,BRONZE,BRONZE,IV,40,ZMACROVICH,EUW,EUW1_7960153863,2026-08-23 21:45:56.379000+00:00,420,CLASSIC,16.133333333333333,Lux,MIDDLE,False,2,3,4,2.0,5428,6875,7869,12,100,6.198347107438017
34,8AUwlTMwMHji0JRToseXdDNodJnSMEV7Y-8rP0h92dJkR48LgnY0XsSPTPGO41W3t8vnjOXW14ylbg,BRONZE,BRONZE,III,76,Arthèmis,3162,EUW1_7756096864,2026-02-27 23:57:30.326000+00:00,420,CLASSIC,25.966666666666665,Tristana,BOTTOM,True,4,7,2,0.8571428571428571,10519,9262,15230,8,146,5.622593068035944
34,8AUwlTMwMHji0JRToseXdDNodJnSMEV7Y-8rP0h92dJkR48LgnY0XsSPTPGO41W3t8vnjOXW14ylbg,BRONZE,BRONZE,III,76,Arthèmis,3162,EUW1_7756133434,2026-02-28 00:27:45.785000+00:00,420,CLASSIC,39.733333333333334,Tristana,BOTTOM,False,14,15,1,1.0,17651,30142,39097,12,176,4.429530201342282
34,8AUwlTMwMHji0JRToseXdDNodJnSMEV7Y-8rP0h92dJkR48LgnY0XsSPTPGO41W3t8vnjOXW14ylbg,BRONZE,BRONZE,III,76,Arthèmis,3162,EUW1_7756752148,2026-02-28 13:17:51.037000+00:00,420,CLASSIC,34.916666666666664,Tristana,BOTTOM,True,11,5,9,4.0,14806,22077,25152,29,105,3.0071599045346065
34,8AUwlTMwMHji0JRToseXdDNodJnSMEV7Y-8rP0h92dJkR48LgnY0XsSPTPGO41W3t8vnjOXW14ylbg,BRONZE,BRONZE,III,76,Arthèmis,3162,EUW1_7757130295,2026-02-28 17:45:17.321000+00:00,420,CLASSIC,1.2333333333333334,Tristana,BOTTOM,True,0,0,0,0.0,519,166,252,0,0,0.0
34,8AUwlTMwMHji0JRToseXdDNodJnSMEV7Y-8rP0h92dJkR48LgnY0XsSPTPGO41W3t8vnjOXW14ylbg,BRONZE,BRONZE,III,76,Arthèmis,3162,EUW1_7757142110,2026-02-28 17:50:50.965000+00:00,420,CLASSIC,35.166666666666664,Tristana,BOTTOM,False,11,9,8,2.111111111111111,16638,30798,31531,18,150,4.265402843601896
34,8AUwlTMwMHji0JRToseXdDNodJnSMEV7Y-8rP0h92dJkR48LgnY0XsSPTPGO41W3t8vnjOXW14ylbg,BRONZE,BRONZE,III,76,Arthèmis,3162,EUW1_7757207806,2026-02-28 18:31:16.597000+00:00,420,CLASSIC,15.933333333333334,Brand,BOTTOM,True,3,0,2,5.0,6422,6002,3746,13,122,7.656903765690377
34,8AUwlTMwMHji0JRToseXdDNodJnSMEV7Y-8rP0h92dJkR48LgnY0XsSPTPGO41W3t8vnjOXW14ylbg,BRONZE,BRONZE,III,76,Arthèmis,3162,EUW1_7757237897,2026-02-28 18:51:11.640000+00:00,420,CLASSIC,35.95,Brand,BOTTOM,True,5,7,21,3.7142857142857144,13484,37020,28698,14,162,4.50625869262865
34,8AUwlTMwMHji0JRToseXdDNodJnSMEV7Y-8rP0h92dJkR48LgnY0XsSPTPGO41W3t8vnjOXW14ylbg,BRONZE,BRONZE,III,76,Arthèmis,3162,EUW1_7758495074,2026-03-01 13:14:56.394000+00:00,420,CLASSIC,44.86666666666667,Brand,BOTTOM,True,17,6,9,4.333333333333333,23454,68153,28529,29,271,6.040118870728083
34,8AUwlTMwMHji0JRToseXdDNodJnSMEV7Y-8rP0h92dJkR48LgnY0XsSPTPGO41W3t8vnjOXW14ylbg,BRONZE,BRONZE,III,76,Arthèmis,3162,EUW1_7758604026,2026-03-01 14:19:12.340000+00:00,420,CLASSIC,19.266666666666666,Brand,BOTTOM,True,7,2,1,4.0,6893,9564,6746,6,98,5.086505190311419
34,8AUwlTMwMHji0JRToseXdDNodJnSMEV7Y-8rP0h92dJkR48LgnY0XsSPTPGO41W3t8vnjOXW14ylbg,BRONZE,BRONZE,III,76,Arthèmis,3162,EUW1_7758650590,2026-03-01 14:44:32.664000+00:00,420,CLASSIC,46.03333333333333,Brand,BOTTOM,False,22,11,9,2.8181818181818183,19382,101250,38489,15,203,4.40984793627806
34,8AUwlTMwMHji0JRToseXdDNodJnSMEV7Y-8rP0h92dJkR48LgnY0XsSPTPGO41W3t8vnjOXW14ylbg,BRONZE,BRONZE,III,76,Arthèmis,3162,EUW1_7758767638,2026-03-01 15:49:04.982000+00:00,420,CLASSIC,30.233333333333334,Brand,BOTTOM,False,2,9,3,0.5555555555555556,9469,16307,24619,8,159,5.25909592061742
34,8AUwlTMwMHji0JRToseXdDNodJnSMEV7Y-8rP0h92dJkR48LgnY0XsSPTPGO41W3t8vnjOXW14ylbg,BRONZE,BRONZE,III,76,Arthèmis,3162,EUW1_7761132938,2026-03-02 23:44:26.328000+00:00,420,CLASSIC,24.866666666666667,Brand,BOTTOM,False,6,6,13,3.1666666666666665,11028,29942,15847,13,132,5.3083109919571045
34,8AUwlTMwMHji0JRToseXdDNodJnSMEV7Y-8rP0h92dJkR48LgnY0XsSPTPGO41W3t8vnjOXW14ylbg,BRONZE,BRONZE,III,76,Arthèmis,3162,EUW1_7761617907,2026-03-03 15:43:16.248000+00:00,420,CLASSIC,17.35,Brand,BOTTOM,True,1,1,4,5.0,6383,10697,4462,5,113,6.512968299711815
34,8AUwlTMwMHji0JRToseXdDNodJnSMEV7Y-8rP0h92dJkR48LgnY0XsSPTPGO41W3t8vnjOXW14ylbg,BRONZE,BRONZE,III,76,Arthèmis,3162,EUW1_7761639292,2026-03-03 16:05:33.390000+00:00,420,CLASSIC,18.75,Brand,BOTTOM,False,2,4,1,0.75,6367,6825,7971,6,100,5.333333333333333
34,8AUwlTMwMHji0JRToseXdDNodJnSMEV7Y-8rP0h92dJkR48LgnY0XsSPTPGO41W3t8vnjOXW14ylbg,BRONZE,BRONZE,III,76,Arthèmis,3162,EUW1_7761685669,2026-03-03 16:44:00.160000+00:00,420,CLASSIC,31.433333333333334,MissFortune,BOTTOM,False,6,12,7,1.0833333333333333,12903,18894,24512,18,168,5.344644750795334
34,8AUwlTMwMHji0JRToseXdDNodJnSMEV7Y-8rP0h92dJkR48LgnY0XsSPTPGO41W3t8vnjOXW14ylbg,BRONZE,BRONZE,III,76,Arthèmis,3162,EUW1_7761725079,2026-03-03 17:20:06.330000+00:00,420,CLASSIC,33.88333333333333,Nautilus,UTILITY,True,6,8,16,2.75,10774,14618,34947,54,28,0.8263649778652238
34,8AUwlTMwMHji0JRToseXdDNodJnSMEV7Y-8rP0h92dJkR48LgnY0XsSPTPGO41W3t8vnjOXW14ylbg,BRONZE,BRONZE,III,76,Arthèmis,3162,EUW1_7761772235,2026-03-03 17:59:04.906000+00:00,420,CLASSIC,33.766666666666666,Nautilus,UTILITY,True,2,6,15,2.8333333333333335,9541,12495,26204,38,42,1.2438302073050347
34,8AUwlTMwMHji0JRToseXdDNodJnSMEV7Y-8rP0h92dJkR48LgnY0XsSPTPGO41W3t8vnjOXW14ylbg,BRONZE,BRONZE,III,76,Arthèmis,3162,EUW1_7762583491,2026-03-04 13:29:43.647000+00:00,420,CLASSIC,34.88333333333333,Nautilus,UTILITY,True,0,9,25,2.7777777777777777,10211,13871,36149,53,32,0.9173435260391782
34,8AUwlTMwMHji0JRToseXdDNodJnSMEV7Y-8rP0h92dJkR48LgnY0XsSPTPGO41W3t8vnjOXW14ylbg,BRONZE,BRONZE,III,76,Arthèmis,3162,EUW1_7762679901,2026-03-04 15:23:04.617000+00:00,420,CLASSIC,23.433333333333334,Nautilus,UTILITY,False,3,7,9,1.7142857142857142,7389,7598,21608,32,36,1.5362731152204836
34,8AUwlTMwMHji0JRToseXdDNodJnSMEV7Y-8rP0h92dJkR48LgnY0XsSPTPGO41W3t8vnjOXW14ylbg,BRONZE,BRONZE,III,76,Arthèmis,3162,EUW1_7762706048,2026-03-04 15:53:34.677000+00:00,420,CLASSIC,41.03333333333333,Nautilus,UTILITY,True,2,9,22,2.6666666666666665,12059,14642,40218,43,36,0.8773354995938262
34,8AUwlTMwMHji0JRToseXdDNodJnSMEV7Y-8rP0h92dJkR48LgnY0XsSPTPGO41W3t8vnjOXW14ylbg,BRONZE,BRONZE,III,76,Arthèmis,3162,EUW1_7762771107,2026-03-04 16:49:20.827000+00:00,420,CLASSIC,32.166666666666664,Brand,UTILITY,False,4,10,10,1.4,11348,28963,28293,36,84,2.6113989637305703
34,8AUwlTMwMHji0JRToseXdDNodJnSMEV7Y-8rP0h92dJkR48LgnY0XsSPTPGO41W3t8vnjOXW14ylbg,BRONZE,BRONZE,III,76,Arthèmis,3162,EUW1_7763254574,2026-03-04 22:01:51.882000+00:00,420,CLASSIC,1.7666666666666666,MissFortune,BOTTOM,True,0,0,0,0.0,692,0,99,0,6,3.3962264150943398
34,8AUwlTMwMHji0JRToseXdDNodJnSMEV7Y-8rP0h92dJkR48LgnY0XsSPTPGO41W3t8vnjOXW14ylbg,BRONZE,BRONZE,III,76,Arthèmis,3162,EUW1_7763276642,2026-03-04 22:16:46.828000+00:00,420,CLASSIC,39.85,MissFortune,BOTTOM,False,14,10,12,2.6,18861,34261,41948,27,184,4.617314930991217
34,8AUwlTMwMHji0JRToseXdDNodJnSMEV7Y-8rP0h92dJkR48LgnY0XsSPTPGO41W3t8vnjOXW14ylbg,BRONZE,BRONZE,III,76,Arthèmis,3162,EUW1_7763343591,2026-03-04 23:07:26.760000+00:00,420,CLASSIC,51.733333333333334,Brand,BOTTOM,True,10,11,12,2.0,18636,42147,44552,29,229,4.426546391752577
34,8AUwlTMwMHji0JRToseXdDNodJnSMEV7Y-8rP0h92dJkR48LgnY0XsSPTPGO41W3t8vnjOXW14ylbg,BRONZE,BRONZE,III,76,Arthèmis,3162,EUW1_7763919723,2026-03-05 15:52:59.790000+00:00,420,CLASSIC,30.266666666666666,MissFortune,BOTTOM,False,3,11,1,0.36363636363636365,9807,9897,24237,8,166,5.484581497797357
34,8AUwlTMwMHji0JRToseXdDNodJnSMEV7Y-8rP0h92dJkR48LgnY0XsSPTPGO41W3t8vnjOXW14ylbg,BRONZE,BRONZE,III,76,Arthèmis,3162,EUW1_7764536041,2026-03-05 21:59:14.201000+00:00,420,CLASSIC,38.2,MissFortune,BOTTOM,True,10,6,4,2.3333333333333335,14704,28080,27153,15,193,5.052356020942408
34,8AUwlTMwMHji0JRToseXdDNodJnSMEV7Y-8rP0h92dJkR48LgnY0XsSPTPGO41W3t8vnjOXW14ylbg,BRONZE,BRONZE,III,76,Arthèmis,3162,EUW1_7764604334,2026-03-05 22:43:15.384000+00:00,420,CLASSIC,39.11666666666667,MissFortune,BOTTOM,True,7,7,7,2.0,15137,18239,24898,17,244,6.237750319556881
34,8AUwlTMwMHji0JRToseXdDNodJnSMEV7Y-8rP0h92dJkR48LgnY0XsSPTPGO41W3t8vnjOXW14ylbg,BRONZE,BRONZE,III,76,Arthèmis,3162,EUW1_7764714031,2026-03-06 00:09:43.086000+00:00,420,CLASSIC,29.1,MissFortune,BOTTOM,True,11,1,5,16.0,13168,21866,16784,13,167,5.738831615120275
34,8AUwlTMwMHji0JRToseXdDNodJnSMEV7Y-8rP0h92dJkR48LgnY0XsSPTPGO41W3t8vnjOXW14ylbg,BRONZE,BRONZE,III,76,Arthèmis,3162,EUW1_7764747096,2026-03-06 00:44:00.614000+00:00,420,CLASSIC,34.65,MissFortune,BOTTOM,True,8,10,14,2.2,14223,23484,26965,7,148,4.271284271284271
34,8AUwlTMwMHji0JRToseXdDNodJnSMEV7Y-8rP0h92dJkR48LgnY0XsSPTPGO41W3t8vnjOXW14ylbg,BRONZE,BRONZE,III,76,Arthèmis,3162,EUW1_7764779104,2026-03-06 01:29:33.906000+00:00,420,CLASSIC,22.583333333333332,MissFortune,BOTTOM,False,2,1,3,5.0,6854,9133,7424,9,111,4.915129151291513
34,8AUwlTMwMHji0JRToseXdDNodJnSMEV7Y-8rP0h92dJkR48LgnY0XsSPTPGO41W3t8vnjOXW14ylbg,BRONZE,BRONZE,III,76,Arthèmis,3162,EUW1_7765667911,2026-03-06 17:35:49.999000+00:00,420,CLASSIC,34.333333333333336,Nautilus,UTILITY,True,3,7,19,3.142857142857143,10592,14540,32973,19,24,0.6990291262135921
34,8AUwlTMwMHji0JRToseXdDNodJnSMEV7Y-8rP0h92dJkR48LgnY0XsSPTPGO41W3t8vnjOXW14ylbg,BRONZE,BRONZE,III,76,Arthèmis,3162,EUW1_7765741427,2026-03-06 18:27:11.594000+00:00,420,CLASSIC,18.85,MissFortune,BOTTOM,False,2,5,0,0.4,5411,4334,12616,6,81,4.297082228116711
34,8AUwlTMwMHji0JRToseXdDNodJnSMEV7Y-8rP0h92dJkR48LgnY0XsSPTPGO41W3t8vnjOXW14ylbg,BRONZE,BRONZE,III,76,Arthèmis,3162,EUW1_7765784454,2026-03-06 18:54:03.909000+00:00,420,CLASSIC,23.0,Amumu,UTILITY,False,3,8,10,1.625,7066,13593,22008,15,22,0.9565217391304348
34,8AUwlTMwMHji0JRToseXdDNodJnSMEV7Y-8rP0h92dJkR48LgnY0XsSPTPGO41W3t8vnjOXW14ylbg,BRONZE,BRONZE,III,76,Arthèmis,3162,EUW1_7765847211,2026-03-06 19:25:53.314000+00:00,420,CLASSIC,29.55,Nautilus,UTILITY,True,4,5,19,4.6,10463,13015,25671,54,20,0.676818950930626
34,8AUwlTMwMHji0JRToseXdDNodJnSMEV7Y-8rP0h92dJkR48LgnY0XsSPTPGO41W3t8vnjOXW14ylbg,BRONZE,BRONZE,III,76,Arthèmis,3162,EUW1_7765911451,2026-03-06 20:04:09.377000+00:00,420,CLASSIC,24.466666666666665,Nautilus,UTILITY,False,0,9,8,0.8888888888888888,6006,7348,26249,32,24,0.9809264305177112
34,8AUwlTMwMHji0JRToseXdDNodJnSMEV7Y-8rP0h92dJkR48LgnY0XsSPTPGO41W3t8vnjOXW14ylbg,BRONZE,BRONZE,III,76,Arthèmis,3162,EUW1_7766249217,2026-03-06 22:59:44.222000+00:00,420,CLASSIC,24.483333333333334,Nautilus,UTILITY,False,6,7,3,1.2857142857142858,8848,9420,24324,17,24,0.9802586793737236
34,8AUwlTMwMHji0JRToseXdDNodJnSMEV7Y-8rP0h92dJkR48LgnY0XsSPTPGO41W3t8vnjOXW14ylbg,BRONZE,BRONZE,III,76,Arthèmis,3162,EUW1_7766299174,2026-03-06 23:30:30.582000+00:00,420,CLASSIC,42.733333333333334,Brand,UTILITY,True,9,8,20,3.625,16038,47413,33243,49,101,2.363494539781591
34,8AUwlTMwMHji0JRToseXdDNodJnSMEV7Y-8rP0h92dJkR48LgnY0XsSPTPGO41W3t8vnjOXW14ylbg,BRONZE,BRONZE,III,76,Arthèmis,3162,EUW1_7767119277,2026-03-07 14:27:53.921000+00:00,420,CLASSIC,1.2333333333333334,Nautilus,UTILITY,False,0,0,0,0.0,522,0,0,0,0,0.0
34,8AUwlTMwMHji0JRToseXdDNodJnSMEV7Y-8rP0h92dJkR48LgnY0XsSPTPGO41W3t8vnjOXW14ylbg,BRONZE,BRONZE,III,76,Arthèmis,3162,EUW1_7767132345,2026-03-07 14:33:05.729000+00:00,420,CLASSIC,30.616666666666667,Nautilus,UTILITY,False,3,9,22,2.7777777777777777,8969,14895,41532,33,17,0.5552531301034295
34,8AUwlTMwMHji0JRToseXdDNodJnSMEV7Y-8rP0h92dJkR48LgnY0XsSPTPGO41W3t8vnjOXW14ylbg,BRONZE,BRONZE,III,76,Arthèmis,3162,EUW1_7767329827,2026-03-07 16:32:39.041000+00:00,420,CLASSIC,1.6,Nautilus,UTILITY,True,0,0,0,0.0,595,172,175,0,0,0.0
34,8AUwlTMwMHji0JRToseXdDNodJnSMEV7Y-8rP0h92dJkR48LgnY0XsSPTPGO41W3t8vnjOXW14ylbg,BRONZE,BRONZE,III,76,Arthèmis,3162,EUW1_7767936431,2026-03-07 22:20:33.112000+00:00,420,CLASSIC,21.95,Nautilus,UTILITY,False,0,4,4,1.0,5005,3644,12826,20,29,1.3211845102505695
34,8AUwlTMwMHji0JRToseXdDNodJnSMEV7Y-8rP0h92dJkR48LgnY0XsSPTPGO41W3t8vnjOXW14ylbg,BRONZE,BRONZE,III,76,Arthèmis,3162,EUW1_7767991076,2026-03-07 22:47:51.530000+00:00,420,CLASSIC,27.116666666666667,Nautilus,UTILITY,False,4,9,5,1.0,8105,7337,24076,31,24,0.8850645359557467
34,8AUwlTMwMHji0JRToseXdDNodJnSMEV7Y-8rP0h92dJkR48LgnY0XsSPTPGO41W3t8vnjOXW14ylbg,BRONZE,BRONZE,III,76,Arthèmis,3162,EUW1_7768045415,2026-03-07 23:24:19.476000+00:00,420,CLASSIC,37.05,Morgana,UTILITY,False,1,10,9,1.0,10370,14533,37459,62,36,0.9716599190283401
34,8AUwlTMwMHji0JRToseXdDNodJnSMEV7Y-8rP0h92dJkR48LgnY0XsSPTPGO41W3t8vnjOXW14ylbg,BRONZE,BRONZE,III,76,Arthèmis,3162,EUW1_7768927691,2026-03-08 14:51:39.381000+00:00,420,CLASSIC,31.9,Rell,UTILITY,True,8,3,13,7.0,11431,13952,30326,43,29,0.9090909090909092
34,8AUwlTMwMHji0JRToseXdDNodJnSMEV7Y-8rP0h92dJkR48LgnY0XsSPTPGO41W3t8vnjOXW14ylbg,BRONZE,BRONZE,III,76,Arthèmis,3162,EUW1_7769080125,2026-03-08 16:16:02.528000+00:00,420,CLASSIC,1.2833333333333334,Nautilus,UTILITY,False,0,0,0,0.0,529,0,0,0,0,0.0
34,8AUwlTMwMHji0JRToseXdDNodJnSMEV7Y-8rP0h92dJkR48LgnY0XsSPTPGO41W3t8vnjOXW14ylbg,BRONZE,BRONZE,III,76,Arthèmis,3162,EUW1_7769552980,2026-03-08 20:11:55.035000+00:00,420,CLASSIC,18.283333333333335,Rell,UTILITY,True,1,0,7,8.0,5014,3652,7091,22,30,1.640838650865998
34,8AUwlTMwMHji0JRToseXdDNodJnSMEV7Y-8rP0h92dJkR48LgnY0XsSPTPGO41W3t8vnjOXW14ylbg,BRONZE,BRONZE,III,76,Arthèmis,3162,EUW1_7769603773,2026-03-08 20:35:42.716000+00:00,420,CLASSIC,35.71666666666667,Rell,UTILITY,True,1,4,16,4.25,10276,14719,27803,65,32,0.8959402706486234
34,8AUwlTMwMHji0JRToseXdDNodJnSMEV7Y-8rP0h92dJkR48LgnY0XsSPTPGO41W3t8vnjOXW14ylbg,BRONZE,BRONZE,III,76,Arthèmis,3162,EUW1_7769700023,2026-03-08 21:19:41.802000+00:00,420,CLASSIC,21.933333333333334,Rell,UTILITY,False,1,4,4,1.25,5263,3909,13674,22,15,0.6838905775075987
34,8AUwlTMwMHji0JRToseXdDNodJnSMEV7Y-8rP0h92dJkR48LgnY0XsSPTPGO41W3t8vnjOXW14ylbg,BRONZE,BRONZE,III,76,Arthèmis,3162,EUW1_7770759015,2026-03-09 15:43:04.472000+00:00,420,CLASSIC,42.25,Rell,UTILITY,True,6,5,18,4.8,14043,19134,43867,77,58,1.3727810650887573
34,8AUwlTMwMHji0JRToseXdDNodJnSMEV7Y-8rP0h92dJkR48LgnY0XsSPTPGO41W3t8vnjOXW14ylbg,BRONZE,BRONZE,III,76,Arthèmis,3162,EUW1_7771010746,2026-03-09 18:18:20.570000+00:00,420,CLASSIC,23.75,Rell,UTILITY,True,3,3,15,6.0,7362,8059,12379,38,16,0.6736842105263158
34,8AUwlTMwMHji0JRToseXdDNodJnSMEV7Y-8rP0h92dJkR48LgnY0XsSPTPGO41W3t8vnjOXW14ylbg,BRONZE,BRONZE,III,76,Arthèmis,3162,EUW1_7771068944,2026-03-09 18:51:25.419000+00:00,420,CLASSIC,33.31666666666667,Rell,UTILITY,False,0,9,9,1.0,8263,8791,31067,42,34,1.0205102551275638
34,8AUwlTMwMHji0JRToseXdDNodJnSMEV7Y-8rP0h92dJkR48LgnY0XsSPTPGO41W3t8vnjOXW14ylbg,BRONZE,BRONZE,III,76,Arthèmis,3162,EUW1_7772407630,2026-03-10 15:45:27.370000+00:00,420,CLASSIC,33.06666666666667,Rell,UTILITY,True,4,5,23,5.4,12019,12091,26291,38,23,0.6955645161290321
34,8AUwlTMwMHji0JRToseXdDNodJnSMEV7Y-8rP0h92dJkR48LgnY0XsSPTPGO41W3t8vnjOXW14ylbg,BRONZE,BRONZE,III,76,Arthèmis,3162,EUW1_7772476772,2026-03-10 16:32:37.640000+00:00,420,CLASSIC,31.133333333333333,Rell,UTILITY,True,8,1,21,29.0,12124,13268,18286,40,26,0.8351177730192719
34,8AUwlTMwMHji0JRToseXdDNodJnSMEV7Y-8rP0h92dJkR48LgnY0XsSPTPGO41W3t8vnjOXW14ylbg,BRONZE,BRONZE,III,76,Arthèmis,3162,EUW1_7772536104,2026-03-10 17:10:54.303000+00:00,420,CLASSIC,30.65,Nautilus,UTILITY,False,3,10,10,1.3,8354,8752,30167,22,19,0.6199021207177814
34,8AUwlTMwMHji0JRToseXdDNodJnSMEV7Y-8rP0h92dJkR48LgnY0XsSPTPGO41W3t8vnjOXW14ylbg,BRONZE,BRONZE,III,76,Arthèmis,3162,EUW1_7772866974,2026-03-10 20:07:23.994000+00:00,420,CLASSIC,42.166666666666664,Rell,UTILITY,True,4,12,40,3.6666666666666665,14316,28204,54610,33,27,0.6403162055335969
34,8AUwlTMwMHji0JRToseXdDNodJnSMEV7Y-8rP0h92dJkR48LgnY0XsSPTPGO41W3t8vnjOXW14ylbg,BRONZE,BRONZE,III,76,Arthèmis,3162,EUW1_7773112924,2026-03-10 22:10:56.553000+00:00,420,CLASSIC,26.433333333333334,Rell,UTILITY,True,2,3,16,6.0,8882,9194,20431,33,22,0.832282471626734
34,8AUwlTMwMHji0JRToseXdDNodJnSMEV7Y-8rP0h92dJkR48LgnY0XsSPTPGO41W3t8vnjOXW14ylbg,BRONZE,BRONZE,III,76,Arthèmis,3162,EUW1_7773823642,2026-03-11 12:57:09.459000+00:00,420,CLASSIC,18.2,Rell,UTILITY,True,4,4,12,4.0,6662,6965,13115,16,14,0.7692307692307693
34,8AUwlTMwMHji0JRToseXdDNodJnSMEV7Y-8rP0h92dJkR48LgnY0XsSPTPGO41W3t8vnjOXW14ylbg,BRONZE,BRONZE,III,76,Arthèmis,3162,EUW1_7773969659,2026-03-11 14:57:03.847000+00:00,420,CLASSIC,33.03333333333333,Rell,UTILITY,True,3,2,28,15.5,12557,14152,21877,52,21,0.6357214934409687
34,8AUwlTMwMHji0JRToseXdDNodJnSMEV7Y-8rP0h92dJkR48LgnY0XsSPTPGO41W3t8vnjOXW14ylbg,BRONZE,BRONZE,III,76,Arthèmis,3162,EUW1_7774447863,2026-03-11 19:42:55.752000+00:00,420,CLASSIC,35.11666666666667,Rell,UTILITY,True,2,3,15,5.666666666666667,11585,11237,25588,55,27,0.7688656858092074
34,8AUwlTMwMHji0JRToseXdDNodJnSMEV7Y-8rP0h92dJkR48LgnY0XsSPTPGO41W3t8vnjOXW14ylbg,BRONZE,BRONZE,III,76,Arthèmis,3162,EUW1_7774619665,2026-03-11 21:07:30.379000+00:00,420,CLASSIC,41.03333333333333,Rell,UTILITY,True,3,6,21,4.0,13175,13632,35733,63,27,0.6580016246953696
34,8AUwlTMwMHji0JRToseXdDNodJnSMEV7Y-8rP0h92dJkR48LgnY0XsSPTPGO41W3t8vnjOXW14ylbg,BRONZE,BRONZE,III,76,Arthèmis,3162,EUW1_7775993520,2026-03-12 18:55:24.112000+00:00,420,CLASSIC,39.1,Rell,UTILITY,True,2,9,12,1.5555555555555556,10259,8385,33716,50,22,0.5626598465473146
34,8AUwlTMwMHji0JRToseXdDNodJnSMEV7Y-8rP0h92dJkR48LgnY0XsSPTPGO41W3t8vnjOXW14ylbg,BRONZE,BRONZE,III,76,Arthèmis,3162,EUW1_7776081807,2026-03-12 19:44:11.890000+00:00,420,CLASSIC,32.93333333333333,Brand,UTILITY,True,10,5,14,4.8,11808,23310,24579,61,58,1.7611336032388665
34,8AUwlTMwMHji0JRToseXdDNodJnSMEV7Y-8rP0h92dJkR48LgnY0XsSPTPGO41W3t8vnjOXW14ylbg,BRONZE,BRONZE,III,76,Arthèmis,3162,EUW1_7776158527,2026-03-12 20:23:59.177000+00:00,420,CLASSIC,28.433333333333334,Rell,UTILITY,True,3,3,19,7.333333333333333,9103,11442,16053,50,27,0.9495896834701055
34,8AUwlTMwMHji0JRToseXdDNodJnSMEV7Y-8rP0h92dJkR48LgnY0XsSPTPGO41W3t8vnjOXW14ylbg,BRONZE,BRONZE,III,76,Arthèmis,3162,EUW1_7776435586,2026-03-12 22:52:17.794000+00:00,420,CLASSIC,28.066666666666666,Rell,UTILITY,True,4,1,31,35.0,10798,12545,22939,44,34,1.2114014251781473
34,8AUwlTMwMHji0JRToseXdDNodJnSMEV7Y-8rP0h92dJkR48LgnY0XsSPTPGO41W3t8vnjOXW14ylbg,BRONZE,BRONZE,III,76,Arthèmis,3162,EUW1_7776566709,2026-03-13 00:39:27.474000+00:00,420,CLASSIC,36.21666666666667,Rell,UTILITY,False,3,12,15,1.5,10787,16362,41840,72,35,0.966405890473999
34,8AUwlTMwMHji0JRToseXdDNodJnSMEV7Y-8rP0h92dJkR48LgnY0XsSPTPGO41W3t8vnjOXW14ylbg,BRONZE,BRONZE,III,76,Arthèmis,3162,EUW1_7777169369,2026-03-13 13:50:03.487000+00:00,420,CLASSIC,33.68333333333333,Rell,UTILITY,False,2,13,24,2.0,10701,20514,34699,47,35,1.0390895596239487
34,8AUwlTMwMHji0JRToseXdDNodJnSMEV7Y-8rP0h92dJkR48LgnY0XsSPTPGO41W3t8vnjOXW14ylbg,BRONZE,BRONZE,III,76,Arthèmis,3162,EUW1_7777841217,2026-03-13 20:49:35.428000+00:00,420,CLASSIC,24.45,Rell,UTILITY,False,1,3,6,2.3333333333333335,6376,5961,15297,34,28,1.1451942740286298
34,8AUwlTMwMHji0JRToseXdDNodJnSMEV7Y-8rP0h92dJkR48LgnY0XsSPTPGO41W3t8vnjOXW14ylbg,BRONZE,BRONZE,III,76,Arthèmis,3162,EUW1_7777904272,2026-03-13 21:21:28.980000+00:00,420,CLASSIC,15.766666666666667,Rell,UTILITY,False,2,4,3,1.25,4502,6673,10114,15,18,1.1416490486257929
34,8AUwlTMwMHji0JRToseXdDNodJnSMEV7Y-8rP0h92dJkR48LgnY0XsSPTPGO41W3t8vnjOXW14ylbg,BRONZE,BRONZE,III,76,Arthèmis,3162,EUW1_7778005749,2026-03-13 22:08:43.455000+00:00,420,CLASSIC,28.166666666666668,Rell,UTILITY,False,2,8,9,1.375,7967,9651,28065,37,11,0.3905325443786982
34,8AUwlTMwMHji0JRToseXdDNodJnSMEV7Y-8rP0h92dJkR48LgnY0XsSPTPGO41W3t8vnjOXW14ylbg,BRONZE,BRONZE,III,76,Arthèmis,3162,EUW1_7778303629,2026-03-14 01:24:05.259000+00:00,420,CLASSIC,39.06666666666667,Rell,UTILITY,True,4,7,21,3.5714285714285716,12018,13072,36069,70,34,0.8703071672354948
34,8AUwlTMwMHji0JRToseXdDNodJnSMEV7Y-8rP0h92dJkR48LgnY0XsSPTPGO41W3t8vnjOXW14ylbg,BRONZE,BRONZE,III,76,Arthèmis,3162,EUW1_7778966559,2026-03-14 13:55:13.658000+00:00,420,CLASSIC,50.2,Rell,UTILITY,False,2,12,13,1.25,13575,15604,49566,114,47,0.9362549800796812
34,8AUwlTMwMHji0JRToseXdDNodJnSMEV7Y-8rP0h92dJkR48LgnY0XsSPTPGO41W3t8vnjOXW14ylbg,BRONZE,BRONZE,III,76,Arthèmis,3162,EUW1_7779065766,2026-03-14 14:56:20.224000+00:00,420,CLASSIC,32.333333333333336,Rell,UTILITY,False,2,11,8,0.9090909090909091,8320,8826,26530,49,16,0.49484536082474223
34,8AUwlTMwMHji0JRToseXdDNodJnSMEV7Y-8rP0h92dJkR48LgnY0XsSPTPGO41W3t8vnjOXW14ylbg,BRONZE,BRONZE,III,76,Arthèmis,3162,EUW1_7779126301,2026-03-14 15:34:39.112000+00:00,420,CLASSIC,28.8,MissFortune,BOTTOM,False,4,9,3,0.7777777777777778,9070,8834,20478,12,118,4.097222222222222
34,8AUwlTMwMHji0JRToseXdDNodJnSMEV7Y-8rP0h92dJkR48LgnY0XsSPTPGO41W3t8vnjOXW14ylbg,BRONZE,BRONZE,III,76,Arthèmis,3162,EUW1_7780060570,2026-03-15 00:06:57.246000+00:00,420,CLASSIC,39.15,Rell,UTILITY,True,4,6,21,4.166666666666667,13555,18478,33442,68,39,0.996168582375479
34,8AUwlTMwMHji0JRToseXdDNodJnSMEV7Y-8rP0h92dJkR48LgnY0XsSPTPGO41W3t8vnjOXW14ylbg,BRONZE,BRONZE,III,76,Arthèmis,3162,EUW1_7781788664,2026-03-15 21:34:47.366000+00:00,420,CLASSIC,35.21666666666667,Rell,UTILITY,False,4,3,21,8.333333333333334,11390,12672,28672,56,23,0.65309985802177
34,8AUwlTMwMHji0JRToseXdDNodJnSMEV7Y-8rP0h92dJkR48LgnY0XsSPTPGO41W3t8vnjOXW14ylbg,BRONZE,BRONZE,III,76,Arthèmis,3162,EUW1_7781908367,2026-03-15 22:42:40.553000+00:00,420,CLASSIC,28.9,Rell,UTILITY,False,2,9,12,1.5555555555555556,9038,12338,25955,46,17,0.5882352941176471
34,8AUwlTMwMHji0JRToseXdDNodJnSMEV7Y-8rP0h92dJkR48LgnY0XsSPTPGO41W3t8vnjOXW14ylbg,BRONZE,BRONZE,III,76,Arthèmis,3162,EUW1_7782680215,2026-03-16 13:39:10.219000+00:00,420,CLASSIC,21.7,Rell,UTILITY,True,2,3,8,3.3333333333333335,6072,5029,14633,28,15,0.6912442396313364
34,8AUwlTMwMHji0JRToseXdDNodJnSMEV7Y-8rP0h92dJkR48LgnY0XsSPTPGO41W3t8vnjOXW14ylbg,BRONZE,BRONZE,III,76,Arthèmis,3162,EUW1_7783441465,2026-03-16 21:00:33.713000+00:00,420,CLASSIC,35.36666666666667,Rell,UTILITY,True,3,5,27,6.0,12289,13655,29108,56,27,0.763430725730443
34,8AUwlTMwMHji0JRToseXdDNodJnSMEV7Y-8rP0h92dJkR48LgnY0XsSPTPGO41W3t8vnjOXW14ylbg,BRONZE,BRONZE,III,76,Arthèmis,3162,EUW1_7783516395,2026-03-16 21:40:22.054000+00:00,420,CLASSIC,41.766666666666666,Rell,UTILITY,True,5,7,18,3.2857142857142856,13679,17035,40579,85,32,0.7661612130885874
34,8AUwlTMwMHji0JRToseXdDNodJnSMEV7Y-8rP0h92dJkR48LgnY0XsSPTPGO41W3t8vnjOXW14ylbg,BRONZE,BRONZE,III,76,Arthèmis,3162,EUW1_7783817162,2026-03-17 01:09:55.122000+00:00,420,CLASSIC,34.45,Rell,UTILITY,False,0,7,10,1.4285714285714286,8863,10589,31044,72,43,1.2481857764876632
34,8AUwlTMwMHji0JRToseXdDNodJnSMEV7Y-8rP0h92dJkR48LgnY0XsSPTPGO41W3t8vnjOXW14ylbg,BRONZE,BRONZE,III,76,Arthèmis,3162,EUW1_7784631047,2026-03-17 16:25:48.458000+00:00,420,CLASSIC,42.11666666666667,Rell,UTILITY,False,5,11,22,2.4545454545454546,14496,12046,49209,89,29,0.6885635140482785
34,8AUwlTMwMHji0JRToseXdDNodJnSMEV7Y-8rP0h92dJkR48LgnY0XsSPTPGO41W3t8vnjOXW14ylbg,BRONZE,BRONZE,III,76,Arthèmis,3162,EUW1_7784712729,2026-03-17 17:14:39.705000+00:00,420,CLASSIC,21.45,Rell,UTILITY,True,1,7,10,1.5714285714285714,6140,7546,15362,38,21,0.9790209790209791
34,8AUwlTMwMHji0JRToseXdDNodJnSMEV7Y-8rP0h92dJkR48LgnY0XsSPTPGO41W3t8vnjOXW14ylbg,BRONZE,BRONZE,III,76,Arthèmis,3162,EUW1_7784751241,2026-03-17 17:41:32.297000+00:00,420,CLASSIC,31.966666666666665,Rell,UTILITY,False,5,10,14,1.9,10586,12012,39578,50,15,0.46923879040667366
34,8AUwlTMwMHji0JRToseXdDNodJnSMEV7Y-8rP0h92dJkR48LgnY0XsSPTPGO41W3t8vnjOXW14ylbg,BRONZE,BRONZE,III,76,Arthèmis,3162,EUW1_7785123374,2026-03-17 20:56:02.736000+00:00,420,CLASSIC,27.616666666666667,Rell,UTILITY,True,4,2,19,11.5,9474,12836,23909,35,15,0.5431502715751357
34,8AUwlTMwMHji0JRToseXdDNodJnSMEV7Y-8rP0h92dJkR48LgnY0XsSPTPGO41W3t8vnjOXW14ylbg,BRONZE,BRONZE,III,76,Arthèmis,3162,EUW1_7785194904,2026-03-17 21:30:30.140000+00:00,420,CLASSIC,34.416666666666664,Rell,UTILITY,False,2,13,14,1.2307692307692308,9428,14147,46151,45,28,0.8135593220338984
34,8AUwlTMwMHji0JRToseXdDNodJnSMEV7Y-8rP0h92dJkR48LgnY0XsSPTPGO41W3t8vnjOXW14ylbg,BRONZE,BRONZE,III,76,Arthèmis,3162,EUW1_7786110523,2026-03-18 15:02:32.159000+00:00,420,CLASSIC,42.55,Rell,UTILITY,True,2,11,25,2.4545454545454546,13104,14292,42128,88,29,0.6815511163337251
34,8AUwlTMwMHji0JRToseXdDNodJnSMEV7Y-8rP0h92dJkR48LgnY0XsSPTPGO41W3t8vnjOXW14ylbg,BRONZE,BRONZE,III,76,Arthèmis,3162,EUW1_7786776215,2026-03-18 21:06:45.153000+00:00,420,CLASSIC,31.383333333333333,Rell,UTILITY,False,2,6,8,1.6666666666666667,8721,11692,27527,33,20,0.6372809346787042
34,8AUwlTMwMHji0JRToseXdDNodJnSMEV7Y-8rP0h92dJkR48LgnY0XsSPTPGO41W3t8vnjOXW14ylbg,BRONZE,BRONZE,III,76,Arthèmis,3162,EUW1_7787919335,2026-03-19 16:26:06.512000+00:00,420,CLASSIC,1.4166666666666667,Rell,UTILITY,False,0,0,0,0.0,564,290,226,0,1,0.7058823529411764
34,8AUwlTMwMHji0JRToseXdDNodJnSMEV7Y-8rP0h92dJkR48LgnY0XsSPTPGO41W3t8vnjOXW14ylbg,BRONZE,BRONZE,III,76,Arthèmis,3162,EUW1_7787938684,2026-03-19 16:31:13.372000+00:00,420,CLASSIC,30.933333333333334,Rell,UTILITY,False,3,11,14,1.5454545454545454,9692,12375,34029,55,18,0.5818965517241379
34,8AUwlTMwMHji0JRToseXdDNodJnSMEV7Y-8rP0h92dJkR48LgnY0XsSPTPGO41W3t8vnjOXW14ylbg,BRONZE,BRONZE,III,76,Arthèmis,3162,EUW1_7787992504,2026-03-19 17:06:32.325000+00:00,420,CLASSIC,30.933333333333334,Rell,UTILITY,False,1,9,6,0.7777777777777778,7992,12316,28744,53,23,0.7435344827586207
34,8AUwlTMwMHji0JRToseXdDNodJnSMEV7Y-8rP0h92dJkR48LgnY0XsSPTPGO41W3t8vnjOXW14ylbg,BRONZE,BRONZE,III,76,Arthèmis,3162,EUW1_7789371837,2026-03-20 14:51:34.781000+00:00,420,CLASSIC,30.733333333333334,Rell,UTILITY,True,2,8,14,2.0,9311,9268,26931,38,28,0.911062906724512
34,8AUwlTMwMHji0JRToseXdDNodJnSMEV7Y-8rP0h92dJkR48LgnY0XsSPTPGO41W3t8vnjOXW14ylbg,BRONZE,BRONZE,III,76,Arthèmis,3162,EUW1_7789681614,2026-03-20 18:13:14.351000+00:00,420,CLASSIC,36.666666666666664,Rell,UTILITY,False,3,7,26,4.142857142857143,12188,14757,33885,77,33,0.9
34,8AUwlTMwMHji0JRToseXdDNodJnSMEV7Y-8rP0h92dJkR48LgnY0XsSPTPGO41W3t8vnjOXW14ylbg,BRONZE,BRONZE,III,76,Arthèmis,3162,EUW1_7791227552,2026-03-21 15:23:51.758000+00:00,420,CLASSIC,23.416666666666668,Rell,UTILITY,False,0,8,5,0.625,5581,4727,24684,32,15,0.6405693950177935
34,8AUwlTMwMHji0JRToseXdDNodJnSMEV7Y-8rP0h92dJkR48LgnY0XsSPTPGO41W3t8vnjOXW14ylbg,BRONZE,BRONZE,III,76,Arthèmis,3162,EUW1_7793541822,2026-03-22 19:09:40.218000+00:00,420,CLASSIC,28.483333333333334,Maokai,UTILITY,True,5,4,17,5.5,10099,14383,25989,43,21,0.7372732592159157
34,8AUwlTMwMHji0JRToseXdDNodJnSMEV7Y-8rP0h92dJkR48LgnY0XsSPTPGO41W3t8vnjOXW14ylbg,BRONZE,BRONZE,III,76,Arthèmis,3162,EUW1_7793676684,2026-03-22 20:11:31.630000+00:00,420,CLASSIC,1.4333333333333333,Maokai,UTILITY,True,0,0,0,0.0,565,72,128,0,1,0.6976744186046512
34,8AUwlTMwMHji0JRToseXdDNodJnSMEV7Y-8rP0h92dJkR48LgnY0XsSPTPGO41W3t8vnjOXW14ylbg,BRONZE,BRONZE,III,76,Arthèmis,3162,EUW1_7793686853,2026-03-22 20:18:04.781000+00:00,420,CLASSIC,30.766666666666666,Maokai,UTILITY,False,1,7,9,1.4285714285714286,8394,11026,37629,39,34,1.105092091007584
34,8AUwlTMwMHji0JRToseXdDNodJnSMEV7Y-8rP0h92dJkR48LgnY0XsSPTPGO41W3t8vnjOXW14ylbg,BRONZE,BRONZE,III,76,Arthèmis,3162,EUW1_7799623690,2026-03-26 18:33:49.012000+00:00,420,CLASSIC,37.8,Maokai,UTILITY,False,5,9,7,1.3333333333333333,11655,13639,46362,46,26,0.6878306878306879
34,8AUwlTMwMHji0JRToseXdDNodJnSMEV7Y-8rP0h92dJkR48LgnY0XsSPTPGO41W3t8vnjOXW14ylbg,BRONZE,BRONZE,III,76,Arthèmis,3162,EUW1_7803880748,2026-03-29 22:03:27.107000+00:00,420,CLASSIC,31.966666666666665,Rell,UTILITY,True,1,8,16,2.125,10139,13551,27043,42,39,1.2200208550573515
34,8AUwlTMwMHji0JRToseXdDNodJnSMEV7Y-8rP0h92dJkR48LgnY0XsSPTPGO41W3t8vnjOXW14ylbg,BRONZE,BRONZE,III,76,Arthèmis,3162,EUW1_7809351178,2026-04-03 23:55:39.176000+00:00,420,CLASSIC,36.81666666666667,Rell,UTILITY,True,3,8,19,2.75,11718,14656,33610,59,34,0.9234947940244453
34,8AUwlTMwMHji0JRToseXdDNodJnSMEV7Y-8rP0h92dJkR48LgnY0XsSPTPGO41W3t8vnjOXW14ylbg,BRONZE,BRONZE,III,76,Arthèmis,3162,EUW1_7863238739,2026-05-23 14:29:35.251000+00:00,420,CLASSIC,37.61666666666667,Morgana,UTILITY,False,4,10,11,1.5,10723,13612,31333,41,46,1.2228622064687638
35,-TGbgbhadiw9P4pTWUwHu3DshEonSh7JbVoQ6vFLDh8qVPDIfnJnunWY7pi5UM9TlJMWJ-a7DPP5tw,BRONZE,BRONZE,II,77,qazx232323,EUW,EUW1_7905422309,2026-07-01 15:21:03.133000+00:00,420,CLASSIC,23.666666666666668,Sylas,TOP,True,21,4,4,6.25,15080,39560,40891,15,190,8.028169014084506
35,-TGbgbhadiw9P4pTWUwHu3DshEonSh7JbVoQ6vFLDh8qVPDIfnJnunWY7pi5UM9TlJMWJ-a7DPP5tw,BRONZE,BRONZE,II,77,qazx232323,EUW,EUW1_7908072633,2026-07-04 03:11:53.029000+00:00,420,CLASSIC,27.15,LeeSin,TOP,False,6,8,0,0.75,10972,26203,36179,21,171,6.298342541436464
35,-TGbgbhadiw9P4pTWUwHu3DshEonSh7JbVoQ6vFLDh8qVPDIfnJnunWY7pi5UM9TlJMWJ-a7DPP5tw,BRONZE,BRONZE,II,77,qazx232323,EUW,EUW1_7908075720,2026-07-04 03:45:51.891000+00:00,420,CLASSIC,31.566666666666666,Zed,TOP,True,26,6,5,5.166666666666667,21032,63921,29560,18,207,6.557550158394932
35,-TGbgbhadiw9P4pTWUwHu3DshEonSh7JbVoQ6vFLDh8qVPDIfnJnunWY7pi5UM9TlJMWJ-a7DPP5tw,BRONZE,BRONZE,II,77,qazx232323,EUW,EUW1_7908075389,2026-07-04 04:24:33.892000+00:00,420,CLASSIC,28.783333333333335,DrMundo,TOP,False,10,8,2,1.5,13404,39282,71073,11,188,6.531557614360162
35,-TGbgbhadiw9P4pTWUwHu3DshEonSh7JbVoQ6vFLDh8qVPDIfnJnunWY7pi5UM9TlJMWJ-a7DPP5tw,BRONZE,BRONZE,II,77,qazx232323,EUW,EUW1_7908704510,2026-07-04 19:08:54.450000+00:00,420,CLASSIC,30.45,Riven,MIDDLE,True,18,5,6,4.8,20093,54708,50372,20,248,8.144499178981938
35,-TGbgbhadiw9P4pTWUwHu3DshEonSh7JbVoQ6vFLDh8qVPDIfnJnunWY7pi5UM9TlJMWJ-a7DPP5tw,BRONZE,BRONZE,II,77,qazx232323,EUW,EUW1_7908745908,2026-07-04 19:46:48.040000+00:00,420,CLASSIC,39.733333333333334,Sylas,MIDDLE,True,22,9,14,4.0,20908,78613,82311,22,221,5.5620805369127515
35,-TGbgbhadiw9P4pTWUwHu3DshEonSh7JbVoQ6vFLDh8qVPDIfnJnunWY7pi5UM9TlJMWJ-a7DPP5tw,BRONZE,BRONZE,II,77,qazx232323,EUW,EUW1_7915332693,2026-07-11 14:32:09.467000+00:00,420,CLASSIC,9.9,Twitch,BOTTOM,True,6,1,2,8.0,5150,6414,5069,2,86,8.686868686868687
35,-TGbgbhadiw9P4pTWUwHu3DshEonSh7JbVoQ6vFLDh8qVPDIfnJnunWY7pi5UM9TlJMWJ-a7DPP5tw,BRONZE,BRONZE,II,77,qazx232323,EUW,EUW1_7915348306,2026-07-11 14:49:55.849000+00:00,420,CLASSIC,1.7166666666666666,Twitch,BOTTOM,False,0,0,0,0.0,646,64,446,0,4,2.330097087378641
35,-TGbgbhadiw9P4pTWUwHu3DshEonSh7JbVoQ6vFLDh8qVPDIfnJnunWY7pi5UM9TlJMWJ-a7DPP5tw,BRONZE,BRONZE,II,77,qazx232323,EUW,EUW1_7915352307,2026-07-11 14:56:03.013000+00:00,420,CLASSIC,27.433333333333334,Twitch,BOTTOM,False,13,10,2,1.5,12367,33450,31970,18,178,6.488456865127582
35,-TGbgbhadiw9P4pTWUwHu3DshEonSh7JbVoQ6vFLDh8qVPDIfnJnunWY7pi5UM9TlJMWJ-a7DPP5tw,BRONZE,BRONZE,II,77,qazx232323,EUW,EUW1_7915388892,2026-07-11 15:29:29.546000+00:00,420,CLASSIC,1.25,Riven,MIDDLE,True,0,0,0,0.0,560,149,713,0,2,1.6
35,-TGbgbhadiw9P4pTWUwHu3DshEonSh7JbVoQ6vFLDh8qVPDIfnJnunWY7pi5UM9TlJMWJ-a7DPP5tw,BRONZE,BRONZE,II,77,qazx232323,EUW,EUW1_7915391173,2026-07-11 15:34:44.672000+00:00,420,CLASSIC,25.216666666666665,Sylas,MIDDLE,False,9,13,3,0.9230769230769231,10556,25819,38659,16,138,5.472571050892268
35,-TGbgbhadiw9P4pTWUwHu3DshEonSh7JbVoQ6vFLDh8qVPDIfnJnunWY7pi5UM9TlJMWJ-a7DPP5tw,BRONZE,BRONZE,II,77,qazx232323,EUW,EUW1_7915686747,2026-07-11 20:09:35.473000+00:00,420,CLASSIC,38.63333333333333,Zed,TOP,True,13,10,6,1.9,19008,53667,42295,29,229,5.927523727351165
35,-TGbgbhadiw9P4pTWUwHu3DshEonSh7JbVoQ6vFLDh8qVPDIfnJnunWY7pi5UM9TlJMWJ-a7DPP5tw,BRONZE,BRONZE,II,77,qazx232323,EUW,EUW1_7919180591,2026-07-15 12:34:00.983000+00:00,420,CLASSIC,19.95,Yasuo,MIDDLE,False,3,8,4,0.875,5879,5103,17679,9,84,4.2105263157894735
35,-TGbgbhadiw9P4pTWUwHu3DshEonSh7JbVoQ6vFLDh8qVPDIfnJnunWY7pi5UM9TlJMWJ-a7DPP5tw,BRONZE,BRONZE,II,77,qazx232323,EUW,EUW1_7919196302,2026-07-15 12:59:41.388000+00:00,420,CLASSIC,36.43333333333333,Gragas,TOP,True,6,7,5,1.5714285714285714,11875,11475,29426,27,149,4.089661482159196
35,-TGbgbhadiw9P4pTWUwHu3DshEonSh7JbVoQ6vFLDh8qVPDIfnJnunWY7pi5UM9TlJMWJ-a7DPP5tw,BRONZE,BRONZE,II,77,qazx232323,EUW,EUW1_7920380241,2026-07-16 17:14:42.341000+00:00,420,CLASSIC,1.3166666666666667,Zed,MIDDLE,True,0,0,0,0.0,569,123,484,0,2,1.518987341772152
35,-TGbgbhadiw9P4pTWUwHu3DshEonSh7JbVoQ6vFLDh8qVPDIfnJnunWY7pi5UM9TlJMWJ-a7DPP5tw,BRONZE,BRONZE,II,77,qazx232323,EUW,EUW1_7920392868,2026-07-16 17:20:32.183000+00:00,420,CLASSIC,29.1,Zed,MIDDLE,False,3,12,2,0.4166666666666667,9321,6442,23812,18,174,5.979381443298969
35,-TGbgbhadiw9P4pTWUwHu3DshEonSh7JbVoQ6vFLDh8qVPDIfnJnunWY7pi5UM9TlJMWJ-a7DPP5tw,BRONZE,BRONZE,II,77,qazx232323,EUW,EUW1_7920429091,2026-07-16 17:54:42.274000+00:00,420,CLASSIC,24.05,Yasuo,MIDDLE,False,0,10,4,0.4,5970,10309,22979,17,116,4.8232848232848236
35,-TGbgbhadiw9P4pTWUwHu3DshEonSh7JbVoQ6vFLDh8qVPDIfnJnunWY7pi5UM9TlJMWJ-a7DPP5tw,BRONZE,BRONZE,II,77,qazx232323,EUW,EUW1_7920466165,2026-07-16 18:25:19.765000+00:00,420,CLASSIC,17.633333333333333,Jax,TOP,False,2,4,0,0.5,4749,5309,12075,6,71,4.026465028355387
35,-TGbgbhadiw9P4pTWUwHu3DshEonSh7JbVoQ6vFLDh8qVPDIfnJnunWY7pi5UM9TlJMWJ-a7DPP5tw,BRONZE,BRONZE,II,77,qazx232323,EUW,EUW1_7920955921,2026-07-17 07:13:01.747000+00:00,420,CLASSIC,23.0,Twitch,BOTTOM,True,12,6,6,3.0,13505,30855,22526,11,177,7.695652173913044
35,-TGbgbhadiw9P4pTWUwHu3DshEonSh7JbVoQ6vFLDh8qVPDIfnJnunWY7pi5UM9TlJMWJ-a7DPP5tw,BRONZE,BRONZE,II,77,qazx232323,EUW,EUW1_7920988730,2026-07-17 08:50:37.438000+00:00,420,CLASSIC,44.916666666666664,Twitch,MIDDLE,False,20,15,7,1.8,22656,68575,46223,50,286,6.36734693877551
35,-TGbgbhadiw9P4pTWUwHu3DshEonSh7JbVoQ6vFLDh8qVPDIfnJnunWY7pi5UM9TlJMWJ-a7DPP5tw,BRONZE,BRONZE,II,77,qazx232323,EUW,EUW1_7921200451,2026-07-17 14:15:21.095000+00:00,420,CLASSIC,25.816666666666666,Malphite,TOP,False,0,3,1,0.3333333333333333,6151,6552,11590,16,121,4.686894770819884
35,-TGbgbhadiw9P4pTWUwHu3DshEonSh7JbVoQ6vFLDh8qVPDIfnJnunWY7pi5UM9TlJMWJ-a7DPP5tw,BRONZE,BRONZE,II,77,qazx232323,EUW,EUW1_7921301014,2026-07-17 15:54:07.285000+00:00,420,CLASSIC,31.2,Caitlyn,BOTTOM,True,6,16,4,0.625,10762,12251,27417,21,128,4.102564102564103
35,-TGbgbhadiw9P4pTWUwHu3DshEonSh7JbVoQ6vFLDh8qVPDIfnJnunWY7pi5UM9TlJMWJ-a7DPP5tw,BRONZE,BRONZE,II,77,qazx232323,EUW,EUW1_7921338298,2026-07-17 16:31:17.256000+00:00,420,CLASSIC,21.716666666666665,Mordekaiser,TOP,False,2,10,0,0.2,6353,7210,25721,14,95,4.374520337682272
35,-TGbgbhadiw9P4pTWUwHu3DshEonSh7JbVoQ6vFLDh8qVPDIfnJnunWY7pi5UM9TlJMWJ-a7DPP5tw,BRONZE,BRONZE,II,77,qazx232323,EUW,EUW1_7921374539,2026-07-17 16:58:02.645000+00:00,420,CLASSIC,20.333333333333332,Katarina,MIDDLE,False,1,11,2,0.2727272727272727,5110,4794,17704,8,83,4.081967213114754
35,-TGbgbhadiw9P4pTWUwHu3DshEonSh7JbVoQ6vFLDh8qVPDIfnJnunWY7pi5UM9TlJMWJ-a7DPP5tw,BRONZE,BRONZE,II,77,qazx232323,EUW,EUW1_7922164915,2026-07-18 12:29:38.664000+00:00,420,CLASSIC,25.8,Yasuo,MIDDLE,False,4,3,3,2.3333333333333335,8974,11419,15204,16,185,7.170542635658914
35,-TGbgbhadiw9P4pTWUwHu3DshEonSh7JbVoQ6vFLDh8qVPDIfnJnunWY7pi5UM9TlJMWJ-a7DPP5tw,BRONZE,BRONZE,II,77,qazx232323,EUW,EUW1_7922194893,2026-07-18 13:02:34.568000+00:00,420,CLASSIC,30.583333333333332,Kayn,JUNGLE,False,1,7,7,1.1428571428571428,10500,6552,30196,23,199,6.506811989100818
35,-TGbgbhadiw9P4pTWUwHu3DshEonSh7JbVoQ6vFLDh8qVPDIfnJnunWY7pi5UM9TlJMWJ-a7DPP5tw,BRONZE,BRONZE,II,77,qazx232323,EUW,EUW1_7923220647,2026-07-19 12:18:36.763000+00:00,420,CLASSIC,25.633333333333333,Sion,TOP,False,1,9,1,0.2222222222222222,7086,13816,39836,16,155,6.0468140442132645
35,-TGbgbhadiw9P4pTWUwHu3DshEonSh7JbVoQ6vFLDh8qVPDIfnJnunWY7pi5UM9TlJMWJ-a7DPP5tw,BRONZE,BRONZE,II,77,qazx232323,EUW,EUW1_7924168051,2026-07-20 12:08:57.285000+00:00,420,CLASSIC,31.316666666666666,Vi,TOP,False,4,14,4,0.5714285714285714,9937,7918,27675,21,144,4.598190526875998
35,-TGbgbhadiw9P4pTWUwHu3DshEonSh7JbVoQ6vFLDh8qVPDIfnJnunWY7pi5UM9TlJMWJ-a7DPP5tw,BRONZE,BRONZE,II,77,qazx232323,EUW,EUW1_7924196883,2026-07-20 12:44:39.102000+00:00,420,CLASSIC,30.583333333333332,Vi,TOP,False,2,13,6,0.6153846153846154,8461,12562,32860,24,156,5.100817438692098
35,-TGbgbhadiw9P4pTWUwHu3DshEonSh7JbVoQ6vFLDh8qVPDIfnJnunWY7pi5UM9TlJMWJ-a7DPP5tw,BRONZE,BRONZE,II,77,qazx232323,EUW,EUW1_7925834182,2026-07-21 21:39:37.619000+00:00,420,CLASSIC,15.666666666666666,Vi,TOP,False,0,3,1,0.3333333333333333,4152,4838,8397,12,91,5.808510638297872
35,-TGbgbhadiw9P4pTWUwHu3DshEonSh7JbVoQ6vFLDh8qVPDIfnJnunWY7pi5UM9TlJMWJ-a7DPP5tw,BRONZE,BRONZE,II,77,qazx232323,EUW,EUW1_7925858298,2026-07-21 22:01:01.845000+00:00,420,CLASSIC,26.833333333333332,Ezreal,BOTTOM,True,2,5,7,1.8,9025,8292,19072,10,116,4.3229813664596275
35,-TGbgbhadiw9P4pTWUwHu3DshEonSh7JbVoQ6vFLDh8qVPDIfnJnunWY7pi5UM9TlJMWJ-a7DPP5tw,BRONZE,BRONZE,II,77,qazx232323,EUW,EUW1_7926190653,2026-07-22 12:08:44.371000+00:00,420,CLASSIC,1.1333333333333333,Vi,TOP,False,0,0,0,0.0,508,0,0,0,0,0.0
35,-TGbgbhadiw9P4pTWUwHu3DshEonSh7JbVoQ6vFLDh8qVPDIfnJnunWY7pi5UM9TlJMWJ-a7DPP5tw,BRONZE,BRONZE,II,77,qazx232323,EUW,EUW1_7926195098,2026-07-22 12:16:24.749000+00:00,420,CLASSIC,29.283333333333335,Sion,TOP,True,2,7,7,1.2857142857142858,9965,15041,38756,16,148,5.054069436539556
35,-TGbgbhadiw9P4pTWUwHu3DshEonSh7JbVoQ6vFLDh8qVPDIfnJnunWY7pi5UM9TlJMWJ-a7DPP5tw,BRONZE,BRONZE,II,77,qazx232323,EUW,EUW1_7926222791,2026-07-22 12:49:37.769000+00:00,420,CLASSIC,26.566666666666666,Vi,TOP,False,1,10,0,0.1,6482,9462,23359,18,131,4.93099121706399
35,-TGbgbhadiw9P4pTWUwHu3DshEonSh7JbVoQ6vFLDh8qVPDIfnJnunWY7pi5UM9TlJMWJ-a7DPP5tw,BRONZE,BRONZE,II,77,qazx232323,EUW,EUW1_7928417659,2026-07-24 16:17:32.139000+00:00,420,CLASSIC,19.483333333333334,Singed,TOP,False,0,7,0,0.0,4930,5190,15176,4,111,5.697177074422583
35,-TGbgbhadiw9P4pTWUwHu3DshEonSh7JbVoQ6vFLDh8qVPDIfnJnunWY7pi5UM9TlJMWJ-a7DPP5tw,BRONZE,BRONZE,II,77,qazx232323,EUW,EUW1_7928442984,2026-07-24 16:44:39.486000+00:00,420,CLASSIC,29.216666666666665,Skarner,JUNGLE,True,4,7,6,1.4285714285714286,10482,7719,31640,6,167,5.71591557330291
35,-TGbgbhadiw9P4pTWUwHu3DshEonSh7JbVoQ6vFLDh8qVPDIfnJnunWY7pi5UM9TlJMWJ-a7DPP5tw,BRONZE,BRONZE,II,77,qazx232323,EUW,EUW1_7929198370,2026-07-25 12:02:15.594000+00:00,420,CLASSIC,32.05,Skarner,JUNGLE,False,6,9,8,1.5555555555555556,11863,13900,42548,20,173,5.3978159126365055
35,-TGbgbhadiw9P4pTWUwHu3DshEonSh7JbVoQ6vFLDh8qVPDIfnJnunWY7pi5UM9TlJMWJ-a7DPP5tw,BRONZE,BRONZE,II,77,qazx232323,EUW,EUW1_7929234314,2026-07-25 12:39:56.642000+00:00,420,CLASSIC,15.566666666666666,Skarner,JUNGLE,False,0,5,1,0.2,4345,1944,12542,7,77,4.946466809421842
35,-TGbgbhadiw9P4pTWUwHu3DshEonSh7JbVoQ6vFLDh8qVPDIfnJnunWY7pi5UM9TlJMWJ-a7DPP5tw,BRONZE,BRONZE,II,77,qazx232323,EUW,EUW1_7929250446,2026-07-25 13:00:46.957000+00:00,420,CLASSIC,15.183333333333334,Gragas,TOP,False,0,1,0,0.0,3892,5856,10713,11,90,5.92755214050494
35,-TGbgbhadiw9P4pTWUwHu3DshEonSh7JbVoQ6vFLDh8qVPDIfnJnunWY7pi5UM9TlJMWJ-a7DPP5tw,BRONZE,BRONZE,II,77,qazx232323,EUW,EUW1_7930916978,2026-07-26 21:00:35.337000+00:00,420,CLASSIC,36.38333333333333,Skarner,JUNGLE,False,2,6,11,2.1666666666666665,11784,13772,50226,31,177,4.864864864864865
35,-TGbgbhadiw9P4pTWUwHu3DshEonSh7JbVoQ6vFLDh8qVPDIfnJnunWY7pi5UM9TlJMWJ-a7DPP5tw,BRONZE,BRONZE,II,77,qazx232323,EUW,EUW1_7930971641,2026-07-26 21:41:26.533000+00:00,420,CLASSIC,30.816666666666666,Sion,TOP,False,0,10,1,0.1,7715,7397,40286,21,131,4.250946457544619
35,-TGbgbhadiw9P4pTWUwHu3DshEonSh7JbVoQ6vFLDh8qVPDIfnJnunWY7pi5UM9TlJMWJ-a7DPP5tw,BRONZE,BRONZE,II,77,qazx232323,EUW,EUW1_7931010534,2026-07-26 22:17:28.797000+00:00,420,CLASSIC,32.53333333333333,Zed,MIDDLE,True,4,10,7,1.1,9656,13923,26164,15,141,4.3340163934426235
35,-TGbgbhadiw9P4pTWUwHu3DshEonSh7JbVoQ6vFLDh8qVPDIfnJnunWY7pi5UM9TlJMWJ-a7DPP5tw,BRONZE,BRONZE,II,77,qazx232323,EUW,EUW1_7931953745,2026-07-27 21:23:04.471000+00:00,420,CLASSIC,26.0,Skarner,TOP,False,0,5,0,0.0,6679,2184,23673,19,153,5.884615384615385
35,-TGbgbhadiw9P4pTWUwHu3DshEonSh7JbVoQ6vFLDh8qVPDIfnJnunWY7pi5UM9TlJMWJ-a7DPP5tw,BRONZE,BRONZE,II,77,qazx232323,EUW,EUW1_7931996643,2026-07-27 21:56:19.553000+00:00,420,CLASSIC,30.25,Yasuo,TOP,True,5,10,6,1.1,10488,9649,25630,18,157,5.190082644628099
35,-TGbgbhadiw9P4pTWUwHu3DshEonSh7JbVoQ6vFLDh8qVPDIfnJnunWY7pi5UM9TlJMWJ-a7DPP5tw,BRONZE,BRONZE,II,77,qazx232323,EUW,EUW1_7932340076,2026-07-28 12:30:30.704000+00:00,420,CLASSIC,21.283333333333335,Vi,TOP,False,2,8,0,0.25,5636,5782,16125,14,96,4.510571652310102
35,-TGbgbhadiw9P4pTWUwHu3DshEonSh7JbVoQ6vFLDh8qVPDIfnJnunWY7pi5UM9TlJMWJ-a7DPP5tw,BRONZE,BRONZE,II,77,qazx232323,EUW,EUW1_7933319881,2026-07-29 12:22:56.124000+00:00,420,CLASSIC,33.0,Akali,TOP,False,4,11,0,0.36363636363636365,9851,10071,30548,23,177,5.363636363636363
35,-TGbgbhadiw9P4pTWUwHu3DshEonSh7JbVoQ6vFLDh8qVPDIfnJnunWY7pi5UM9TlJMWJ-a7DPP5tw,BRONZE,BRONZE,II,77,qazx232323,EUW,EUW1_7933349195,2026-07-29 13:06:29.467000+00:00,420,CLASSIC,36.11666666666667,Skarner,TOP,True,2,6,13,2.5,10681,23440,40995,33,147,4.070143054914628
35,-TGbgbhadiw9P4pTWUwHu3DshEonSh7JbVoQ6vFLDh8qVPDIfnJnunWY7pi5UM9TlJMWJ-a7DPP5tw,BRONZE,BRONZE,II,77,qazx232323,EUW,EUW1_7935007240,2026-07-30 20:20:15.640000+00:00,420,CLASSIC,28.45,Rengar,JUNGLE,False,2,9,2,0.4444444444444444,8102,6572,29123,22,117,4.1124780316344465
35,-TGbgbhadiw9P4pTWUwHu3DshEonSh7JbVoQ6vFLDh8qVPDIfnJnunWY7pi5UM9TlJMWJ-a7DPP5tw,BRONZE,BRONZE,II,77,qazx232323,EUW,EUW1_7935088579,2026-07-30 21:07:22.027000+00:00,420,CLASSIC,15.316666666666666,Ekko,JUNGLE,False,0,4,3,0.75,4626,3320,11792,13,73,4.766050054406964
35,-TGbgbhadiw9P4pTWUwHu3DshEonSh7JbVoQ6vFLDh8qVPDIfnJnunWY7pi5UM9TlJMWJ-a7DPP5tw,BRONZE,BRONZE,II,77,qazx232323,EUW,EUW1_7935982410,2026-07-31 19:26:01.730000+00:00,420,CLASSIC,23.466666666666665,Ekko,JUNGLE,False,0,0,0,0.0,3924,0,1696,1,23,0.9801136363636365
35,-TGbgbhadiw9P4pTWUwHu3DshEonSh7JbVoQ6vFLDh8qVPDIfnJnunWY7pi5UM9TlJMWJ-a7DPP5tw,BRONZE,BRONZE,II,77,qazx232323,EUW,EUW1_7937147541,2026-08-01 20:01:46.299000+00:00,420,CLASSIC,34.53333333333333,Ekko,JUNGLE,True,7,10,8,1.5,13574,16176,37329,19,190,5.501930501930502
35,-TGbgbhadiw9P4pTWUwHu3DshEonSh7JbVoQ6vFLDh8qVPDIfnJnunWY7pi5UM9TlJMWJ-a7DPP5tw,BRONZE,BRONZE,II,77,qazx232323,EUW,EUW1_7937220821,2026-08-01 20:57:56.779000+00:00,420,CLASSIC,21.0,Ekko,JUNGLE,False,0,8,2,0.25,5538,6189,20790,15,95,4.523809523809524
35,-TGbgbhadiw9P4pTWUwHu3DshEonSh7JbVoQ6vFLDh8qVPDIfnJnunWY7pi5UM9TlJMWJ-a7DPP5tw,BRONZE,BRONZE,II,77,qazx232323,EUW,EUW1_7937269464,2026-08-01 21:29:06.673000+00:00,420,CLASSIC,15.766666666666667,Ekko,JUNGLE,False,3,4,0,0.75,5681,4609,11368,9,95,6.02536997885835
35,-TGbgbhadiw9P4pTWUwHu3DshEonSh7JbVoQ6vFLDh8qVPDIfnJnunWY7pi5UM9TlJMWJ-a7DPP5tw,BRONZE,BRONZE,II,77,qazx232323,EUW,EUW1_7937312908,2026-08-01 22:09:15.634000+00:00,420,CLASSIC,20.766666666666666,Ekko,JUNGLE,False,3,5,0,0.6,6771,4842,16863,7,88,4.237560192616373
35,-TGbgbhadiw9P4pTWUwHu3DshEonSh7JbVoQ6vFLDh8qVPDIfnJnunWY7pi5UM9TlJMWJ-a7DPP5tw,BRONZE,BRONZE,II,77,qazx232323,EUW,EUW1_7938277091,2026-08-02 19:28:37.559000+00:00,420,CLASSIC,26.9,Ekko,JUNGLE,True,6,4,4,2.5,11540,8512,22167,17,168,6.245353159851302
35,-TGbgbhadiw9P4pTWUwHu3DshEonSh7JbVoQ6vFLDh8qVPDIfnJnunWY7pi5UM9TlJMWJ-a7DPP5tw,BRONZE,BRONZE,II,77,qazx232323,EUW,EUW1_7938321236,2026-08-02 20:00:28.746000+00:00,420,CLASSIC,25.85,Nasus,JUNGLE,False,2,6,4,1.0,8370,8322,32121,18,142,5.493230174081238
35,-TGbgbhadiw9P4pTWUwHu3DshEonSh7JbVoQ6vFLDh8qVPDIfnJnunWY7pi5UM9TlJMWJ-a7DPP5tw,BRONZE,BRONZE,II,77,qazx232323,EUW,EUW1_7938401487,2026-08-02 20:43:13.569000+00:00,420,CLASSIC,32.93333333333333,Yasuo,MIDDLE,False,4,8,2,0.75,11271,15221,27673,10,240,7.287449392712551
35,-TGbgbhadiw9P4pTWUwHu3DshEonSh7JbVoQ6vFLDh8qVPDIfnJnunWY7pi5UM9TlJMWJ-a7DPP5tw,BRONZE,BRONZE,II,77,qazx232323,EUW,EUW1_7938466173,2026-08-02 21:39:32.929000+00:00,420,CLASSIC,33.56666666666667,Ekko,JUNGLE,False,3,3,7,3.3333333333333335,14165,9625,31301,22,246,7.328699106256206
35,-TGbgbhadiw9P4pTWUwHu3DshEonSh7JbVoQ6vFLDh8qVPDIfnJnunWY7pi5UM9TlJMWJ-a7DPP5tw,BRONZE,BRONZE,II,77,qazx232323,EUW,EUW1_7939305561,2026-08-03 19:14:12.378000+00:00,420,CLASSIC,31.65,Zed,MIDDLE,False,8,12,8,1.3333333333333333,11658,21927,30344,20,156,4.928909952606635
35,-TGbgbhadiw9P4pTWUwHu3DshEonSh7JbVoQ6vFLDh8qVPDIfnJnunWY7pi5UM9TlJMWJ-a7DPP5tw,BRONZE,BRONZE,II,77,qazx232323,EUW,EUW1_7939349198,2026-08-03 19:49:49.887000+00:00,420,CLASSIC,29.55,Yasuo,TOP,False,1,13,0,0.07692307692307693,8624,8790,26684,17,163,5.516074450084602
35,-TGbgbhadiw9P4pTWUwHu3DshEonSh7JbVoQ6vFLDh8qVPDIfnJnunWY7pi5UM9TlJMWJ-a7DPP5tw,BRONZE,BRONZE,II,77,qazx232323,EUW,EUW1_7939444825,2026-08-03 20:47:54.286000+00:00,420,CLASSIC,37.68333333333333,Ekko,JUNGLE,False,5,10,7,1.2,14227,15962,37614,25,192,5.095090667846086
35,-TGbgbhadiw9P4pTWUwHu3DshEonSh7JbVoQ6vFLDh8qVPDIfnJnunWY7pi5UM9TlJMWJ-a7DPP5tw,BRONZE,BRONZE,II,77,qazx232323,EUW,EUW1_7940414671,2026-08-04 19:49:36.113000+00:00,420,CLASSIC,28.316666666666666,Ekko,JUNGLE,False,3,12,1,0.3333333333333333,9016,9780,25904,14,121,4.2731018246027075
35,-TGbgbhadiw9P4pTWUwHu3DshEonSh7JbVoQ6vFLDh8qVPDIfnJnunWY7pi5UM9TlJMWJ-a7DPP5tw,BRONZE,BRONZE,II,77,qazx232323,EUW,EUW1_7940494031,2026-08-04 20:48:24.005000+00:00,420,CLASSIC,47.75,Ekko,JUNGLE,True,7,10,12,1.9,18396,22163,53595,49,300,6.282722513089006
35,-TGbgbhadiw9P4pTWUwHu3DshEonSh7JbVoQ6vFLDh8qVPDIfnJnunWY7pi5UM9TlJMWJ-a7DPP5tw,BRONZE,BRONZE,II,77,qazx232323,EUW,EUW1_7941377239,2026-08-05 19:13:46.620000+00:00,420,CLASSIC,29.966666666666665,Ekko,JUNGLE,False,7,10,2,0.9,13161,15529,35258,20,184,6.140155728587319
35,-TGbgbhadiw9P4pTWUwHu3DshEonSh7JbVoQ6vFLDh8qVPDIfnJnunWY7pi5UM9TlJMWJ-a7DPP5tw,BRONZE,BRONZE,II,77,qazx232323,EUW,EUW1_7941427255,2026-08-05 19:47:48.938000+00:00,420,CLASSIC,41.25,Ekko,JUNGLE,False,7,8,8,1.875,15890,21552,51011,22,229,5.551515151515152
35,-TGbgbhadiw9P4pTWUwHu3DshEonSh7JbVoQ6vFLDh8qVPDIfnJnunWY7pi5UM9TlJMWJ-a7DPP5tw,BRONZE,BRONZE,II,77,qazx232323,EUW,EUW1_7941508518,2026-08-05 20:33:49.958000+00:00,420,CLASSIC,42.68333333333333,Ekko,JUNGLE,False,6,7,6,1.7142857142857142,16584,18386,45159,25,251,5.880515423662632
35,-TGbgbhadiw9P4pTWUwHu3DshEonSh7JbVoQ6vFLDh8qVPDIfnJnunWY7pi5UM9TlJMWJ-a7DPP5tw,BRONZE,BRONZE,II,77,qazx232323,EUW,EUW1_7941964850,2026-08-06 12:18:01.463000+00:00,420,CLASSIC,1.1333333333333333,Ekko,JUNGLE,False,0,0,0,0.0,508,0,0,0,0,0.0
35,-TGbgbhadiw9P4pTWUwHu3DshEonSh7JbVoQ6vFLDh8qVPDIfnJnunWY7pi5UM9TlJMWJ-a7DPP5tw,BRONZE,BRONZE,II,77,qazx232323,EUW,EUW1_7941975990,2026-08-06 12:32:39.480000+00:00,420,CLASSIC,1.0833333333333333,Ekko,JUNGLE,False,0,0,0,0.0,502,0,0,0,0,0.0
35,-TGbgbhadiw9P4pTWUwHu3DshEonSh7JbVoQ6vFLDh8qVPDIfnJnunWY7pi5UM9TlJMWJ-a7DPP5tw,BRONZE,BRONZE,II,77,qazx232323,EUW,EUW1_7941997675,2026-08-06 12:55:25.591000+00:00,420,CLASSIC,1.0833333333333333,Ekko,JUNGLE,False,0,0,0,0.0,501,0,0,0,0,0.0
35,-TGbgbhadiw9P4pTWUwHu3DshEonSh7JbVoQ6vFLDh8qVPDIfnJnunWY7pi5UM9TlJMWJ-a7DPP5tw,BRONZE,BRONZE,II,77,qazx232323,EUW,EUW1_7944042779,2026-08-08 12:10:55.164000+00:00,420,CLASSIC,35.68333333333333,Ekko,JUNGLE,False,12,8,7,2.375,15889,26881,38902,20,199,5.57683325548809
35,-TGbgbhadiw9P4pTWUwHu3DshEonSh7JbVoQ6vFLDh8qVPDIfnJnunWY7pi5UM9TlJMWJ-a7DPP5tw,BRONZE,BRONZE,II,77,qazx232323,EUW,EUW1_7944498291,2026-08-08 19:43:56.096000+00:00,420,CLASSIC,27.416666666666668,Ekko,JUNGLE,True,12,4,8,5.0,13338,17663,25937,22,159,5.7993920972644375
35,-TGbgbhadiw9P4pTWUwHu3DshEonSh7JbVoQ6vFLDh8qVPDIfnJnunWY7pi5UM9TlJMWJ-a7DPP5tw,BRONZE,BRONZE,II,77,qazx232323,EUW,EUW1_7944571992,2026-08-08 20:36:49.437000+00:00,420,CLASSIC,6.183333333333334,Vi,TOP,True,0,0,0,0.0,2133,337,1388,0,42,6.792452830188679
35,-TGbgbhadiw9P4pTWUwHu3DshEonSh7JbVoQ6vFLDh8qVPDIfnJnunWY7pi5UM9TlJMWJ-a7DPP5tw,BRONZE,BRONZE,II,77,qazx232323,EUW,EUW1_7944607239,2026-08-08 21:02:32.468000+00:00,420,CLASSIC,21.65,Vi,TOP,False,2,9,1,0.3333333333333333,5868,11488,19249,16,99,4.572748267898383
35,-TGbgbhadiw9P4pTWUwHu3DshEonSh7JbVoQ6vFLDh8qVPDIfnJnunWY7pi5UM9TlJMWJ-a7DPP5tw,BRONZE,BRONZE,II,77,qazx232323,EUW,EUW1_7944658195,2026-08-08 21:44:42.705000+00:00,420,CLASSIC,24.25,Yasuo,MIDDLE,False,1,1,0,1.0,4787,600,6719,2,47,1.9381443298969072
35,-TGbgbhadiw9P4pTWUwHu3DshEonSh7JbVoQ6vFLDh8qVPDIfnJnunWY7pi5UM9TlJMWJ-a7DPP5tw,BRONZE,BRONZE,II,77,qazx232323,EUW,EUW1_7947666786,2026-08-11 19:31:21.674000+00:00,420,CLASSIC,37.65,Viego,JUNGLE,True,9,9,15,2.6666666666666665,15926,21969,37656,41,197,5.232403718459495
35,-TGbgbhadiw9P4pTWUwHu3DshEonSh7JbVoQ6vFLDh8qVPDIfnJnunWY7pi5UM9TlJMWJ-a7DPP5tw,BRONZE,BRONZE,II,77,qazx232323,EUW,EUW1_7947730327,2026-08-11 20:28:46.203000+00:00,420,CLASSIC,43.45,Ekko,JUNGLE,False,9,13,10,1.4615384615384615,16492,23937,54123,31,216,4.971231300345224
35,-TGbgbhadiw9P4pTWUwHu3DshEonSh7JbVoQ6vFLDh8qVPDIfnJnunWY7pi5UM9TlJMWJ-a7DPP5tw,BRONZE,BRONZE,II,77,qazx232323,EUW,EUW1_7948209116,2026-08-12 12:30:00.095000+00:00,420,CLASSIC,29.9,Ekko,JUNGLE,False,5,8,10,1.875,11704,17745,38818,20,143,4.782608695652174
35,-TGbgbhadiw9P4pTWUwHu3DshEonSh7JbVoQ6vFLDh8qVPDIfnJnunWY7pi5UM9TlJMWJ-a7DPP5tw,BRONZE,BRONZE,II,77,qazx232323,EUW,EUW1_7948243203,2026-08-12 13:21:21.538000+00:00,420,CLASSIC,41.63333333333333,Ekko,JUNGLE,False,4,7,10,2.0,15013,19381,44675,51,248,5.956765412329864
35,-TGbgbhadiw9P4pTWUwHu3DshEonSh7JbVoQ6vFLDh8qVPDIfnJnunWY7pi5UM9TlJMWJ-a7DPP5tw,BRONZE,BRONZE,II,77,qazx232323,EUW,EUW1_7948658548,2026-08-12 19:58:08.306000+00:00,420,CLASSIC,38.833333333333336,LeeSin,JUNGLE,False,3,8,13,2.0,13606,18068,40361,40,205,5.278969957081545
35,-TGbgbhadiw9P4pTWUwHu3DshEonSh7JbVoQ6vFLDh8qVPDIfnJnunWY7pi5UM9TlJMWJ-a7DPP5tw,BRONZE,BRONZE,II,77,qazx232323,EUW,EUW1_7949575712,2026-08-13 19:20:57.084000+00:00,420,CLASSIC,1.2333333333333334,Talon,JUNGLE,False,0,0,0,0.0,519,0,293,0,0,0.0
35,-TGbgbhadiw9P4pTWUwHu3DshEonSh7JbVoQ6vFLDh8qVPDIfnJnunWY7pi5UM9TlJMWJ-a7DPP5tw,BRONZE,BRONZE,II,77,qazx232323,EUW,EUW1_7949578149,2026-08-13 19:25:51.019000+00:00,420,CLASSIC,29.616666666666667,Talon,JUNGLE,False,8,9,4,1.3333333333333333,11746,18325,30003,26,179,6.043894203714125
35,-TGbgbhadiw9P4pTWUwHu3DshEonSh7JbVoQ6vFLDh8qVPDIfnJnunWY7pi5UM9TlJMWJ-a7DPP5tw,BRONZE,BRONZE,II,77,qazx232323,EUW,EUW1_7951098391,2026-08-15 12:30:13.573000+00:00,420,CLASSIC,23.55,Fizz,MIDDLE,False,5,7,5,1.4285714285714286,8936,11496,19442,11,123,5.222929936305732
35,-TGbgbhadiw9P4pTWUwHu3DshEonSh7JbVoQ6vFLDh8qVPDIfnJnunWY7pi5UM9TlJMWJ-a7DPP5tw,BRONZE,BRONZE,II,77,qazx232323,EUW,EUW1_7951133237,2026-08-15 12:58:53.814000+00:00,420,CLASSIC,35.083333333333336,Gragas,TOP,False,5,9,6,1.2222222222222223,11758,16727,44036,10,213,6.07125890736342
35,-TGbgbhadiw9P4pTWUwHu3DshEonSh7JbVoQ6vFLDh8qVPDIfnJnunWY7pi5UM9TlJMWJ-a7DPP5tw,BRONZE,BRONZE,II,77,qazx232323,EUW,EUW1_7951173385,2026-08-15 13:42:55.898000+00:00,420,CLASSIC,40.333333333333336,Leblanc,MIDDLE,False,5,10,6,1.1,11150,18960,33414,26,153,3.7933884297520657
35,-TGbgbhadiw9P4pTWUwHu3DshEonSh7JbVoQ6vFLDh8qVPDIfnJnunWY7pi5UM9TlJMWJ-a7DPP5tw,BRONZE,BRONZE,II,77,qazx232323,EUW,EUW1_7952230611,2026-08-16 13:04:43.566000+00:00,420,CLASSIC,26.0,Yasuo,MIDDLE,False,3,6,4,1.1666666666666667,8940,10399,20024,16,183,7.038461538461538
35,-TGbgbhadiw9P4pTWUwHu3DshEonSh7JbVoQ6vFLDh8qVPDIfnJnunWY7pi5UM9TlJMWJ-a7DPP5tw,BRONZE,BRONZE,II,77,qazx232323,EUW,EUW1_7952268511,2026-08-16 13:35:28.309000+00:00,420,CLASSIC,35.43333333333333,Ekko,JUNGLE,False,8,3,9,5.666666666666667,14538,22993,35193,32,210,5.926622765757291
35,-TGbgbhadiw9P4pTWUwHu3DshEonSh7JbVoQ6vFLDh8qVPDIfnJnunWY7pi5UM9TlJMWJ-a7DPP5tw,BRONZE,BRONZE,II,77,qazx232323,EUW,EUW1_7952708344,2026-08-16 19:32:22.574000+00:00,420,CLASSIC,15.966666666666667,Ekko,JUNGLE,True,4,1,3,7.0,6488,3693,11646,10,103,6.450939457202505
35,-TGbgbhadiw9P4pTWUwHu3DshEonSh7JbVoQ6vFLDh8qVPDIfnJnunWY7pi5UM9TlJMWJ-a7DPP5tw,BRONZE,BRONZE,II,77,qazx232323,EUW,EUW1_7953015008,2026-08-17 00:09:15.066000+00:00,420,CLASSIC,26.366666666666667,Riven,TOP,False,17,10,6,2.3,16304,39340,35860,22,186,7.054361567635904
35,-TGbgbhadiw9P4pTWUwHu3DshEonSh7JbVoQ6vFLDh8qVPDIfnJnunWY7pi5UM9TlJMWJ-a7DPP5tw,BRONZE,BRONZE,II,77,qazx232323,EUW,EUW1_7953038543,2026-08-17 00:42:17.645000+00:00,420,CLASSIC,30.716666666666665,Yasuo,BOTTOM,True,27,14,8,2.5,22107,55757,36800,14,250,8.138903960933261
35,-TGbgbhadiw9P4pTWUwHu3DshEonSh7JbVoQ6vFLDh8qVPDIfnJnunWY7pi5UM9TlJMWJ-a7DPP5tw,BRONZE,BRONZE,II,77,qazx232323,EUW,EUW1_7953036361,2026-08-17 01:17:11.168000+00:00,420,CLASSIC,28.583333333333332,Twitch,BOTTOM,True,23,7,7,4.285714285714286,20410,50251,29475,15,216,7.556851311953353
35,-TGbgbhadiw9P4pTWUwHu3DshEonSh7JbVoQ6vFLDh8qVPDIfnJnunWY7pi5UM9TlJMWJ-a7DPP5tw,BRONZE,BRONZE,II,77,qazx232323,EUW,EUW1_7954086703,2026-08-18 03:09:45.347000+00:00,420,CLASSIC,23.766666666666666,Aatrox,TOP,True,9,8,4,1.625,12003,29982,41629,5,165,6.9424964936886395
35,-TGbgbhadiw9P4pTWUwHu3DshEonSh7JbVoQ6vFLDh8qVPDIfnJnunWY7pi5UM9TlJMWJ-a7DPP5tw,BRONZE,BRONZE,II,77,qazx232323,EUW,EUW1_7954278399,2026-08-18 12:40:50.539000+00:00,420,CLASSIC,22.6,Ekko,JUNGLE,False,4,5,5,1.8,8866,6637,21835,21,150,6.63716814159292
35,-TGbgbhadiw9P4pTWUwHu3DshEonSh7JbVoQ6vFLDh8qVPDIfnJnunWY7pi5UM9TlJMWJ-a7DPP5tw,BRONZE,BRONZE,II,77,qazx232323,EUW,EUW1_7954304347,2026-08-18 13:11:01.993000+00:00,420,CLASSIC,41.18333333333333,Nunu,JUNGLE,False,7,10,9,1.6,14932,16084,49612,43,219,5.317685147713477
35,-TGbgbhadiw9P4pTWUwHu3DshEonSh7JbVoQ6vFLDh8qVPDIfnJnunWY7pi5UM9TlJMWJ-a7DPP5tw,BRONZE,BRONZE,II,77,qazx232323,EUW,EUW1_7954344368,2026-08-18 13:59:54.650000+00:00,420,CLASSIC,1.2666666666666666,Ekko,JUNGLE,False,0,0,0,0.0,522,0,289,0,0,0.0
35,-TGbgbhadiw9P4pTWUwHu3DshEonSh7JbVoQ6vFLDh8qVPDIfnJnunWY7pi5UM9TlJMWJ-a7DPP5tw,BRONZE,BRONZE,II,77,qazx232323,EUW,EUW1_7954349292,2026-08-18 14:06:17.169000+00:00,420,CLASSIC,29.0,Briar,JUNGLE,True,7,10,8,1.5,12701,17334,27741,16,159,5.482758620689655
35,-TGbgbhadiw9P4pTWUwHu3DshEonSh7JbVoQ6vFLDh8qVPDIfnJnunWY7pi5UM9TlJMWJ-a7DPP5tw,BRONZE,BRONZE,II,77,qazx232323,EUW,EUW1_7955274383,2026-08-19 12:05:18.657000+00:00,420,CLASSIC,33.483333333333334,Briar,JUNGLE,False,11,10,5,1.6,16051,24354,30674,42,163,4.868093578894973
35,-TGbgbhadiw9P4pTWUwHu3DshEonSh7JbVoQ6vFLDh8qVPDIfnJnunWY7pi5UM9TlJMWJ-a7DPP5tw,BRONZE,BRONZE,II,77,qazx232323,EUW,EUW1_7956288382,2026-08-20 12:27:43.109000+00:00,420,CLASSIC,36.916666666666664,Nasus,TOP,False,7,10,3,1.0,13752,33668,51571,15,246,6.663656884875847
35,-TGbgbhadiw9P4pTWUwHu3DshEonSh7JbVoQ6vFLDh8qVPDIfnJnunWY7pi5UM9TlJMWJ-a7DPP5tw,BRONZE,BRONZE,II,77,qazx232323,EUW,EUW1_7956357021,2026-08-20 13:47:42.517000+00:00,420,CLASSIC,44.25,Nasus,TOP,False,2,12,10,1.0,13838,25083,60667,25,221,4.994350282485875
35,-TGbgbhadiw9P4pTWUwHu3DshEonSh7JbVoQ6vFLDh8qVPDIfnJnunWY7pi5UM9TlJMWJ-a7DPP5tw,BRONZE,BRONZE,II,77,qazx232323,EUW,EUW1_7957411044,2026-08-21 14:18:26.948000+00:00,420,CLASSIC,31.1,Nasus,TOP,False,4,6,3,1.1666666666666667,10953,16757,37245,22,212,6.816720257234726
35,-TGbgbhadiw9P4pTWUwHu3DshEonSh7JbVoQ6vFLDh8qVPDIfnJnunWY7pi5UM9TlJMWJ-a7DPP5tw,BRONZE,BRONZE,II,77,qazx232323,EUW,EUW1_7957830642,2026-08-21 20:20:37.323000+00:00,420,CLASSIC,38.68333333333333,Nasus,TOP,False,3,13,6,0.6923076923076923,11912,27307,57996,13,206,5.325290822921155
36,vbOjjYbwO91ZTR42V3rvS_DaJYeTNR6y4O6WuB3FRg3PUZb5z_8pNWWydCCUJyjhzW7h7NAFXQPVTg,BRONZE,BRONZE,II,1,tyf5,EUW,EUW1_7904253808,2026-06-30 11:48:48.489000+00:00,420,CLASSIC,40.55,Galio,UTILITY,False,7,6,15,3.6666666666666665,13856,17816,28585,86,60,1.4796547472256474
36,vbOjjYbwO91ZTR42V3rvS_DaJYeTNR6y4O6WuB3FRg3PUZb5z_8pNWWydCCUJyjhzW7h7NAFXQPVTg,BRONZE,BRONZE,II,1,tyf5,EUW,EUW1_7904287752,2026-06-30 12:38:00.999000+00:00,420,CLASSIC,15.35,Galio,UTILITY,True,3,1,8,11.0,5633,3394,7406,14,24,1.5635179153094463
36,vbOjjYbwO91ZTR42V3rvS_DaJYeTNR6y4O6WuB3FRg3PUZb5z_8pNWWydCCUJyjhzW7h7NAFXQPVTg,BRONZE,BRONZE,II,1,tyf5,EUW,EUW1_7904304841,2026-06-30 13:01:00.155000+00:00,420,CLASSIC,37.53333333333333,Galio,UTILITY,True,8,8,22,3.75,13998,17952,26062,63,38,1.0124333925399644
36,vbOjjYbwO91ZTR42V3rvS_DaJYeTNR6y4O6WuB3FRg3PUZb5z_8pNWWydCCUJyjhzW7h7NAFXQPVTg,BRONZE,BRONZE,II,1,tyf5,EUW,EUW1_7904612972,2026-06-30 18:00:43.293000+00:00,420,CLASSIC,30.283333333333335,Galio,UTILITY,False,1,9,7,0.8888888888888888,8233,11251,22748,31,59,1.9482663731425425
36,vbOjjYbwO91ZTR42V3rvS_DaJYeTNR6y4O6WuB3FRg3PUZb5z_8pNWWydCCUJyjhzW7h7NAFXQPVTg,BRONZE,BRONZE,II,1,tyf5,EUW,EUW1_7904662975,2026-06-30 18:38:32.240000+00:00,420,CLASSIC,28.266666666666666,Galio,UTILITY,False,5,9,12,1.8888888888888888,10276,13236,23890,37,39,1.3797169811320755
36,vbOjjYbwO91ZTR42V3rvS_DaJYeTNR6y4O6WuB3FRg3PUZb5z_8pNWWydCCUJyjhzW7h7NAFXQPVTg,BRONZE,BRONZE,II,1,tyf5,EUW,EUW1_7904713827,2026-06-30 19:14:47.590000+00:00,420,CLASSIC,37.85,Galio,UTILITY,True,6,8,15,2.625,12363,12994,29634,57,59,1.558784676354029
36,vbOjjYbwO91ZTR42V3rvS_DaJYeTNR6y4O6WuB3FRg3PUZb5z_8pNWWydCCUJyjhzW7h7NAFXQPVTg,BRONZE,BRONZE,II,1,tyf5,EUW,EUW1_7912402860,2026-07-08 13:43:57.138000+00:00,420,CLASSIC,25.883333333333333,Galio,UTILITY,True,4,3,18,7.333333333333333,9770,9095,14456,47,42,1.6226658081133292
36,vbOjjYbwO91ZTR42V3rvS_DaJYeTNR6y4O6WuB3FRg3PUZb5z_8pNWWydCCUJyjhzW7h7NAFXQPVTg,BRONZE,BRONZE,II,1,tyf5,EUW,EUW1_7912427998,2026-07-08 14:15:48.989000+00:00,420,CLASSIC,24.75,Galio,UTILITY,True,4,4,16,5.0,8530,10558,15043,38,34,1.3737373737373737
37,B3YGJXMxthPAPO18vsOXg1WOxfAg-nlzvmp4AyBEUbL-zi4uBfefLrSUTHN_l3-qtQX3Jy-yV84UmA,BRONZE,BRONZE,I,3,the honored one,Tlili,EUW1_7509596264,2025-08-27 20:55:54.724000+00:00,420,CLASSIC,31.616666666666667,Warwick,JUNGLE,False,3,7,4,1.0,10944,8103,41641,22,182,5.756457564575646
37,B3YGJXMxthPAPO18vsOXg1WOxfAg-nlzvmp4AyBEUbL-zi4uBfefLrSUTHN_l3-qtQX3Jy-yV84UmA,BRONZE,BRONZE,I,3,the honored one,Tlili,EUW1_7509676777,2025-08-27 21:34:44.661000+00:00,420,CLASSIC,31.483333333333334,Warwick,JUNGLE,False,12,10,8,2.0,14382,25667,52301,18,159,5.050291159343568
37,B3YGJXMxthPAPO18vsOXg1WOxfAg-nlzvmp4AyBEUbL-zi4uBfefLrSUTHN_l3-qtQX3Jy-yV84UmA,BRONZE,BRONZE,I,3,the honored one,Tlili,EUW1_7511584660,2025-08-29 13:48:57.123000+00:00,420,CLASSIC,31.75,Warwick,JUNGLE,False,6,9,11,1.8888888888888888,11655,24065,49396,23,144,4.535433070866142
37,B3YGJXMxthPAPO18vsOXg1WOxfAg-nlzvmp4AyBEUbL-zi4uBfefLrSUTHN_l3-qtQX3Jy-yV84UmA,BRONZE,BRONZE,I,3,the honored one,Tlili,EUW1_7512336445,2025-08-29 22:47:42.686000+00:00,420,CLASSIC,31.216666666666665,Warwick,JUNGLE,False,4,7,8,1.7142857142857142,10582,12653,40627,26,155,4.965296316070475
37,B3YGJXMxthPAPO18vsOXg1WOxfAg-nlzvmp4AyBEUbL-zi4uBfefLrSUTHN_l3-qtQX3Jy-yV84UmA,BRONZE,BRONZE,I,3,the honored one,Tlili,EUW1_7512384584,2025-08-29 23:27:48.583000+00:00,420,CLASSIC,26.8,Warwick,JUNGLE,True,3,3,4,2.3333333333333335,9242,5621,33219,16,146,5.447761194029851
37,B3YGJXMxthPAPO18vsOXg1WOxfAg-nlzvmp4AyBEUbL-zi4uBfefLrSUTHN_l3-qtQX3Jy-yV84UmA,BRONZE,BRONZE,I,3,the honored one,Tlili,EUW1_7512674904,2025-08-30 11:12:12.641000+00:00,420,CLASSIC,32.5,Warwick,JUNGLE,False,8,7,8,2.2857142857142856,13695,17376,38697,16,197,6.061538461538461
37,B3YGJXMxthPAPO18vsOXg1WOxfAg-nlzvmp4AyBEUbL-zi4uBfefLrSUTHN_l3-qtQX3Jy-yV84UmA,BRONZE,BRONZE,I,3,the honored one,Tlili,EUW1_7513810277,2025-08-31 10:00:07.619000+00:00,420,CLASSIC,16.0,Warwick,JUNGLE,True,3,0,5,8.0,5808,3737,15131,8,82,5.125
37,B3YGJXMxthPAPO18vsOXg1WOxfAg-nlzvmp4AyBEUbL-zi4uBfefLrSUTHN_l3-qtQX3Jy-yV84UmA,BRONZE,BRONZE,I,3,the honored one,Tlili,EUW1_7513838685,2025-08-31 10:24:58.261000+00:00,420,CLASSIC,31.2,Warwick,JUNGLE,False,5,8,9,1.75,11863,16001,46845,24,175,5.6089743589743595
37,B3YGJXMxthPAPO18vsOXg1WOxfAg-nlzvmp4AyBEUbL-zi4uBfefLrSUTHN_l3-qtQX3Jy-yV84UmA,BRONZE,BRONZE,I,3,the honored one,Tlili,EUW1_7513871876,2025-08-31 11:04:47.873000+00:00,420,CLASSIC,30.216666666666665,Warwick,JUNGLE,True,11,6,10,3.5,14397,23512,45778,16,168,5.55984555984556
37,B3YGJXMxthPAPO18vsOXg1WOxfAg-nlzvmp4AyBEUbL-zi4uBfefLrSUTHN_l3-qtQX3Jy-yV84UmA,BRONZE,BRONZE,I,3,the honored one,Tlili,EUW1_7514423009,2025-08-31 18:03:28.741000+00:00,420,CLASSIC,31.283333333333335,Warwick,JUNGLE,False,3,17,16,1.1176470588235294,10378,35502,56975,18,104,3.324453915823122
37,B3YGJXMxthPAPO18vsOXg1WOxfAg-nlzvmp4AyBEUbL-zi4uBfefLrSUTHN_l3-qtQX3Jy-yV84UmA,BRONZE,BRONZE,I,3,the honored one,Tlili,EUW1_7514486595,2025-08-31 18:41:07.579000+00:00,420,CLASSIC,30.116666666666667,Warwick,JUNGLE,False,13,10,7,2.0,13261,27853,51062,21,109,3.619258439402324
37,B3YGJXMxthPAPO18vsOXg1WOxfAg-nlzvmp4AyBEUbL-zi4uBfefLrSUTHN_l3-qtQX3Jy-yV84UmA,BRONZE,BRONZE,I,3,the honored one,Tlili,EUW1_7514541361,2025-08-31 19:19:12.395000+00:00,420,CLASSIC,27.316666666666666,Warwick,JUNGLE,False,4,9,10,1.5555555555555556,9060,10125,35468,13,98,3.587553386211104
37,B3YGJXMxthPAPO18vsOXg1WOxfAg-nlzvmp4AyBEUbL-zi4uBfefLrSUTHN_l3-qtQX3Jy-yV84UmA,BRONZE,BRONZE,I,3,the honored one,Tlili,EUW1_7517378025,2025-09-03 15:10:41.518000+00:00,420,CLASSIC,26.766666666666666,Warwick,JUNGLE,False,10,6,5,2.5,11047,18606,35394,17,114,4.259028642590287
37,B3YGJXMxthPAPO18vsOXg1WOxfAg-nlzvmp4AyBEUbL-zi4uBfefLrSUTHN_l3-qtQX3Jy-yV84UmA,BRONZE,BRONZE,I,3,the honored one,Tlili,EUW1_7520293543,2025-09-06 12:59:58.472000+00:00,420,CLASSIC,28.433333333333334,Pantheon,JUNGLE,False,1,9,4,0.5555555555555556,7335,5887,32528,15,90,3.1652989449003517
37,B3YGJXMxthPAPO18vsOXg1WOxfAg-nlzvmp4AyBEUbL-zi4uBfefLrSUTHN_l3-qtQX3Jy-yV84UmA,BRONZE,BRONZE,I,3,the honored one,Tlili,EUW1_7520334599,2025-09-06 13:42:45.394000+00:00,420,CLASSIC,29.666666666666668,Volibear,JUNGLE,False,6,5,4,2.0,11461,11234,31211,15,168,5.662921348314606
37,B3YGJXMxthPAPO18vsOXg1WOxfAg-nlzvmp4AyBEUbL-zi4uBfefLrSUTHN_l3-qtQX3Jy-yV84UmA,BRONZE,BRONZE,I,3,the honored one,Tlili,EUW1_7520367267,2025-09-06 14:19:59.515000+00:00,420,CLASSIC,21.783333333333335,Warwick,JUNGLE,True,3,1,2,5.0,8228,5532,22772,13,142,6.518745218056618
37,B3YGJXMxthPAPO18vsOXg1WOxfAg-nlzvmp4AyBEUbL-zi4uBfefLrSUTHN_l3-qtQX3Jy-yV84UmA,BRONZE,BRONZE,I,3,the honored one,Tlili,EUW1_7528202864,2025-09-14 10:43:19.679000+00:00,420,CLASSIC,40.9,Warwick,JUNGLE,True,16,9,14,3.3333333333333335,18533,32804,71197,28,217,5.305623471882641
37,B3YGJXMxthPAPO18vsOXg1WOxfAg-nlzvmp4AyBEUbL-zi4uBfefLrSUTHN_l3-qtQX3Jy-yV84UmA,BRONZE,BRONZE,I,3,the honored one,Tlili,EUW1_7530471732,2025-09-16 16:13:55.693000+00:00,420,CLASSIC,31.816666666666666,Warwick,JUNGLE,False,6,10,15,2.1,13162,20990,50623,16,176,5.5316919853326345
37,B3YGJXMxthPAPO18vsOXg1WOxfAg-nlzvmp4AyBEUbL-zi4uBfefLrSUTHN_l3-qtQX3Jy-yV84UmA,BRONZE,BRONZE,I,3,the honored one,Tlili,EUW1_7530511737,2025-09-16 16:51:07.470000+00:00,420,CLASSIC,33.21666666666667,Jax,JUNGLE,False,11,9,4,1.6666666666666667,14418,29209,47777,22,123,3.702960361264425
37,B3YGJXMxthPAPO18vsOXg1WOxfAg-nlzvmp4AyBEUbL-zi4uBfefLrSUTHN_l3-qtQX3Jy-yV84UmA,BRONZE,BRONZE,I,3,the honored one,Tlili,EUW1_7534344248,2025-09-20 17:47:26.889000+00:00,420,CLASSIC,30.583333333333332,Warwick,JUNGLE,False,17,7,7,3.4285714285714284,15638,31184,45553,12,159,5.198910081743869
37,B3YGJXMxthPAPO18vsOXg1WOxfAg-nlzvmp4AyBEUbL-zi4uBfefLrSUTHN_l3-qtQX3Jy-yV84UmA,BRONZE,BRONZE,I,3,the honored one,Tlili,EUW1_7534381454,2025-09-20 18:25:03.115000+00:00,420,CLASSIC,29.783333333333335,Volibear,JUNGLE,False,5,7,9,2.0,10655,16101,44560,14,152,5.103525461667599
37,B3YGJXMxthPAPO18vsOXg1WOxfAg-nlzvmp4AyBEUbL-zi4uBfefLrSUTHN_l3-qtQX3Jy-yV84UmA,BRONZE,BRONZE,I,3,the honored one,Tlili,EUW1_7545253085,2025-09-27 22:37:27.179000+00:00,420,CLASSIC,28.566666666666666,Warwick,JUNGLE,False,6,8,13,2.375,9972,18673,36045,19,108,3.780630105017503
37,B3YGJXMxthPAPO18vsOXg1WOxfAg-nlzvmp4AyBEUbL-zi4uBfefLrSUTHN_l3-qtQX3Jy-yV84UmA,BRONZE,BRONZE,I,3,the honored one,Tlili,EUW1_7545305311,2025-09-27 23:10:48.665000+00:00,420,CLASSIC,38.13333333333333,Warwick,JUNGLE,True,11,11,18,2.6363636363636362,16399,38705,68089,23,167,4.379370629370629
37,B3YGJXMxthPAPO18vsOXg1WOxfAg-nlzvmp4AyBEUbL-zi4uBfefLrSUTHN_l3-qtQX3Jy-yV84UmA,BRONZE,BRONZE,I,3,the honored one,Tlili,EUW1_7545360448,2025-09-27 23:53:34.222000+00:00,420,CLASSIC,18.883333333333333,Warwick,JUNGLE,False,2,6,2,0.6666666666666666,5603,7313,25756,8,75,3.971756398940865
37,B3YGJXMxthPAPO18vsOXg1WOxfAg-nlzvmp4AyBEUbL-zi4uBfefLrSUTHN_l3-qtQX3Jy-yV84UmA,BRONZE,BRONZE,I,3,the honored one,Tlili,EUW1_7545390870,2025-09-28 00:18:42.109000+00:00,420,CLASSIC,28.566666666666666,Warwick,JUNGLE,True,5,5,12,3.4,10195,16959,40865,18,140,4.900816802800467
37,B3YGJXMxthPAPO18vsOXg1WOxfAg-nlzvmp4AyBEUbL-zi4uBfefLrSUTHN_l3-qtQX3Jy-yV84UmA,BRONZE,BRONZE,I,3,the honored one,Tlili,EUW1_7545421080,2025-09-28 00:55:18.036000+00:00,420,CLASSIC,20.1,Warwick,JUNGLE,True,5,2,11,8.0,9361,16123,26486,10,119,5.920398009950248
37,B3YGJXMxthPAPO18vsOXg1WOxfAg-nlzvmp4AyBEUbL-zi4uBfefLrSUTHN_l3-qtQX3Jy-yV84UmA,BRONZE,BRONZE,I,3,the honored one,Tlili,EUW1_7546054475,2025-09-28 12:50:03.020000+00:00,420,CLASSIC,33.15,Warwick,JUNGLE,False,7,10,9,1.6,12098,15661,53635,18,166,5.007541478129713
37,B3YGJXMxthPAPO18vsOXg1WOxfAg-nlzvmp4AyBEUbL-zi4uBfefLrSUTHN_l3-qtQX3Jy-yV84UmA,BRONZE,BRONZE,I,3,the honored one,Tlili,EUW1_7548652752,2025-09-29 19:33:30.080000+00:00,420,CLASSIC,38.2,Warwick,JUNGLE,True,10,6,12,3.6666666666666665,15528,25553,61922,36,201,5.261780104712042
37,B3YGJXMxthPAPO18vsOXg1WOxfAg-nlzvmp4AyBEUbL-zi4uBfefLrSUTHN_l3-qtQX3Jy-yV84UmA,BRONZE,BRONZE,I,3,the honored one,Tlili,EUW1_7550780197,2025-10-01 09:13:04.036000+00:00,420,CLASSIC,27.016666666666666,Warwick,JUNGLE,True,10,6,12,3.6666666666666665,11420,17355,38976,13,142,5.256014805675509
37,B3YGJXMxthPAPO18vsOXg1WOxfAg-nlzvmp4AyBEUbL-zi4uBfefLrSUTHN_l3-qtQX3Jy-yV84UmA,BRONZE,BRONZE,I,3,the honored one,Tlili,EUW1_7551909074,2025-10-01 22:31:23.015000+00:00,420,CLASSIC,46.583333333333336,Kayn,JUNGLE,False,9,16,19,1.75,15878,20952,60709,29,170,3.6493738819320214
37,B3YGJXMxthPAPO18vsOXg1WOxfAg-nlzvmp4AyBEUbL-zi4uBfefLrSUTHN_l3-qtQX3Jy-yV84UmA,BRONZE,BRONZE,I,3,the honored one,Tlili,EUW1_7553176558,2025-10-02 21:18:49.435000+00:00,420,CLASSIC,21.083333333333332,Warwick,JUNGLE,True,2,4,7,2.25,6983,5399,27234,11,102,4.837944664031621
37,B3YGJXMxthPAPO18vsOXg1WOxfAg-nlzvmp4AyBEUbL-zi4uBfefLrSUTHN_l3-qtQX3Jy-yV84UmA,BRONZE,BRONZE,I,3,the honored one,Tlili,EUW1_7555942785,2025-10-04 19:51:48.020000+00:00,420,CLASSIC,31.033333333333335,Kayn,JUNGLE,False,3,12,5,0.6666666666666666,10486,9987,33559,18,132,4.253490870032223
37,B3YGJXMxthPAPO18vsOXg1WOxfAg-nlzvmp4AyBEUbL-zi4uBfefLrSUTHN_l3-qtQX3Jy-yV84UmA,BRONZE,BRONZE,I,3,the honored one,Tlili,EUW1_7561051489,2025-10-08 19:18:12.468000+00:00,420,CLASSIC,30.383333333333333,Volibear,JUNGLE,True,7,1,4,11.0,12534,15074,32375,19,167,5.496434448710916
37,B3YGJXMxthPAPO18vsOXg1WOxfAg-nlzvmp4AyBEUbL-zi4uBfefLrSUTHN_l3-qtQX3Jy-yV84UmA,BRONZE,BRONZE,I,3,the honored one,Tlili,EUW1_7561168684,2025-10-08 20:26:00.945000+00:00,420,CLASSIC,29.566666666666666,Volibear,JUNGLE,True,3,1,8,11.0,10899,8096,30624,14,163,5.512965050732808
37,B3YGJXMxthPAPO18vsOXg1WOxfAg-nlzvmp4AyBEUbL-zi4uBfefLrSUTHN_l3-qtQX3Jy-yV84UmA,BRONZE,BRONZE,I,3,the honored one,Tlili,EUW1_7561221989,2025-10-08 21:01:39.954000+00:00,420,CLASSIC,36.233333333333334,Warwick,JUNGLE,True,5,7,7,1.7142857142857142,12469,10302,62032,33,193,5.326586936522539
37,B3YGJXMxthPAPO18vsOXg1WOxfAg-nlzvmp4AyBEUbL-zi4uBfefLrSUTHN_l3-qtQX3Jy-yV84UmA,BRONZE,BRONZE,I,3,the honored one,Tlili,EUW1_7561825297,2025-10-09 14:22:58.346000+00:00,420,CLASSIC,35.6,Warwick,JUNGLE,True,14,5,4,3.6,15761,19045,53315,24,178,5.0
37,B3YGJXMxthPAPO18vsOXg1WOxfAg-nlzvmp4AyBEUbL-zi4uBfefLrSUTHN_l3-qtQX3Jy-yV84UmA,BRONZE,BRONZE,I,3,the honored one,Tlili,EUW1_7565047834,2025-10-12 00:11:31.426000+00:00,420,CLASSIC,18.083333333333332,Warwick,JUNGLE,True,3,1,7,10.0,6818,7531,17512,13,87,4.811059907834101
37,B3YGJXMxthPAPO18vsOXg1WOxfAg-nlzvmp4AyBEUbL-zi4uBfefLrSUTHN_l3-qtQX3Jy-yV84UmA,BRONZE,BRONZE,I,3,the honored one,Tlili,EUW1_7565060435,2025-10-12 00:36:12.262000+00:00,420,CLASSIC,19.516666666666666,Warwick,JUNGLE,False,4,10,3,0.7,6210,9882,25538,7,56,2.86934244235696
37,B3YGJXMxthPAPO18vsOXg1WOxfAg-nlzvmp4AyBEUbL-zi4uBfefLrSUTHN_l3-qtQX3Jy-yV84UmA,BRONZE,BRONZE,I,3,the honored one,Tlili,EUW1_7565084635,2025-10-12 01:06:55.692000+00:00,420,CLASSIC,32.983333333333334,Warwick,JUNGLE,False,6,14,6,0.8571428571428571,11663,18568,48911,16,101,3.062152602324406
37,B3YGJXMxthPAPO18vsOXg1WOxfAg-nlzvmp4AyBEUbL-zi4uBfefLrSUTHN_l3-qtQX3Jy-yV84UmA,BRONZE,BRONZE,I,3,the honored one,Tlili,EUW1_7566588877,2025-10-13 11:05:03.407000+00:00,420,CLASSIC,33.766666666666666,Warwick,JUNGLE,True,7,4,10,4.25,13823,20184,44382,25,166,4.91609081934847
37,B3YGJXMxthPAPO18vsOXg1WOxfAg-nlzvmp4AyBEUbL-zi4uBfefLrSUTHN_l3-qtQX3Jy-yV84UmA,BRONZE,BRONZE,I,3,the honored one,Tlili,EUW1_7576952666,2025-10-22 12:23:29.084000+00:00,420,CLASSIC,33.05,Warwick,JUNGLE,False,6,8,9,1.875,11419,15206,50193,15,161,4.871406959152799
37,B3YGJXMxthPAPO18vsOXg1WOxfAg-nlzvmp4AyBEUbL-zi4uBfefLrSUTHN_l3-qtQX3Jy-yV84UmA,BRONZE,BRONZE,I,3,the honored one,Tlili,EUW1_7579269246,2025-10-24 13:02:43.498000+00:00,420,CLASSIC,13.583333333333334,Warwick,JUNGLE,False,1,1,0,1.0,3806,1675,11586,8,65,4.785276073619632
37,B3YGJXMxthPAPO18vsOXg1WOxfAg-nlzvmp4AyBEUbL-zi4uBfefLrSUTHN_l3-qtQX3Jy-yV84UmA,BRONZE,BRONZE,I,3,the honored one,Tlili,EUW1_7583348447,2025-10-27 16:25:53.109000+00:00,420,CLASSIC,34.733333333333334,Warwick,JUNGLE,False,5,8,8,1.625,11940,22658,56174,23,177,5.095969289827255
37,B3YGJXMxthPAPO18vsOXg1WOxfAg-nlzvmp4AyBEUbL-zi4uBfefLrSUTHN_l3-qtQX3Jy-yV84UmA,BRONZE,BRONZE,I,3,the honored one,Tlili,EUW1_7586356001,2025-10-30 10:36:19.385000+00:00,420,CLASSIC,40.666666666666664,Warwick,JUNGLE,False,9,9,12,2.3333333333333335,15781,30563,73188,28,232,5.704918032786885
37,B3YGJXMxthPAPO18vsOXg1WOxfAg-nlzvmp4AyBEUbL-zi4uBfefLrSUTHN_l3-qtQX3Jy-yV84UmA,BRONZE,BRONZE,I,3,the honored one,Tlili,EUW1_7593581442,2025-11-05 21:46:26.819000+00:00,420,CLASSIC,29.4,Warwick,JUNGLE,True,17,4,16,8.25,16615,44385,50888,17,174,5.918367346938775
37,B3YGJXMxthPAPO18vsOXg1WOxfAg-nlzvmp4AyBEUbL-zi4uBfefLrSUTHN_l3-qtQX3Jy-yV84UmA,BRONZE,BRONZE,I,3,the honored one,Tlili,EUW1_7602215226,2025-11-13 15:18:57.120000+00:00,420,CLASSIC,41.7,Warwick,JUNGLE,True,12,7,5,2.4285714285714284,18833,29040,58397,40,246,5.899280575539568
37,B3YGJXMxthPAPO18vsOXg1WOxfAg-nlzvmp4AyBEUbL-zi4uBfefLrSUTHN_l3-qtQX3Jy-yV84UmA,BRONZE,BRONZE,I,3,the honored one,Tlili,EUW1_7616011285,2025-11-24 17:29:38.650000+00:00,420,CLASSIC,32.53333333333333,Warwick,JUNGLE,False,7,10,7,1.4,11918,24437,51059,17,152,4.672131147540984
37,B3YGJXMxthPAPO18vsOXg1WOxfAg-nlzvmp4AyBEUbL-zi4uBfefLrSUTHN_l3-qtQX3Jy-yV84UmA,BRONZE,BRONZE,I,3,the honored one,Tlili,EUW1_7617424008,2025-11-25 20:14:43.584000+00:00,420,CLASSIC,28.583333333333332,DrMundo,JUNGLE,False,3,8,2,0.625,9406,10874,54607,12,127,4.443148688046647
37,B3YGJXMxthPAPO18vsOXg1WOxfAg-nlzvmp4AyBEUbL-zi4uBfefLrSUTHN_l3-qtQX3Jy-yV84UmA,BRONZE,BRONZE,I,3,the honored one,Tlili,EUW1_7617483069,2025-11-25 20:47:52.091000+00:00,420,CLASSIC,40.11666666666667,DrMundo,JUNGLE,True,2,6,8,1.6666666666666667,12940,14588,88219,17,179,4.461985874532613
37,B3YGJXMxthPAPO18vsOXg1WOxfAg-nlzvmp4AyBEUbL-zi4uBfefLrSUTHN_l3-qtQX3Jy-yV84UmA,BRONZE,BRONZE,I,3,the honored one,Tlili,EUW1_7624395000,2025-12-01 21:28:33.160000+00:00,420,CLASSIC,32.81666666666667,Warwick,JUNGLE,True,9,6,9,3.0,13687,19704,48666,17,170,5.180294565769426
37,B3YGJXMxthPAPO18vsOXg1WOxfAg-nlzvmp4AyBEUbL-zi4uBfefLrSUTHN_l3-qtQX3Jy-yV84UmA,BRONZE,BRONZE,I,3,the honored one,Tlili,EUW1_7625386496,2025-12-02 20:30:29.542000+00:00,420,CLASSIC,26.45,Warwick,JUNGLE,True,9,4,11,5.0,11432,22264,31284,14,143,5.406427221172023
37,B3YGJXMxthPAPO18vsOXg1WOxfAg-nlzvmp4AyBEUbL-zi4uBfefLrSUTHN_l3-qtQX3Jy-yV84UmA,BRONZE,BRONZE,I,3,the honored one,Tlili,EUW1_7625439716,2025-12-02 21:01:59.773000+00:00,420,CLASSIC,27.916666666666668,DrMundo,JUNGLE,True,3,6,8,1.8333333333333333,9564,12004,46025,13,141,5.050746268656717
37,B3YGJXMxthPAPO18vsOXg1WOxfAg-nlzvmp4AyBEUbL-zi4uBfefLrSUTHN_l3-qtQX3Jy-yV84UmA,BRONZE,BRONZE,I,3,the honored one,Tlili,EUW1_7628142888,2025-12-04 18:49:54.892000+00:00,420,CLASSIC,26.95,Warwick,JUNGLE,False,10,10,5,1.5,12166,19324,42377,8,114,4.230055658627087
37,B3YGJXMxthPAPO18vsOXg1WOxfAg-nlzvmp4AyBEUbL-zi4uBfefLrSUTHN_l3-qtQX3Jy-yV84UmA,BRONZE,BRONZE,I,3,the honored one,Tlili,EUW1_7628714253,2025-12-04 23:39:12.972000+00:00,420,CLASSIC,1.75,Warwick,JUNGLE,True,0,0,0,0.0,512,0,356,0,0,0.0
37,B3YGJXMxthPAPO18vsOXg1WOxfAg-nlzvmp4AyBEUbL-zi4uBfefLrSUTHN_l3-qtQX3Jy-yV84UmA,BRONZE,BRONZE,I,3,the honored one,Tlili,EUW1_7628729538,2025-12-04 23:45:55.862000+00:00,420,CLASSIC,36.666666666666664,Warwick,JUNGLE,False,9,8,7,2.0,16667,21811,57655,20,221,6.027272727272727
37,B3YGJXMxthPAPO18vsOXg1WOxfAg-nlzvmp4AyBEUbL-zi4uBfefLrSUTHN_l3-qtQX3Jy-yV84UmA,BRONZE,BRONZE,I,3,the honored one,Tlili,EUW1_7628819729,2025-12-05 01:33:49.553000+00:00,420,CLASSIC,23.166666666666668,Warwick,JUNGLE,True,16,3,9,8.333333333333334,11459,17569,31741,16,131,5.654676258992805
37,B3YGJXMxthPAPO18vsOXg1WOxfAg-nlzvmp4AyBEUbL-zi4uBfefLrSUTHN_l3-qtQX3Jy-yV84UmA,BRONZE,BRONZE,I,3,the honored one,Tlili,EUW1_7628833075,2025-12-05 02:06:39.060000+00:00,420,CLASSIC,22.583333333333332,Jinx,BOTTOM,False,2,9,6,0.8888888888888888,6417,6570,17133,4,101,4.472324723247232
37,B3YGJXMxthPAPO18vsOXg1WOxfAg-nlzvmp4AyBEUbL-zi4uBfefLrSUTHN_l3-qtQX3Jy-yV84UmA,BRONZE,BRONZE,I,3,the honored one,Tlili,EUW1_7628844978,2025-12-05 02:33:53.422000+00:00,420,CLASSIC,32.3,Warwick,JUNGLE,True,6,6,7,2.1666666666666665,11843,18988,45049,29,167,5.170278637770898
37,B3YGJXMxthPAPO18vsOXg1WOxfAg-nlzvmp4AyBEUbL-zi4uBfefLrSUTHN_l3-qtQX3Jy-yV84UmA,BRONZE,BRONZE,I,3,the honored one,Tlili,EUW1_7628858065,2025-12-05 03:16:13.266000+00:00,420,CLASSIC,24.716666666666665,DrMundo,JUNGLE,True,4,2,12,8.0,9367,9773,37297,15,126,5.09777478084963
37,B3YGJXMxthPAPO18vsOXg1WOxfAg-nlzvmp4AyBEUbL-zi4uBfefLrSUTHN_l3-qtQX3Jy-yV84UmA,BRONZE,BRONZE,I,3,the honored one,Tlili,EUW1_7628868983,2025-12-05 03:51:11.907000+00:00,420,CLASSIC,21.2,Warwick,JUNGLE,True,4,3,4,2.6666666666666665,8027,12992,22148,13,90,4.245283018867925
37,B3YGJXMxthPAPO18vsOXg1WOxfAg-nlzvmp4AyBEUbL-zi4uBfefLrSUTHN_l3-qtQX3Jy-yV84UmA,BRONZE,BRONZE,I,3,the honored one,Tlili,EUW1_7628877846,2025-12-05 04:32:30.756000+00:00,420,CLASSIC,36.516666666666666,Warwick,JUNGLE,True,8,10,12,2.0,14497,24367,63343,21,162,4.4363304427202195
37,B3YGJXMxthPAPO18vsOXg1WOxfAg-nlzvmp4AyBEUbL-zi4uBfefLrSUTHN_l3-qtQX3Jy-yV84UmA,BRONZE,BRONZE,I,3,the honored one,Tlili,EUW1_7630102319,2025-12-05 22:27:03.655000+00:00,420,CLASSIC,31.2,Warwick,JUNGLE,False,4,8,8,1.5,10803,13939,47385,16,144,4.615384615384616
37,B3YGJXMxthPAPO18vsOXg1WOxfAg-nlzvmp4AyBEUbL-zi4uBfefLrSUTHN_l3-qtQX3Jy-yV84UmA,BRONZE,BRONZE,I,3,the honored one,Tlili,EUW1_7631854971,2025-12-06 23:24:53.858000+00:00,420,CLASSIC,34.15,Warwick,JUNGLE,False,10,12,12,1.8333333333333333,13372,20787,57850,24,150,4.392386530014641
37,B3YGJXMxthPAPO18vsOXg1WOxfAg-nlzvmp4AyBEUbL-zi4uBfefLrSUTHN_l3-qtQX3Jy-yV84UmA,BRONZE,BRONZE,I,3,the honored one,Tlili,EUW1_7633682985,2025-12-08 00:24:26.857000+00:00,420,CLASSIC,25.45,Warwick,JUNGLE,False,6,6,1,1.1666666666666667,9396,8039,31371,14,132,5.18664047151277
37,B3YGJXMxthPAPO18vsOXg1WOxfAg-nlzvmp4AyBEUbL-zi4uBfefLrSUTHN_l3-qtQX3Jy-yV84UmA,BRONZE,BRONZE,I,3,the honored one,Tlili,EUW1_7635607097,2025-12-09 14:06:25.240000+00:00,420,CLASSIC,29.883333333333333,Volibear,JUNGLE,True,8,4,10,4.5,12076,17557,33503,18,156,5.220301171221417
37,B3YGJXMxthPAPO18vsOXg1WOxfAg-nlzvmp4AyBEUbL-zi4uBfefLrSUTHN_l3-qtQX3Jy-yV84UmA,BRONZE,BRONZE,I,3,the honored one,Tlili,EUW1_7636385678,2025-12-09 21:40:17.910000+00:00,420,CLASSIC,31.166666666666668,Warwick,JUNGLE,False,10,10,6,1.6,12455,22260,54340,19,148,4.7486631016042775
37,B3YGJXMxthPAPO18vsOXg1WOxfAg-nlzvmp4AyBEUbL-zi4uBfefLrSUTHN_l3-qtQX3Jy-yV84UmA,BRONZE,BRONZE,I,3,the honored one,Tlili,EUW1_7637090890,2025-12-10 14:51:35.232000+00:00,420,CLASSIC,36.2,DrMundo,JUNGLE,True,6,5,15,4.2,12971,25280,67506,20,148,4.088397790055248
37,B3YGJXMxthPAPO18vsOXg1WOxfAg-nlzvmp4AyBEUbL-zi4uBfefLrSUTHN_l3-qtQX3Jy-yV84UmA,BRONZE,BRONZE,I,3,the honored one,Tlili,EUW1_7637450714,2025-12-10 18:48:58.152000+00:00,420,CLASSIC,25.933333333333334,Warwick,JUNGLE,False,4,9,1,0.5555555555555556,8423,11244,38675,17,96,3.7017994858611827
37,B3YGJXMxthPAPO18vsOXg1WOxfAg-nlzvmp4AyBEUbL-zi4uBfefLrSUTHN_l3-qtQX3Jy-yV84UmA,BRONZE,BRONZE,I,3,the honored one,Tlili,EUW1_7644749710,2025-12-15 19:58:20.174000+00:00,420,CLASSIC,33.96666666666667,Warwick,JUNGLE,False,9,7,13,3.142857142857143,15555,26813,61003,21,189,5.564278704612365
37,B3YGJXMxthPAPO18vsOXg1WOxfAg-nlzvmp4AyBEUbL-zi4uBfefLrSUTHN_l3-qtQX3Jy-yV84UmA,BRONZE,BRONZE,I,3,the honored one,Tlili,EUW1_7646421796,2025-12-16 23:41:11.766000+00:00,420,CLASSIC,24.916666666666668,Warwick,JUNGLE,True,5,4,7,3.0,10014,10936,28239,13,136,5.45819397993311
37,B3YGJXMxthPAPO18vsOXg1WOxfAg-nlzvmp4AyBEUbL-zi4uBfefLrSUTHN_l3-qtQX3Jy-yV84UmA,BRONZE,BRONZE,I,3,the honored one,Tlili,EUW1_7649850351,2025-12-19 19:48:21.722000+00:00,420,CLASSIC,31.7,Warwick,JUNGLE,True,8,7,13,3.0,13065,22278,54396,20,144,4.542586750788644
37,B3YGJXMxthPAPO18vsOXg1WOxfAg-nlzvmp4AyBEUbL-zi4uBfefLrSUTHN_l3-qtQX3Jy-yV84UmA,BRONZE,BRONZE,I,3,the honored one,Tlili,EUW1_7649926323,2025-12-19 20:34:55.437000+00:00,420,CLASSIC,23.6,Warwick,JUNGLE,False,4,5,3,1.4,8530,8732,30689,17,128,5.423728813559322
37,B3YGJXMxthPAPO18vsOXg1WOxfAg-nlzvmp4AyBEUbL-zi4uBfefLrSUTHN_l3-qtQX3Jy-yV84UmA,BRONZE,BRONZE,I,3,the honored one,Tlili,EUW1_7652295816,2025-12-21 15:43:12.908000+00:00,420,CLASSIC,26.666666666666668,Warwick,JUNGLE,False,7,7,6,1.8571428571428572,10571,13277,39412,15,134,5.0249999999999995
37,B3YGJXMxthPAPO18vsOXg1WOxfAg-nlzvmp4AyBEUbL-zi4uBfefLrSUTHN_l3-qtQX3Jy-yV84UmA,BRONZE,BRONZE,I,3,the honored one,Tlili,EUW1_7653340986,2025-12-22 09:35:47.529000+00:00,420,CLASSIC,29.516666666666666,Warwick,JUNGLE,True,8,2,6,7.0,13258,14613,36559,19,203,6.877470355731226
37,B3YGJXMxthPAPO18vsOXg1WOxfAg-nlzvmp4AyBEUbL-zi4uBfefLrSUTHN_l3-qtQX3Jy-yV84UmA,BRONZE,BRONZE,I,3,the honored one,Tlili,EUW1_7653359349,2025-12-22 10:12:30.969000+00:00,420,CLASSIC,26.666666666666668,Warwick,JUNGLE,True,14,5,6,4.0,13059,18988,35264,17,147,5.5125
37,B3YGJXMxthPAPO18vsOXg1WOxfAg-nlzvmp4AyBEUbL-zi4uBfefLrSUTHN_l3-qtQX3Jy-yV84UmA,BRONZE,BRONZE,I,3,the honored one,Tlili,EUW1_7653896348,2025-12-22 18:11:27.757000+00:00,420,CLASSIC,26.2,Warwick,JUNGLE,False,10,8,5,1.875,11720,23794,39801,16,106,4.0458015267175576
37,B3YGJXMxthPAPO18vsOXg1WOxfAg-nlzvmp4AyBEUbL-zi4uBfefLrSUTHN_l3-qtQX3Jy-yV84UmA,BRONZE,BRONZE,I,3,the honored one,Tlili,EUW1_7654080722,2025-12-22 19:59:47.869000+00:00,420,CLASSIC,28.366666666666667,Volibear,JUNGLE,True,1,7,9,1.4285714285714286,9317,12763,37748,9,151,5.323149236192714
37,B3YGJXMxthPAPO18vsOXg1WOxfAg-nlzvmp4AyBEUbL-zi4uBfefLrSUTHN_l3-qtQX3Jy-yV84UmA,BRONZE,BRONZE,I,3,the honored one,Tlili,EUW1_7654142566,2025-12-22 20:31:35.599000+00:00,420,CLASSIC,28.716666666666665,Warwick,JUNGLE,False,13,7,2,2.142857142857143,13989,28851,43322,12,139,4.840394660475915
37,B3YGJXMxthPAPO18vsOXg1WOxfAg-nlzvmp4AyBEUbL-zi4uBfefLrSUTHN_l3-qtQX3Jy-yV84UmA,BRONZE,BRONZE,I,3,the honored one,Tlili,EUW1_7657325201,2025-12-25 15:07:18.191000+00:00,420,CLASSIC,19.333333333333332,Warwick,JUNGLE,False,0,4,0,0.0,5234,3655,21931,8,93,4.810344827586207
37,B3YGJXMxthPAPO18vsOXg1WOxfAg-nlzvmp4AyBEUbL-zi4uBfefLrSUTHN_l3-qtQX3Jy-yV84UmA,BRONZE,BRONZE,I,3,the honored one,Tlili,EUW1_7658107026,2025-12-26 00:43:48.405000+00:00,420,CLASSIC,27.783333333333335,Warwick,JUNGLE,False,11,7,7,2.5714285714285716,12127,22541,42814,12,126,4.535092981403719
37,B3YGJXMxthPAPO18vsOXg1WOxfAg-nlzvmp4AyBEUbL-zi4uBfefLrSUTHN_l3-qtQX3Jy-yV84UmA,BRONZE,BRONZE,I,3,the honored one,Tlili,EUW1_7660187940,2025-12-27 18:44:14.902000+00:00,420,CLASSIC,24.933333333333334,Warwick,JUNGLE,True,4,7,13,2.4285714285714284,9225,12902,34095,15,115,4.612299465240642
37,B3YGJXMxthPAPO18vsOXg1WOxfAg-nlzvmp4AyBEUbL-zi4uBfefLrSUTHN_l3-qtQX3Jy-yV84UmA,BRONZE,BRONZE,I,3,the honored one,Tlili,EUW1_7660236768,2025-12-27 19:18:10.483000+00:00,420,CLASSIC,30.716666666666665,DrMundo,JUNGLE,True,2,5,10,2.4,10888,17220,49474,18,150,4.883342376559957
37,B3YGJXMxthPAPO18vsOXg1WOxfAg-nlzvmp4AyBEUbL-zi4uBfefLrSUTHN_l3-qtQX3Jy-yV84UmA,BRONZE,BRONZE,I,3,the honored one,Tlili,EUW1_7682002030,2026-01-12 13:31:06.362000+00:00,420,CLASSIC,29.866666666666667,Warwick,JUNGLE,False,5,12,1,0.5,10541,12712,37251,16,116,3.883928571428571
37,B3YGJXMxthPAPO18vsOXg1WOxfAg-nlzvmp4AyBEUbL-zi4uBfefLrSUTHN_l3-qtQX3Jy-yV84UmA,BRONZE,BRONZE,I,3,the honored one,Tlili,EUW1_7682049139,2026-01-12 14:19:52.392000+00:00,420,CLASSIC,26.616666666666667,Warwick,JUNGLE,True,10,6,5,2.5,11341,18420,31511,21,136,5.109580463368816
37,B3YGJXMxthPAPO18vsOXg1WOxfAg-nlzvmp4AyBEUbL-zi4uBfefLrSUTHN_l3-qtQX3Jy-yV84UmA,BRONZE,BRONZE,I,3,the honored one,Tlili,EUW1_7688750825,2026-01-17 02:07:27.562000+00:00,420,CLASSIC,27.283333333333335,DrMundo,JUNGLE,False,3,10,7,1.0,8396,14827,46306,22,99,3.628588882101405
37,B3YGJXMxthPAPO18vsOXg1WOxfAg-nlzvmp4AyBEUbL-zi4uBfefLrSUTHN_l3-qtQX3Jy-yV84UmA,BRONZE,BRONZE,I,3,the honored one,Tlili,EUW1_7692245512,2026-01-19 14:20:02.204000+00:00,420,CLASSIC,31.883333333333333,Warwick,JUNGLE,False,7,12,13,1.6666666666666667,12801,23520,48776,30,147,4.610559330893884
37,B3YGJXMxthPAPO18vsOXg1WOxfAg-nlzvmp4AyBEUbL-zi4uBfefLrSUTHN_l3-qtQX3Jy-yV84UmA,BRONZE,BRONZE,I,3,the honored one,Tlili,EUW1_7692281108,2026-01-19 14:57:33.105000+00:00,420,CLASSIC,34.53333333333333,Warwick,JUNGLE,True,13,5,11,4.8,16045,30204,41893,31,184,5.328185328185328
37,B3YGJXMxthPAPO18vsOXg1WOxfAg-nlzvmp4AyBEUbL-zi4uBfefLrSUTHN_l3-qtQX3Jy-yV84UmA,BRONZE,BRONZE,I,3,the honored one,Tlili,EUW1_7693973690,2026-01-20 19:03:08.547000+00:00,420,CLASSIC,26.05,Warwick,JUNGLE,True,9,3,8,5.666666666666667,12027,16445,31201,31,149,5.719769673704414
37,B3YGJXMxthPAPO18vsOXg1WOxfAg-nlzvmp4AyBEUbL-zi4uBfefLrSUTHN_l3-qtQX3Jy-yV84UmA,BRONZE,BRONZE,I,3,the honored one,Tlili,EUW1_7705549975,2026-01-28 15:23:36.878000+00:00,420,CLASSIC,33.916666666666664,Warwick,JUNGLE,False,12,10,10,2.2,16680,30073,47327,25,183,5.395577395577396
37,B3YGJXMxthPAPO18vsOXg1WOxfAg-nlzvmp4AyBEUbL-zi4uBfefLrSUTHN_l3-qtQX3Jy-yV84UmA,BRONZE,BRONZE,I,3,the honored one,Tlili,EUW1_7802974212,2026-03-29 11:10:24.780000+00:00,420,CLASSIC,22.75,Warwick,JUNGLE,True,10,2,5,7.5,11556,9534,23025,14,155,6.813186813186813
37,B3YGJXMxthPAPO18vsOXg1WOxfAg-nlzvmp4AyBEUbL-zi4uBfefLrSUTHN_l3-qtQX3Jy-yV84UmA,BRONZE,BRONZE,I,3,the honored one,Tlili,EUW1_7819468097,2026-04-13 16:59:23.959000+00:00,420,CLASSIC,39.75,Warwick,JUNGLE,False,4,15,7,0.7333333333333333,12165,20240,56222,26,160,4.0251572327044025
37,B3YGJXMxthPAPO18vsOXg1WOxfAg-nlzvmp4AyBEUbL-zi4uBfefLrSUTHN_l3-qtQX3Jy-yV84UmA,BRONZE,BRONZE,I,3,the honored one,Tlili,EUW1_7824050120,2026-04-17 21:38:26.974000+00:00,420,CLASSIC,29.816666666666666,Warwick,JUNGLE,True,16,6,8,4.0,15467,25379,38999,26,161,5.399664617104528
37,B3YGJXMxthPAPO18vsOXg1WOxfAg-nlzvmp4AyBEUbL-zi4uBfefLrSUTHN_l3-qtQX3Jy-yV84UmA,BRONZE,BRONZE,I,3,the honored one,Tlili,EUW1_7838298298,2026-05-01 01:23:47.247000+00:00,420,CLASSIC,39.28333333333333,Warwick,JUNGLE,False,9,12,14,1.9166666666666667,15119,30741,54135,40,189,4.81120067882902
37,B3YGJXMxthPAPO18vsOXg1WOxfAg-nlzvmp4AyBEUbL-zi4uBfefLrSUTHN_l3-qtQX3Jy-yV84UmA,BRONZE,BRONZE,I,3,the honored one,Tlili,EUW1_7849160695,2026-05-10 17:51:06.049000+00:00,420,CLASSIC,33.88333333333333,Warwick,JUNGLE,False,8,10,11,1.9,13909,20527,38576,34,183,5.400885391047713
37,B3YGJXMxthPAPO18vsOXg1WOxfAg-nlzvmp4AyBEUbL-zi4uBfefLrSUTHN_l3-qtQX3Jy-yV84UmA,BRONZE,BRONZE,I,3,the honored one,Tlili,EUW1_7858135151,2026-05-18 16:51:58.061000+00:00,420,CLASSIC,16.05,Warwick,JUNGLE,True,1,5,6,1.4,5539,5602,16260,10,77,4.797507788161994
37,B3YGJXMxthPAPO18vsOXg1WOxfAg-nlzvmp4AyBEUbL-zi4uBfefLrSUTHN_l3-qtQX3Jy-yV84UmA,BRONZE,BRONZE,I,3,the honored one,Tlili,EUW1_7860458926,2026-05-20 19:45:13.906000+00:00,420,CLASSIC,54.166666666666664,Warwick,JUNGLE,False,6,11,12,1.6363636363636365,19009,29863,63582,54,291,5.372307692307692
37,B3YGJXMxthPAPO18vsOXg1WOxfAg-nlzvmp4AyBEUbL-zi4uBfefLrSUTHN_l3-qtQX3Jy-yV84UmA,BRONZE,BRONZE,I,3,the honored one,Tlili,EUW1_7865467967,2026-05-25 14:22:53.825000+00:00,420,CLASSIC,28.416666666666668,Yone,MIDDLE,True,6,6,9,2.5,9499,16130,22141,22,106,3.730205278592375
37,B3YGJXMxthPAPO18vsOXg1WOxfAg-nlzvmp4AyBEUbL-zi4uBfefLrSUTHN_l3-qtQX3Jy-yV84UmA,BRONZE,BRONZE,I,3,the honored one,Tlili,EUW1_7869231091,2026-05-28 23:23:13.939000+00:00,420,CLASSIC,22.066666666666666,Nautilus,UTILITY,False,2,10,5,0.7,6749,7251,23301,25,27,1.2235649546827794
37,B3YGJXMxthPAPO18vsOXg1WOxfAg-nlzvmp4AyBEUbL-zi4uBfefLrSUTHN_l3-qtQX3Jy-yV84UmA,BRONZE,BRONZE,I,3,the honored one,Tlili,EUW1_7869247183,2026-05-28 23:51:59.564000+00:00,420,CLASSIC,24.633333333333333,Yone,MIDDLE,False,1,11,3,0.36363636363636365,6298,7679,25306,14,79,3.2070365358592694
37,B3YGJXMxthPAPO18vsOXg1WOxfAg-nlzvmp4AyBEUbL-zi4uBfefLrSUTHN_l3-qtQX3Jy-yV84UmA,BRONZE,BRONZE,I,3,the honored one,Tlili,EUW1_7882737900,2026-06-10 16:43:42.240000+00:00,420,CLASSIC,28.033333333333335,Warwick,JUNGLE,True,9,0,8,17.0,12659,17096,30204,22,181,6.456599286563614
38,FxMTJKzzCsBY-OzJLSVXx99hh8qY1fGscl7Ugr67SJISoaQLxsVzMtEP1Lc0oJiO3I2_if1R_qHEEg,BRONZE,BRONZE,II,77,BOB3CK,EUW,EUW1_7688391763,2026-01-16 21:42:47.464000+00:00,420,CLASSIC,34.9,Sett,TOP,True,8,10,13,2.1,14720,27753,47686,30,176,5.04297994269341
38,FxMTJKzzCsBY-OzJLSVXx99hh8qY1fGscl7Ugr67SJISoaQLxsVzMtEP1Lc0oJiO3I2_if1R_qHEEg,BRONZE,BRONZE,II,77,BOB3CK,EUW,EUW1_7688474543,2026-01-16 22:23:26.584000+00:00,420,CLASSIC,29.516666666666666,Mordekaiser,TOP,False,5,6,1,1.0,10816,16058,25383,19,193,6.538678712591756
38,FxMTJKzzCsBY-OzJLSVXx99hh8qY1fGscl7Ugr67SJISoaQLxsVzMtEP1Lc0oJiO3I2_if1R_qHEEg,BRONZE,BRONZE,II,77,BOB3CK,EUW,EUW1_7689452395,2026-01-17 17:03:27.570000+00:00,420,CLASSIC,40.65,Mordekaiser,TOP,True,16,1,5,21.0,18997,55201,42564,52,258,6.3468634686346865
38,FxMTJKzzCsBY-OzJLSVXx99hh8qY1fGscl7Ugr67SJISoaQLxsVzMtEP1Lc0oJiO3I2_if1R_qHEEg,BRONZE,BRONZE,II,77,BOB3CK,EUW,EUW1_7689527244,2026-01-17 17:50:59.328000+00:00,420,CLASSIC,34.53333333333333,Mordekaiser,TOP,True,10,7,5,2.142857142857143,14931,32999,44742,38,210,6.081081081081082
38,FxMTJKzzCsBY-OzJLSVXx99hh8qY1fGscl7Ugr67SJISoaQLxsVzMtEP1Lc0oJiO3I2_if1R_qHEEg,BRONZE,BRONZE,II,77,BOB3CK,EUW,EUW1_7692469907,2026-01-19 17:19:20.363000+00:00,420,CLASSIC,25.65,Mordekaiser,TOP,False,6,5,2,1.6,10233,16784,21991,30,188,7.329434697855751
38,FxMTJKzzCsBY-OzJLSVXx99hh8qY1fGscl7Ugr67SJISoaQLxsVzMtEP1Lc0oJiO3I2_if1R_qHEEg,BRONZE,BRONZE,II,77,BOB3CK,EUW,EUW1_7692520780,2026-01-19 17:50:38.781000+00:00,420,CLASSIC,29.05,Malphite,TOP,False,4,4,6,2.5,9674,19512,21151,40,186,6.40275387263339
38,FxMTJKzzCsBY-OzJLSVXx99hh8qY1fGscl7Ugr67SJISoaQLxsVzMtEP1Lc0oJiO3I2_if1R_qHEEg,BRONZE,BRONZE,II,77,BOB3CK,EUW,EUW1_7692577844,2026-01-19 18:23:02.961000+00:00,420,CLASSIC,26.3,Zaahen,TOP,False,4,7,3,1.0,9003,13213,29773,26,163,6.197718631178707
38,FxMTJKzzCsBY-OzJLSVXx99hh8qY1fGscl7Ugr67SJISoaQLxsVzMtEP1Lc0oJiO3I2_if1R_qHEEg,BRONZE,BRONZE,II,77,BOB3CK,EUW,EUW1_7692899799,2026-01-19 21:10:45.043000+00:00,420,CLASSIC,36.45,Aatrox,TOP,False,3,6,6,1.5,11638,17795,47386,50,220,6.035665294924554
38,FxMTJKzzCsBY-OzJLSVXx99hh8qY1fGscl7Ugr67SJISoaQLxsVzMtEP1Lc0oJiO3I2_if1R_qHEEg,BRONZE,BRONZE,II,77,BOB3CK,EUW,EUW1_7692973281,2026-01-19 21:52:17.765000+00:00,420,CLASSIC,22.616666666666667,Chogath,TOP,False,2,4,2,1.0,8836,9651,19979,20,137,6.057479734708917
38,FxMTJKzzCsBY-OzJLSVXx99hh8qY1fGscl7Ugr67SJISoaQLxsVzMtEP1Lc0oJiO3I2_if1R_qHEEg,BRONZE,BRONZE,II,77,BOB3CK,EUW,EUW1_7693034237,2026-01-19 22:26:20.047000+00:00,420,CLASSIC,16.4,Jhin,BOTTOM,False,3,3,0,1.0,5941,6644,7220,12,117,7.134146341463415
38,FxMTJKzzCsBY-OzJLSVXx99hh8qY1fGscl7Ugr67SJISoaQLxsVzMtEP1Lc0oJiO3I2_if1R_qHEEg,BRONZE,BRONZE,II,77,BOB3CK,EUW,EUW1_7693069799,2026-01-19 22:47:12.367000+00:00,420,CLASSIC,36.45,Sivir,BOTTOM,True,4,5,21,5.0,16743,26290,26917,42,229,6.282578875171467
38,FxMTJKzzCsBY-OzJLSVXx99hh8qY1fGscl7Ugr67SJISoaQLxsVzMtEP1Lc0oJiO3I2_if1R_qHEEg,BRONZE,BRONZE,II,77,BOB3CK,EUW,EUW1_7695250928,2026-01-21 17:42:43.735000+00:00,420,CLASSIC,36.0,Smolder,BOTTOM,False,11,5,8,3.8,16772,32234,29395,30,230,6.388888888888889
38,FxMTJKzzCsBY-OzJLSVXx99hh8qY1fGscl7Ugr67SJISoaQLxsVzMtEP1Lc0oJiO3I2_if1R_qHEEg,BRONZE,BRONZE,II,77,BOB3CK,EUW,EUW1_7695788315,2026-01-21 22:00:08+00:00,420,CLASSIC,24.1,Brand,UTILITY,False,1,6,6,1.1666666666666667,6722,17014,19114,47,33,1.3692946058091287
38,FxMTJKzzCsBY-OzJLSVXx99hh8qY1fGscl7Ugr67SJISoaQLxsVzMtEP1Lc0oJiO3I2_if1R_qHEEg,BRONZE,BRONZE,II,77,BOB3CK,EUW,EUW1_7695841146,2026-01-21 22:28:34.033000+00:00,420,CLASSIC,31.483333333333334,Nautilus,UTILITY,False,3,8,9,1.5,9096,10221,25304,77,28,0.8893594494441504
38,FxMTJKzzCsBY-OzJLSVXx99hh8qY1fGscl7Ugr67SJISoaQLxsVzMtEP1Lc0oJiO3I2_if1R_qHEEg,BRONZE,BRONZE,II,77,BOB3CK,EUW,EUW1_7700769024,2026-01-25 10:03:10.393000+00:00,420,CLASSIC,31.616666666666667,Blitzcrank,UTILITY,False,2,6,12,2.3333333333333335,8701,10358,23585,77,31,0.9804955192409067
38,FxMTJKzzCsBY-OzJLSVXx99hh8qY1fGscl7Ugr67SJISoaQLxsVzMtEP1Lc0oJiO3I2_if1R_qHEEg,BRONZE,BRONZE,II,77,BOB3CK,EUW,EUW1_7704816296,2026-01-27 21:29:19.281000+00:00,420,CLASSIC,32.5,Gwen,TOP,False,11,6,0,1.8333333333333333,14100,31616,43957,44,235,7.230769230769231
38,FxMTJKzzCsBY-OzJLSVXx99hh8qY1fGscl7Ugr67SJISoaQLxsVzMtEP1Lc0oJiO3I2_if1R_qHEEg,BRONZE,BRONZE,II,77,BOB3CK,EUW,EUW1_7707173635,2026-01-29 17:28:00.468000+00:00,420,CLASSIC,16.483333333333334,Gwen,TOP,True,2,3,1,1.0,4797,4150,12539,15,86,5.217391304347826
38,FxMTJKzzCsBY-OzJLSVXx99hh8qY1fGscl7Ugr67SJISoaQLxsVzMtEP1Lc0oJiO3I2_if1R_qHEEg,BRONZE,BRONZE,II,77,BOB3CK,EUW,EUW1_7707206734,2026-01-29 17:49:36.913000+00:00,420,CLASSIC,30.85,KSante,TOP,True,6,3,11,5.666666666666667,12167,21531,27829,29,176,5.705024311183144
38,FxMTJKzzCsBY-OzJLSVXx99hh8qY1fGscl7Ugr67SJISoaQLxsVzMtEP1Lc0oJiO3I2_if1R_qHEEg,BRONZE,BRONZE,II,77,BOB3CK,EUW,EUW1_7709971740,2026-01-31 14:36:00.553000+00:00,420,CLASSIC,1.4833333333333334,Poppy,UTILITY,True,0,0,0,0.0,572,0,0,0,1,0.6741573033707865
38,FxMTJKzzCsBY-OzJLSVXx99hh8qY1fGscl7Ugr67SJISoaQLxsVzMtEP1Lc0oJiO3I2_if1R_qHEEg,BRONZE,BRONZE,II,77,BOB3CK,EUW,EUW1_7709982372,2026-01-31 14:43:20.041000+00:00,420,CLASSIC,37.03333333333333,Morgana,UTILITY,False,4,6,19,3.8333333333333335,12219,32538,29987,114,34,0.9180918091809182
38,FxMTJKzzCsBY-OzJLSVXx99hh8qY1fGscl7Ugr67SJISoaQLxsVzMtEP1Lc0oJiO3I2_if1R_qHEEg,BRONZE,BRONZE,II,77,BOB3CK,EUW,EUW1_7710059116,2026-01-31 15:33:00.677000+00:00,420,CLASSIC,23.483333333333334,Aatrox,TOP,False,1,5,0,0.2,6676,9614,19305,34,141,6.004258339247693
38,FxMTJKzzCsBY-OzJLSVXx99hh8qY1fGscl7Ugr67SJISoaQLxsVzMtEP1Lc0oJiO3I2_if1R_qHEEg,BRONZE,BRONZE,II,77,BOB3CK,EUW,EUW1_7710112871,2026-01-31 16:05:39.800000+00:00,420,CLASSIC,34.85,Darius,TOP,True,9,3,10,6.333333333333333,15165,24317,33521,40,260,7.4605451936872305
38,FxMTJKzzCsBY-OzJLSVXx99hh8qY1fGscl7Ugr67SJISoaQLxsVzMtEP1Lc0oJiO3I2_if1R_qHEEg,BRONZE,BRONZE,II,77,BOB3CK,EUW,EUW1_7710240213,2026-01-31 17:33:48.244000+00:00,420,CLASSIC,24.833333333333332,Karma,UTILITY,True,3,2,12,7.5,7589,8282,11422,64,28,1.12751677852349
38,FxMTJKzzCsBY-OzJLSVXx99hh8qY1fGscl7Ugr67SJISoaQLxsVzMtEP1Lc0oJiO3I2_if1R_qHEEg,BRONZE,BRONZE,II,77,BOB3CK,EUW,EUW1_7710296562,2026-01-31 18:03:11.038000+00:00,420,CLASSIC,27.1,Renekton,TOP,True,6,0,4,10.0,11377,17071,32613,29,204,7.527675276752767
38,FxMTJKzzCsBY-OzJLSVXx99hh8qY1fGscl7Ugr67SJISoaQLxsVzMtEP1Lc0oJiO3I2_if1R_qHEEg,BRONZE,BRONZE,II,77,BOB3CK,EUW,EUW1_7713242563,2026-02-02 17:09:39.824000+00:00,420,CLASSIC,42.86666666666667,Blitzcrank,UTILITY,False,3,8,18,2.625,12516,15289,40950,126,30,0.6998444790046656
38,FxMTJKzzCsBY-OzJLSVXx99hh8qY1fGscl7Ugr67SJISoaQLxsVzMtEP1Lc0oJiO3I2_if1R_qHEEg,BRONZE,BRONZE,II,77,BOB3CK,EUW,EUW1_7713326603,2026-02-02 17:59:21.601000+00:00,420,CLASSIC,37.2,Karma,UTILITY,True,1,4,15,4.0,11010,9661,27907,93,39,1.0483870967741935
38,FxMTJKzzCsBY-OzJLSVXx99hh8qY1fGscl7Ugr67SJISoaQLxsVzMtEP1Lc0oJiO3I2_if1R_qHEEg,BRONZE,BRONZE,II,77,BOB3CK,EUW,EUW1_7714693620,2026-02-03 17:02:50.070000+00:00,420,CLASSIC,42.71666666666667,Mordekaiser,TOP,True,12,5,8,4.0,18776,41699,51206,46,272,6.367538041357784
38,FxMTJKzzCsBY-OzJLSVXx99hh8qY1fGscl7Ugr67SJISoaQLxsVzMtEP1Lc0oJiO3I2_if1R_qHEEg,BRONZE,BRONZE,II,77,BOB3CK,EUW,EUW1_7714775623,2026-02-03 17:49:54.269000+00:00,420,CLASSIC,30.516666666666666,KSante,TOP,False,5,4,2,1.75,10623,13339,41116,26,164,5.3741125068268705
38,FxMTJKzzCsBY-OzJLSVXx99hh8qY1fGscl7Ugr67SJISoaQLxsVzMtEP1Lc0oJiO3I2_if1R_qHEEg,BRONZE,BRONZE,II,77,BOB3CK,EUW,EUW1_7715325182,2026-02-03 22:08:04.676000+00:00,420,CLASSIC,21.55,Nasus,TOP,True,5,3,5,3.3333333333333335,8568,12442,24645,16,120,5.568445475638051
38,FxMTJKzzCsBY-OzJLSVXx99hh8qY1fGscl7Ugr67SJISoaQLxsVzMtEP1Lc0oJiO3I2_if1R_qHEEg,BRONZE,BRONZE,II,77,BOB3CK,EUW,EUW1_7716592711,2026-02-04 20:30:12.774000+00:00,420,CLASSIC,29.783333333333335,Poppy,TOP,False,6,7,7,1.8571428571428572,11232,23152,36687,24,181,6.077224398433128
38,FxMTJKzzCsBY-OzJLSVXx99hh8qY1fGscl7Ugr67SJISoaQLxsVzMtEP1Lc0oJiO3I2_if1R_qHEEg,BRONZE,BRONZE,II,77,BOB3CK,EUW,EUW1_7716666276,2026-02-04 21:04:37.040000+00:00,420,CLASSIC,27.466666666666665,Illaoi,TOP,True,2,8,8,1.25,8796,24844,30001,24,157,5.716019417475729
38,FxMTJKzzCsBY-OzJLSVXx99hh8qY1fGscl7Ugr67SJISoaQLxsVzMtEP1Lc0oJiO3I2_if1R_qHEEg,BRONZE,BRONZE,II,77,BOB3CK,EUW,EUW1_7719219969,2026-02-06 16:40:52.444000+00:00,420,CLASSIC,22.883333333333333,Karma,UTILITY,False,3,8,8,1.375,6856,7933,24959,47,31,1.3546977421704298
38,FxMTJKzzCsBY-OzJLSVXx99hh8qY1fGscl7Ugr67SJISoaQLxsVzMtEP1Lc0oJiO3I2_if1R_qHEEg,BRONZE,BRONZE,II,77,BOB3CK,EUW,EUW1_7719274519,2026-02-06 17:09:55.239000+00:00,420,CLASSIC,36.516666666666666,DrMundo,TOP,False,1,9,8,1.0,10458,23873,75264,28,181,4.956640803286171
38,FxMTJKzzCsBY-OzJLSVXx99hh8qY1fGscl7Ugr67SJISoaQLxsVzMtEP1Lc0oJiO3I2_if1R_qHEEg,BRONZE,BRONZE,II,77,BOB3CK,EUW,EUW1_7719344241,2026-02-06 17:55:43.525000+00:00,420,CLASSIC,34.833333333333336,Blitzcrank,UTILITY,True,1,8,14,1.875,9845,11906,36045,95,27,0.7751196172248803
38,FxMTJKzzCsBY-OzJLSVXx99hh8qY1fGscl7Ugr67SJISoaQLxsVzMtEP1Lc0oJiO3I2_if1R_qHEEg,BRONZE,BRONZE,II,77,BOB3CK,EUW,EUW1_7719422461,2026-02-06 18:37:22.093000+00:00,420,CLASSIC,32.483333333333334,Braum,UTILITY,False,0,8,14,1.75,8743,10092,29792,75,27,0.8311954848640328
38,FxMTJKzzCsBY-OzJLSVXx99hh8qY1fGscl7Ugr67SJISoaQLxsVzMtEP1Lc0oJiO3I2_if1R_qHEEg,BRONZE,BRONZE,II,77,BOB3CK,EUW,EUW1_7720804845,2026-02-07 15:27:20.450000+00:00,420,CLASSIC,40.78333333333333,Kayn,JUNGLE,False,10,10,18,2.8,17108,29557,55633,37,237,5.811197384552513
38,FxMTJKzzCsBY-OzJLSVXx99hh8qY1fGscl7Ugr67SJISoaQLxsVzMtEP1Lc0oJiO3I2_if1R_qHEEg,BRONZE,BRONZE,II,77,BOB3CK,EUW,EUW1_7720881139,2026-02-07 16:12:25.042000+00:00,420,CLASSIC,38.46666666666667,Khazix,JUNGLE,True,12,7,11,3.2857142857142856,18873,27349,40511,36,224,5.823223570190641
38,FxMTJKzzCsBY-OzJLSVXx99hh8qY1fGscl7Ugr67SJISoaQLxsVzMtEP1Lc0oJiO3I2_if1R_qHEEg,BRONZE,BRONZE,II,77,BOB3CK,EUW,EUW1_7720958737,2026-02-07 16:54:21.324000+00:00,420,CLASSIC,46.56666666666667,Khazix,JUNGLE,True,2,11,14,1.4545454545454546,17066,21424,54327,72,207,4.4452397995705075
38,FxMTJKzzCsBY-OzJLSVXx99hh8qY1fGscl7Ugr67SJISoaQLxsVzMtEP1Lc0oJiO3I2_if1R_qHEEg,BRONZE,BRONZE,II,77,BOB3CK,EUW,EUW1_7721045636,2026-02-07 17:45:44.326000+00:00,420,CLASSIC,37.31666666666667,Khazix,JUNGLE,True,10,8,3,1.625,18076,20629,39975,63,229,6.136668155426529
38,FxMTJKzzCsBY-OzJLSVXx99hh8qY1fGscl7Ugr67SJISoaQLxsVzMtEP1Lc0oJiO3I2_if1R_qHEEg,BRONZE,BRONZE,II,77,BOB3CK,EUW,EUW1_7722078907,2026-02-08 09:33:40.715000+00:00,420,CLASSIC,42.5,Diana,JUNGLE,True,14,9,18,3.5555555555555554,19919,53976,49583,42,204,4.8
38,FxMTJKzzCsBY-OzJLSVXx99hh8qY1fGscl7Ugr67SJISoaQLxsVzMtEP1Lc0oJiO3I2_if1R_qHEEg,BRONZE,BRONZE,II,77,BOB3CK,EUW,EUW1_7722127469,2026-02-08 10:21:35.239000+00:00,420,CLASSIC,32.166666666666664,Khazix,JUNGLE,True,12,5,8,4.0,15781,24824,30356,39,184,5.720207253886011
38,FxMTJKzzCsBY-OzJLSVXx99hh8qY1fGscl7Ugr67SJISoaQLxsVzMtEP1Lc0oJiO3I2_if1R_qHEEg,BRONZE,BRONZE,II,77,BOB3CK,EUW,EUW1_7722163865,2026-02-08 10:58:45.020000+00:00,420,CLASSIC,29.85,Khazix,JUNGLE,False,5,7,2,1.0,12050,13924,27396,34,168,5.628140703517587
38,FxMTJKzzCsBY-OzJLSVXx99hh8qY1fGscl7Ugr67SJISoaQLxsVzMtEP1Lc0oJiO3I2_if1R_qHEEg,BRONZE,BRONZE,II,77,BOB3CK,EUW,EUW1_7722695448,2026-02-08 16:26:50.985000+00:00,420,CLASSIC,28.316666666666666,MonkeyKing,JUNGLE,False,1,6,8,1.5,9220,11929,27895,23,129,4.55562095350206
38,FxMTJKzzCsBY-OzJLSVXx99hh8qY1fGscl7Ugr67SJISoaQLxsVzMtEP1Lc0oJiO3I2_if1R_qHEEg,BRONZE,BRONZE,II,77,BOB3CK,EUW,EUW1_7722766624,2026-02-08 16:58:56.087000+00:00,420,CLASSIC,31.5,Malphite,JUNGLE,False,4,5,6,2.0,12519,13930,23347,23,181,5.746031746031746
38,FxMTJKzzCsBY-OzJLSVXx99hh8qY1fGscl7Ugr67SJISoaQLxsVzMtEP1Lc0oJiO3I2_if1R_qHEEg,BRONZE,BRONZE,II,77,BOB3CK,EUW,EUW1_7722837808,2026-02-08 17:35:30.152000+00:00,420,CLASSIC,28.35,Volibear,JUNGLE,False,9,4,3,3.0,10558,16083,27844,37,145,5.114638447971781
38,FxMTJKzzCsBY-OzJLSVXx99hh8qY1fGscl7Ugr67SJISoaQLxsVzMtEP1Lc0oJiO3I2_if1R_qHEEg,BRONZE,BRONZE,II,77,BOB3CK,EUW,EUW1_7724943874,2026-02-09 21:45:45.762000+00:00,420,CLASSIC,38.21666666666667,Malphite,JUNGLE,True,12,4,21,8.25,18232,30464,31435,52,224,5.861317051897077
38,FxMTJKzzCsBY-OzJLSVXx99hh8qY1fGscl7Ugr67SJISoaQLxsVzMtEP1Lc0oJiO3I2_if1R_qHEEg,BRONZE,BRONZE,II,77,BOB3CK,EUW,EUW1_7725036629,2026-02-09 22:30:44.171000+00:00,420,CLASSIC,46.61666666666667,Khazix,JUNGLE,True,10,7,11,3.0,22427,32528,57814,54,271,5.813371469431534
38,FxMTJKzzCsBY-OzJLSVXx99hh8qY1fGscl7Ugr67SJISoaQLxsVzMtEP1Lc0oJiO3I2_if1R_qHEEg,BRONZE,BRONZE,II,77,BOB3CK,EUW,EUW1_7727408830,2026-02-11 16:05:19.172000+00:00,420,CLASSIC,29.6,Zaahen,JUNGLE,False,6,7,4,1.4285714285714286,11299,17420,36254,27,164,5.54054054054054
38,FxMTJKzzCsBY-OzJLSVXx99hh8qY1fGscl7Ugr67SJISoaQLxsVzMtEP1Lc0oJiO3I2_if1R_qHEEg,BRONZE,BRONZE,II,77,BOB3CK,EUW,EUW1_7727463267,2026-02-11 16:42:45.172000+00:00,420,CLASSIC,33.45,Khazix,JUNGLE,False,7,9,9,1.7777777777777777,13317,13511,30354,38,173,5.171898355754857
38,FxMTJKzzCsBY-OzJLSVXx99hh8qY1fGscl7Ugr67SJISoaQLxsVzMtEP1Lc0oJiO3I2_if1R_qHEEg,BRONZE,BRONZE,II,77,BOB3CK,EUW,EUW1_7727525410,2026-02-11 17:20:07.451000+00:00,420,CLASSIC,45.25,Sejuani,JUNGLE,False,10,8,16,3.25,16849,23358,88723,57,204,4.50828729281768
38,FxMTJKzzCsBY-OzJLSVXx99hh8qY1fGscl7Ugr67SJISoaQLxsVzMtEP1Lc0oJiO3I2_if1R_qHEEg,BRONZE,BRONZE,II,77,BOB3CK,EUW,EUW1_7729085299,2026-02-12 16:46:35.039000+00:00,420,CLASSIC,25.083333333333332,Diana,JUNGLE,False,4,6,3,1.1666666666666667,9410,6758,19664,32,125,4.983388704318937
38,FxMTJKzzCsBY-OzJLSVXx99hh8qY1fGscl7Ugr67SJISoaQLxsVzMtEP1Lc0oJiO3I2_if1R_qHEEg,BRONZE,BRONZE,II,77,BOB3CK,EUW,EUW1_7729204630,2026-02-12 17:48:17.317000+00:00,420,CLASSIC,40.38333333333333,Khazix,JUNGLE,False,7,3,3,3.3333333333333335,16336,22287,34805,54,223,5.522080066033842
38,FxMTJKzzCsBY-OzJLSVXx99hh8qY1fGscl7Ugr67SJISoaQLxsVzMtEP1Lc0oJiO3I2_if1R_qHEEg,BRONZE,BRONZE,II,77,BOB3CK,EUW,EUW1_7729689768,2026-02-12 21:38:13.056000+00:00,420,CLASSIC,1.3333333333333333,Khazix,JUNGLE,True,0,0,0,0.0,531,0,356,0,0,0.0
38,FxMTJKzzCsBY-OzJLSVXx99hh8qY1fGscl7Ugr67SJISoaQLxsVzMtEP1Lc0oJiO3I2_if1R_qHEEg,BRONZE,BRONZE,II,77,BOB3CK,EUW,EUW1_7729693343,2026-02-12 21:42:45.702000+00:00,420,CLASSIC,35.75,Khazix,JUNGLE,False,20,6,5,4.166666666666667,20670,43011,45733,47,209,5.846153846153846
38,FxMTJKzzCsBY-OzJLSVXx99hh8qY1fGscl7Ugr67SJISoaQLxsVzMtEP1Lc0oJiO3I2_if1R_qHEEg,BRONZE,BRONZE,II,77,BOB3CK,EUW,EUW1_7729773348,2026-02-12 22:22:02.699000+00:00,420,CLASSIC,26.95,Khazix,JUNGLE,True,8,1,6,14.0,12709,12174,19092,26,191,7.087198515769945
38,FxMTJKzzCsBY-OzJLSVXx99hh8qY1fGscl7Ugr67SJISoaQLxsVzMtEP1Lc0oJiO3I2_if1R_qHEEg,BRONZE,BRONZE,II,77,BOB3CK,EUW,EUW1_7729826393,2026-02-12 22:53:55.339000+00:00,420,CLASSIC,34.13333333333333,Khazix,JUNGLE,False,19,10,4,2.3,18532,34191,35788,42,173,5.068359375
38,FxMTJKzzCsBY-OzJLSVXx99hh8qY1fGscl7Ugr67SJISoaQLxsVzMtEP1Lc0oJiO3I2_if1R_qHEEg,BRONZE,BRONZE,II,77,BOB3CK,EUW,EUW1_7730830965,2026-02-13 16:38:20.834000+00:00,420,CLASSIC,23.816666666666666,Volibear,JUNGLE,False,4,9,3,0.7777777777777778,9428,8649,26102,28,133,5.584324702589223
38,FxMTJKzzCsBY-OzJLSVXx99hh8qY1fGscl7Ugr67SJISoaQLxsVzMtEP1Lc0oJiO3I2_if1R_qHEEg,BRONZE,BRONZE,II,77,BOB3CK,EUW,EUW1_7730883466,2026-02-13 17:09:39.477000+00:00,420,CLASSIC,49.63333333333333,Khazix,JUNGLE,True,18,9,10,3.111111111111111,25196,55737,57889,60,267,5.379449294828744
38,FxMTJKzzCsBY-OzJLSVXx99hh8qY1fGscl7Ugr67SJISoaQLxsVzMtEP1Lc0oJiO3I2_if1R_qHEEg,BRONZE,BRONZE,II,77,BOB3CK,EUW,EUW1_7730978191,2026-02-13 18:05:40.647000+00:00,420,CLASSIC,32.4,Vi,JUNGLE,False,10,5,5,3.0,14346,25656,39898,41,194,5.987654320987654
38,FxMTJKzzCsBY-OzJLSVXx99hh8qY1fGscl7Ugr67SJISoaQLxsVzMtEP1Lc0oJiO3I2_if1R_qHEEg,BRONZE,BRONZE,II,77,BOB3CK,EUW,EUW1_7731424586,2026-02-13 21:47:40.448000+00:00,420,CLASSIC,46.21666666666667,MonkeyKing,JUNGLE,True,8,7,16,3.4285714285714284,19257,28423,64372,70,279,6.036783267219618
38,FxMTJKzzCsBY-OzJLSVXx99hh8qY1fGscl7Ugr67SJISoaQLxsVzMtEP1Lc0oJiO3I2_if1R_qHEEg,BRONZE,BRONZE,II,77,BOB3CK,EUW,EUW1_7734256183,2026-02-15 16:06:42.549000+00:00,420,CLASSIC,31.2,MonkeyKing,JUNGLE,True,3,4,8,2.75,12531,11964,29875,34,189,6.0576923076923075
38,FxMTJKzzCsBY-OzJLSVXx99hh8qY1fGscl7Ugr67SJISoaQLxsVzMtEP1Lc0oJiO3I2_if1R_qHEEg,BRONZE,BRONZE,II,77,BOB3CK,EUW,EUW1_7734356179,2026-02-15 16:50:53.483000+00:00,420,CLASSIC,31.75,Ekko,JUNGLE,True,4,2,7,5.5,12881,10955,30620,40,207,6.519685039370079
38,FxMTJKzzCsBY-OzJLSVXx99hh8qY1fGscl7Ugr67SJISoaQLxsVzMtEP1Lc0oJiO3I2_if1R_qHEEg,BRONZE,BRONZE,II,77,BOB3CK,EUW,EUW1_7734440579,2026-02-15 17:28:21.962000+00:00,420,CLASSIC,39.21666666666667,Khazix,JUNGLE,True,8,4,7,3.75,18285,25228,37954,50,256,6.5278368040798975
38,FxMTJKzzCsBY-OzJLSVXx99hh8qY1fGscl7Ugr67SJISoaQLxsVzMtEP1Lc0oJiO3I2_if1R_qHEEg,BRONZE,BRONZE,II,77,BOB3CK,EUW,EUW1_7736071002,2026-02-16 16:36:22.563000+00:00,420,CLASSIC,21.266666666666666,Vi,JUNGLE,False,3,7,5,1.1428571428571428,7376,9916,23385,22,93,4.3730407523510975
38,FxMTJKzzCsBY-OzJLSVXx99hh8qY1fGscl7Ugr67SJISoaQLxsVzMtEP1Lc0oJiO3I2_if1R_qHEEg,BRONZE,BRONZE,II,77,BOB3CK,EUW,EUW1_7736637995,2026-02-16 21:22:37.789000+00:00,420,CLASSIC,32.63333333333333,Gwen,JUNGLE,False,3,7,5,1.1428571428571428,11124,10625,32014,38,173,5.301327885597549
38,FxMTJKzzCsBY-OzJLSVXx99hh8qY1fGscl7Ugr67SJISoaQLxsVzMtEP1Lc0oJiO3I2_if1R_qHEEg,BRONZE,BRONZE,II,77,BOB3CK,EUW,EUW1_7736714129,2026-02-16 22:00:15.367000+00:00,420,CLASSIC,28.516666666666666,Volibear,JUNGLE,False,3,7,1,0.5714285714285714,9364,6744,29914,33,143,5.0146113383985975
38,FxMTJKzzCsBY-OzJLSVXx99hh8qY1fGscl7Ugr67SJISoaQLxsVzMtEP1Lc0oJiO3I2_if1R_qHEEg,BRONZE,BRONZE,II,77,BOB3CK,EUW,EUW1_7737696770,2026-02-17 16:03:51.465000+00:00,420,CLASSIC,30.5,Sejuani,JUNGLE,True,7,2,16,11.5,14036,20053,29453,43,188,6.163934426229508
38,FxMTJKzzCsBY-OzJLSVXx99hh8qY1fGscl7Ugr67SJISoaQLxsVzMtEP1Lc0oJiO3I2_if1R_qHEEg,BRONZE,BRONZE,II,77,BOB3CK,EUW,EUW1_7737754626,2026-02-17 16:38:21.377000+00:00,420,CLASSIC,30.266666666666666,Khazix,JUNGLE,True,13,3,4,5.666666666666667,15815,28052,28116,43,158,5.220264317180617
38,FxMTJKzzCsBY-OzJLSVXx99hh8qY1fGscl7Ugr67SJISoaQLxsVzMtEP1Lc0oJiO3I2_if1R_qHEEg,BRONZE,BRONZE,II,77,BOB3CK,EUW,EUW1_7738244372,2026-02-17 20:51:54.179000+00:00,420,CLASSIC,31.05,Jax,JUNGLE,False,14,9,13,3.0,15207,28631,46101,30,149,4.798711755233494
38,FxMTJKzzCsBY-OzJLSVXx99hh8qY1fGscl7Ugr67SJISoaQLxsVzMtEP1Lc0oJiO3I2_if1R_qHEEg,BRONZE,BRONZE,II,77,BOB3CK,EUW,EUW1_7739389642,2026-02-18 15:31:43.746000+00:00,420,CLASSIC,43.35,Khazix,JUNGLE,True,14,6,13,4.5,22660,51643,45988,64,232,5.351787773933102
38,FxMTJKzzCsBY-OzJLSVXx99hh8qY1fGscl7Ugr67SJISoaQLxsVzMtEP1Lc0oJiO3I2_if1R_qHEEg,BRONZE,BRONZE,II,77,BOB3CK,EUW,EUW1_7739466915,2026-02-18 16:23:14.794000+00:00,420,CLASSIC,38.21666666666667,Khazix,JUNGLE,True,10,3,16,8.666666666666666,19934,28323,35386,42,222,5.808983863933711
38,FxMTJKzzCsBY-OzJLSVXx99hh8qY1fGscl7Ugr67SJISoaQLxsVzMtEP1Lc0oJiO3I2_if1R_qHEEg,BRONZE,BRONZE,II,77,BOB3CK,EUW,EUW1_7739543909,2026-02-18 17:06:04.668000+00:00,420,CLASSIC,38.78333333333333,Khazix,JUNGLE,False,7,10,7,1.4,16181,21098,40924,61,203,5.234207133648475
38,FxMTJKzzCsBY-OzJLSVXx99hh8qY1fGscl7Ugr67SJISoaQLxsVzMtEP1Lc0oJiO3I2_if1R_qHEEg,BRONZE,BRONZE,II,77,BOB3CK,EUW,EUW1_7741737814,2026-02-19 21:37:16.337000+00:00,420,CLASSIC,39.05,Khazix,JUNGLE,True,9,5,11,4.0,17593,23292,35286,52,233,5.9667093469910375
38,FxMTJKzzCsBY-OzJLSVXx99hh8qY1fGscl7Ugr67SJISoaQLxsVzMtEP1Lc0oJiO3I2_if1R_qHEEg,BRONZE,BRONZE,II,77,BOB3CK,EUW,EUW1_7741825108,2026-02-19 22:21:55.899000+00:00,420,CLASSIC,32.75,MonkeyKing,JUNGLE,False,7,6,12,3.1666666666666665,12705,16443,40372,31,179,5.465648854961832
38,FxMTJKzzCsBY-OzJLSVXx99hh8qY1fGscl7Ugr67SJISoaQLxsVzMtEP1Lc0oJiO3I2_if1R_qHEEg,BRONZE,BRONZE,II,77,BOB3CK,EUW,EUW1_7749059428,2026-02-23 21:26:22.766000+00:00,420,CLASSIC,21.016666666666666,Vi,JUNGLE,False,0,4,3,0.75,6183,4020,14884,27,122,5.804916732751785
38,FxMTJKzzCsBY-OzJLSVXx99hh8qY1fGscl7Ugr67SJISoaQLxsVzMtEP1Lc0oJiO3I2_if1R_qHEEg,BRONZE,BRONZE,II,77,BOB3CK,EUW,EUW1_7749113438,2026-02-23 21:52:48.449000+00:00,420,CLASSIC,33.65,Jax,TOP,False,4,6,4,1.3333333333333333,11929,15199,29984,49,232,6.894502228826152
38,FxMTJKzzCsBY-OzJLSVXx99hh8qY1fGscl7Ugr67SJISoaQLxsVzMtEP1Lc0oJiO3I2_if1R_qHEEg,BRONZE,BRONZE,II,77,BOB3CK,EUW,EUW1_7749197116,2026-02-23 22:32:26.232000+00:00,420,CLASSIC,33.18333333333333,Sett,TOP,True,7,6,5,2.0,12583,24514,37550,37,190,5.725765946760422
38,FxMTJKzzCsBY-OzJLSVXx99hh8qY1fGscl7Ugr67SJISoaQLxsVzMtEP1Lc0oJiO3I2_if1R_qHEEg,BRONZE,BRONZE,II,77,BOB3CK,EUW,EUW1_7753653732,2026-02-26 17:12:12.617000+00:00,420,CLASSIC,49.2,Sylas,MIDDLE,True,16,15,12,1.8666666666666667,19648,51883,73955,76,208,4.227642276422764
38,FxMTJKzzCsBY-OzJLSVXx99hh8qY1fGscl7Ugr67SJISoaQLxsVzMtEP1Lc0oJiO3I2_if1R_qHEEg,BRONZE,BRONZE,II,77,BOB3CK,EUW,EUW1_7754225989,2026-02-26 22:03:31.543000+00:00,420,CLASSIC,24.4,Galio,MIDDLE,True,0,1,12,12.0,7309,12961,14178,24,149,6.106557377049181
38,FxMTJKzzCsBY-OzJLSVXx99hh8qY1fGscl7Ugr67SJISoaQLxsVzMtEP1Lc0oJiO3I2_if1R_qHEEg,BRONZE,BRONZE,II,77,BOB3CK,EUW,EUW1_7754278844,2026-02-26 22:32:38.972000+00:00,420,CLASSIC,28.55,Yone,MIDDLE,False,3,7,4,1.0,9983,12821,26007,23,182,6.3747810858143605
38,FxMTJKzzCsBY-OzJLSVXx99hh8qY1fGscl7Ugr67SJISoaQLxsVzMtEP1Lc0oJiO3I2_if1R_qHEEg,BRONZE,BRONZE,II,77,BOB3CK,EUW,EUW1_7761990700,2026-03-03 20:21:28.994000+00:00,420,CLASSIC,34.95,Sylas,MIDDLE,False,10,12,14,2.0,13765,30024,49529,34,182,5.207439198855507
38,FxMTJKzzCsBY-OzJLSVXx99hh8qY1fGscl7Ugr67SJISoaQLxsVzMtEP1Lc0oJiO3I2_if1R_qHEEg,BRONZE,BRONZE,II,77,BOB3CK,EUW,EUW1_7762060494,2026-03-03 21:02:08.068000+00:00,420,CLASSIC,30.133333333333333,Ahri,MIDDLE,False,5,8,3,1.0,11362,18894,23889,45,187,6.20575221238938
38,FxMTJKzzCsBY-OzJLSVXx99hh8qY1fGscl7Ugr67SJISoaQLxsVzMtEP1Lc0oJiO3I2_if1R_qHEEg,BRONZE,BRONZE,II,77,BOB3CK,EUW,EUW1_7762118485,2026-03-03 21:37:04.464000+00:00,420,CLASSIC,39.18333333333333,Khazix,JUNGLE,False,12,6,5,2.8333333333333335,18757,33699,35926,39,237,6.04849000425351
38,FxMTJKzzCsBY-OzJLSVXx99hh8qY1fGscl7Ugr67SJISoaQLxsVzMtEP1Lc0oJiO3I2_if1R_qHEEg,BRONZE,BRONZE,II,77,BOB3CK,EUW,EUW1_7763160761,2026-03-04 21:06:09.139000+00:00,420,CLASSIC,15.333333333333334,Lillia,JUNGLE,True,3,0,2,5.0,5751,4058,11258,18,99,6.456521739130435
38,FxMTJKzzCsBY-OzJLSVXx99hh8qY1fGscl7Ugr67SJISoaQLxsVzMtEP1Lc0oJiO3I2_if1R_qHEEg,BRONZE,BRONZE,II,77,BOB3CK,EUW,EUW1_7766216158,2026-03-06 22:42:12.524000+00:00,420,CLASSIC,24.75,Xayah,BOTTOM,False,0,4,2,0.5,8200,7426,13166,23,184,7.434343434343434
38,FxMTJKzzCsBY-OzJLSVXx99hh8qY1fGscl7Ugr67SJISoaQLxsVzMtEP1Lc0oJiO3I2_if1R_qHEEg,BRONZE,BRONZE,II,77,BOB3CK,EUW,EUW1_7770920312,2026-03-09 17:28:33.762000+00:00,420,CLASSIC,1.85,Khazix,JUNGLE,True,0,0,0,0.0,630,914,561,0,0,0.0
38,FxMTJKzzCsBY-OzJLSVXx99hh8qY1fGscl7Ugr67SJISoaQLxsVzMtEP1Lc0oJiO3I2_if1R_qHEEg,BRONZE,BRONZE,II,77,BOB3CK,EUW,EUW1_7770935615,2026-03-09 17:34:21.238000+00:00,420,CLASSIC,40.516666666666666,Khazix,JUNGLE,False,12,7,13,3.5714285714285716,18651,34375,49405,34,223,5.503907856849033
38,FxMTJKzzCsBY-OzJLSVXx99hh8qY1fGscl7Ugr67SJISoaQLxsVzMtEP1Lc0oJiO3I2_if1R_qHEEg,BRONZE,BRONZE,II,77,BOB3CK,EUW,EUW1_7775703595,2026-03-12 15:45:24.314000+00:00,420,CLASSIC,35.333333333333336,Vi,JUNGLE,True,9,2,11,10.0,15611,19655,33042,32,248,7.018867924528301
38,FxMTJKzzCsBY-OzJLSVXx99hh8qY1fGscl7Ugr67SJISoaQLxsVzMtEP1Lc0oJiO3I2_if1R_qHEEg,BRONZE,BRONZE,II,77,BOB3CK,EUW,EUW1_7776310015,2026-03-12 21:42:34.879000+00:00,420,CLASSIC,30.883333333333333,Khazix,JUNGLE,False,3,11,3,0.5454545454545454,11005,15152,34986,31,163,5.277927684835402
38,FxMTJKzzCsBY-OzJLSVXx99hh8qY1fGscl7Ugr67SJISoaQLxsVzMtEP1Lc0oJiO3I2_if1R_qHEEg,BRONZE,BRONZE,II,77,BOB3CK,EUW,EUW1_7783486251,2026-03-16 21:25:13.850000+00:00,420,CLASSIC,22.083333333333332,Rakan,UTILITY,True,4,1,11,15.0,7195,5837,11857,41,21,0.9509433962264151
38,FxMTJKzzCsBY-OzJLSVXx99hh8qY1fGscl7Ugr67SJISoaQLxsVzMtEP1Lc0oJiO3I2_if1R_qHEEg,BRONZE,BRONZE,II,77,BOB3CK,EUW,EUW1_7783541781,2026-03-16 21:51:32.999000+00:00,420,CLASSIC,24.383333333333333,Lulu,UTILITY,False,1,9,4,0.5555555555555556,6330,5898,22761,41,27,1.1073137388926864
38,FxMTJKzzCsBY-OzJLSVXx99hh8qY1fGscl7Ugr67SJISoaQLxsVzMtEP1Lc0oJiO3I2_if1R_qHEEg,BRONZE,BRONZE,II,77,BOB3CK,EUW,EUW1_7783596027,2026-03-16 22:20:18.791000+00:00,420,CLASSIC,31.916666666666668,Lux,UTILITY,False,4,10,10,1.4,9579,19559,22861,70,45,1.4099216710182767
38,FxMTJKzzCsBY-OzJLSVXx99hh8qY1fGscl7Ugr67SJISoaQLxsVzMtEP1Lc0oJiO3I2_if1R_qHEEg,BRONZE,BRONZE,II,77,BOB3CK,EUW,EUW1_7783651337,2026-03-16 22:56:34.711000+00:00,420,CLASSIC,27.483333333333334,Nautilus,UTILITY,True,2,3,15,5.666666666666667,8557,10421,17285,72,19,0.6913280776228017
38,FxMTJKzzCsBY-OzJLSVXx99hh8qY1fGscl7Ugr67SJISoaQLxsVzMtEP1Lc0oJiO3I2_if1R_qHEEg,BRONZE,BRONZE,II,77,BOB3CK,EUW,EUW1_7788387248,2026-03-19 21:05:16.507000+00:00,420,CLASSIC,32.71666666666667,Kayn,JUNGLE,True,6,4,9,3.75,13308,17582,30611,43,212,6.479877738155883
38,FxMTJKzzCsBY-OzJLSVXx99hh8qY1fGscl7Ugr67SJISoaQLxsVzMtEP1Lc0oJiO3I2_if1R_qHEEg,BRONZE,BRONZE,II,77,BOB3CK,EUW,EUW1_7795595590,2026-03-23 21:12:40.334000+00:00,420,CLASSIC,22.133333333333333,Sylas,JUNGLE,True,6,1,8,14.0,9058,9531,21139,26,116,5.240963855421687
38,FxMTJKzzCsBY-OzJLSVXx99hh8qY1fGscl7Ugr67SJISoaQLxsVzMtEP1Lc0oJiO3I2_if1R_qHEEg,BRONZE,BRONZE,II,77,BOB3CK,EUW,EUW1_7803296311,2026-03-29 15:38:11.624000+00:00,420,CLASSIC,32.56666666666667,Khazix,JUNGLE,False,10,6,5,2.5,15167,19561,32285,37,160,4.912998976458546
38,FxMTJKzzCsBY-OzJLSVXx99hh8qY1fGscl7Ugr67SJISoaQLxsVzMtEP1Lc0oJiO3I2_if1R_qHEEg,BRONZE,BRONZE,II,77,BOB3CK,EUW,EUW1_7803351930,2026-03-29 16:15:03.266000+00:00,420,CLASSIC,41.833333333333336,Vi,JUNGLE,False,6,7,17,3.2857142857142856,14757,24632,52223,59,205,4.900398406374502
38,FxMTJKzzCsBY-OzJLSVXx99hh8qY1fGscl7Ugr67SJISoaQLxsVzMtEP1Lc0oJiO3I2_if1R_qHEEg,BRONZE,BRONZE,II,77,BOB3CK,EUW,EUW1_7808438194,2026-04-03 11:06:04.990000+00:00,420,CLASSIC,28.383333333333333,Khazix,JUNGLE,False,6,4,8,3.5,14278,18935,27290,34,165,5.813270698766882
38,FxMTJKzzCsBY-OzJLSVXx99hh8qY1fGscl7Ugr67SJISoaQLxsVzMtEP1Lc0oJiO3I2_if1R_qHEEg,BRONZE,BRONZE,II,77,BOB3CK,EUW,EUW1_7866969874,2026-05-26 20:19:49.158000+00:00,420,CLASSIC,31.083333333333332,Ahri,MIDDLE,False,6,5,4,2.0,11028,22403,23230,24,203,6.53083109919571
38,FxMTJKzzCsBY-OzJLSVXx99hh8qY1fGscl7Ugr67SJISoaQLxsVzMtEP1Lc0oJiO3I2_if1R_qHEEg,BRONZE,BRONZE,II,77,BOB3CK,EUW,EUW1_7867976210,2026-05-27 20:19:08.078000+00:00,420,CLASSIC,34.35,Blitzcrank,UTILITY,False,0,12,16,1.3333333333333333,8753,11118,35780,88,35,1.0189228529839882
39,XO8U_UjMjaC0O7AQ10nO9HO8VFt2Ge1FXBNgUSK8xEr6lt0eW9BostRZYDZ6m6z0embnIOINKCI8_w,BRONZE,BRONZE,IV,10,Sirje,EUW,EUW1_7339154630,2025-03-17 00:07:43.246000+00:00,420,CLASSIC,37.733333333333334,Orianna,MIDDLE,False,0,4,9,2.25,10275,16306,19693,20,206,5.459363957597173
39,XO8U_UjMjaC0O7AQ10nO9HO8VFt2Ge1FXBNgUSK8xEr6lt0eW9BostRZYDZ6m6z0embnIOINKCI8_w,BRONZE,BRONZE,IV,10,Sirje,EUW,EUW1_7343893429,2025-03-22 00:11:44.083000+00:00,420,CLASSIC,26.25,Ekko,MIDDLE,False,4,4,4,2.0,9617,13041,20708,9,152,5.79047619047619
39,XO8U_UjMjaC0O7AQ10nO9HO8VFt2Ge1FXBNgUSK8xEr6lt0eW9BostRZYDZ6m6z0embnIOINKCI8_w,BRONZE,BRONZE,IV,10,Sirje,EUW,EUW1_7781924350,2026-03-15 22:51:09.172000+00:00,420,CLASSIC,39.05,Jhin,BOTTOM,False,9,9,9,2.0,16152,18891,25861,30,210,5.377720870678617
39,XO8U_UjMjaC0O7AQ10nO9HO8VFt2Ge1FXBNgUSK8xEr6lt0eW9BostRZYDZ6m6z0embnIOINKCI8_w,BRONZE,BRONZE,IV,10,Sirje,EUW,EUW1_7783547371,2026-03-16 21:57:12.625000+00:00,420,CLASSIC,21.233333333333334,Ekko,MIDDLE,True,1,2,4,2.5,6284,5224,10836,16,117,5.5102040816326525
39,XO8U_UjMjaC0O7AQ10nO9HO8VFt2Ge1FXBNgUSK8xEr6lt0eW9BostRZYDZ6m6z0embnIOINKCI8_w,BRONZE,BRONZE,IV,10,Sirje,EUW,EUW1_7783604833,2026-03-16 22:24:59.969000+00:00,420,CLASSIC,42.0,Azir,MIDDLE,False,3,3,1,1.3333333333333333,14020,12566,25960,33,274,6.523809523809524
39,XO8U_UjMjaC0O7AQ10nO9HO8VFt2Ge1FXBNgUSK8xEr6lt0eW9BostRZYDZ6m6z0embnIOINKCI8_w,BRONZE,BRONZE,IV,10,Sirje,EUW,EUW1_7793879856,2026-03-22 21:47:14.287000+00:00,420,CLASSIC,29.416666666666668,Ambessa,TOP,False,1,10,4,0.5,7314,12039,28962,23,106,3.6033994334277617
39,XO8U_UjMjaC0O7AQ10nO9HO8VFt2Ge1FXBNgUSK8xEr6lt0eW9BostRZYDZ6m6z0embnIOINKCI8_w,BRONZE,BRONZE,IV,10,Sirje,EUW,EUW1_7795143539,2026-03-23 17:24:00.050000+00:00,420,CLASSIC,29.816666666666666,Ambessa,TOP,False,4,10,3,0.7,9892,14559,30228,25,145,4.8630519843487985
39,XO8U_UjMjaC0O7AQ10nO9HO8VFt2Ge1FXBNgUSK8xEr6lt0eW9BostRZYDZ6m6z0embnIOINKCI8_w,BRONZE,BRONZE,IV,10,Sirje,EUW,EUW1_7795208912,2026-03-23 18:02:49.151000+00:00,420,CLASSIC,27.783333333333335,Gangplank,TOP,True,5,5,6,2.2,10920,15801,18781,15,125,4.499100179964007
39,XO8U_UjMjaC0O7AQ10nO9HO8VFt2Ge1FXBNgUSK8xEr6lt0eW9BostRZYDZ6m6z0embnIOINKCI8_w,BRONZE,BRONZE,IV,10,Sirje,EUW,EUW1_7795682823,2026-03-23 21:59:28.462000+00:00,420,CLASSIC,43.31666666666667,Ornn,TOP,False,4,12,15,1.5833333333333333,13393,26905,70102,31,188,4.340130819545979
39,XO8U_UjMjaC0O7AQ10nO9HO8VFt2Ge1FXBNgUSK8xEr6lt0eW9BostRZYDZ6m6z0embnIOINKCI8_w,BRONZE,BRONZE,IV,10,Sirje,EUW,EUW1_7795765366,2026-03-23 22:49:00.227000+00:00,420,CLASSIC,36.78333333333333,Ekko,MIDDLE,True,5,6,12,2.8333333333333335,13119,18638,32867,25,197,5.355686452197554
40,ypYIVd9QNbjzQ3GGuZsGTb_HbqmXMP9Cc3EGcPA9aj208Fsa-aPPakz5YQ8ul8EWB0mbBRcjrBytWw,BRONZE,BRONZE,II,53,boughamgham,EUW,EUW1_7265124177,2025-01-12 16:14:30.178000+00:00,420,CLASSIC,44.516666666666666,Mordekaiser,TOP,True,13,12,19,2.6666666666666665,17590,53251,66795,13,178,3.9985024335454886
40,ypYIVd9QNbjzQ3GGuZsGTb_HbqmXMP9Cc3EGcPA9aj208Fsa-aPPakz5YQ8ul8EWB0mbBRcjrBytWw,BRONZE,BRONZE,II,53,boughamgham,EUW,EUW1_7265248639,2025-01-12 17:24:52.201000+00:00,420,CLASSIC,32.75,Mordekaiser,TOP,True,8,3,5,4.333333333333333,14865,15421,28566,14,201,6.137404580152672
40,ypYIVd9QNbjzQ3GGuZsGTb_HbqmXMP9Cc3EGcPA9aj208Fsa-aPPakz5YQ8ul8EWB0mbBRcjrBytWw,BRONZE,BRONZE,II,53,boughamgham,EUW,EUW1_7269225341,2025-01-15 21:41:55.816000+00:00,420,CLASSIC,28.683333333333334,Amumu,JUNGLE,True,4,10,13,1.7,9935,12170,36350,34,129,4.497385241138873
40,ypYIVd9QNbjzQ3GGuZsGTb_HbqmXMP9Cc3EGcPA9aj208Fsa-aPPakz5YQ8ul8EWB0mbBRcjrBytWw,BRONZE,BRONZE,II,53,boughamgham,EUW,EUW1_7269280110,2025-01-15 22:16:04.480000+00:00,420,CLASSIC,31.966666666666665,Mordekaiser,TOP,True,5,8,2,0.875,12375,13606,26154,26,157,4.911366006256517
40,ypYIVd9QNbjzQ3GGuZsGTb_HbqmXMP9Cc3EGcPA9aj208Fsa-aPPakz5YQ8ul8EWB0mbBRcjrBytWw,BRONZE,BRONZE,II,53,boughamgham,EUW,EUW1_7270168721,2025-01-16 19:32:38.507000+00:00,420,CLASSIC,32.916666666666664,Mordekaiser,TOP,True,7,7,4,1.5714285714285714,13297,15598,34729,27,175,5.316455696202532
40,ypYIVd9QNbjzQ3GGuZsGTb_HbqmXMP9Cc3EGcPA9aj208Fsa-aPPakz5YQ8ul8EWB0mbBRcjrBytWw,BRONZE,BRONZE,II,53,boughamgham,EUW,EUW1_7270255503,2025-01-16 20:23:33.784000+00:00,420,CLASSIC,38.266666666666666,Amumu,JUNGLE,False,6,11,16,2.0,13474,19210,49115,19,168,4.390243902439025
40,ypYIVd9QNbjzQ3GGuZsGTb_HbqmXMP9Cc3EGcPA9aj208Fsa-aPPakz5YQ8ul8EWB0mbBRcjrBytWw,BRONZE,BRONZE,II,53,boughamgham,EUW,EUW1_7272746428,2025-01-18 20:03:14.763000+00:00,420,CLASSIC,34.88333333333333,MasterYi,JUNGLE,False,7,15,7,0.9333333333333333,11861,18747,42487,27,127,3.6407071189679887
40,ypYIVd9QNbjzQ3GGuZsGTb_HbqmXMP9Cc3EGcPA9aj208Fsa-aPPakz5YQ8ul8EWB0mbBRcjrBytWw,BRONZE,BRONZE,II,53,boughamgham,EUW,EUW1_7596763173,2025-11-08 20:08:10.553000+00:00,420,CLASSIC,33.36666666666667,MasterYi,JUNGLE,True,8,4,9,4.25,14150,37605,35028,25,191,5.724275724275724
40,ypYIVd9QNbjzQ3GGuZsGTb_HbqmXMP9Cc3EGcPA9aj208Fsa-aPPakz5YQ8ul8EWB0mbBRcjrBytWw,BRONZE,BRONZE,II,53,boughamgham,EUW,EUW1_7596830992,2025-11-08 20:51:06.321000+00:00,420,CLASSIC,20.85,MasterYi,JUNGLE,False,1,6,2,0.5,6392,3991,19248,22,119,5.707434052757794
40,ypYIVd9QNbjzQ3GGuZsGTb_HbqmXMP9Cc3EGcPA9aj208Fsa-aPPakz5YQ8ul8EWB0mbBRcjrBytWw,BRONZE,BRONZE,II,53,boughamgham,EUW,EUW1_7642547277,2025-12-14 10:47:21.992000+00:00,420,CLASSIC,32.11666666666667,XinZhao,JUNGLE,False,8,12,9,1.4166666666666667,11356,21153,54495,42,119,3.7052413077322264
40,ypYIVd9QNbjzQ3GGuZsGTb_HbqmXMP9Cc3EGcPA9aj208Fsa-aPPakz5YQ8ul8EWB0mbBRcjrBytWw,BRONZE,BRONZE,II,53,boughamgham,EUW,EUW1_7642584245,2025-12-14 11:24:43.807000+00:00,420,CLASSIC,27.383333333333333,Amumu,JUNGLE,True,8,4,11,4.75,12106,20082,29271,22,161,5.879488740109556
40,ypYIVd9QNbjzQ3GGuZsGTb_HbqmXMP9Cc3EGcPA9aj208Fsa-aPPakz5YQ8ul8EWB0mbBRcjrBytWw,BRONZE,BRONZE,II,53,boughamgham,EUW,EUW1_7642682013,2025-12-14 12:45:10.362000+00:00,420,CLASSIC,28.65,Jax,JUNGLE,False,6,12,5,0.9166666666666666,10845,16329,35802,35,142,4.956369982547994
40,ypYIVd9QNbjzQ3GGuZsGTb_HbqmXMP9Cc3EGcPA9aj208Fsa-aPPakz5YQ8ul8EWB0mbBRcjrBytWw,BRONZE,BRONZE,II,53,boughamgham,EUW,EUW1_7642912994,2025-12-14 15:22:49.427000+00:00,420,CLASSIC,27.166666666666668,Jax,JUNGLE,True,3,2,5,4.0,10586,9583,24530,31,190,6.993865030674846
40,ypYIVd9QNbjzQ3GGuZsGTb_HbqmXMP9Cc3EGcPA9aj208Fsa-aPPakz5YQ8ul8EWB0mbBRcjrBytWw,BRONZE,BRONZE,II,53,boughamgham,EUW,EUW1_7642985876,2025-12-14 16:01:25.510000+00:00,420,CLASSIC,18.616666666666667,Jax,JUNGLE,True,2,3,11,4.333333333333333,7265,7863,18062,15,92,4.9418084153983886
40,ypYIVd9QNbjzQ3GGuZsGTb_HbqmXMP9Cc3EGcPA9aj208Fsa-aPPakz5YQ8ul8EWB0mbBRcjrBytWw,BRONZE,BRONZE,II,53,boughamgham,EUW,EUW1_7643027398,2025-12-14 16:27:46.637000+00:00,420,CLASSIC,41.733333333333334,Jax,JUNGLE,True,6,11,11,1.5454545454545454,16668,28128,56277,34,228,5.463258785942492
40,ypYIVd9QNbjzQ3GGuZsGTb_HbqmXMP9Cc3EGcPA9aj208Fsa-aPPakz5YQ8ul8EWB0mbBRcjrBytWw,BRONZE,BRONZE,II,53,boughamgham,EUW,EUW1_7650580084,2025-12-20 11:32:18.409000+00:00,420,CLASSIC,31.15,Jax,JUNGLE,True,5,10,9,1.4,13017,13644,32319,37,167,5.3611556982343505
40,ypYIVd9QNbjzQ3GGuZsGTb_HbqmXMP9Cc3EGcPA9aj208Fsa-aPPakz5YQ8ul8EWB0mbBRcjrBytWw,BRONZE,BRONZE,II,53,boughamgham,EUW,EUW1_7650620851,2025-12-20 12:10:26.002000+00:00,420,CLASSIC,29.633333333333333,Jax,JUNGLE,False,4,12,6,0.8333333333333334,13137,22643,39321,22,120,4.049493813273341
40,ypYIVd9QNbjzQ3GGuZsGTb_HbqmXMP9Cc3EGcPA9aj208Fsa-aPPakz5YQ8ul8EWB0mbBRcjrBytWw,BRONZE,BRONZE,II,53,boughamgham,EUW,EUW1_7650655761,2025-12-20 12:44:09.563000+00:00,420,CLASSIC,32.61666666666667,Jax,JUNGLE,True,10,3,11,7.0,16589,29351,36095,29,238,7.296882984159428
40,ypYIVd9QNbjzQ3GGuZsGTb_HbqmXMP9Cc3EGcPA9aj208Fsa-aPPakz5YQ8ul8EWB0mbBRcjrBytWw,BRONZE,BRONZE,II,53,boughamgham,EUW,EUW1_7650983498,2025-12-20 16:55:38.734000+00:00,420,CLASSIC,29.666666666666668,Jax,JUNGLE,True,7,7,11,2.5714285714285716,11189,15922,32510,18,148,4.98876404494382
40,ypYIVd9QNbjzQ3GGuZsGTb_HbqmXMP9Cc3EGcPA9aj208Fsa-aPPakz5YQ8ul8EWB0mbBRcjrBytWw,BRONZE,BRONZE,II,53,boughamgham,EUW,EUW1_7651030755,2025-12-20 17:30:25.903000+00:00,420,CLASSIC,29.983333333333334,Jax,JUNGLE,False,2,11,4,0.5454545454545454,8648,9928,34866,29,130,4.33574207893274
40,ypYIVd9QNbjzQ3GGuZsGTb_HbqmXMP9Cc3EGcPA9aj208Fsa-aPPakz5YQ8ul8EWB0mbBRcjrBytWw,BRONZE,BRONZE,II,53,boughamgham,EUW,EUW1_7651078768,2025-12-20 18:04:47.297000+00:00,420,CLASSIC,29.816666666666666,Vi,JUNGLE,True,9,8,6,1.875,12287,19762,41233,30,168,5.63443264393516
40,ypYIVd9QNbjzQ3GGuZsGTb_HbqmXMP9Cc3EGcPA9aj208Fsa-aPPakz5YQ8ul8EWB0mbBRcjrBytWw,BRONZE,BRONZE,II,53,boughamgham,EUW,EUW1_7651124174,2025-12-20 18:40:06.328000+00:00,420,CLASSIC,26.483333333333334,MasterYi,JUNGLE,True,5,3,8,4.333333333333333,9597,11006,28083,33,128,4.833228445563247
40,ypYIVd9QNbjzQ3GGuZsGTb_HbqmXMP9Cc3EGcPA9aj208Fsa-aPPakz5YQ8ul8EWB0mbBRcjrBytWw,BRONZE,BRONZE,II,53,boughamgham,EUW,EUW1_7651180750,2025-12-20 19:16:44.740000+00:00,420,CLASSIC,29.2,Seraphine,UTILITY,True,3,8,17,2.5,9101,13381,24430,53,33,1.13013698630137
40,ypYIVd9QNbjzQ3GGuZsGTb_HbqmXMP9Cc3EGcPA9aj208Fsa-aPPakz5YQ8ul8EWB0mbBRcjrBytWw,BRONZE,BRONZE,II,53,boughamgham,EUW,EUW1_7651232644,2025-12-20 19:52:28.369000+00:00,420,CLASSIC,46.71666666666667,Seraphine,UTILITY,False,2,18,15,0.9444444444444444,11830,19771,39015,119,31,0.6635747413485551
40,ypYIVd9QNbjzQ3GGuZsGTb_HbqmXMP9Cc3EGcPA9aj208Fsa-aPPakz5YQ8ul8EWB0mbBRcjrBytWw,BRONZE,BRONZE,II,53,boughamgham,EUW,EUW1_7652260466,2025-12-21 15:20:52.992000+00:00,420,CLASSIC,37.63333333333333,Ashe,TOP,False,2,13,14,1.2307692307692308,10670,13525,26553,28,121,3.2152347209920284
40,ypYIVd9QNbjzQ3GGuZsGTb_HbqmXMP9Cc3EGcPA9aj208Fsa-aPPakz5YQ8ul8EWB0mbBRcjrBytWw,BRONZE,BRONZE,II,53,boughamgham,EUW,EUW1_7680207512,2026-01-11 10:59:37.920000+00:00,420,CLASSIC,23.55,Vayne,TOP,False,0,8,1,0.125,5556,4348,16605,20,109,4.628450106157112
40,ypYIVd9QNbjzQ3GGuZsGTb_HbqmXMP9Cc3EGcPA9aj208Fsa-aPPakz5YQ8ul8EWB0mbBRcjrBytWw,BRONZE,BRONZE,II,53,boughamgham,EUW,EUW1_7680240490,2026-01-11 11:27:53.337000+00:00,420,CLASSIC,43.46666666666667,Lux,UTILITY,True,4,17,23,1.588235294117647,13400,42706,38336,107,77,1.7714723926380367
40,ypYIVd9QNbjzQ3GGuZsGTb_HbqmXMP9Cc3EGcPA9aj208Fsa-aPPakz5YQ8ul8EWB0mbBRcjrBytWw,BRONZE,BRONZE,II,53,boughamgham,EUW,EUW1_7680300872,2026-01-11 12:17:15.175000+00:00,420,CLASSIC,29.15,Teemo,TOP,False,2,9,7,1.0,8724,23166,20396,41,115,3.945111492281304
40,ypYIVd9QNbjzQ3GGuZsGTb_HbqmXMP9Cc3EGcPA9aj208Fsa-aPPakz5YQ8ul8EWB0mbBRcjrBytWw,BRONZE,BRONZE,II,53,boughamgham,EUW,EUW1_7680347942,2026-01-11 12:51:40.360000+00:00,420,CLASSIC,15.283333333333333,Veigar,MIDDLE,False,0,3,0,0.0,4458,1378,6160,7,105,6.870229007633588
40,ypYIVd9QNbjzQ3GGuZsGTb_HbqmXMP9Cc3EGcPA9aj208Fsa-aPPakz5YQ8ul8EWB0mbBRcjrBytWw,BRONZE,BRONZE,II,53,boughamgham,EUW,EUW1_7689636230,2026-01-17 18:57:52.851000+00:00,420,CLASSIC,28.95,Ashe,BOTTOM,False,4,5,9,2.6,10550,15099,21425,32,156,5.3886010362694305
40,ypYIVd9QNbjzQ3GGuZsGTb_HbqmXMP9Cc3EGcPA9aj208Fsa-aPPakz5YQ8ul8EWB0mbBRcjrBytWw,BRONZE,BRONZE,II,53,boughamgham,EUW,EUW1_7689696245,2026-01-17 19:34:59.693000+00:00,420,CLASSIC,32.68333333333333,Teemo,TOP,True,1,11,9,0.9090909090909091,8733,14935,23816,31,120,3.6715961244263133
40,ypYIVd9QNbjzQ3GGuZsGTb_HbqmXMP9Cc3EGcPA9aj208Fsa-aPPakz5YQ8ul8EWB0mbBRcjrBytWw,BRONZE,BRONZE,II,53,boughamgham,EUW,EUW1_7689763293,2026-01-17 20:13:17.645000+00:00,420,CLASSIC,40.36666666666667,Teemo,TOP,True,13,6,7,3.3333333333333335,16448,43314,31028,45,201,4.9793559042113955
40,ypYIVd9QNbjzQ3GGuZsGTb_HbqmXMP9Cc3EGcPA9aj208Fsa-aPPakz5YQ8ul8EWB0mbBRcjrBytWw,BRONZE,BRONZE,II,53,boughamgham,EUW,EUW1_7689856708,2026-01-17 21:00:18.521000+00:00,420,CLASSIC,36.06666666666667,Teemo,TOP,False,5,13,9,1.0769230769230769,9980,20125,29810,39,109,3.022181146025878
40,ypYIVd9QNbjzQ3GGuZsGTb_HbqmXMP9Cc3EGcPA9aj208Fsa-aPPakz5YQ8ul8EWB0mbBRcjrBytWw,BRONZE,BRONZE,II,53,boughamgham,EUW,EUW1_7859181561,2026-05-19 16:45:07.413000+00:00,420,CLASSIC,29.883333333333333,MasterYi,JUNGLE,False,5,12,2,0.5833333333333334,9888,8553,29625,23,128,4.283324037925265
40,ypYIVd9QNbjzQ3GGuZsGTb_HbqmXMP9Cc3EGcPA9aj208Fsa-aPPakz5YQ8ul8EWB0mbBRcjrBytWw,BRONZE,BRONZE,II,53,boughamgham,EUW,EUW1_7916091404,2026-07-12 10:28:24.618000+00:00,420,CLASSIC,17.366666666666667,MasterYi,JUNGLE,False,2,5,1,0.6,4915,3397,9241,12,54,3.1094049904030707
40,ypYIVd9QNbjzQ3GGuZsGTb_HbqmXMP9Cc3EGcPA9aj208Fsa-aPPakz5YQ8ul8EWB0mbBRcjrBytWw,BRONZE,BRONZE,II,53,boughamgham,EUW,EUW1_7929161749,2026-07-25 11:04:52.293000+00:00,420,CLASSIC,26.133333333333333,Warwick,JUNGLE,False,4,10,6,1.0,9476,11464,33005,28,126,4.821428571428571
40,ypYIVd9QNbjzQ3GGuZsGTb_HbqmXMP9Cc3EGcPA9aj208Fsa-aPPakz5YQ8ul8EWB0mbBRcjrBytWw,BRONZE,BRONZE,II,53,boughamgham,EUW,EUW1_7929203953,2026-07-25 12:04:32.219000+00:00,420,CLASSIC,1.2833333333333334,Lux,UTILITY,False,0,0,0,0.0,550,517,441,0,0,0.0
40,ypYIVd9QNbjzQ3GGuZsGTb_HbqmXMP9Cc3EGcPA9aj208Fsa-aPPakz5YQ8ul8EWB0mbBRcjrBytWw,BRONZE,BRONZE,II,53,boughamgham,EUW,EUW1_7929213686,2026-07-25 12:11:49.757000+00:00,420,CLASSIC,2.4,Seraphine,UTILITY,False,0,0,0,0.0,781,532,118,0,2,0.8333333333333334
40,ypYIVd9QNbjzQ3GGuZsGTb_HbqmXMP9Cc3EGcPA9aj208Fsa-aPPakz5YQ8ul8EWB0mbBRcjrBytWw,BRONZE,BRONZE,II,53,boughamgham,EUW,EUW1_7929223518,2026-07-25 12:19:47.244000+00:00,420,CLASSIC,37.733333333333334,Veigar,MIDDLE,False,9,15,16,1.6666666666666667,14352,43610,36651,27,157,4.160777385159011
1,xZfsTAu4FwINHWkPTu1Ly8lfUy6YcgdFcuaz4btwsvAAelKD42FBRCyzmbUsiqJ1q2P3j6oe5HFRxA,CHALLENGER,CHALLENGER,I,3065,zwaker,T1WIN,EUW1_7948081701,2026-08-12 08:44:00.265000+00:00,420,CLASSIC,22.716666666666665,Sylas,MIDDLE,False,9,5,2,2.2,11580,17047,26979,25,188,8.275862068965518
1,xZfsTAu4FwINHWkPTu1Ly8lfUy6YcgdFcuaz4btwsvAAelKD42FBRCyzmbUsiqJ1q2P3j6oe5HFRxA,CHALLENGER,CHALLENGER,I,3065,zwaker,T1WIN,EUW1_7949268133,2026-08-13 14:46:58.672000+00:00,420,CLASSIC,26.516666666666666,Lissandra,TOP,True,5,3,15,6.666666666666667,12675,21723,24988,41,231,8.711502199874293
1,xZfsTAu4FwINHWkPTu1Ly8lfUy6YcgdFcuaz4btwsvAAelKD42FBRCyzmbUsiqJ1q2P3j6oe5HFRxA,CHALLENGER,CHALLENGER,I,3065,zwaker,T1WIN,EUW1_7949357444,2026-08-13 16:26:54.397000+00:00,420,CLASSIC,42.233333333333334,Sylas,MIDDLE,False,7,7,11,2.5714285714285716,15115,28885,56666,50,261,6.179952644041042
1,xZfsTAu4FwINHWkPTu1Ly8lfUy6YcgdFcuaz4btwsvAAelKD42FBRCyzmbUsiqJ1q2P3j6oe5HFRxA,CHALLENGER,CHALLENGER,I,3065,zwaker,T1WIN,EUW1_7949430789,2026-08-13 17:16:16.811000+00:00,420,CLASSIC,26.333333333333332,Mel,MIDDLE,False,3,6,3,1.0,10408,18495,20265,27,234,8.88607594936709
1,xZfsTAu4FwINHWkPTu1Ly8lfUy6YcgdFcuaz4btwsvAAelKD42FBRCyzmbUsiqJ1q2P3j6oe5HFRxA,CHALLENGER,CHALLENGER,I,3065,zwaker,T1WIN,EUW1_7949898029,2026-08-14 05:38:18.020000+00:00,420,CLASSIC,23.4,Lissandra,MIDDLE,True,11,1,5,16.0,16140,22790,15949,17,272,11.623931623931625
1,xZfsTAu4FwINHWkPTu1Ly8lfUy6YcgdFcuaz4btwsvAAelKD42FBRCyzmbUsiqJ1q2P3j6oe5HFRxA,CHALLENGER,CHALLENGER,I,3065,zwaker,T1WIN,EUW1_7949909938,2026-08-14 06:13:29.872000+00:00,420,CLASSIC,25.483333333333334,Ezreal,BOTTOM,True,7,2,6,6.5,13716,28325,16901,20,229,8.986265533028122
1,xZfsTAu4FwINHWkPTu1Ly8lfUy6YcgdFcuaz4btwsvAAelKD42FBRCyzmbUsiqJ1q2P3j6oe5HFRxA,CHALLENGER,CHALLENGER,I,3065,zwaker,T1WIN,EUW1_7949912174,2026-08-14 06:45:55.493000+00:00,420,CLASSIC,29.516666666666666,Leona,UTILITY,False,3,8,21,3.0,8932,13094,31602,95,30,1.0163749294184077
1,xZfsTAu4FwINHWkPTu1Ly8lfUy6YcgdFcuaz4btwsvAAelKD42FBRCyzmbUsiqJ1q2P3j6oe5HFRxA,CHALLENGER,CHALLENGER,I,3065,zwaker,T1WIN,EUW1_7949919959,2026-08-14 07:23:29.765000+00:00,420,CLASSIC,23.466666666666665,Ezreal,MIDDLE,False,8,7,10,2.5714285714285716,12784,20324,18524,21,197,8.394886363636365
1,xZfsTAu4FwINHWkPTu1Ly8lfUy6YcgdFcuaz4btwsvAAelKD42FBRCyzmbUsiqJ1q2P3j6oe5HFRxA,CHALLENGER,CHALLENGER,I,3065,zwaker,T1WIN,EUW1_7949934960,2026-08-14 07:57:18.294000+00:00,420,CLASSIC,25.2,Ezreal,BOTTOM,False,3,10,8,1.1,9911,21246,24487,10,166,6.587301587301588
1,xZfsTAu4FwINHWkPTu1Ly8lfUy6YcgdFcuaz4btwsvAAelKD42FBRCyzmbUsiqJ1q2P3j6oe5HFRxA,CHALLENGER,CHALLENGER,I,3065,zwaker,T1WIN,EUW1_7949954624,2026-08-14 08:33:40.768000+00:00,420,CLASSIC,29.016666666666666,Lissandra,MIDDLE,True,12,5,18,6.0,15742,34473,24712,21,245,8.443423319931075
1,xZfsTAu4FwINHWkPTu1Ly8lfUy6YcgdFcuaz4btwsvAAelKD42FBRCyzmbUsiqJ1q2P3j6oe5HFRxA,CHALLENGER,CHALLENGER,I,3065,zwaker,T1WIN,EUW1_7949957127,2026-08-14 09:13:47.675000+00:00,420,CLASSIC,20.166666666666668,Lissandra,MIDDLE,True,6,1,4,10.0,11642,20137,15239,19,192,9.520661157024794
1,xZfsTAu4FwINHWkPTu1Ly8lfUy6YcgdFcuaz4btwsvAAelKD42FBRCyzmbUsiqJ1q2P3j6oe5HFRxA,CHALLENGER,CHALLENGER,I,3065,zwaker,T1WIN,EUW1_7949979663,2026-08-14 09:39:56.083000+00:00,420,CLASSIC,15.283333333333333,Lissandra,TOP,True,2,0,3,5.0,7061,8635,7875,8,145,9.487459105779717
1,xZfsTAu4FwINHWkPTu1Ly8lfUy6YcgdFcuaz4btwsvAAelKD42FBRCyzmbUsiqJ1q2P3j6oe5HFRxA,CHALLENGER,CHALLENGER,I,3065,zwaker,T1WIN,EUW1_7949992894,2026-08-14 10:01:08.229000+00:00,420,CLASSIC,24.8,Lissandra,MIDDLE,True,9,3,12,7.0,13272,28357,19673,20,220,8.870967741935484
1,xZfsTAu4FwINHWkPTu1Ly8lfUy6YcgdFcuaz4btwsvAAelKD42FBRCyzmbUsiqJ1q2P3j6oe5HFRxA,CHALLENGER,CHALLENGER,I,3065,zwaker,T1WIN,EUW1_7949998357,2026-08-14 10:36:22.104000+00:00,420,CLASSIC,31.333333333333332,Lissandra,MIDDLE,True,6,5,15,4.2,12422,17842,23782,36,221,7.053191489361702
1,xZfsTAu4FwINHWkPTu1Ly8lfUy6YcgdFcuaz4btwsvAAelKD42FBRCyzmbUsiqJ1q2P3j6oe5HFRxA,CHALLENGER,CHALLENGER,I,3065,zwaker,T1WIN,EUW1_7950034927,2026-08-14 11:12:37.614000+00:00,420,CLASSIC,31.683333333333334,Lissandra,MIDDLE,True,9,2,7,8.0,15990,25337,28612,23,282,8.90057864281957
1,xZfsTAu4FwINHWkPTu1Ly8lfUy6YcgdFcuaz4btwsvAAelKD42FBRCyzmbUsiqJ1q2P3j6oe5HFRxA,CHALLENGER,CHALLENGER,I,3065,zwaker,T1WIN,EUW1_7950070518,2026-08-14 11:52:50.269000+00:00,420,CLASSIC,28.733333333333334,Zed,MIDDLE,False,7,7,8,2.142857142857143,14188,28548,23707,16,223,7.761020881670533
1,xZfsTAu4FwINHWkPTu1Ly8lfUy6YcgdFcuaz4btwsvAAelKD42FBRCyzmbUsiqJ1q2P3j6oe5HFRxA,CHALLENGER,CHALLENGER,I,3065,zwaker,T1WIN,EUW1_7950964619,2026-08-15 09:06:01.167000+00:00,420,CLASSIC,38.35,Taliyah,JUNGLE,False,8,7,21,4.142857142857143,17974,41395,28539,27,284,7.405475880052151
1,xZfsTAu4FwINHWkPTu1Ly8lfUy6YcgdFcuaz4btwsvAAelKD42FBRCyzmbUsiqJ1q2P3j6oe5HFRxA,CHALLENGER,CHALLENGER,I,3065,zwaker,T1WIN,EUW1_7950983078,2026-08-15 09:53:12.467000+00:00,420,CLASSIC,39.4,Lissandra,MIDDLE,True,11,10,25,3.6,18003,48073,32132,28,251,6.370558375634518
1,xZfsTAu4FwINHWkPTu1Ly8lfUy6YcgdFcuaz4btwsvAAelKD42FBRCyzmbUsiqJ1q2P3j6oe5HFRxA,CHALLENGER,CHALLENGER,I,3065,zwaker,T1WIN,EUW1_7951024750,2026-08-15 10:42:42.133000+00:00,420,CLASSIC,37.9,Lissandra,MIDDLE,True,10,8,15,3.125,16495,31301,47412,44,273,7.203166226912929
1,xZfsTAu4FwINHWkPTu1Ly8lfUy6YcgdFcuaz4btwsvAAelKD42FBRCyzmbUsiqJ1q2P3j6oe5HFRxA,CHALLENGER,CHALLENGER,I,3065,zwaker,T1WIN,EUW1_7951969080,2026-08-16 06:14:56.277000+00:00,420,CLASSIC,31.3,Lissandra,MIDDLE,False,11,6,16,4.5,14727,28253,28799,31,280,8.945686900958465
1,xZfsTAu4FwINHWkPTu1Ly8lfUy6YcgdFcuaz4btwsvAAelKD42FBRCyzmbUsiqJ1q2P3j6oe5HFRxA,CHALLENGER,CHALLENGER,I,3065,zwaker,T1WIN,EUW1_7951976028,2026-08-16 06:52:11.993000+00:00,420,CLASSIC,27.166666666666668,Lissandra,MIDDLE,True,4,5,12,3.2,11785,26372,21710,22,207,7.61963190184049
1,xZfsTAu4FwINHWkPTu1Ly8lfUy6YcgdFcuaz4btwsvAAelKD42FBRCyzmbUsiqJ1q2P3j6oe5HFRxA,CHALLENGER,CHALLENGER,I,3065,zwaker,T1WIN,EUW1_7951995441,2026-08-16 08:20:33.907000+00:00,420,CLASSIC,22.333333333333332,Leona,UTILITY,True,0,4,16,4.0,6574,4507,14797,49,28,1.2537313432835822
1,xZfsTAu4FwINHWkPTu1Ly8lfUy6YcgdFcuaz4btwsvAAelKD42FBRCyzmbUsiqJ1q2P3j6oe5HFRxA,CHALLENGER,CHALLENGER,I,3065,zwaker,T1WIN,EUW1_7952013276,2026-08-16 08:52:17.831000+00:00,420,CLASSIC,27.7,Taliyah,MIDDLE,True,6,2,11,8.5,12036,28528,16508,25,233,8.411552346570398
1,xZfsTAu4FwINHWkPTu1Ly8lfUy6YcgdFcuaz4btwsvAAelKD42FBRCyzmbUsiqJ1q2P3j6oe5HFRxA,CHALLENGER,CHALLENGER,I,3065,zwaker,T1WIN,EUW1_7952047559,2026-08-16 09:26:13.252000+00:00,420,CLASSIC,32.416666666666664,Lissandra,MIDDLE,False,4,4,11,3.75,12850,26146,25469,28,253,7.804627249357327
1,xZfsTAu4FwINHWkPTu1Ly8lfUy6YcgdFcuaz4btwsvAAelKD42FBRCyzmbUsiqJ1q2P3j6oe5HFRxA,CHALLENGER,CHALLENGER,I,3065,zwaker,T1WIN,EUW1_7952070081,2026-08-16 10:18:37.383000+00:00,420,CLASSIC,23.883333333333333,Lissandra,MIDDLE,True,1,7,11,1.7142857142857142,10474,18043,21324,14,197,8.248429867411026
1,xZfsTAu4FwINHWkPTu1Ly8lfUy6YcgdFcuaz4btwsvAAelKD42FBRCyzmbUsiqJ1q2P3j6oe5HFRxA,CHALLENGER,CHALLENGER,I,3065,zwaker,T1WIN,EUW1_7953099979,2026-08-17 06:58:48.698000+00:00,420,CLASSIC,28.816666666666666,Lissandra,MIDDLE,False,7,6,6,2.1666666666666665,12574,27398,24492,23,264,9.161364950838635
1,xZfsTAu4FwINHWkPTu1Ly8lfUy6YcgdFcuaz4btwsvAAelKD42FBRCyzmbUsiqJ1q2P3j6oe5HFRxA,CHALLENGER,CHALLENGER,I,3065,zwaker,T1WIN,EUW1_7953113693,2026-08-17 07:45:45.443000+00:00,420,CLASSIC,30.25,Lissandra,MIDDLE,True,7,1,10,17.0,12934,25495,29109,29,258,8.52892561983471
1,xZfsTAu4FwINHWkPTu1Ly8lfUy6YcgdFcuaz4btwsvAAelKD42FBRCyzmbUsiqJ1q2P3j6oe5HFRxA,CHALLENGER,CHALLENGER,I,3065,zwaker,T1WIN,EUW1_7953126615,2026-08-17 08:28:45.829000+00:00,420,CLASSIC,27.4,Lissandra,MIDDLE,False,6,7,7,1.8571428571428572,11545,24511,33916,24,206,7.518248175182483
1,xZfsTAu4FwINHWkPTu1Ly8lfUy6YcgdFcuaz4btwsvAAelKD42FBRCyzmbUsiqJ1q2P3j6oe5HFRxA,CHALLENGER,CHALLENGER,I,3065,zwaker,T1WIN,EUW1_7953137033,2026-08-17 09:04:46.828000+00:00,420,CLASSIC,15.233333333333333,Tristana,BOTTOM,False,4,5,1,1.0,6718,8511,9769,7,108,7.089715536105033
1,xZfsTAu4FwINHWkPTu1Ly8lfUy6YcgdFcuaz4btwsvAAelKD42FBRCyzmbUsiqJ1q2P3j6oe5HFRxA,CHALLENGER,CHALLENGER,I,3065,zwaker,T1WIN,EUW1_7953158574,2026-08-17 09:33:58.133000+00:00,420,CLASSIC,24.883333333333333,TwistedFate,MIDDLE,False,4,6,1,0.8333333333333334,10795,13863,20168,33,173,6.95244474212994
1,xZfsTAu4FwINHWkPTu1Ly8lfUy6YcgdFcuaz4btwsvAAelKD42FBRCyzmbUsiqJ1q2P3j6oe5HFRxA,CHALLENGER,CHALLENGER,I,3065,zwaker,T1WIN,EUW1_7953179644,2026-08-17 10:15:41.955000+00:00,420,CLASSIC,25.533333333333335,Lissandra,MIDDLE,True,2,2,16,9.0,10981,22407,23954,16,205,8.028720626631854
1,xZfsTAu4FwINHWkPTu1Ly8lfUy6YcgdFcuaz4btwsvAAelKD42FBRCyzmbUsiqJ1q2P3j6oe5HFRxA,CHALLENGER,CHALLENGER,I,3065,zwaker,T1WIN,EUW1_7953512071,2026-08-17 16:53:10.228000+00:00,420,CLASSIC,27.116666666666667,Taliyah,MIDDLE,True,6,3,8,4.666666666666667,11809,25440,14237,26,221,8.149969268592502
1,xZfsTAu4FwINHWkPTu1Ly8lfUy6YcgdFcuaz4btwsvAAelKD42FBRCyzmbUsiqJ1q2P3j6oe5HFRxA,CHALLENGER,CHALLENGER,I,3065,zwaker,T1WIN,EUW1_7954124761,2026-08-18 07:28:24.943000+00:00,420,CLASSIC,25.216666666666665,Leona,UTILITY,True,1,3,12,4.333333333333333,6887,6279,17764,82,33,1.3086582947785856
1,xZfsTAu4FwINHWkPTu1Ly8lfUy6YcgdFcuaz4btwsvAAelKD42FBRCyzmbUsiqJ1q2P3j6oe5HFRxA,CHALLENGER,CHALLENGER,I,3065,zwaker,T1WIN,EUW1_7954134764,2026-08-18 08:02:55.937000+00:00,420,CLASSIC,15.233333333333333,Lissandra,MIDDLE,True,3,2,4,3.5,6685,11586,6720,13,127,8.336980306345733
1,xZfsTAu4FwINHWkPTu1Ly8lfUy6YcgdFcuaz4btwsvAAelKD42FBRCyzmbUsiqJ1q2P3j6oe5HFRxA,CHALLENGER,CHALLENGER,I,3065,zwaker,T1WIN,EUW1_7954137234,2026-08-18 08:32:59.882000+00:00,420,CLASSIC,22.416666666666668,Taliyah,MIDDLE,True,3,2,9,6.0,9875,19581,8261,19,211,9.41263940520446
1,xZfsTAu4FwINHWkPTu1Ly8lfUy6YcgdFcuaz4btwsvAAelKD42FBRCyzmbUsiqJ1q2P3j6oe5HFRxA,CHALLENGER,CHALLENGER,I,3065,zwaker,T1WIN,EUW1_7954156848,2026-08-18 09:02:44.665000+00:00,420,CLASSIC,23.683333333333334,Lissandra,MIDDLE,True,5,1,8,13.0,10273,21737,15309,20,233,9.83814215341309
1,xZfsTAu4FwINHWkPTu1Ly8lfUy6YcgdFcuaz4btwsvAAelKD42FBRCyzmbUsiqJ1q2P3j6oe5HFRxA,CHALLENGER,CHALLENGER,I,3065,zwaker,T1WIN,EUW1_7954170853,2026-08-18 09:36:42.063000+00:00,420,CLASSIC,16.433333333333334,Nautilus,UTILITY,True,2,1,17,19.0,6156,6880,8835,34,21,1.2778904665314401
1,xZfsTAu4FwINHWkPTu1Ly8lfUy6YcgdFcuaz4btwsvAAelKD42FBRCyzmbUsiqJ1q2P3j6oe5HFRxA,CHALLENGER,CHALLENGER,I,3065,zwaker,T1WIN,EUW1_7954192493,2026-08-18 10:04:34.053000+00:00,420,CLASSIC,33.016666666666666,Lissandra,MIDDLE,True,10,5,14,4.8,16486,38554,26206,30,277,8.389702170620899
1,xZfsTAu4FwINHWkPTu1Ly8lfUy6YcgdFcuaz4btwsvAAelKD42FBRCyzmbUsiqJ1q2P3j6oe5HFRxA,CHALLENGER,CHALLENGER,I,3065,zwaker,T1WIN,EUW1_7954556452,2026-08-18 17:23:27.251000+00:00,420,CLASSIC,1.1333333333333333,Lissandra,MIDDLE,True,0,0,0,0.0,527,0,0,0,1,0.8823529411764706
1,xZfsTAu4FwINHWkPTu1Ly8lfUy6YcgdFcuaz4btwsvAAelKD42FBRCyzmbUsiqJ1q2P3j6oe5HFRxA,CHALLENGER,CHALLENGER,I,3065,zwaker,T1WIN,EUW1_7954582177,2026-08-18 17:37:15.576000+00:00,420,CLASSIC,22.266666666666666,Lissandra,BOTTOM,True,5,2,8,6.5,11066,13282,11442,12,196,8.802395209580839
1,xZfsTAu4FwINHWkPTu1Ly8lfUy6YcgdFcuaz4btwsvAAelKD42FBRCyzmbUsiqJ1q2P3j6oe5HFRxA,CHALLENGER,CHALLENGER,I,3065,zwaker,T1WIN,EUW1_7954667781,2026-08-18 18:30:54.561000+00:00,420,CLASSIC,16.133333333333333,Leona,UTILITY,True,0,0,8,8.0,4475,3472,7567,40,24,1.4876033057851241
1,xZfsTAu4FwINHWkPTu1Ly8lfUy6YcgdFcuaz4btwsvAAelKD42FBRCyzmbUsiqJ1q2P3j6oe5HFRxA,CHALLENGER,CHALLENGER,I,3065,zwaker,T1WIN,EUW1_7955170371,2026-08-19 08:59:03.774000+00:00,420,CLASSIC,30.583333333333332,Lissandra,MIDDLE,True,15,5,20,7.0,17515,50605,24330,24,257,8.403269754768393
1,xZfsTAu4FwINHWkPTu1Ly8lfUy6YcgdFcuaz4btwsvAAelKD42FBRCyzmbUsiqJ1q2P3j6oe5HFRxA,CHALLENGER,CHALLENGER,I,3065,zwaker,T1WIN,EUW1_7955198936,2026-08-19 09:40:20.622000+00:00,420,CLASSIC,29.233333333333334,Lissandra,MIDDLE,True,6,7,13,2.7142857142857144,13968,27454,25380,32,272,9.304446978335234
1,xZfsTAu4FwINHWkPTu1Ly8lfUy6YcgdFcuaz4btwsvAAelKD42FBRCyzmbUsiqJ1q2P3j6oe5HFRxA,CHALLENGER,CHALLENGER,I,3065,zwaker,T1WIN,EUW1_7955225737,2026-08-19 10:20:21.492000+00:00,420,CLASSIC,34.7,Lissandra,MIDDLE,True,9,5,16,5.0,17024,28957,33670,30,296,8.530259365994235
1,xZfsTAu4FwINHWkPTu1Ly8lfUy6YcgdFcuaz4btwsvAAelKD42FBRCyzmbUsiqJ1q2P3j6oe5HFRxA,CHALLENGER,CHALLENGER,I,3065,zwaker,T1WIN,EUW1_7955260760,2026-08-19 11:22:33.317000+00:00,420,CLASSIC,29.466666666666665,Nautilus,UTILITY,False,4,4,16,5.0,9255,12441,30851,105,28,0.9502262443438915
1,xZfsTAu4FwINHWkPTu1Ly8lfUy6YcgdFcuaz4btwsvAAelKD42FBRCyzmbUsiqJ1q2P3j6oe5HFRxA,CHALLENGER,CHALLENGER,I,3065,zwaker,T1WIN,EUW1_7955296258,2026-08-19 12:28:22.036000+00:00,420,CLASSIC,23.983333333333334,Lissandra,MIDDLE,False,2,4,5,1.75,8515,14623,26647,28,183,7.630298818624044
1,xZfsTAu4FwINHWkPTu1Ly8lfUy6YcgdFcuaz4btwsvAAelKD42FBRCyzmbUsiqJ1q2P3j6oe5HFRxA,CHALLENGER,CHALLENGER,I,3065,zwaker,T1WIN,EUW1_7955484138,2026-08-19 15:52:35.431000+00:00,420,CLASSIC,17.566666666666666,Lissandra,MIDDLE,False,0,5,0,0.0,5748,8085,13439,9,156,8.88045540796964
1,xZfsTAu4FwINHWkPTu1Ly8lfUy6YcgdFcuaz4btwsvAAelKD42FBRCyzmbUsiqJ1q2P3j6oe5HFRxA,CHALLENGER,CHALLENGER,I,3065,zwaker,T1WIN,EUW1_7956127329,2026-08-20 06:49:06.544000+00:00,420,CLASSIC,29.816666666666666,Lissandra,TOP,True,2,6,5,1.1666666666666667,9884,17900,22225,22,211,7.076579094466182
1,xZfsTAu4FwINHWkPTu1Ly8lfUy6YcgdFcuaz4btwsvAAelKD42FBRCyzmbUsiqJ1q2P3j6oe5HFRxA,CHALLENGER,CHALLENGER,I,3065,zwaker,T1WIN,EUW1_7956141078,2026-08-20 07:36:34.725000+00:00,420,CLASSIC,26.716666666666665,Taliyah,MIDDLE,True,9,3,17,8.666666666666666,12389,30782,14334,44,215,8.047411104179664
1,xZfsTAu4FwINHWkPTu1Ly8lfUy6YcgdFcuaz4btwsvAAelKD42FBRCyzmbUsiqJ1q2P3j6oe5HFRxA,CHALLENGER,CHALLENGER,I,3065,zwaker,T1WIN,EUW1_7956153851,2026-08-20 08:12:53.996000+00:00,420,CLASSIC,29.516666666666666,Lissandra,MIDDLE,True,4,3,10,4.666666666666667,12307,19419,24120,28,224,7.588932806324111
1,xZfsTAu4FwINHWkPTu1Ly8lfUy6YcgdFcuaz4btwsvAAelKD42FBRCyzmbUsiqJ1q2P3j6oe5HFRxA,CHALLENGER,CHALLENGER,I,3065,zwaker,T1WIN,EUW1_7956176558,2026-08-20 08:54:22.430000+00:00,420,CLASSIC,33.1,Nautilus,UTILITY,True,4,5,19,4.6,9776,9816,28931,122,34,1.0271903323262839
1,xZfsTAu4FwINHWkPTu1Ly8lfUy6YcgdFcuaz4btwsvAAelKD42FBRCyzmbUsiqJ1q2P3j6oe5HFRxA,CHALLENGER,CHALLENGER,I,3065,zwaker,T1WIN,EUW1_7956196673,2026-08-20 09:41:31.310000+00:00,420,CLASSIC,29.45,Lissandra,MIDDLE,True,1,6,14,2.5,9961,15884,22169,19,196,6.6553480475382
1,xZfsTAu4FwINHWkPTu1Ly8lfUy6YcgdFcuaz4btwsvAAelKD42FBRCyzmbUsiqJ1q2P3j6oe5HFRxA,CHALLENGER,CHALLENGER,I,3065,zwaker,T1WIN,EUW1_7956220024,2026-08-20 10:36:10.536000+00:00,420,CLASSIC,34.05,Lissandra,MIDDLE,False,6,8,14,2.5,12223,31863,34531,35,190,5.580029368575625
1,xZfsTAu4FwINHWkPTu1Ly8lfUy6YcgdFcuaz4btwsvAAelKD42FBRCyzmbUsiqJ1q2P3j6oe5HFRxA,CHALLENGER,CHALLENGER,I,3065,zwaker,T1WIN,EUW1_7956579759,2026-08-20 17:17:01.688000+00:00,420,CLASSIC,25.733333333333334,Lissandra,MIDDLE,False,3,5,3,1.2,10672,12874,23449,24,217,8.432642487046632
1,xZfsTAu4FwINHWkPTu1Ly8lfUy6YcgdFcuaz4btwsvAAelKD42FBRCyzmbUsiqJ1q2P3j6oe5HFRxA,CHALLENGER,CHALLENGER,I,3065,zwaker,T1WIN,EUW1_7956615374,2026-08-20 17:59:05.547000+00:00,420,CLASSIC,19.083333333333332,Taliyah,MIDDLE,False,4,6,3,1.1666666666666667,8542,15278,13802,3,151,7.9126637554585155
1,xZfsTAu4FwINHWkPTu1Ly8lfUy6YcgdFcuaz4btwsvAAelKD42FBRCyzmbUsiqJ1q2P3j6oe5HFRxA,CHALLENGER,CHALLENGER,I,3065,zwaker,T1WIN,EUW1_7957135135,2026-08-21 06:33:36.038000+00:00,420,CLASSIC,38.2,Lissandra,MIDDLE,True,9,6,17,4.333333333333333,19219,43640,28094,35,362,9.476439790575915
1,xZfsTAu4FwINHWkPTu1Ly8lfUy6YcgdFcuaz4btwsvAAelKD42FBRCyzmbUsiqJ1q2P3j6oe5HFRxA,CHALLENGER,CHALLENGER,I,3065,zwaker,T1WIN,EUW1_7957161633,2026-08-21 07:37:04.853000+00:00,420,CLASSIC,37.8,Lissandra,MIDDLE,False,6,4,5,2.75,13555,23023,35635,40,269,7.116402116402117
1,xZfsTAu4FwINHWkPTu1Ly8lfUy6YcgdFcuaz4btwsvAAelKD42FBRCyzmbUsiqJ1q2P3j6oe5HFRxA,CHALLENGER,CHALLENGER,I,3065,zwaker,T1WIN,EUW1_7957168196,2026-08-21 08:24:14.344000+00:00,420,CLASSIC,27.933333333333334,Leona,UTILITY,True,3,1,16,19.0,8507,7601,17008,75,27,0.9665871121718377
1,xZfsTAu4FwINHWkPTu1Ly8lfUy6YcgdFcuaz4btwsvAAelKD42FBRCyzmbUsiqJ1q2P3j6oe5HFRxA,CHALLENGER,CHALLENGER,I,3065,zwaker,T1WIN,EUW1_7957186307,2026-08-21 09:12:02.224000+00:00,420,CLASSIC,26.483333333333334,Lissandra,BOTTOM,False,5,5,10,3.0,13032,20832,25444,26,214,8.080553807426053
1,xZfsTAu4FwINHWkPTu1Ly8lfUy6YcgdFcuaz4btwsvAAelKD42FBRCyzmbUsiqJ1q2P3j6oe5HFRxA,CHALLENGER,CHALLENGER,I,3065,zwaker,T1WIN,EUW1_7958180242,2026-08-22 07:21:17.388000+00:00,420,CLASSIC,29.216666666666665,Lissandra,MIDDLE,False,2,6,5,1.1666666666666667,9836,13378,25130,24,206,7.050770108385625
1,xZfsTAu4FwINHWkPTu1Ly8lfUy6YcgdFcuaz4btwsvAAelKD42FBRCyzmbUsiqJ1q2P3j6oe5HFRxA,CHALLENGER,CHALLENGER,I,3065,zwaker,T1WIN,EUW1_7958216480,2026-08-22 08:26:55.583000+00:00,420,CLASSIC,19.35,Taliyah,MIDDLE,True,3,1,6,9.0,10066,15698,8497,19,170,8.785529715762273
1,xZfsTAu4FwINHWkPTu1Ly8lfUy6YcgdFcuaz4btwsvAAelKD42FBRCyzmbUsiqJ1q2P3j6oe5HFRxA,CHALLENGER,CHALLENGER,I,3065,zwaker,T1WIN,EUW1_7958223834,2026-08-22 09:01:27.935000+00:00,420,CLASSIC,24.466666666666665,Naafiri,TOP,False,1,4,6,1.75,7828,20999,22239,18,169,6.907356948228883
1,xZfsTAu4FwINHWkPTu1Ly8lfUy6YcgdFcuaz4btwsvAAelKD42FBRCyzmbUsiqJ1q2P3j6oe5HFRxA,CHALLENGER,CHALLENGER,I,3065,zwaker,T1WIN,EUW1_7958243988,2026-08-22 09:40:46.073000+00:00,420,CLASSIC,25.55,Taliyah,TOP,True,7,3,11,6.0,11918,20092,17647,23,213,8.336594911937377
1,xZfsTAu4FwINHWkPTu1Ly8lfUy6YcgdFcuaz4btwsvAAelKD42FBRCyzmbUsiqJ1q2P3j6oe5HFRxA,CHALLENGER,CHALLENGER,I,3065,zwaker,T1WIN,EUW1_7958270048,2026-08-22 10:22:14.491000+00:00,420,CLASSIC,44.56666666666667,Taliyah,BOTTOM,False,14,7,15,4.142857142857143,21283,51007,34943,41,361,8.100224382946896
1,xZfsTAu4FwINHWkPTu1Ly8lfUy6YcgdFcuaz4btwsvAAelKD42FBRCyzmbUsiqJ1q2P3j6oe5HFRxA,CHALLENGER,CHALLENGER,I,3065,zwaker,T1WIN,EUW1_7959234726,2026-08-23 06:50:25.748000+00:00,420,CLASSIC,30.466666666666665,Ahri,MIDDLE,False,5,0,5,10.0,13807,20602,20740,23,319,10.470459518599563
1,xZfsTAu4FwINHWkPTu1Ly8lfUy6YcgdFcuaz4btwsvAAelKD42FBRCyzmbUsiqJ1q2P3j6oe5HFRxA,CHALLENGER,CHALLENGER,I,3065,zwaker,T1WIN,EUW1_7959243357,2026-08-23 08:12:13.108000+00:00,420,CLASSIC,23.616666666666667,Lissandra,MIDDLE,True,7,3,16,7.666666666666667,13425,21432,17868,19,227,9.611856033874382
1,xZfsTAu4FwINHWkPTu1Ly8lfUy6YcgdFcuaz4btwsvAAelKD42FBRCyzmbUsiqJ1q2P3j6oe5HFRxA,CHALLENGER,CHALLENGER,I,3065,zwaker,T1WIN,EUW1_7959258413,2026-08-23 08:45:33.614000+00:00,420,CLASSIC,20.916666666666668,Lissandra,MIDDLE,True,5,3,10,5.0,10263,16205,15619,14,193,9.227091633466134
1,xZfsTAu4FwINHWkPTu1Ly8lfUy6YcgdFcuaz4btwsvAAelKD42FBRCyzmbUsiqJ1q2P3j6oe5HFRxA,CHALLENGER,CHALLENGER,I,3065,zwaker,T1WIN,EUW1_7960333293,2026-08-24 06:52:10.929000+00:00,420,CLASSIC,20.483333333333334,Lissandra,MIDDLE,False,3,7,3,0.8571428571428571,8131,14573,18957,8,174,8.494711147274206
1,xZfsTAu4FwINHWkPTu1Ly8lfUy6YcgdFcuaz4btwsvAAelKD42FBRCyzmbUsiqJ1q2P3j6oe5HFRxA,CHALLENGER,CHALLENGER,I,3065,zwaker,T1WIN,EUW1_7960352587,2026-08-24 07:21:25.903000+00:00,420,CLASSIC,21.983333333333334,Malphite,TOP,True,1,1,7,8.0,8866,13886,11290,21,166,7.55117513267627
1,xZfsTAu4FwINHWkPTu1Ly8lfUy6YcgdFcuaz4btwsvAAelKD42FBRCyzmbUsiqJ1q2P3j6oe5HFRxA,CHALLENGER,CHALLENGER,I,3065,zwaker,T1WIN,EUW1_7960364524,2026-08-24 08:07:40.035000+00:00,420,CLASSIC,28.9,Ezreal,BOTTOM,True,7,6,6,2.1666666666666665,13194,28525,20666,17,227,7.854671280276817
1,xZfsTAu4FwINHWkPTu1Ly8lfUy6YcgdFcuaz4btwsvAAelKD42FBRCyzmbUsiqJ1q2P3j6oe5HFRxA,CHALLENGER,CHALLENGER,I,3065,zwaker,T1WIN,EUW1_7960371845,2026-08-24 08:43:19.500000+00:00,420,CLASSIC,19.05,Ezreal,BOTTOM,True,7,0,5,12.0,9837,17284,7675,13,169,8.871391076115485
1,xZfsTAu4FwINHWkPTu1Ly8lfUy6YcgdFcuaz4btwsvAAelKD42FBRCyzmbUsiqJ1q2P3j6oe5HFRxA,CHALLENGER,CHALLENGER,I,3065,zwaker,T1WIN,EUW1_7960377398,2026-08-24 09:18:40.289000+00:00,420,CLASSIC,29.166666666666668,Taliyah,MIDDLE,True,5,3,3,2.6666666666666665,11612,20489,16151,30,255,8.742857142857142
1,xZfsTAu4FwINHWkPTu1Ly8lfUy6YcgdFcuaz4btwsvAAelKD42FBRCyzmbUsiqJ1q2P3j6oe5HFRxA,CHALLENGER,CHALLENGER,I,3065,zwaker,T1WIN,EUW1_7960744247,2026-08-24 16:56:40.930000+00:00,420,CLASSIC,26.983333333333334,Nautilus,UTILITY,False,2,10,9,1.1,7138,7895,30289,63,38,1.4082767140210006
1,xZfsTAu4FwINHWkPTu1Ly8lfUy6YcgdFcuaz4btwsvAAelKD42FBRCyzmbUsiqJ1q2P3j6oe5HFRxA,CHALLENGER,CHALLENGER,I,3065,zwaker,T1WIN,EUW1_7960801652,2026-08-24 17:34:58.922000+00:00,420,CLASSIC,29.983333333333334,Ezreal,BOTTOM,True,9,4,5,3.5,17076,22600,20982,16,273,9.105058365758754
1,xZfsTAu4FwINHWkPTu1Ly8lfUy6YcgdFcuaz4btwsvAAelKD42FBRCyzmbUsiqJ1q2P3j6oe5HFRxA,CHALLENGER,CHALLENGER,I,3065,zwaker,T1WIN,EUW1_7961357635,2026-08-25 07:54:19.940000+00:00,420,CLASSIC,38.833333333333336,Syndra,MIDDLE,True,8,6,5,2.1666666666666665,17185,33658,26622,44,360,9.27038626609442
1,xZfsTAu4FwINHWkPTu1Ly8lfUy6YcgdFcuaz4btwsvAAelKD42FBRCyzmbUsiqJ1q2P3j6oe5HFRxA,CHALLENGER,CHALLENGER,I,3065,zwaker,T1WIN,EUW1_7961368811,2026-08-25 08:40:38.461000+00:00,420,CLASSIC,22.016666666666666,Taliyah,MIDDLE,False,1,6,3,0.6666666666666666,7586,9846,17833,16,172,7.81226343679031
1,xZfsTAu4FwINHWkPTu1Ly8lfUy6YcgdFcuaz4btwsvAAelKD42FBRCyzmbUsiqJ1q2P3j6oe5HFRxA,CHALLENGER,CHALLENGER,I,3065,zwaker,T1WIN,EUW1_7961388761,2026-08-25 09:26:15.876000+00:00,420,CLASSIC,25.833333333333332,Syndra,MIDDLE,True,5,1,11,16.0,11328,19384,16109,28,223,8.63225806451613
1,xZfsTAu4FwINHWkPTu1Ly8lfUy6YcgdFcuaz4btwsvAAelKD42FBRCyzmbUsiqJ1q2P3j6oe5HFRxA,CHALLENGER,CHALLENGER,I,3065,zwaker,T1WIN,EUW1_7961400311,2026-08-25 10:04:38.346000+00:00,420,CLASSIC,15.233333333333333,Ezreal,BOTTOM,True,4,3,5,3.0,6925,10935,8040,6,121,7.943107221006565
1,xZfsTAu4FwINHWkPTu1Ly8lfUy6YcgdFcuaz4btwsvAAelKD42FBRCyzmbUsiqJ1q2P3j6oe5HFRxA,CHALLENGER,CHALLENGER,I,3065,zwaker,T1WIN,EUW1_7961415308,2026-08-25 10:28:21.246000+00:00,420,CLASSIC,28.9,Kayn,JUNGLE,True,5,6,10,2.5,12819,14749,31753,35,181,6.262975778546713
1,xZfsTAu4FwINHWkPTu1Ly8lfUy6YcgdFcuaz4btwsvAAelKD42FBRCyzmbUsiqJ1q2P3j6oe5HFRxA,CHALLENGER,CHALLENGER,I,3065,zwaker,T1WIN,EUW1_7961456514,2026-08-25 11:12:23.040000+00:00,420,CLASSIC,28.55,Orianna,MIDDLE,True,2,7,9,1.5714285714285714,10699,19520,16515,19,220,7.705779334500876
1,xZfsTAu4FwINHWkPTu1Ly8lfUy6YcgdFcuaz4btwsvAAelKD42FBRCyzmbUsiqJ1q2P3j6oe5HFRxA,CHALLENGER,CHALLENGER,I,3065,zwaker,T1WIN,EUW1_7961493498,2026-08-25 12:10:14.035000+00:00,420,CLASSIC,27.566666666666666,Syndra,MIDDLE,True,9,2,17,13.0,15205,33885,14364,24,215,7.799274486094317
1,xZfsTAu4FwINHWkPTu1Ly8lfUy6YcgdFcuaz4btwsvAAelKD42FBRCyzmbUsiqJ1q2P3j6oe5HFRxA,CHALLENGER,CHALLENGER,I,3065,zwaker,T1WIN,EUW1_7961508452,2026-08-25 12:58:28.679000+00:00,420,CLASSIC,29.1,Syndra,MIDDLE,True,7,2,10,8.5,12104,29188,16816,23,201,6.90721649484536
1,xZfsTAu4FwINHWkPTu1Ly8lfUy6YcgdFcuaz4btwsvAAelKD42FBRCyzmbUsiqJ1q2P3j6oe5HFRxA,CHALLENGER,CHALLENGER,I,3065,zwaker,T1WIN,EUW1_7961554750,2026-08-25 13:33:08.888000+00:00,420,CLASSIC,27.366666666666667,Lissandra,MIDDLE,True,2,7,10,1.7142857142857142,10126,17955,25296,25,206,7.527405602923264
1,xZfsTAu4FwINHWkPTu1Ly8lfUy6YcgdFcuaz4btwsvAAelKD42FBRCyzmbUsiqJ1q2P3j6oe5HFRxA,CHALLENGER,CHALLENGER,I,3065,zwaker,T1WIN,EUW1_7961578810,2026-08-25 14:04:39.388000+00:00,420,CLASSIC,32.7,Syndra,MIDDLE,True,8,8,7,1.875,14404,33312,22048,16,238,7.2782874617737
1,xZfsTAu4FwINHWkPTu1Ly8lfUy6YcgdFcuaz4btwsvAAelKD42FBRCyzmbUsiqJ1q2P3j6oe5HFRxA,CHALLENGER,CHALLENGER,I,3065,zwaker,T1WIN,EUW1_7961616090,2026-08-25 14:46:00.316000+00:00,420,CLASSIC,27.216666666666665,Malphite,TOP,False,1,5,11,2.4,9475,17043,22313,23,204,7.495407225964483
1,xZfsTAu4FwINHWkPTu1Ly8lfUy6YcgdFcuaz4btwsvAAelKD42FBRCyzmbUsiqJ1q2P3j6oe5HFRxA,CHALLENGER,CHALLENGER,I,3065,zwaker,T1WIN,EUW1_7962325221,2026-08-26 06:51:50.970000+00:00,420,CLASSIC,38.516666666666666,Lissandra,MIDDLE,True,6,6,13,3.1666666666666665,16059,27939,30093,35,261,6.7762873215058415
1,xZfsTAu4FwINHWkPTu1Ly8lfUy6YcgdFcuaz4btwsvAAelKD42FBRCyzmbUsiqJ1q2P3j6oe5HFRxA,CHALLENGER,CHALLENGER,I,3065,zwaker,T1WIN,EUW1_7962346977,2026-08-26 07:49:19.229000+00:00,420,CLASSIC,1.1166666666666667,Syndra,MIDDLE,True,0,0,0,0.0,504,310,396,0,0,0.0
1,xZfsTAu4FwINHWkPTu1Ly8lfUy6YcgdFcuaz4btwsvAAelKD42FBRCyzmbUsiqJ1q2P3j6oe5HFRxA,CHALLENGER,CHALLENGER,I,3065,zwaker,T1WIN,EUW1_7962361104,2026-08-26 07:59:46.545000+00:00,420,CLASSIC,19.433333333333334,Syndra,MIDDLE,True,11,2,7,9.0,11568,21424,10936,13,201,10.343053173241852
1,xZfsTAu4FwINHWkPTu1Ly8lfUy6YcgdFcuaz4btwsvAAelKD42FBRCyzmbUsiqJ1q2P3j6oe5HFRxA,CHALLENGER,CHALLENGER,I,3065,zwaker,T1WIN,EUW1_7962370891,2026-08-26 08:34:33.587000+00:00,420,CLASSIC,28.933333333333334,Lissandra,MIDDLE,True,9,5,21,6.0,14389,30080,25586,20,252,8.709677419354838
1,xZfsTAu4FwINHWkPTu1Ly8lfUy6YcgdFcuaz4btwsvAAelKD42FBRCyzmbUsiqJ1q2P3j6oe5HFRxA,CHALLENGER,CHALLENGER,I,3065,zwaker,T1WIN,EUW1_7962387894,2026-08-26 09:13:43.648000+00:00,420,CLASSIC,26.566666666666666,Sion,TOP,False,2,2,5,3.5,8708,18438,35855,27,182,6.85069008782936
1,xZfsTAu4FwINHWkPTu1Ly8lfUy6YcgdFcuaz4btwsvAAelKD42FBRCyzmbUsiqJ1q2P3j6oe5HFRxA,CHALLENGER,CHALLENGER,I,3065,zwaker,T1WIN,EUW1_7962415172,2026-08-26 09:58:45.754000+00:00,420,CLASSIC,22.5,Lissandra,MIDDLE,False,3,5,7,2.0,8378,13437,22659,25,182,8.088888888888889
1,xZfsTAu4FwINHWkPTu1Ly8lfUy6YcgdFcuaz4btwsvAAelKD42FBRCyzmbUsiqJ1q2P3j6oe5HFRxA,CHALLENGER,CHALLENGER,I,3065,zwaker,T1WIN,EUW1_7962459618,2026-08-26 10:44:37.822000+00:00,420,CLASSIC,22.8,Syndra,MIDDLE,True,7,2,8,7.5,10588,25578,12676,9,198,8.68421052631579
1,xZfsTAu4FwINHWkPTu1Ly8lfUy6YcgdFcuaz4btwsvAAelKD42FBRCyzmbUsiqJ1q2P3j6oe5HFRxA,CHALLENGER,CHALLENGER,I,3065,zwaker,T1WIN,EUW1_7962465929,2026-08-26 11:14:57.509000+00:00,420,CLASSIC,26.633333333333333,Orianna,MIDDLE,False,4,7,10,2.0,10133,24548,28735,15,174,6.533166458072591
1,xZfsTAu4FwINHWkPTu1Ly8lfUy6YcgdFcuaz4btwsvAAelKD42FBRCyzmbUsiqJ1q2P3j6oe5HFRxA,CHALLENGER,CHALLENGER,I,3065,zwaker,T1WIN,EUW1_7962502328,2026-08-26 11:56:37.048000+00:00,420,CLASSIC,16.266666666666666,Syndra,MIDDLE,True,1,1,1,2.0,6419,10625,8089,13,169,10.389344262295083
1,xZfsTAu4FwINHWkPTu1Ly8lfUy6YcgdFcuaz4btwsvAAelKD42FBRCyzmbUsiqJ1q2P3j6oe5HFRxA,CHALLENGER,CHALLENGER,I,3065,zwaker,T1WIN,EUW1_7963515020,2026-08-27 08:21:20.871000+00:00,420,CLASSIC,23.333333333333332,Syndra,MIDDLE,False,3,7,4,1.0,9695,17768,20102,12,192,8.22857142857143
1,xZfsTAu4FwINHWkPTu1Ly8lfUy6YcgdFcuaz4btwsvAAelKD42FBRCyzmbUsiqJ1q2P3j6oe5HFRxA,CHALLENGER,CHALLENGER,I,3065,zwaker,T1WIN,EUW1_7963527073,2026-08-27 09:00:31.579000+00:00,420,CLASSIC,27.933333333333334,Nautilus,UTILITY,True,2,6,17,3.1666666666666665,8813,10705,29584,84,32,1.1455847255369929
1,xZfsTAu4FwINHWkPTu1Ly8lfUy6YcgdFcuaz4btwsvAAelKD42FBRCyzmbUsiqJ1q2P3j6oe5HFRxA,CHALLENGER,CHALLENGER,I,3065,zwaker,T1WIN,EUW1_7963572020,2026-08-27 10:05:05.223000+00:00,420,CLASSIC,29.333333333333332,Syndra,MIDDLE,False,3,7,9,1.7142857142857142,11472,33556,20602,27,240,8.181818181818182
1,xZfsTAu4FwINHWkPTu1Ly8lfUy6YcgdFcuaz4btwsvAAelKD42FBRCyzmbUsiqJ1q2P3j6oe5HFRxA,CHALLENGER,CHALLENGER,I,3065,zwaker,T1WIN,EUW1_7963600345,2026-08-27 10:52:14.562000+00:00,420,CLASSIC,33.18333333333333,Lissandra,MIDDLE,False,5,7,13,2.5714285714285716,13002,33879,30015,32,254,7.654445002511301
1,xZfsTAu4FwINHWkPTu1Ly8lfUy6YcgdFcuaz4btwsvAAelKD42FBRCyzmbUsiqJ1q2P3j6oe5HFRxA,CHALLENGER,CHALLENGER,I,3065,zwaker,T1WIN,EUW1_7963645457,2026-08-27 11:36:58.584000+00:00,420,CLASSIC,30.6,Aurora,MIDDLE,False,6,8,4,1.25,11661,28440,26438,19,205,6.6993464052287575
1,xZfsTAu4FwINHWkPTu1Ly8lfUy6YcgdFcuaz4btwsvAAelKD42FBRCyzmbUsiqJ1q2P3j6oe5HFRxA,CHALLENGER,CHALLENGER,I,3065,zwaker,T1WIN,EUW1_7963816364,2026-08-27 14:48:13.907000+00:00,420,CLASSIC,27.616666666666667,Nautilus,UTILITY,False,1,8,10,1.375,7367,6525,26376,71,25,0.9052504526252263
2,CL-f8Ka5UKMD-FlVENf1leOrKKPK0whq1PiKjmkzm7B2uxs81OfKIhhY5OYnRJY2Vr0voci-sY1zuA,CHALLENGER,CHALLENGER,I,3550,indoor fish,EUW,EUW1_7936289893,2026-07-31 23:00:41.677000+00:00,420,CLASSIC,23.75,Tryndamere,MIDDLE,False,4,6,5,1.5,11369,22091,29316,29,211,8.884210526315789
2,CL-f8Ka5UKMD-FlVENf1leOrKKPK0whq1PiKjmkzm7B2uxs81OfKIhhY5OYnRJY2Vr0voci-sY1zuA,CHALLENGER,CHALLENGER,I,3550,indoor fish,EUW,EUW1_7936327468,2026-07-31 23:34:10.748000+00:00,420,CLASSIC,24.55,Locke,MIDDLE,True,12,2,3,7.5,13148,22461,18776,25,188,7.6578411405295315
2,CL-f8Ka5UKMD-FlVENf1leOrKKPK0whq1PiKjmkzm7B2uxs81OfKIhhY5OYnRJY2Vr0voci-sY1zuA,CHALLENGER,CHALLENGER,I,3550,indoor fish,EUW,EUW1_7936336346,2026-08-01 00:07:16.811000+00:00,420,CLASSIC,24.2,Ryze,MIDDLE,True,4,4,3,1.75,12376,17888,20918,17,249,10.289256198347108
2,CL-f8Ka5UKMD-FlVENf1leOrKKPK0whq1PiKjmkzm7B2uxs81OfKIhhY5OYnRJY2Vr0voci-sY1zuA,CHALLENGER,CHALLENGER,I,3550,indoor fish,EUW,EUW1_7936500811,2026-08-01 09:13:33.101000+00:00,420,CLASSIC,25.166666666666668,Locke,MIDDLE,True,15,3,3,6.0,13057,26127,24265,24,198,7.8675496688741715
2,CL-f8Ka5UKMD-FlVENf1leOrKKPK0whq1PiKjmkzm7B2uxs81OfKIhhY5OYnRJY2Vr0voci-sY1zuA,CHALLENGER,CHALLENGER,I,3550,indoor fish,EUW,EUW1_7936514217,2026-08-01 09:45:43.874000+00:00,420,CLASSIC,21.616666666666667,Tryndamere,BOTTOM,True,7,1,3,10.0,13104,16951,28418,26,246,11.380107941403239
2,CL-f8Ka5UKMD-FlVENf1leOrKKPK0whq1PiKjmkzm7B2uxs81OfKIhhY5OYnRJY2Vr0voci-sY1zuA,CHALLENGER,CHALLENGER,I,3550,indoor fish,EUW,EUW1_7936564954,2026-08-01 10:52:08.513000+00:00,420,CLASSIC,23.266666666666666,Locke,MIDDLE,True,3,9,3,0.6666666666666666,8312,14777,23090,17,145,6.232091690544413
2,CL-f8Ka5UKMD-FlVENf1leOrKKPK0whq1PiKjmkzm7B2uxs81OfKIhhY5OYnRJY2Vr0voci-sY1zuA,CHALLENGER,CHALLENGER,I,3550,indoor fish,EUW,EUW1_7936595736,2026-08-01 11:22:23.607000+00:00,420,CLASSIC,34.46666666666667,Tryndamere,MIDDLE,True,8,8,6,1.75,18372,34796,57406,45,342,9.922630560928432
2,CL-f8Ka5UKMD-FlVENf1leOrKKPK0whq1PiKjmkzm7B2uxs81OfKIhhY5OYnRJY2Vr0voci-sY1zuA,CHALLENGER,CHALLENGER,I,3550,indoor fish,EUW,EUW1_7936702685,2026-08-01 13:21:16.884000+00:00,420,CLASSIC,28.65,JarvanIV,JUNGLE,False,6,8,12,2.25,12171,17156,39190,41,171,5.968586387434555
2,CL-f8Ka5UKMD-FlVENf1leOrKKPK0whq1PiKjmkzm7B2uxs81OfKIhhY5OYnRJY2Vr0voci-sY1zuA,CHALLENGER,CHALLENGER,I,3550,indoor fish,EUW,EUW1_7937378375,2026-08-01 23:18:18.195000+00:00,420,CLASSIC,29.35,Locke,MIDDLE,True,9,6,6,2.5,12686,23559,31565,23,206,7.018739352640544
2,CL-f8Ka5UKMD-FlVENf1leOrKKPK0whq1PiKjmkzm7B2uxs81OfKIhhY5OYnRJY2Vr0voci-sY1zuA,CHALLENGER,CHALLENGER,I,3550,indoor fish,EUW,EUW1_7937419707,2026-08-01 23:53:24.865000+00:00,420,CLASSIC,29.616666666666667,Locke,MIDDLE,False,7,7,5,1.7142857142857142,11901,18990,25189,35,184,6.212718064153067
2,CL-f8Ka5UKMD-FlVENf1leOrKKPK0whq1PiKjmkzm7B2uxs81OfKIhhY5OYnRJY2Vr0voci-sY1zuA,CHALLENGER,CHALLENGER,I,3550,indoor fish,EUW,EUW1_7938171241,2026-08-02 18:16:23.163000+00:00,420,CLASSIC,18.55,Yone,MIDDLE,True,4,1,2,6.0,8853,8959,14583,14,193,10.40431266846361
2,CL-f8Ka5UKMD-FlVENf1leOrKKPK0whq1PiKjmkzm7B2uxs81OfKIhhY5OYnRJY2Vr0voci-sY1zuA,CHALLENGER,CHALLENGER,I,3550,indoor fish,EUW,EUW1_7938215240,2026-08-02 18:49:06.915000+00:00,420,CLASSIC,39.4,Neeko,UTILITY,True,5,12,24,2.4166666666666665,13723,22262,41218,167,45,1.1421319796954315
2,CL-f8Ka5UKMD-FlVENf1leOrKKPK0whq1PiKjmkzm7B2uxs81OfKIhhY5OYnRJY2Vr0voci-sY1zuA,CHALLENGER,CHALLENGER,I,3550,indoor fish,EUW,EUW1_7938287430,2026-08-02 19:39:03.744000+00:00,420,CLASSIC,15.516666666666667,Cassiopeia,MIDDLE,False,3,4,0,0.75,5637,8905,13926,10,120,7.733619763694951
2,CL-f8Ka5UKMD-FlVENf1leOrKKPK0whq1PiKjmkzm7B2uxs81OfKIhhY5OYnRJY2Vr0voci-sY1zuA,CHALLENGER,CHALLENGER,I,3550,indoor fish,EUW,EUW1_7938336919,2026-08-02 20:05:15.796000+00:00,420,CLASSIC,29.033333333333335,Cassiopeia,MIDDLE,False,5,7,5,1.4285714285714286,11436,23581,31260,25,237,8.163030998851895
2,CL-f8Ka5UKMD-FlVENf1leOrKKPK0whq1PiKjmkzm7B2uxs81OfKIhhY5OYnRJY2Vr0voci-sY1zuA,CHALLENGER,CHALLENGER,I,3550,indoor fish,EUW,EUW1_7940041031,2026-08-04 15:07:16.847000+00:00,420,CLASSIC,33.78333333333333,Viktor,BOTTOM,False,15,12,15,2.5,19052,54774,30032,27,252,7.4592994573260984
2,CL-f8Ka5UKMD-FlVENf1leOrKKPK0whq1PiKjmkzm7B2uxs81OfKIhhY5OYnRJY2Vr0voci-sY1zuA,CHALLENGER,CHALLENGER,I,3550,indoor fish,EUW,EUW1_7940083959,2026-08-04 15:47:18.489000+00:00,420,CLASSIC,21.083333333333332,Yone,MIDDLE,False,3,5,1,0.8,9285,13745,17902,17,198,9.391304347826088
2,CL-f8Ka5UKMD-FlVENf1leOrKKPK0whq1PiKjmkzm7B2uxs81OfKIhhY5OYnRJY2Vr0voci-sY1zuA,CHALLENGER,CHALLENGER,I,3550,indoor fish,EUW,EUW1_7940126578,2026-08-04 16:18:54.827000+00:00,420,CLASSIC,15.2,Cassiopeia,BOTTOM,True,2,0,4,6.0,7270,5318,5858,12,141,9.276315789473685
2,CL-f8Ka5UKMD-FlVENf1leOrKKPK0whq1PiKjmkzm7B2uxs81OfKIhhY5OYnRJY2Vr0voci-sY1zuA,CHALLENGER,CHALLENGER,I,3550,indoor fish,EUW,EUW1_7940148741,2026-08-04 16:39:54.291000+00:00,420,CLASSIC,28.016666666666666,Tryndamere,MIDDLE,False,1,8,4,0.625,10284,15056,40707,16,213,7.60261748958953
2,CL-f8Ka5UKMD-FlVENf1leOrKKPK0whq1PiKjmkzm7B2uxs81OfKIhhY5OYnRJY2Vr0voci-sY1zuA,CHALLENGER,CHALLENGER,I,3550,indoor fish,EUW,EUW1_7940539365,2026-08-04 21:22:21.854000+00:00,420,CLASSIC,19.35,Cassiopeia,MIDDLE,True,7,2,7,7.0,8858,16852,16428,15,175,9.04392764857881
2,CL-f8Ka5UKMD-FlVENf1leOrKKPK0whq1PiKjmkzm7B2uxs81OfKIhhY5OYnRJY2Vr0voci-sY1zuA,CHALLENGER,CHALLENGER,I,3550,indoor fish,EUW,EUW1_7940583838,2026-08-04 21:49:49.667000+00:00,420,CLASSIC,29.533333333333335,Cassiopeia,MIDDLE,True,19,6,5,4.0,16658,31183,31277,20,248,8.397291196388261
2,CL-f8Ka5UKMD-FlVENf1leOrKKPK0whq1PiKjmkzm7B2uxs81OfKIhhY5OYnRJY2Vr0voci-sY1zuA,CHALLENGER,CHALLENGER,I,3550,indoor fish,EUW,EUW1_7940663452,2026-08-04 23:27:59.689000+00:00,420,CLASSIC,20.583333333333332,Ryze,MIDDLE,False,1,6,2,0.5,7140,10762,19646,13,165,8.016194331983806
2,CL-f8Ka5UKMD-FlVENf1leOrKKPK0whq1PiKjmkzm7B2uxs81OfKIhhY5OYnRJY2Vr0voci-sY1zuA,CHALLENGER,CHALLENGER,I,3550,indoor fish,EUW,EUW1_7940687414,2026-08-05 00:07:33.518000+00:00,420,CLASSIC,24.416666666666668,Yone,MIDDLE,False,2,7,3,0.7142857142857143,10134,13984,21128,17,226,9.255972696245733
2,CL-f8Ka5UKMD-FlVENf1leOrKKPK0whq1PiKjmkzm7B2uxs81OfKIhhY5OYnRJY2Vr0voci-sY1zuA,CHALLENGER,CHALLENGER,I,3550,indoor fish,EUW,EUW1_7940812049,2026-08-05 08:33:28.238000+00:00,420,CLASSIC,23.066666666666666,Cassiopeia,MIDDLE,False,0,1,0,0.0,3882,1016,2558,1,39,1.6907514450867052
2,CL-f8Ka5UKMD-FlVENf1leOrKKPK0whq1PiKjmkzm7B2uxs81OfKIhhY5OYnRJY2Vr0voci-sY1zuA,CHALLENGER,CHALLENGER,I,3550,indoor fish,EUW,EUW1_7941093430,2026-08-05 15:18:44.669000+00:00,420,CLASSIC,26.366666666666667,Akali,MIDDLE,True,7,5,8,3.0,12281,17653,28624,13,213,8.078381795195954
2,CL-f8Ka5UKMD-FlVENf1leOrKKPK0whq1PiKjmkzm7B2uxs81OfKIhhY5OYnRJY2Vr0voci-sY1zuA,CHALLENGER,CHALLENGER,I,3550,indoor fish,EUW,EUW1_7942100760,2026-08-06 14:47:28.798000+00:00,420,CLASSIC,36.46666666666667,Tryndamere,MIDDLE,False,9,5,11,4.0,18834,56248,60518,51,349,9.570383912248628
2,CL-f8Ka5UKMD-FlVENf1leOrKKPK0whq1PiKjmkzm7B2uxs81OfKIhhY5OYnRJY2Vr0voci-sY1zuA,CHALLENGER,CHALLENGER,I,3550,indoor fish,EUW,EUW1_7942352867,2026-08-06 18:35:35.726000+00:00,420,CLASSIC,28.666666666666668,Lulu,UTILITY,True,1,6,26,4.5,10489,11841,20204,88,20,0.6976744186046512
2,CL-f8Ka5UKMD-FlVENf1leOrKKPK0whq1PiKjmkzm7B2uxs81OfKIhhY5OYnRJY2Vr0voci-sY1zuA,CHALLENGER,CHALLENGER,I,3550,indoor fish,EUW,EUW1_7942423713,2026-08-06 19:24:19.550000+00:00,420,CLASSIC,23.3,Ezreal,BOTTOM,True,5,3,9,4.666666666666667,13216,21411,14116,20,202,8.669527896995708
2,CL-f8Ka5UKMD-FlVENf1leOrKKPK0whq1PiKjmkzm7B2uxs81OfKIhhY5OYnRJY2Vr0voci-sY1zuA,CHALLENGER,CHALLENGER,I,3550,indoor fish,EUW,EUW1_7942498533,2026-08-06 20:14:13.057000+00:00,420,CLASSIC,20.316666666666666,Cassiopeia,MIDDLE,True,5,2,7,6.0,8406,14864,14492,12,154,7.579983593109106
2,CL-f8Ka5UKMD-FlVENf1leOrKKPK0whq1PiKjmkzm7B2uxs81OfKIhhY5OYnRJY2Vr0voci-sY1zuA,CHALLENGER,CHALLENGER,I,3550,indoor fish,EUW,EUW1_7942542405,2026-08-06 20:57:08.337000+00:00,420,CLASSIC,26.383333333333333,Ryze,MIDDLE,True,4,5,9,2.6,12200,20098,23916,36,239,9.058749210360077
2,CL-f8Ka5UKMD-FlVENf1leOrKKPK0whq1PiKjmkzm7B2uxs81OfKIhhY5OYnRJY2Vr0voci-sY1zuA,CHALLENGER,CHALLENGER,I,3550,indoor fish,EUW,EUW1_7942614974,2026-08-06 21:45:13.905000+00:00,420,CLASSIC,27.433333333333334,Sylas,UTILITY,True,4,9,13,1.8888888888888888,9882,19240,29853,103,29,1.057108140947752
2,CL-f8Ka5UKMD-FlVENf1leOrKKPK0whq1PiKjmkzm7B2uxs81OfKIhhY5OYnRJY2Vr0voci-sY1zuA,CHALLENGER,CHALLENGER,I,3550,indoor fish,EUW,EUW1_7944630716,2026-08-08 21:15:07.346000+00:00,420,CLASSIC,39.06666666666667,Cassiopeia,MIDDLE,False,2,4,6,2.0,14986,21616,31957,57,345,8.831058020477816
2,CL-f8Ka5UKMD-FlVENf1leOrKKPK0whq1PiKjmkzm7B2uxs81OfKIhhY5OYnRJY2Vr0voci-sY1zuA,CHALLENGER,CHALLENGER,I,3550,indoor fish,EUW,EUW1_7946909358,2026-08-10 22:59:35.005000+00:00,420,CLASSIC,33.833333333333336,Cassiopeia,BOTTOM,True,10,4,8,4.5,18001,31647,37141,33,316,9.339901477832512
2,CL-f8Ka5UKMD-FlVENf1leOrKKPK0whq1PiKjmkzm7B2uxs81OfKIhhY5OYnRJY2Vr0voci-sY1zuA,CHALLENGER,CHALLENGER,I,3550,indoor fish,EUW,EUW1_7946955579,2026-08-10 23:40:09.881000+00:00,420,CLASSIC,33.88333333333333,Akali,MIDDLE,True,5,6,7,2.0,13297,28606,36720,40,269,7.9390063944909
2,CL-f8Ka5UKMD-FlVENf1leOrKKPK0whq1PiKjmkzm7B2uxs81OfKIhhY5OYnRJY2Vr0voci-sY1zuA,CHALLENGER,CHALLENGER,I,3550,indoor fish,EUW,EUW1_7948348213,2026-08-12 15:13:51.606000+00:00,420,CLASSIC,15.4,Cassiopeia,MIDDLE,True,4,0,0,4.0,6877,10204,7185,11,146,9.48051948051948
2,CL-f8Ka5UKMD-FlVENf1leOrKKPK0whq1PiKjmkzm7B2uxs81OfKIhhY5OYnRJY2Vr0voci-sY1zuA,CHALLENGER,CHALLENGER,I,3550,indoor fish,EUW,EUW1_7948445742,2026-08-12 16:44:35.884000+00:00,420,CLASSIC,41.1,Corki,BOTTOM,True,10,5,7,3.4,22619,41368,36487,50,389,9.464720194647201
2,CL-f8Ka5UKMD-FlVENf1leOrKKPK0whq1PiKjmkzm7B2uxs81OfKIhhY5OYnRJY2Vr0voci-sY1zuA,CHALLENGER,CHALLENGER,I,3550,indoor fish,EUW,EUW1_7948641736,2026-08-12 19:45:42.071000+00:00,420,CLASSIC,32.166666666666664,Sylas,MIDDLE,False,11,9,11,2.4444444444444446,13306,37033,52391,31,228,7.0880829015544045
2,CL-f8Ka5UKMD-FlVENf1leOrKKPK0whq1PiKjmkzm7B2uxs81OfKIhhY5OYnRJY2Vr0voci-sY1zuA,CHALLENGER,CHALLENGER,I,3550,indoor fish,EUW,EUW1_7948864259,2026-08-12 23:15:37.784000+00:00,420,CLASSIC,29.8,Sylas,MIDDLE,False,1,9,3,0.4444444444444444,9055,22242,43319,34,178,5.973154362416107
2,CL-f8Ka5UKMD-FlVENf1leOrKKPK0whq1PiKjmkzm7B2uxs81OfKIhhY5OYnRJY2Vr0voci-sY1zuA,CHALLENGER,CHALLENGER,I,3550,indoor fish,EUW,EUW1_7948898493,2026-08-12 23:50:23.766000+00:00,420,CLASSIC,24.416666666666668,Anivia,MIDDLE,True,5,3,17,7.333333333333333,10461,26601,25303,17,186,7.617747440273037
2,CL-f8Ka5UKMD-FlVENf1leOrKKPK0whq1PiKjmkzm7B2uxs81OfKIhhY5OYnRJY2Vr0voci-sY1zuA,CHALLENGER,CHALLENGER,I,3550,indoor fish,EUW,EUW1_7949346456,2026-08-13 15:52:51.619000+00:00,420,CLASSIC,39.983333333333334,Tryndamere,MIDDLE,False,2,5,4,1.2,17983,17891,44791,67,426,10.654439349729053
2,CL-f8Ka5UKMD-FlVENf1leOrKKPK0whq1PiKjmkzm7B2uxs81OfKIhhY5OYnRJY2Vr0voci-sY1zuA,CHALLENGER,CHALLENGER,I,3550,indoor fish,EUW,EUW1_7949389071,2026-08-13 16:43:26.121000+00:00,420,CLASSIC,15.766666666666667,Cassiopeia,MIDDLE,True,4,0,1,5.0,7883,7120,6567,19,158,10.021141649048625
2,CL-f8Ka5UKMD-FlVENf1leOrKKPK0whq1PiKjmkzm7B2uxs81OfKIhhY5OYnRJY2Vr0voci-sY1zuA,CHALLENGER,CHALLENGER,I,3550,indoor fish,EUW,EUW1_7949424486,2026-08-13 17:08:07.632000+00:00,420,CLASSIC,28.083333333333332,Nautilus,UTILITY,False,2,10,7,0.9,7741,7470,26257,95,27,0.9614243323442137
2,CL-f8Ka5UKMD-FlVENf1leOrKKPK0whq1PiKjmkzm7B2uxs81OfKIhhY5OYnRJY2Vr0voci-sY1zuA,CHALLENGER,CHALLENGER,I,3550,indoor fish,EUW,EUW1_7949517420,2026-08-13 18:44:56.685000+00:00,420,CLASSIC,15.216666666666667,Cassiopeia,MIDDLE,False,1,4,0,0.25,5463,8400,11004,11,132,8.674698795180722
2,CL-f8Ka5UKMD-FlVENf1leOrKKPK0whq1PiKjmkzm7B2uxs81OfKIhhY5OYnRJY2Vr0voci-sY1zuA,CHALLENGER,CHALLENGER,I,3550,indoor fish,EUW,EUW1_7949573756,2026-08-13 19:14:11.043000+00:00,420,CLASSIC,33.75,Syndra,MIDDLE,True,10,6,8,3.0,14796,36105,24362,28,294,8.71111111111111
2,CL-f8Ka5UKMD-FlVENf1leOrKKPK0whq1PiKjmkzm7B2uxs81OfKIhhY5OYnRJY2Vr0voci-sY1zuA,CHALLENGER,CHALLENGER,I,3550,indoor fish,EUW,EUW1_7949690027,2026-08-13 21:33:40.181000+00:00,420,CLASSIC,34.71666666666667,Lucian,BOTTOM,True,3,6,17,3.3333333333333335,17259,46101,38064,25,308,8.871819491118579
2,CL-f8Ka5UKMD-FlVENf1leOrKKPK0whq1PiKjmkzm7B2uxs81OfKIhhY5OYnRJY2Vr0voci-sY1zuA,CHALLENGER,CHALLENGER,I,3550,indoor fish,EUW,EUW1_7950016824,2026-08-14 10:50:19.687000+00:00,420,CLASSIC,33.166666666666664,Cassiopeia,MIDDLE,False,8,4,7,3.75,15158,29238,33550,38,315,9.49748743718593
2,CL-f8Ka5UKMD-FlVENf1leOrKKPK0whq1PiKjmkzm7B2uxs81OfKIhhY5OYnRJY2Vr0voci-sY1zuA,CHALLENGER,CHALLENGER,I,3550,indoor fish,EUW,EUW1_7950051863,2026-08-14 11:34:59.271000+00:00,420,CLASSIC,26.533333333333335,Locke,MIDDLE,False,8,7,1,1.2857142857142858,13432,17263,24119,15,206,7.763819095477387
2,CL-f8Ka5UKMD-FlVENf1leOrKKPK0whq1PiKjmkzm7B2uxs81OfKIhhY5OYnRJY2Vr0voci-sY1zuA,CHALLENGER,CHALLENGER,I,3550,indoor fish,EUW,EUW1_7950093824,2026-08-14 12:28:49.002000+00:00,420,CLASSIC,30.433333333333334,Locke,MIDDLE,True,10,6,5,2.5,14343,24925,28181,32,218,7.163198247535597
2,CL-f8Ka5UKMD-FlVENf1leOrKKPK0whq1PiKjmkzm7B2uxs81OfKIhhY5OYnRJY2Vr0voci-sY1zuA,CHALLENGER,CHALLENGER,I,3550,indoor fish,EUW,EUW1_7950148362,2026-08-14 13:45:57.415000+00:00,420,CLASSIC,26.616666666666667,Jayce,MIDDLE,False,4,7,1,0.7142857142857143,11366,22034,20163,37,259,9.730745147150907
2,CL-f8Ka5UKMD-FlVENf1leOrKKPK0whq1PiKjmkzm7B2uxs81OfKIhhY5OYnRJY2Vr0voci-sY1zuA,CHALLENGER,CHALLENGER,I,3550,indoor fish,EUW,EUW1_7950190877,2026-08-14 14:19:21.392000+00:00,420,CLASSIC,21.083333333333332,Locke,MIDDLE,True,13,2,5,9.0,13030,26296,16835,16,181,8.58498023715415
2,CL-f8Ka5UKMD-FlVENf1leOrKKPK0whq1PiKjmkzm7B2uxs81OfKIhhY5OYnRJY2Vr0voci-sY1zuA,CHALLENGER,CHALLENGER,I,3550,indoor fish,EUW,EUW1_7950216605,2026-08-14 14:45:02.031000+00:00,420,CLASSIC,26.616666666666667,Locke,MIDDLE,True,9,2,4,6.5,12958,16503,22767,25,230,8.641202254226675
2,CL-f8Ka5UKMD-FlVENf1leOrKKPK0whq1PiKjmkzm7B2uxs81OfKIhhY5OYnRJY2Vr0voci-sY1zuA,CHALLENGER,CHALLENGER,I,3550,indoor fish,EUW,EUW1_7950259030,2026-08-14 15:33:59.349000+00:00,420,CLASSIC,28.1,Cassiopeia,TOP,False,3,8,2,0.625,10827,15264,33108,21,211,7.5088967971530245
2,CL-f8Ka5UKMD-FlVENf1leOrKKPK0whq1PiKjmkzm7B2uxs81OfKIhhY5OYnRJY2Vr0voci-sY1zuA,CHALLENGER,CHALLENGER,I,3550,indoor fish,EUW,EUW1_7950463890,2026-08-14 18:42:52.839000+00:00,420,CLASSIC,19.083333333333332,Ryze,MIDDLE,True,9,1,6,15.0,9970,12988,14478,20,187,9.799126637554586
2,CL-f8Ka5UKMD-FlVENf1leOrKKPK0whq1PiKjmkzm7B2uxs81OfKIhhY5OYnRJY2Vr0voci-sY1zuA,CHALLENGER,CHALLENGER,I,3550,indoor fish,EUW,EUW1_7950671537,2026-08-14 21:12:08.030000+00:00,420,CLASSIC,37.93333333333333,Ahri,MIDDLE,True,15,2,20,17.5,18276,63231,29197,55,316,8.330404217926187
2,CL-f8Ka5UKMD-FlVENf1leOrKKPK0whq1PiKjmkzm7B2uxs81OfKIhhY5OYnRJY2Vr0voci-sY1zuA,CHALLENGER,CHALLENGER,I,3550,indoor fish,EUW,EUW1_7950732194,2026-08-14 22:09:00.628000+00:00,420,CLASSIC,25.583333333333332,Ryze,MIDDLE,True,11,0,4,15.0,14530,47005,24170,28,269,10.514657980456027
2,CL-f8Ka5UKMD-FlVENf1leOrKKPK0whq1PiKjmkzm7B2uxs81OfKIhhY5OYnRJY2Vr0voci-sY1zuA,CHALLENGER,CHALLENGER,I,3550,indoor fish,EUW,EUW1_7950783798,2026-08-14 22:51:19.019000+00:00,420,CLASSIC,31.333333333333332,Hwei,UTILITY,True,5,7,16,3.0,10322,25181,21667,142,44,1.4042553191489362
2,CL-f8Ka5UKMD-FlVENf1leOrKKPK0whq1PiKjmkzm7B2uxs81OfKIhhY5OYnRJY2Vr0voci-sY1zuA,CHALLENGER,CHALLENGER,I,3550,indoor fish,EUW,EUW1_7951052236,2026-08-15 11:27:12.173000+00:00,420,CLASSIC,27.0,Ryze,MIDDLE,True,7,3,12,6.333333333333333,13647,26825,25674,40,268,9.925925925925926
2,CL-f8Ka5UKMD-FlVENf1leOrKKPK0whq1PiKjmkzm7B2uxs81OfKIhhY5OYnRJY2Vr0voci-sY1zuA,CHALLENGER,CHALLENGER,I,3550,indoor fish,EUW,EUW1_7951443751,2026-08-15 17:48:39.624000+00:00,420,CLASSIC,29.916666666666668,Tristana,MIDDLE,False,10,7,10,2.857142857142857,15004,36413,25028,23,296,9.894150417827298
2,CL-f8Ka5UKMD-FlVENf1leOrKKPK0whq1PiKjmkzm7B2uxs81OfKIhhY5OYnRJY2Vr0voci-sY1zuA,CHALLENGER,CHALLENGER,I,3550,indoor fish,EUW,EUW1_7951514765,2026-08-15 18:50:36.953000+00:00,420,CLASSIC,16.166666666666668,Locke,MIDDLE,True,9,3,0,3.0,8386,11887,11703,16,135,8.350515463917525
2,CL-f8Ka5UKMD-FlVENf1leOrKKPK0whq1PiKjmkzm7B2uxs81OfKIhhY5OYnRJY2Vr0voci-sY1zuA,CHALLENGER,CHALLENGER,I,3550,indoor fish,EUW,EUW1_7951537825,2026-08-15 19:10:32.601000+00:00,420,CLASSIC,15.35,Locke,MIDDLE,True,2,1,1,3.0,5706,7229,13051,7,114,7.4267100977198695
2,CL-f8Ka5UKMD-FlVENf1leOrKKPK0whq1PiKjmkzm7B2uxs81OfKIhhY5OYnRJY2Vr0voci-sY1zuA,CHALLENGER,CHALLENGER,I,3550,indoor fish,EUW,EUW1_7951568360,2026-08-15 19:42:59.550000+00:00,420,CLASSIC,30.633333333333333,JarvanIV,JUNGLE,True,9,2,16,12.5,15579,18140,34706,44,210,6.855277475516866
2,CL-f8Ka5UKMD-FlVENf1leOrKKPK0whq1PiKjmkzm7B2uxs81OfKIhhY5OYnRJY2Vr0voci-sY1zuA,CHALLENGER,CHALLENGER,I,3550,indoor fish,EUW,EUW1_7951620436,2026-08-15 20:27:20.995000+00:00,420,CLASSIC,1.1666666666666667,Anivia,MIDDLE,False,0,0,0,0.0,502,0,0,0,0,0.0
2,CL-f8Ka5UKMD-FlVENf1leOrKKPK0whq1PiKjmkzm7B2uxs81OfKIhhY5OYnRJY2Vr0voci-sY1zuA,CHALLENGER,CHALLENGER,I,3550,indoor fish,EUW,EUW1_7951767224,2026-08-15 22:12:37.655000+00:00,420,CLASSIC,22.583333333333332,Ryze,MIDDLE,True,7,0,6,13.0,12079,15167,13364,24,201,8.900369003690038
2,CL-f8Ka5UKMD-FlVENf1leOrKKPK0whq1PiKjmkzm7B2uxs81OfKIhhY5OYnRJY2Vr0voci-sY1zuA,CHALLENGER,CHALLENGER,I,3550,indoor fish,EUW,EUW1_7951823880,2026-08-15 22:59:41.695000+00:00,420,CLASSIC,19.016666666666666,Cassiopeia,MIDDLE,True,4,4,9,3.25,8311,17575,16986,17,160,8.413672217353199
2,CL-f8Ka5UKMD-FlVENf1leOrKKPK0whq1PiKjmkzm7B2uxs81OfKIhhY5OYnRJY2Vr0voci-sY1zuA,CHALLENGER,CHALLENGER,I,3550,indoor fish,EUW,EUW1_7951858785,2026-08-15 23:38:00.214000+00:00,420,CLASSIC,32.666666666666664,Syndra,MIDDLE,True,12,4,5,4.25,16688,42420,26985,28,292,8.938775510204083
2,CL-f8Ka5UKMD-FlVENf1leOrKKPK0whq1PiKjmkzm7B2uxs81OfKIhhY5OYnRJY2Vr0voci-sY1zuA,CHALLENGER,CHALLENGER,I,3550,indoor fish,EUW,EUW1_7952998509,2026-08-16 23:24:40.941000+00:00,420,CLASSIC,24.316666666666666,Tristana,MIDDLE,True,18,3,5,7.666666666666667,17599,33900,19752,10,238,9.787525702535984
2,CL-f8Ka5UKMD-FlVENf1leOrKKPK0whq1PiKjmkzm7B2uxs81OfKIhhY5OYnRJY2Vr0voci-sY1zuA,CHALLENGER,CHALLENGER,I,3550,indoor fish,EUW,EUW1_7953005152,2026-08-16 23:55:34.288000+00:00,420,CLASSIC,20.85,Viktor,MIDDLE,True,8,1,6,14.0,10580,19484,15086,16,181,8.681055155875299
2,CL-f8Ka5UKMD-FlVENf1leOrKKPK0whq1PiKjmkzm7B2uxs81OfKIhhY5OYnRJY2Vr0voci-sY1zuA,CHALLENGER,CHALLENGER,I,3550,indoor fish,EUW,EUW1_7953788996,2026-08-17 20:15:21.493000+00:00,420,CLASSIC,34.483333333333334,Rell,UTILITY,False,1,5,27,5.6,10079,8700,21134,150,21,0.6089898501691638
2,CL-f8Ka5UKMD-FlVENf1leOrKKPK0whq1PiKjmkzm7B2uxs81OfKIhhY5OYnRJY2Vr0voci-sY1zuA,CHALLENGER,CHALLENGER,I,3550,indoor fish,EUW,EUW1_7953862666,2026-08-17 20:59:57.604000+00:00,420,CLASSIC,15.266666666666667,Corki,BOTTOM,True,7,3,2,3.0,8671,9178,9880,8,126,8.253275109170305
2,CL-f8Ka5UKMD-FlVENf1leOrKKPK0whq1PiKjmkzm7B2uxs81OfKIhhY5OYnRJY2Vr0voci-sY1zuA,CHALLENGER,CHALLENGER,I,3550,indoor fish,EUW,EUW1_7953889765,2026-08-17 21:22:42.673000+00:00,420,CLASSIC,37.016666666666666,Orianna,MIDDLE,True,8,3,6,4.666666666666667,17241,33026,23638,29,319,8.617739756866277
2,CL-f8Ka5UKMD-FlVENf1leOrKKPK0whq1PiKjmkzm7B2uxs81OfKIhhY5OYnRJY2Vr0voci-sY1zuA,CHALLENGER,CHALLENGER,I,3550,indoor fish,EUW,EUW1_7954701597,2026-08-18 18:49:35.128000+00:00,420,CLASSIC,34.61666666666667,Akali,MIDDLE,True,10,5,10,4.0,15178,32884,34406,26,239,6.904188733750602
2,CL-f8Ka5UKMD-FlVENf1leOrKKPK0whq1PiKjmkzm7B2uxs81OfKIhhY5OYnRJY2Vr0voci-sY1zuA,CHALLENGER,CHALLENGER,I,3550,indoor fish,EUW,EUW1_7954754236,2026-08-18 19:35:40.044000+00:00,420,CLASSIC,15.5,Ryze,MIDDLE,False,2,2,1,1.5,6251,7157,8999,10,140,9.03225806451613
2,CL-f8Ka5UKMD-FlVENf1leOrKKPK0whq1PiKjmkzm7B2uxs81OfKIhhY5OYnRJY2Vr0voci-sY1zuA,CHALLENGER,CHALLENGER,I,3550,indoor fish,EUW,EUW1_7955385311,2026-08-19 14:16:48.049000+00:00,420,CLASSIC,33.5,Ryze,MIDDLE,False,10,6,8,3.0,15878,32817,42490,32,259,7.731343283582089
2,CL-f8Ka5UKMD-FlVENf1leOrKKPK0whq1PiKjmkzm7B2uxs81OfKIhhY5OYnRJY2Vr0voci-sY1zuA,CHALLENGER,CHALLENGER,I,3550,indoor fish,EUW,EUW1_7955510851,2026-08-19 16:14:05.887000+00:00,420,CLASSIC,30.85,Locke,BOTTOM,False,5,6,9,2.3333333333333335,13434,16704,30817,30,214,6.936790923824959
2,CL-f8Ka5UKMD-FlVENf1leOrKKPK0whq1PiKjmkzm7B2uxs81OfKIhhY5OYnRJY2Vr0voci-sY1zuA,CHALLENGER,CHALLENGER,I,3550,indoor fish,EUW,EUW1_7955548937,2026-08-19 16:50:44.902000+00:00,420,CLASSIC,26.933333333333334,Locke,MIDDLE,True,10,3,6,5.333333333333333,11825,18605,23169,22,166,6.163366336633663
2,CL-f8Ka5UKMD-FlVENf1leOrKKPK0whq1PiKjmkzm7B2uxs81OfKIhhY5OYnRJY2Vr0voci-sY1zuA,CHALLENGER,CHALLENGER,I,3550,indoor fish,EUW,EUW1_7955750895,2026-08-19 19:29:46.119000+00:00,420,CLASSIC,25.666666666666668,Akali,MIDDLE,False,8,3,1,3.0,11032,21471,25677,17,192,7.48051948051948
2,CL-f8Ka5UKMD-FlVENf1leOrKKPK0whq1PiKjmkzm7B2uxs81OfKIhhY5OYnRJY2Vr0voci-sY1zuA,CHALLENGER,CHALLENGER,I,3550,indoor fish,EUW,EUW1_7955799661,2026-08-19 20:04:47.141000+00:00,420,CLASSIC,1.1,Anivia,MIDDLE,True,0,0,0,0.0,503,452,443,0,0,0.0
2,CL-f8Ka5UKMD-FlVENf1leOrKKPK0whq1PiKjmkzm7B2uxs81OfKIhhY5OYnRJY2Vr0voci-sY1zuA,CHALLENGER,CHALLENGER,I,3550,indoor fish,EUW,EUW1_7955814994,2026-08-19 20:15:34.262000+00:00,420,CLASSIC,36.016666666666666,Locke,BOTTOM,True,14,7,7,3.0,19535,27035,33149,26,277,7.6908838500694126
2,CL-f8Ka5UKMD-FlVENf1leOrKKPK0whq1PiKjmkzm7B2uxs81OfKIhhY5OYnRJY2Vr0voci-sY1zuA,CHALLENGER,CHALLENGER,I,3550,indoor fish,EUW,EUW1_7955883275,2026-08-19 21:08:24.761000+00:00,420,CLASSIC,36.7,Gnar,TOP,True,12,5,7,3.8,16186,30213,40072,43,245,6.675749318801089
2,CL-f8Ka5UKMD-FlVENf1leOrKKPK0whq1PiKjmkzm7B2uxs81OfKIhhY5OYnRJY2Vr0voci-sY1zuA,CHALLENGER,CHALLENGER,I,3550,indoor fish,EUW,EUW1_7955958870,2026-08-19 22:07:03.165000+00:00,420,CLASSIC,15.333333333333334,Ryze,MIDDLE,False,0,2,1,0.5,5111,7098,10404,12,141,9.195652173913043
2,CL-f8Ka5UKMD-FlVENf1leOrKKPK0whq1PiKjmkzm7B2uxs81OfKIhhY5OYnRJY2Vr0voci-sY1zuA,CHALLENGER,CHALLENGER,I,3550,indoor fish,EUW,EUW1_7955996758,2026-08-19 22:43:54.742000+00:00,420,CLASSIC,24.366666666666667,Anivia,MIDDLE,False,1,6,2,0.5,9094,13865,32246,12,193,7.920656634746922
2,CL-f8Ka5UKMD-FlVENf1leOrKKPK0whq1PiKjmkzm7B2uxs81OfKIhhY5OYnRJY2Vr0voci-sY1zuA,CHALLENGER,CHALLENGER,I,3550,indoor fish,EUW,EUW1_7956057305,2026-08-20 00:36:24.867000+00:00,420,CLASSIC,23.0,Annie,MIDDLE,True,11,3,3,4.666666666666667,11231,22983,10422,19,175,7.608695652173913
2,CL-f8Ka5UKMD-FlVENf1leOrKKPK0whq1PiKjmkzm7B2uxs81OfKIhhY5OYnRJY2Vr0voci-sY1zuA,CHALLENGER,CHALLENGER,I,3550,indoor fish,EUW,EUW1_7956089516,2026-08-20 01:25:48.902000+00:00,420,CLASSIC,29.033333333333335,Ahri,MIDDLE,False,12,6,6,3.0,14214,35949,30727,29,221,7.611940298507462
2,CL-f8Ka5UKMD-FlVENf1leOrKKPK0whq1PiKjmkzm7B2uxs81OfKIhhY5OYnRJY2Vr0voci-sY1zuA,CHALLENGER,CHALLENGER,I,3550,indoor fish,EUW,EUW1_7956451069,2026-08-20 15:29:21.984000+00:00,420,CLASSIC,31.816666666666666,Tristana,MIDDLE,False,3,11,9,1.0909090909090908,12664,21122,32628,22,246,7.7317967522262965
2,CL-f8Ka5UKMD-FlVENf1leOrKKPK0whq1PiKjmkzm7B2uxs81OfKIhhY5OYnRJY2Vr0voci-sY1zuA,CHALLENGER,CHALLENGER,I,3550,indoor fish,EUW,EUW1_7956503286,2026-08-20 16:17:49.754000+00:00,420,CLASSIC,32.266666666666666,Poppy,UTILITY,False,2,8,13,1.875,8927,14767,27131,128,30,0.9297520661157025
2,CL-f8Ka5UKMD-FlVENf1leOrKKPK0whq1PiKjmkzm7B2uxs81OfKIhhY5OYnRJY2Vr0voci-sY1zuA,CHALLENGER,CHALLENGER,I,3550,indoor fish,EUW,EUW1_7956558916,2026-08-20 17:02:15.224000+00:00,420,CLASSIC,21.366666666666667,Aurora,MIDDLE,False,2,3,2,1.3333333333333333,8095,13221,12106,15,184,8.611544461778472
2,CL-f8Ka5UKMD-FlVENf1leOrKKPK0whq1PiKjmkzm7B2uxs81OfKIhhY5OYnRJY2Vr0voci-sY1zuA,CHALLENGER,CHALLENGER,I,3550,indoor fish,EUW,EUW1_7956680773,2026-08-20 18:41:12.003000+00:00,420,CLASSIC,30.866666666666667,Locke,MIDDLE,True,14,1,3,17.0,15476,29627,23976,30,224,7.2570194384449245
2,CL-f8Ka5UKMD-FlVENf1leOrKKPK0whq1PiKjmkzm7B2uxs81OfKIhhY5OYnRJY2Vr0voci-sY1zuA,CHALLENGER,CHALLENGER,I,3550,indoor fish,EUW,EUW1_7956742412,2026-08-20 19:34:45.653000+00:00,420,CLASSIC,26.25,Locke,MIDDLE,True,13,2,4,8.5,14590,19314,19263,26,222,8.457142857142857
2,CL-f8Ka5UKMD-FlVENf1leOrKKPK0whq1PiKjmkzm7B2uxs81OfKIhhY5OYnRJY2Vr0voci-sY1zuA,CHALLENGER,CHALLENGER,I,3550,indoor fish,EUW,EUW1_7956809926,2026-08-20 20:18:22.829000+00:00,420,CLASSIC,19.05,Cassiopeia,MIDDLE,False,2,4,0,0.5,6135,8027,14964,14,144,7.559055118110236
2,CL-f8Ka5UKMD-FlVENf1leOrKKPK0whq1PiKjmkzm7B2uxs81OfKIhhY5OYnRJY2Vr0voci-sY1zuA,CHALLENGER,CHALLENGER,I,3550,indoor fish,EUW,EUW1_7956843132,2026-08-20 20:43:07.475000+00:00,420,CLASSIC,21.95,Tristana,MIDDLE,False,2,4,1,0.75,9624,12225,14818,15,189,8.610478359908884
2,CL-f8Ka5UKMD-FlVENf1leOrKKPK0whq1PiKjmkzm7B2uxs81OfKIhhY5OYnRJY2Vr0voci-sY1zuA,CHALLENGER,CHALLENGER,I,3550,indoor fish,EUW,EUW1_7956888822,2026-08-20 21:08:59.752000+00:00,420,CLASSIC,24.2,Tristana,MIDDLE,False,4,2,0,2.0,12078,15531,14995,21,240,9.917355371900827
2,CL-f8Ka5UKMD-FlVENf1leOrKKPK0whq1PiKjmkzm7B2uxs81OfKIhhY5OYnRJY2Vr0voci-sY1zuA,CHALLENGER,CHALLENGER,I,3550,indoor fish,EUW,EUW1_7957917628,2026-08-21 21:22:38.751000+00:00,420,CLASSIC,19.066666666666666,Akali,MIDDLE,False,3,3,2,1.6666666666666667,7232,13438,20437,14,153,8.024475524475525
2,CL-f8Ka5UKMD-FlVENf1leOrKKPK0whq1PiKjmkzm7B2uxs81OfKIhhY5OYnRJY2Vr0voci-sY1zuA,CHALLENGER,CHALLENGER,I,3550,indoor fish,EUW,EUW1_7957952102,2026-08-21 21:54:27.287000+00:00,420,CLASSIC,27.766666666666666,Cassiopeia,MIDDLE,False,2,5,9,2.2,10309,21078,28883,31,231,8.319327731092438
2,CL-f8Ka5UKMD-FlVENf1leOrKKPK0whq1PiKjmkzm7B2uxs81OfKIhhY5OYnRJY2Vr0voci-sY1zuA,CHALLENGER,CHALLENGER,I,3550,indoor fish,EUW,EUW1_7958009400,2026-08-21 22:49:54.488000+00:00,420,CLASSIC,23.116666666666667,Lulu,UTILITY,True,1,3,15,5.333333333333333,8144,5143,11850,70,25,1.0814708002883922
2,CL-f8Ka5UKMD-FlVENf1leOrKKPK0whq1PiKjmkzm7B2uxs81OfKIhhY5OYnRJY2Vr0voci-sY1zuA,CHALLENGER,CHALLENGER,I,3550,indoor fish,EUW,EUW1_7958044332,2026-08-21 23:24:08.509000+00:00,420,CLASSIC,37.35,Lucian,BOTTOM,True,5,5,10,3.0,17348,36491,34267,39,324,8.674698795180722
2,CL-f8Ka5UKMD-FlVENf1leOrKKPK0whq1PiKjmkzm7B2uxs81OfKIhhY5OYnRJY2Vr0voci-sY1zuA,CHALLENGER,CHALLENGER,I,3550,indoor fish,EUW,EUW1_7958682181,2026-08-22 17:39:32.648000+00:00,420,CLASSIC,27.533333333333335,Annie,MIDDLE,False,3,8,9,1.5,10335,19309,22202,35,186,6.75544794188862
2,CL-f8Ka5UKMD-FlVENf1leOrKKPK0whq1PiKjmkzm7B2uxs81OfKIhhY5OYnRJY2Vr0voci-sY1zuA,CHALLENGER,CHALLENGER,I,3550,indoor fish,EUW,EUW1_7958729315,2026-08-22 18:22:52.433000+00:00,420,CLASSIC,42.2,Annie,MIDDLE,True,4,11,15,1.7272727272727273,14152,40325,33025,48,221,5.23696682464455
2,CL-f8Ka5UKMD-FlVENf1leOrKKPK0whq1PiKjmkzm7B2uxs81OfKIhhY5OYnRJY2Vr0voci-sY1zuA,CHALLENGER,CHALLENGER,I,3550,indoor fish,EUW,EUW1_7959925359,2026-08-23 19:10:10.801000+00:00,420,CLASSIC,26.883333333333333,Lulu,UTILITY,True,3,3,27,10.0,9760,11277,15829,112,24,0.8927464352138872
2,CL-f8Ka5UKMD-FlVENf1leOrKKPK0whq1PiKjmkzm7B2uxs81OfKIhhY5OYnRJY2Vr0voci-sY1zuA,CHALLENGER,CHALLENGER,I,3550,indoor fish,EUW,EUW1_7960014950,2026-08-23 20:01:02.372000+00:00,420,CLASSIC,32.38333333333333,Anivia,MIDDLE,True,17,2,14,15.5,17550,39056,29046,37,279,8.615542974781267
2,CL-f8Ka5UKMD-FlVENf1leOrKKPK0whq1PiKjmkzm7B2uxs81OfKIhhY5OYnRJY2Vr0voci-sY1zuA,CHALLENGER,CHALLENGER,I,3550,indoor fish,EUW,EUW1_7960289914,2026-08-24 01:14:09.479000+00:00,420,CLASSIC,31.483333333333334,Viktor,BOTTOM,True,10,6,12,3.6666666666666665,16034,45918,25949,19,257,8.163049232398095
2,CL-f8Ka5UKMD-FlVENf1leOrKKPK0whq1PiKjmkzm7B2uxs81OfKIhhY5OYnRJY2Vr0voci-sY1zuA,CHALLENGER,CHALLENGER,I,3550,indoor fish,EUW,EUW1_7960319246,2026-08-24 04:32:32.337000+00:00,420,CLASSIC,23.483333333333334,Syndra,MIDDLE,False,6,3,3,3.0,11455,24402,13220,19,230,9.794180269694818
3,E4eLwViqI2EyNl_jgnPmzhL_gSh_WWV7bPCBJXHfT8UNlSKborONuP18YvRdrUf_kxlg9CIHZahwWQ,CHALLENGER,CHALLENGER,I,2627,Dragdar,2902P,EUW1_7913124263,2026-07-09 02:18:17.730000+00:00,420,CLASSIC,28.183333333333334,Ezreal,BOTTOM,True,8,2,7,7.5,15440,22633,17780,17,261,9.260792430514488
3,E4eLwViqI2EyNl_jgnPmzhL_gSh_WWV7bPCBJXHfT8UNlSKborONuP18YvRdrUf_kxlg9CIHZahwWQ,CHALLENGER,CHALLENGER,I,2627,Dragdar,2902P,EUW1_7918746443,2026-07-14 20:43:05.160000+00:00,420,CLASSIC,17.283333333333335,JarvanIV,JUNGLE,True,2,1,6,8.0,6805,5278,8984,12,110,6.364513018322082
3,E4eLwViqI2EyNl_jgnPmzhL_gSh_WWV7bPCBJXHfT8UNlSKborONuP18YvRdrUf_kxlg9CIHZahwWQ,CHALLENGER,CHALLENGER,I,2627,Dragdar,2902P,EUW1_7918785108,2026-07-14 21:16:09.014000+00:00,420,CLASSIC,30.1,Jhin,BOTTOM,True,10,8,15,3.125,15878,27632,23443,14,211,7.009966777408637
3,E4eLwViqI2EyNl_jgnPmzhL_gSh_WWV7bPCBJXHfT8UNlSKborONuP18YvRdrUf_kxlg9CIHZahwWQ,CHALLENGER,CHALLENGER,I,2627,Dragdar,2902P,EUW1_7919225803,2026-07-15 13:32:20.050000+00:00,420,CLASSIC,37.416666666666664,Jhin,BOTTOM,True,9,4,7,4.0,20044,33762,21450,28,334,8.92650334075724
3,E4eLwViqI2EyNl_jgnPmzhL_gSh_WWV7bPCBJXHfT8UNlSKborONuP18YvRdrUf_kxlg9CIHZahwWQ,CHALLENGER,CHALLENGER,I,2627,Dragdar,2902P,EUW1_7919270587,2026-07-15 14:25:59.640000+00:00,420,CLASSIC,18.916666666666668,Ezreal,BOTTOM,False,3,3,1,1.3333333333333333,7404,17098,10891,12,148,7.823788546255506
3,E4eLwViqI2EyNl_jgnPmzhL_gSh_WWV7bPCBJXHfT8UNlSKborONuP18YvRdrUf_kxlg9CIHZahwWQ,CHALLENGER,CHALLENGER,I,2627,Dragdar,2902P,EUW1_7919293716,2026-07-15 14:51:08.119000+00:00,420,CLASSIC,1.2666666666666666,Ezreal,BOTTOM,False,0,0,0,0.0,527,287,174,0,0,0.0
3,E4eLwViqI2EyNl_jgnPmzhL_gSh_WWV7bPCBJXHfT8UNlSKborONuP18YvRdrUf_kxlg9CIHZahwWQ,CHALLENGER,CHALLENGER,I,2627,Dragdar,2902P,EUW1_7919306761,2026-07-15 15:06:29.371000+00:00,420,CLASSIC,23.6,Ezreal,BOTTOM,True,8,2,10,9.0,13836,24091,12484,11,203,8.601694915254237
3,E4eLwViqI2EyNl_jgnPmzhL_gSh_WWV7bPCBJXHfT8UNlSKborONuP18YvRdrUf_kxlg9CIHZahwWQ,CHALLENGER,CHALLENGER,I,2627,Dragdar,2902P,EUW1_7920013136,2026-07-16 09:32:41.870000+00:00,420,CLASSIC,28.766666666666666,Jhin,BOTTOM,True,8,6,13,3.5,14249,20130,23228,16,223,7.752027809965238
3,E4eLwViqI2EyNl_jgnPmzhL_gSh_WWV7bPCBJXHfT8UNlSKborONuP18YvRdrUf_kxlg9CIHZahwWQ,CHALLENGER,CHALLENGER,I,2627,Dragdar,2902P,EUW1_7920037489,2026-07-16 10:11:25.501000+00:00,420,CLASSIC,24.65,Nautilus,UTILITY,False,4,6,12,2.6666666666666665,7175,7409,25514,59,21,0.8519269776876268
3,E4eLwViqI2EyNl_jgnPmzhL_gSh_WWV7bPCBJXHfT8UNlSKborONuP18YvRdrUf_kxlg9CIHZahwWQ,CHALLENGER,CHALLENGER,I,2627,Dragdar,2902P,EUW1_7920081197,2026-07-16 11:35:39.375000+00:00,420,CLASSIC,22.916666666666668,Ezreal,BOTTOM,False,3,8,4,0.875,8635,18649,15567,9,151,6.589090909090909
3,E4eLwViqI2EyNl_jgnPmzhL_gSh_WWV7bPCBJXHfT8UNlSKborONuP18YvRdrUf_kxlg9CIHZahwWQ,CHALLENGER,CHALLENGER,I,2627,Dragdar,2902P,EUW1_7924210137,2026-07-20 13:05:31.783000+00:00,420,CLASSIC,29.0,Ezreal,BOTTOM,False,4,4,5,2.25,14611,17585,18654,10,280,9.655172413793103
3,E4eLwViqI2EyNl_jgnPmzhL_gSh_WWV7bPCBJXHfT8UNlSKborONuP18YvRdrUf_kxlg9CIHZahwWQ,CHALLENGER,CHALLENGER,I,2627,Dragdar,2902P,EUW1_7924243292,2026-07-20 13:45:03.680000+00:00,420,CLASSIC,25.766666666666666,Ezreal,BOTTOM,True,5,4,11,4.0,12638,19809,15602,12,201,7.800776196636481
3,E4eLwViqI2EyNl_jgnPmzhL_gSh_WWV7bPCBJXHfT8UNlSKborONuP18YvRdrUf_kxlg9CIHZahwWQ,CHALLENGER,CHALLENGER,I,2627,Dragdar,2902P,EUW1_7924370405,2026-07-20 16:02:47.134000+00:00,420,CLASSIC,23.9,Jhin,BOTTOM,False,2,5,3,1.0,9626,10135,12305,10,191,7.99163179916318
3,E4eLwViqI2EyNl_jgnPmzhL_gSh_WWV7bPCBJXHfT8UNlSKborONuP18YvRdrUf_kxlg9CIHZahwWQ,CHALLENGER,CHALLENGER,I,2627,Dragdar,2902P,EUW1_7924416595,2026-07-20 16:37:00.349000+00:00,420,CLASSIC,23.266666666666666,Seraphine,UTILITY,False,0,7,1,0.14285714285714285,5427,9451,16595,63,33,1.4183381088825215
3,E4eLwViqI2EyNl_jgnPmzhL_gSh_WWV7bPCBJXHfT8UNlSKborONuP18YvRdrUf_kxlg9CIHZahwWQ,CHALLENGER,CHALLENGER,I,2627,Dragdar,2902P,EUW1_7924450801,2026-07-20 17:07:16.289000+00:00,420,CLASSIC,30.633333333333333,Ezreal,BOTTOM,False,4,5,10,2.8,14899,34604,19721,16,253,8.258977149075081
3,E4eLwViqI2EyNl_jgnPmzhL_gSh_WWV7bPCBJXHfT8UNlSKborONuP18YvRdrUf_kxlg9CIHZahwWQ,CHALLENGER,CHALLENGER,I,2627,Dragdar,2902P,EUW1_7924503635,2026-07-20 17:49:08.637000+00:00,420,CLASSIC,29.55,Ezreal,BOTTOM,False,4,7,4,1.1428571428571428,12883,19536,22794,10,237,8.02030456852792
3,E4eLwViqI2EyNl_jgnPmzhL_gSh_WWV7bPCBJXHfT8UNlSKborONuP18YvRdrUf_kxlg9CIHZahwWQ,CHALLENGER,CHALLENGER,I,2627,Dragdar,2902P,EUW1_7924548991,2026-07-20 18:26:45.767000+00:00,420,CLASSIC,25.95,JarvanIV,JUNGLE,False,2,3,3,1.6666666666666667,8326,8960,22148,21,147,5.664739884393064
3,E4eLwViqI2EyNl_jgnPmzhL_gSh_WWV7bPCBJXHfT8UNlSKborONuP18YvRdrUf_kxlg9CIHZahwWQ,CHALLENGER,CHALLENGER,I,2627,Dragdar,2902P,EUW1_7924592269,2026-07-20 19:00:34.779000+00:00,420,CLASSIC,28.95,Mel,BOTTOM,False,9,3,2,3.6666666666666665,14946,28297,19511,16,270,9.32642487046632
3,E4eLwViqI2EyNl_jgnPmzhL_gSh_WWV7bPCBJXHfT8UNlSKborONuP18YvRdrUf_kxlg9CIHZahwWQ,CHALLENGER,CHALLENGER,I,2627,Dragdar,2902P,EUW1_7925202191,2026-07-21 12:49:25.990000+00:00,420,CLASSIC,36.166666666666664,Ezreal,BOTTOM,False,10,9,8,2.0,18037,58694,25242,30,270,7.465437788018433
3,E4eLwViqI2EyNl_jgnPmzhL_gSh_WWV7bPCBJXHfT8UNlSKborONuP18YvRdrUf_kxlg9CIHZahwWQ,CHALLENGER,CHALLENGER,I,2627,Dragdar,2902P,EUW1_7925241074,2026-07-21 13:36:44.718000+00:00,420,CLASSIC,32.0,Ezreal,BOTTOM,True,14,3,11,8.333333333333334,20087,37870,24002,23,284,8.875
3,E4eLwViqI2EyNl_jgnPmzhL_gSh_WWV7bPCBJXHfT8UNlSKborONuP18YvRdrUf_kxlg9CIHZahwWQ,CHALLENGER,CHALLENGER,I,2627,Dragdar,2902P,EUW1_7925277696,2026-07-21 14:15:49.310000+00:00,420,CLASSIC,38.083333333333336,Ezreal,BOTTOM,True,16,4,9,6.25,23541,74415,23216,17,350,9.190371991247265
3,E4eLwViqI2EyNl_jgnPmzhL_gSh_WWV7bPCBJXHfT8UNlSKborONuP18YvRdrUf_kxlg9CIHZahwWQ,CHALLENGER,CHALLENGER,I,2627,Dragdar,2902P,EUW1_7925320511,2026-07-21 14:58:50.161000+00:00,420,CLASSIC,25.7,Ezreal,BOTTOM,True,11,1,15,26.0,15974,29587,14643,13,226,8.793774319066149
3,E4eLwViqI2EyNl_jgnPmzhL_gSh_WWV7bPCBJXHfT8UNlSKborONuP18YvRdrUf_kxlg9CIHZahwWQ,CHALLENGER,CHALLENGER,I,2627,Dragdar,2902P,EUW1_7925345987,2026-07-21 15:29:06.777000+00:00,420,CLASSIC,25.783333333333335,Annie,UTILITY,False,1,7,13,2.0,7476,11940,20212,75,40,1.5513897866839041
3,E4eLwViqI2EyNl_jgnPmzhL_gSh_WWV7bPCBJXHfT8UNlSKborONuP18YvRdrUf_kxlg9CIHZahwWQ,CHALLENGER,CHALLENGER,I,2627,Dragdar,2902P,EUW1_7925383487,2026-07-21 16:02:27.571000+00:00,420,CLASSIC,22.7,Ezreal,BOTTOM,True,7,2,5,6.0,12993,18091,8326,6,210,9.251101321585903
3,E4eLwViqI2EyNl_jgnPmzhL_gSh_WWV7bPCBJXHfT8UNlSKborONuP18YvRdrUf_kxlg9CIHZahwWQ,CHALLENGER,CHALLENGER,I,2627,Dragdar,2902P,EUW1_7925418815,2026-07-21 16:35:17.967000+00:00,420,CLASSIC,27.383333333333333,Ezreal,BOTTOM,False,6,5,10,3.2,13292,34557,19254,11,226,8.253195374315277
3,E4eLwViqI2EyNl_jgnPmzhL_gSh_WWV7bPCBJXHfT8UNlSKborONuP18YvRdrUf_kxlg9CIHZahwWQ,CHALLENGER,CHALLENGER,I,2627,Dragdar,2902P,EUW1_7925492017,2026-07-21 17:41:23.021000+00:00,420,CLASSIC,22.3,Nautilus,UTILITY,True,1,2,10,5.5,6637,6360,13115,64,21,0.9417040358744394
3,E4eLwViqI2EyNl_jgnPmzhL_gSh_WWV7bPCBJXHfT8UNlSKborONuP18YvRdrUf_kxlg9CIHZahwWQ,CHALLENGER,CHALLENGER,I,2627,Dragdar,2902P,EUW1_7927303721,2026-07-23 14:32:29.650000+00:00,420,CLASSIC,32.2,Ezreal,BOTTOM,True,8,4,17,6.25,18252,51483,22983,21,315,9.782608695652174
3,E4eLwViqI2EyNl_jgnPmzhL_gSh_WWV7bPCBJXHfT8UNlSKborONuP18YvRdrUf_kxlg9CIHZahwWQ,CHALLENGER,CHALLENGER,I,2627,Dragdar,2902P,EUW1_7927340021,2026-07-23 15:11:06.843000+00:00,420,CLASSIC,38.233333333333334,Ezreal,BOTTOM,True,8,4,7,3.75,21868,51197,33662,9,379,9.9128160418483
3,E4eLwViqI2EyNl_jgnPmzhL_gSh_WWV7bPCBJXHfT8UNlSKborONuP18YvRdrUf_kxlg9CIHZahwWQ,CHALLENGER,CHALLENGER,I,2627,Dragdar,2902P,EUW1_7927386761,2026-07-23 15:58:05.183000+00:00,420,CLASSIC,33.56666666666667,LeeSin,JUNGLE,False,6,6,16,3.6666666666666665,13879,17566,30909,31,196,5.839126117179741
3,E4eLwViqI2EyNl_jgnPmzhL_gSh_WWV7bPCBJXHfT8UNlSKborONuP18YvRdrUf_kxlg9CIHZahwWQ,CHALLENGER,CHALLENGER,I,2627,Dragdar,2902P,EUW1_7927432565,2026-07-23 16:39:40.789000+00:00,420,CLASSIC,38.416666666666664,Ezreal,BOTTOM,True,3,6,10,2.1666666666666665,18018,43634,35152,22,319,8.303687635574837
3,E4eLwViqI2EyNl_jgnPmzhL_gSh_WWV7bPCBJXHfT8UNlSKborONuP18YvRdrUf_kxlg9CIHZahwWQ,CHALLENGER,CHALLENGER,I,2627,Dragdar,2902P,EUW1_7927486678,2026-07-23 17:27:52.480000+00:00,420,CLASSIC,29.7,Lux,MIDDLE,False,3,8,14,2.125,11792,19712,21376,11,218,7.34006734006734
3,E4eLwViqI2EyNl_jgnPmzhL_gSh_WWV7bPCBJXHfT8UNlSKborONuP18YvRdrUf_kxlg9CIHZahwWQ,CHALLENGER,CHALLENGER,I,2627,Dragdar,2902P,EUW1_7927534625,2026-07-23 18:08:10.126000+00:00,420,CLASSIC,35.333333333333336,Ezreal,BOTTOM,False,9,4,4,3.25,17838,36783,31932,16,325,9.19811320754717
3,E4eLwViqI2EyNl_jgnPmzhL_gSh_WWV7bPCBJXHfT8UNlSKborONuP18YvRdrUf_kxlg9CIHZahwWQ,CHALLENGER,CHALLENGER,I,2627,Dragdar,2902P,EUW1_7936947911,2026-08-01 17:15:10.730000+00:00,420,CLASSIC,28.9,Ezreal,BOTTOM,False,6,6,3,1.5,13137,19558,27664,27,217,7.508650519031142
3,E4eLwViqI2EyNl_jgnPmzhL_gSh_WWV7bPCBJXHfT8UNlSKborONuP18YvRdrUf_kxlg9CIHZahwWQ,CHALLENGER,CHALLENGER,I,2627,Dragdar,2902P,EUW1_7941656958,2026-08-05 22:43:26.886000+00:00,420,CLASSIC,27.6,Ezreal,BOTTOM,False,14,6,6,3.3333333333333335,17129,41060,26477,16,226,8.18840579710145
3,E4eLwViqI2EyNl_jgnPmzhL_gSh_WWV7bPCBJXHfT8UNlSKborONuP18YvRdrUf_kxlg9CIHZahwWQ,CHALLENGER,CHALLENGER,I,2627,Dragdar,2902P,EUW1_7941694130,2026-08-05 23:32:07.436000+00:00,420,CLASSIC,22.666666666666668,Vi,JUNGLE,True,6,0,11,17.0,10369,12087,21512,14,163,7.191176470588235
3,E4eLwViqI2EyNl_jgnPmzhL_gSh_WWV7bPCBJXHfT8UNlSKborONuP18YvRdrUf_kxlg9CIHZahwWQ,CHALLENGER,CHALLENGER,I,2627,Dragdar,2902P,EUW1_7943638782,2026-08-07 21:54:33.373000+00:00,420,CLASSIC,15.766666666666667,Ezreal,BOTTOM,True,6,2,5,5.5,9294,11896,8077,9,146,9.260042283298096
3,E4eLwViqI2EyNl_jgnPmzhL_gSh_WWV7bPCBJXHfT8UNlSKborONuP18YvRdrUf_kxlg9CIHZahwWQ,CHALLENGER,CHALLENGER,I,2627,Dragdar,2902P,EUW1_7946609165,2026-08-10 19:03:24.308000+00:00,420,CLASSIC,33.25,Ezreal,BOTTOM,True,7,2,10,8.5,19029,48049,20374,22,327,9.834586466165414
3,E4eLwViqI2EyNl_jgnPmzhL_gSh_WWV7bPCBJXHfT8UNlSKborONuP18YvRdrUf_kxlg9CIHZahwWQ,CHALLENGER,CHALLENGER,I,2627,Dragdar,2902P,EUW1_7946875291,2026-08-10 22:19:26.783000+00:00,420,CLASSIC,18.383333333333333,Ezreal,BOTTOM,True,4,2,6,5.0,9100,15947,6415,8,149,8.105167724388032
3,E4eLwViqI2EyNl_jgnPmzhL_gSh_WWV7bPCBJXHfT8UNlSKborONuP18YvRdrUf_kxlg9CIHZahwWQ,CHALLENGER,CHALLENGER,I,2627,Dragdar,2902P,EUW1_7947037735,2026-08-11 05:20:36.558000+00:00,420,CLASSIC,38.916666666666664,Nautilus,UTILITY,False,3,7,17,2.857142857142857,10785,11283,37653,130,22,0.5653104925053534
3,E4eLwViqI2EyNl_jgnPmzhL_gSh_WWV7bPCBJXHfT8UNlSKborONuP18YvRdrUf_kxlg9CIHZahwWQ,CHALLENGER,CHALLENGER,I,2627,Dragdar,2902P,EUW1_7947967849,2026-08-12 00:18:16.491000+00:00,420,CLASSIC,34.416666666666664,Ezreal,BOTTOM,True,18,4,16,8.5,22336,59793,27146,21,286,8.30992736077482
3,E4eLwViqI2EyNl_jgnPmzhL_gSh_WWV7bPCBJXHfT8UNlSKborONuP18YvRdrUf_kxlg9CIHZahwWQ,CHALLENGER,CHALLENGER,I,2627,Dragdar,2902P,EUW1_7949125532,2026-08-13 11:40:38.221000+00:00,420,CLASSIC,28.5,Ezreal,BOTTOM,False,5,7,8,1.8571428571428572,13084,29995,23926,17,210,7.368421052631579
3,E4eLwViqI2EyNl_jgnPmzhL_gSh_WWV7bPCBJXHfT8UNlSKborONuP18YvRdrUf_kxlg9CIHZahwWQ,CHALLENGER,CHALLENGER,I,2627,Dragdar,2902P,EUW1_7949144872,2026-08-13 12:19:14.274000+00:00,420,CLASSIC,34.733333333333334,Ezreal,BOTTOM,False,11,7,13,3.4285714285714284,19160,39859,22829,18,263,7.571976967370441
3,E4eLwViqI2EyNl_jgnPmzhL_gSh_WWV7bPCBJXHfT8UNlSKborONuP18YvRdrUf_kxlg9CIHZahwWQ,CHALLENGER,CHALLENGER,I,2627,Dragdar,2902P,EUW1_7949189806,2026-08-13 13:13:19.718000+00:00,420,CLASSIC,23.333333333333332,Ezreal,BOTTOM,True,2,2,5,3.5,10994,16820,9803,20,221,9.471428571428572
3,E4eLwViqI2EyNl_jgnPmzhL_gSh_WWV7bPCBJXHfT8UNlSKborONuP18YvRdrUf_kxlg9CIHZahwWQ,CHALLENGER,CHALLENGER,I,2627,Dragdar,2902P,EUW1_7950069362,2026-08-14 12:14:11.033000+00:00,420,CLASSIC,23.466666666666665,Ezreal,BOTTOM,True,8,1,4,12.0,14244,22559,10810,15,238,10.142045454545455
3,E4eLwViqI2EyNl_jgnPmzhL_gSh_WWV7bPCBJXHfT8UNlSKborONuP18YvRdrUf_kxlg9CIHZahwWQ,CHALLENGER,CHALLENGER,I,2627,Dragdar,2902P,EUW1_7950115058,2026-08-14 13:01:18.571000+00:00,420,CLASSIC,15.166666666666666,Ezreal,BOTTOM,True,2,1,7,9.0,7592,12243,6418,6,126,8.307692307692308
3,E4eLwViqI2EyNl_jgnPmzhL_gSh_WWV7bPCBJXHfT8UNlSKborONuP18YvRdrUf_kxlg9CIHZahwWQ,CHALLENGER,CHALLENGER,I,2627,Dragdar,2902P,EUW1_7950141624,2026-08-14 13:26:15.068000+00:00,420,CLASSIC,25.683333333333334,Ezreal,BOTTOM,False,0,4,5,1.25,9672,12633,18170,11,217,8.449059052563271
3,E4eLwViqI2EyNl_jgnPmzhL_gSh_WWV7bPCBJXHfT8UNlSKborONuP18YvRdrUf_kxlg9CIHZahwWQ,CHALLENGER,CHALLENGER,I,2627,Dragdar,2902P,EUW1_7950174842,2026-08-14 14:01:28.107000+00:00,420,CLASSIC,31.7,Ezreal,BOTTOM,False,8,5,8,3.2,15525,42757,29609,14,234,7.381703470031546
3,E4eLwViqI2EyNl_jgnPmzhL_gSh_WWV7bPCBJXHfT8UNlSKborONuP18YvRdrUf_kxlg9CIHZahwWQ,CHALLENGER,CHALLENGER,I,2627,Dragdar,2902P,EUW1_7950199276,2026-08-14 14:39:46.344000+00:00,420,CLASSIC,27.433333333333334,Ezreal,BOTTOM,True,7,2,5,6.0,15296,27903,16587,15,272,9.91494532199271
3,E4eLwViqI2EyNl_jgnPmzhL_gSh_WWV7bPCBJXHfT8UNlSKborONuP18YvRdrUf_kxlg9CIHZahwWQ,CHALLENGER,CHALLENGER,I,2627,Dragdar,2902P,EUW1_7950258149,2026-08-14 15:35:51.592000+00:00,420,CLASSIC,19.366666666666667,Ezreal,BOTTOM,True,12,5,5,3.4,12220,24243,13619,12,181,9.345955249569707
3,E4eLwViqI2EyNl_jgnPmzhL_gSh_WWV7bPCBJXHfT8UNlSKborONuP18YvRdrUf_kxlg9CIHZahwWQ,CHALLENGER,CHALLENGER,I,2627,Dragdar,2902P,EUW1_7950463890,2026-08-14 18:42:52.839000+00:00,420,CLASSIC,19.083333333333332,DrMundo,TOP,True,1,2,2,1.5,7563,12630,24767,5,170,8.908296943231441
3,E4eLwViqI2EyNl_jgnPmzhL_gSh_WWV7bPCBJXHfT8UNlSKborONuP18YvRdrUf_kxlg9CIHZahwWQ,CHALLENGER,CHALLENGER,I,2627,Dragdar,2902P,EUW1_7952061996,2026-08-16 10:04:54.764000+00:00,420,CLASSIC,35.416666666666664,Ezreal,BOTTOM,True,10,6,7,2.8333333333333335,18897,40403,24357,24,323,9.120000000000001
3,E4eLwViqI2EyNl_jgnPmzhL_gSh_WWV7bPCBJXHfT8UNlSKborONuP18YvRdrUf_kxlg9CIHZahwWQ,CHALLENGER,CHALLENGER,I,2627,Dragdar,2902P,EUW1_7952101972,2026-08-16 10:56:28.906000+00:00,420,CLASSIC,28.95,Ezreal,BOTTOM,True,7,6,14,3.5,14989,25384,21212,15,227,7.8411053540587226
3,E4eLwViqI2EyNl_jgnPmzhL_gSh_WWV7bPCBJXHfT8UNlSKborONuP18YvRdrUf_kxlg9CIHZahwWQ,CHALLENGER,CHALLENGER,I,2627,Dragdar,2902P,EUW1_7952135279,2026-08-16 11:40:40.708000+00:00,420,CLASSIC,15.35,Ezreal,BOTTOM,True,4,1,3,7.0,8420,7465,7028,6,152,9.90228013029316
3,E4eLwViqI2EyNl_jgnPmzhL_gSh_WWV7bPCBJXHfT8UNlSKborONuP18YvRdrUf_kxlg9CIHZahwWQ,CHALLENGER,CHALLENGER,I,2627,Dragdar,2902P,EUW1_7952203320,2026-08-16 12:50:46.193000+00:00,420,CLASSIC,15.566666666666666,Ezreal,BOTTOM,True,6,0,3,9.0,8397,8818,7565,2,150,9.635974304068522
3,E4eLwViqI2EyNl_jgnPmzhL_gSh_WWV7bPCBJXHfT8UNlSKborONuP18YvRdrUf_kxlg9CIHZahwWQ,CHALLENGER,CHALLENGER,I,2627,Dragdar,2902P,EUW1_7952478230,2026-08-16 16:37:45.963000+00:00,420,CLASSIC,38.38333333333333,Vi,JUNGLE,True,11,2,8,9.5,17634,19575,31087,46,266,6.930091185410334
3,E4eLwViqI2EyNl_jgnPmzhL_gSh_WWV7bPCBJXHfT8UNlSKborONuP18YvRdrUf_kxlg9CIHZahwWQ,CHALLENGER,CHALLENGER,I,2627,Dragdar,2902P,EUW1_7953194281,2026-08-17 11:06:16.939000+00:00,420,CLASSIC,25.133333333333333,Jhin,BOTTOM,True,2,2,15,8.5,12713,17757,13202,13,234,9.310344827586206
3,E4eLwViqI2EyNl_jgnPmzhL_gSh_WWV7bPCBJXHfT8UNlSKborONuP18YvRdrUf_kxlg9CIHZahwWQ,CHALLENGER,CHALLENGER,I,2627,Dragdar,2902P,EUW1_7953252793,2026-08-17 12:18:17.746000+00:00,420,CLASSIC,26.9,Jhin,BOTTOM,False,4,4,3,1.75,11777,18927,16175,30,243,9.033457249070633
3,E4eLwViqI2EyNl_jgnPmzhL_gSh_WWV7bPCBJXHfT8UNlSKborONuP18YvRdrUf_kxlg9CIHZahwWQ,CHALLENGER,CHALLENGER,I,2627,Dragdar,2902P,EUW1_7954415131,2026-08-18 15:08:27.962000+00:00,420,CLASSIC,32.7,Ezreal,BOTTOM,True,14,5,11,5.0,21242,51125,31228,21,284,8.685015290519877
3,E4eLwViqI2EyNl_jgnPmzhL_gSh_WWV7bPCBJXHfT8UNlSKborONuP18YvRdrUf_kxlg9CIHZahwWQ,CHALLENGER,CHALLENGER,I,2627,Dragdar,2902P,EUW1_7954498572,2026-08-18 16:14:23.062000+00:00,420,CLASSIC,27.383333333333333,Ezreal,BOTTOM,False,3,7,5,1.1428571428571428,11348,22418,25383,18,221,8.070602556299452
3,E4eLwViqI2EyNl_jgnPmzhL_gSh_WWV7bPCBJXHfT8UNlSKborONuP18YvRdrUf_kxlg9CIHZahwWQ,CHALLENGER,CHALLENGER,I,2627,Dragdar,2902P,EUW1_7954651951,2026-08-18 18:24:16.046000+00:00,420,CLASSIC,25.05,Kaisa,BOTTOM,False,8,5,8,3.2,12322,24967,18662,15,221,8.822355289421157
3,E4eLwViqI2EyNl_jgnPmzhL_gSh_WWV7bPCBJXHfT8UNlSKborONuP18YvRdrUf_kxlg9CIHZahwWQ,CHALLENGER,CHALLENGER,I,2627,Dragdar,2902P,EUW1_7954707180,2026-08-18 19:03:08.041000+00:00,420,CLASSIC,30.566666666666666,Ezreal,BOTTOM,False,2,7,8,1.4285714285714286,13445,24151,26371,31,276,9.029443838604145
3,E4eLwViqI2EyNl_jgnPmzhL_gSh_WWV7bPCBJXHfT8UNlSKborONuP18YvRdrUf_kxlg9CIHZahwWQ,CHALLENGER,CHALLENGER,I,2627,Dragdar,2902P,EUW1_7954780593,2026-08-18 19:43:23.696000+00:00,420,CLASSIC,28.716666666666665,Ezreal,BOTTOM,False,6,4,4,2.5,14410,19546,15614,20,275,9.576320371445155
3,E4eLwViqI2EyNl_jgnPmzhL_gSh_WWV7bPCBJXHfT8UNlSKborONuP18YvRdrUf_kxlg9CIHZahwWQ,CHALLENGER,CHALLENGER,I,2627,Dragdar,2902P,EUW1_7954823931,2026-08-18 20:16:38.686000+00:00,420,CLASSIC,31.716666666666665,Kaisa,BOTTOM,False,4,7,5,1.2857142857142858,14256,26795,19830,26,237,7.472411981082502
3,E4eLwViqI2EyNl_jgnPmzhL_gSh_WWV7bPCBJXHfT8UNlSKborONuP18YvRdrUf_kxlg9CIHZahwWQ,CHALLENGER,CHALLENGER,I,2627,Dragdar,2902P,EUW1_7954919021,2026-08-18 21:29:24.714000+00:00,420,CLASSIC,31.3,Ezreal,BOTTOM,False,10,5,7,3.4,16388,34970,26713,9,256,8.178913738019169
3,E4eLwViqI2EyNl_jgnPmzhL_gSh_WWV7bPCBJXHfT8UNlSKborONuP18YvRdrUf_kxlg9CIHZahwWQ,CHALLENGER,CHALLENGER,I,2627,Dragdar,2902P,EUW1_7954954266,2026-08-18 22:05:25.547000+00:00,420,CLASSIC,18.5,Ezreal,BOTTOM,True,3,2,3,3.0,8481,10728,7404,9,156,8.432432432432432
3,E4eLwViqI2EyNl_jgnPmzhL_gSh_WWV7bPCBJXHfT8UNlSKborONuP18YvRdrUf_kxlg9CIHZahwWQ,CHALLENGER,CHALLENGER,I,2627,Dragdar,2902P,EUW1_7955273456,2026-08-19 11:37:11.579000+00:00,420,CLASSIC,6.3,Ezreal,BOTTOM,False,0,1,1,1.0,2099,3092,2626,2,48,7.6190476190476195
3,E4eLwViqI2EyNl_jgnPmzhL_gSh_WWV7bPCBJXHfT8UNlSKborONuP18YvRdrUf_kxlg9CIHZahwWQ,CHALLENGER,CHALLENGER,I,2627,Dragdar,2902P,EUW1_7955283520,2026-08-19 11:51:19.669000+00:00,420,CLASSIC,30.166666666666668,Syndra,MIDDLE,True,17,9,13,3.3333333333333335,16317,31449,26859,8,206,6.828729281767956
3,E4eLwViqI2EyNl_jgnPmzhL_gSh_WWV7bPCBJXHfT8UNlSKborONuP18YvRdrUf_kxlg9CIHZahwWQ,CHALLENGER,CHALLENGER,I,2627,Dragdar,2902P,EUW1_7955528190,2026-08-19 16:31:55.333000+00:00,420,CLASSIC,15.216666666666667,Ezreal,BOTTOM,False,0,1,1,1.0,5384,6480,6062,7,121,7.951807228915663
3,E4eLwViqI2EyNl_jgnPmzhL_gSh_WWV7bPCBJXHfT8UNlSKborONuP18YvRdrUf_kxlg9CIHZahwWQ,CHALLENGER,CHALLENGER,I,2627,Dragdar,2902P,EUW1_7955548937,2026-08-19 16:50:44.902000+00:00,420,CLASSIC,26.933333333333334,Nautilus,UTILITY,False,0,5,7,1.4,6724,5054,19858,68,27,1.0024752475247525
3,E4eLwViqI2EyNl_jgnPmzhL_gSh_WWV7bPCBJXHfT8UNlSKborONuP18YvRdrUf_kxlg9CIHZahwWQ,CHALLENGER,CHALLENGER,I,2627,Dragdar,2902P,EUW1_7955584369,2026-08-19 17:26:35.402000+00:00,420,CLASSIC,24.25,Ezreal,BOTTOM,False,4,8,7,1.375,10445,23851,21770,11,166,6.845360824742268
3,E4eLwViqI2EyNl_jgnPmzhL_gSh_WWV7bPCBJXHfT8UNlSKborONuP18YvRdrUf_kxlg9CIHZahwWQ,CHALLENGER,CHALLENGER,I,2627,Dragdar,2902P,EUW1_7955615424,2026-08-19 17:54:27.547000+00:00,420,CLASSIC,26.583333333333332,Ezreal,BOTTOM,False,10,6,7,2.8333333333333335,13497,37289,21055,10,213,8.012539184952978
3,E4eLwViqI2EyNl_jgnPmzhL_gSh_WWV7bPCBJXHfT8UNlSKborONuP18YvRdrUf_kxlg9CIHZahwWQ,CHALLENGER,CHALLENGER,I,2627,Dragdar,2902P,EUW1_7955661393,2026-08-19 18:31:00.246000+00:00,420,CLASSIC,29.266666666666666,Ezreal,BOTTOM,False,5,10,4,0.9,12923,28328,23477,17,207,7.072892938496583
3,E4eLwViqI2EyNl_jgnPmzhL_gSh_WWV7bPCBJXHfT8UNlSKborONuP18YvRdrUf_kxlg9CIHZahwWQ,CHALLENGER,CHALLENGER,I,2627,Dragdar,2902P,EUW1_7955718869,2026-08-19 19:06:16.647000+00:00,420,CLASSIC,31.05,Ezreal,BOTTOM,False,2,5,2,0.8,12471,27348,20001,19,261,8.405797101449275
3,E4eLwViqI2EyNl_jgnPmzhL_gSh_WWV7bPCBJXHfT8UNlSKborONuP18YvRdrUf_kxlg9CIHZahwWQ,CHALLENGER,CHALLENGER,I,2627,Dragdar,2902P,EUW1_7955796671,2026-08-19 19:59:02.907000+00:00,420,CLASSIC,31.583333333333332,Syndra,MIDDLE,True,7,4,13,5.0,14332,34435,23882,12,306,9.688654353562006
3,E4eLwViqI2EyNl_jgnPmzhL_gSh_WWV7bPCBJXHfT8UNlSKborONuP18YvRdrUf_kxlg9CIHZahwWQ,CHALLENGER,CHALLENGER,I,2627,Dragdar,2902P,EUW1_7955846059,2026-08-19 20:36:17.057000+00:00,420,CLASSIC,30.766666666666666,Syndra,BOTTOM,False,8,10,5,1.3,13591,29688,28592,6,197,6.403033586132178
3,E4eLwViqI2EyNl_jgnPmzhL_gSh_WWV7bPCBJXHfT8UNlSKborONuP18YvRdrUf_kxlg9CIHZahwWQ,CHALLENGER,CHALLENGER,I,2627,Dragdar,2902P,EUW1_7955901571,2026-08-19 21:13:01.602000+00:00,420,CLASSIC,25.05,Sion,TOP,False,2,2,5,3.5,8496,14140,25253,17,179,7.145708582834331
3,E4eLwViqI2EyNl_jgnPmzhL_gSh_WWV7bPCBJXHfT8UNlSKborONuP18YvRdrUf_kxlg9CIHZahwWQ,CHALLENGER,CHALLENGER,I,2627,Dragdar,2902P,EUW1_7956283460,2026-08-20 12:00:19.097000+00:00,420,CLASSIC,28.116666666666667,Ezreal,BOTTOM,False,1,6,1,0.3333333333333333,10242,21088,19436,11,220,7.824540604623592
3,E4eLwViqI2EyNl_jgnPmzhL_gSh_WWV7bPCBJXHfT8UNlSKborONuP18YvRdrUf_kxlg9CIHZahwWQ,CHALLENGER,CHALLENGER,I,2627,Dragdar,2902P,EUW1_7956294018,2026-08-20 12:32:26.624000+00:00,420,CLASSIC,29.466666666666665,Syndra,MIDDLE,True,5,5,6,2.2,11187,22833,19736,12,225,7.635746606334842
3,E4eLwViqI2EyNl_jgnPmzhL_gSh_WWV7bPCBJXHfT8UNlSKborONuP18YvRdrUf_kxlg9CIHZahwWQ,CHALLENGER,CHALLENGER,I,2627,Dragdar,2902P,EUW1_7956318361,2026-08-20 13:09:40.725000+00:00,420,CLASSIC,31.333333333333332,Ezreal,BOTTOM,False,10,9,9,2.111111111111111,16480,37086,22491,20,218,6.957446808510639
3,E4eLwViqI2EyNl_jgnPmzhL_gSh_WWV7bPCBJXHfT8UNlSKborONuP18YvRdrUf_kxlg9CIHZahwWQ,CHALLENGER,CHALLENGER,I,2627,Dragdar,2902P,EUW1_7956364726,2026-08-20 13:50:10.998000+00:00,420,CLASSIC,22.65,Ezreal,BOTTOM,False,1,8,5,0.75,8523,18403,16991,8,155,6.843267108167771
3,E4eLwViqI2EyNl_jgnPmzhL_gSh_WWV7bPCBJXHfT8UNlSKborONuP18YvRdrUf_kxlg9CIHZahwWQ,CHALLENGER,CHALLENGER,I,2627,Dragdar,2902P,EUW1_7956389674,2026-08-20 14:18:50.126000+00:00,420,CLASSIC,26.033333333333335,Ezreal,BOTTOM,True,11,5,9,4.0,15533,29743,18303,14,251,9.641485275288092
3,E4eLwViqI2EyNl_jgnPmzhL_gSh_WWV7bPCBJXHfT8UNlSKborONuP18YvRdrUf_kxlg9CIHZahwWQ,CHALLENGER,CHALLENGER,I,2627,Dragdar,2902P,EUW1_7956655368,2026-08-20 18:31:47.576000+00:00,420,CLASSIC,27.716666666666665,Nautilus,UTILITY,False,2,8,6,1.0,6993,7363,26487,77,23,0.8298256163559832
3,E4eLwViqI2EyNl_jgnPmzhL_gSh_WWV7bPCBJXHfT8UNlSKborONuP18YvRdrUf_kxlg9CIHZahwWQ,CHALLENGER,CHALLENGER,I,2627,Dragdar,2902P,EUW1_7956709866,2026-08-20 19:07:35.534000+00:00,420,CLASSIC,6.55,Syndra,BOTTOM,False,0,0,1,1.0,2380,2520,1114,3,57,8.702290076335878
3,E4eLwViqI2EyNl_jgnPmzhL_gSh_WWV7bPCBJXHfT8UNlSKborONuP18YvRdrUf_kxlg9CIHZahwWQ,CHALLENGER,CHALLENGER,I,2627,Dragdar,2902P,EUW1_7956729012,2026-08-20 19:18:17.318000+00:00,420,CLASSIC,35.083333333333336,Xerath,BOTTOM,False,6,10,17,2.3,14366,33802,26745,24,207,5.900237529691211
3,E4eLwViqI2EyNl_jgnPmzhL_gSh_WWV7bPCBJXHfT8UNlSKborONuP18YvRdrUf_kxlg9CIHZahwWQ,CHALLENGER,CHALLENGER,I,2627,Dragdar,2902P,EUW1_7956793695,2026-08-20 20:02:20.079000+00:00,420,CLASSIC,22.95,Ezreal,BOTTOM,False,3,5,2,1.0,10037,11709,13116,16,199,8.671023965141613
3,E4eLwViqI2EyNl_jgnPmzhL_gSh_WWV7bPCBJXHfT8UNlSKborONuP18YvRdrUf_kxlg9CIHZahwWQ,CHALLENGER,CHALLENGER,I,2627,Dragdar,2902P,EUW1_7957484748,2026-08-21 15:24:26.001000+00:00,420,CLASSIC,15.55,Nautilus,UTILITY,False,3,7,3,0.8571428571428571,4818,5729,15701,20,13,0.8360128617363344
3,E4eLwViqI2EyNl_jgnPmzhL_gSh_WWV7bPCBJXHfT8UNlSKborONuP18YvRdrUf_kxlg9CIHZahwWQ,CHALLENGER,CHALLENGER,I,2627,Dragdar,2902P,EUW1_7957508893,2026-08-21 15:50:36.701000+00:00,420,CLASSIC,24.583333333333332,Viktor,BOTTOM,False,7,9,11,2.0,11823,25536,19695,12,157,6.386440677966102
3,E4eLwViqI2EyNl_jgnPmzhL_gSh_WWV7bPCBJXHfT8UNlSKborONuP18YvRdrUf_kxlg9CIHZahwWQ,CHALLENGER,CHALLENGER,I,2627,Dragdar,2902P,EUW1_7957541841,2026-08-21 16:21:30.747000+00:00,420,CLASSIC,27.7,Viktor,BOTTOM,False,10,7,4,2.0,13235,37510,24754,11,181,6.534296028880867
3,E4eLwViqI2EyNl_jgnPmzhL_gSh_WWV7bPCBJXHfT8UNlSKborONuP18YvRdrUf_kxlg9CIHZahwWQ,CHALLENGER,CHALLENGER,I,2627,Dragdar,2902P,EUW1_7957577886,2026-08-21 16:55:58.299000+00:00,420,CLASSIC,31.016666666666666,Syndra,BOTTOM,False,9,5,6,3.0,14415,30157,21483,9,240,7.737775389575497
3,E4eLwViqI2EyNl_jgnPmzhL_gSh_WWV7bPCBJXHfT8UNlSKborONuP18YvRdrUf_kxlg9CIHZahwWQ,CHALLENGER,CHALLENGER,I,2627,Dragdar,2902P,EUW1_7957617868,2026-08-21 17:32:01.582000+00:00,420,CLASSIC,29.733333333333334,Viktor,BOTTOM,True,11,4,11,5.5,15793,38207,22402,10,226,7.600896860986547
3,E4eLwViqI2EyNl_jgnPmzhL_gSh_WWV7bPCBJXHfT8UNlSKborONuP18YvRdrUf_kxlg9CIHZahwWQ,CHALLENGER,CHALLENGER,I,2627,Dragdar,2902P,EUW1_7958519330,2026-08-22 15:06:20.958000+00:00,420,CLASSIC,25.5,DrMundo,TOP,True,7,6,7,2.3333333333333335,10965,38544,54958,14,186,7.294117647058823
3,E4eLwViqI2EyNl_jgnPmzhL_gSh_WWV7bPCBJXHfT8UNlSKborONuP18YvRdrUf_kxlg9CIHZahwWQ,CHALLENGER,CHALLENGER,I,2627,Dragdar,2902P,EUW1_7958652049,2026-08-22 17:08:43.978000+00:00,420,CLASSIC,32.8,Viktor,BOTTOM,True,5,3,6,3.6666666666666665,15731,37119,15621,14,316,9.634146341463415
3,E4eLwViqI2EyNl_jgnPmzhL_gSh_WWV7bPCBJXHfT8UNlSKborONuP18YvRdrUf_kxlg9CIHZahwWQ,CHALLENGER,CHALLENGER,I,2627,Dragdar,2902P,EUW1_7958840526,2026-08-22 19:42:26.350000+00:00,420,CLASSIC,21.283333333333335,Viktor,MIDDLE,True,11,2,8,9.5,11756,23742,10870,10,172,8.081440877055599
3,E4eLwViqI2EyNl_jgnPmzhL_gSh_WWV7bPCBJXHfT8UNlSKborONuP18YvRdrUf_kxlg9CIHZahwWQ,CHALLENGER,CHALLENGER,I,2627,Dragdar,2902P,EUW1_7959482687,2026-08-23 13:12:39.293000+00:00,420,CLASSIC,39.56666666666667,Viktor,BOTTOM,True,14,5,11,5.0,20548,66704,30026,20,286,7.228306655433866
3,E4eLwViqI2EyNl_jgnPmzhL_gSh_WWV7bPCBJXHfT8UNlSKborONuP18YvRdrUf_kxlg9CIHZahwWQ,CHALLENGER,CHALLENGER,I,2627,Dragdar,2902P,EUW1_7959693377,2026-08-23 16:19:31.121000+00:00,420,CLASSIC,32.6,Viktor,BOTTOM,True,15,4,9,6.0,17831,43075,29582,14,248,7.607361963190184
3,E4eLwViqI2EyNl_jgnPmzhL_gSh_WWV7bPCBJXHfT8UNlSKborONuP18YvRdrUf_kxlg9CIHZahwWQ,CHALLENGER,CHALLENGER,I,2627,Dragdar,2902P,EUW1_7961670755,2026-08-25 15:35:50.225000+00:00,420,CLASSIC,19.35,Viktor,BOTTOM,False,2,5,0,0.4,7382,13761,10590,4,134,6.925064599483203
3,E4eLwViqI2EyNl_jgnPmzhL_gSh_WWV7bPCBJXHfT8UNlSKborONuP18YvRdrUf_kxlg9CIHZahwWQ,CHALLENGER,CHALLENGER,I,2627,Dragdar,2902P,EUW1_7961693985,2026-08-25 16:00:18.972000+00:00,420,CLASSIC,30.766666666666666,Jhin,BOTTOM,True,4,10,16,2.0,13916,18590,26871,16,221,7.183098591549296
3,E4eLwViqI2EyNl_jgnPmzhL_gSh_WWV7bPCBJXHfT8UNlSKborONuP18YvRdrUf_kxlg9CIHZahwWQ,CHALLENGER,CHALLENGER,I,2627,Dragdar,2902P,EUW1_7961765726,2026-08-25 17:03:03.071000+00:00,420,CLASSIC,29.716666666666665,Viktor,BOTTOM,False,2,8,4,0.75,10371,28722,26786,20,202,6.797532249018508
3,E4eLwViqI2EyNl_jgnPmzhL_gSh_WWV7bPCBJXHfT8UNlSKborONuP18YvRdrUf_kxlg9CIHZahwWQ,CHALLENGER,CHALLENGER,I,2627,Dragdar,2902P,EUW1_7961891146,2026-08-25 18:49:45.682000+00:00,420,CLASSIC,24.25,Ezreal,BOTTOM,False,9,7,8,2.4285714285714284,13480,26140,21786,6,191,7.876288659793815
3,E4eLwViqI2EyNl_jgnPmzhL_gSh_WWV7bPCBJXHfT8UNlSKborONuP18YvRdrUf_kxlg9CIHZahwWQ,CHALLENGER,CHALLENGER,I,2627,Dragdar,2902P,EUW1_7961953353,2026-08-25 19:34:16.550000+00:00,420,CLASSIC,20.766666666666666,Syndra,BOTTOM,True,6,4,11,4.25,10538,18329,12056,6,173,8.330658105939005
4,H4eVlzCj0NF3QwQyOUgg6aUqAiEr7s9hUTZJtP_Tlhz5tfSn2PaNGDT0d3O2AEBMOcl-z-W25JgE9w,CHALLENGER,CHALLENGER,I,2676,Dealersz,EUW,EUW1_7937293945,2026-08-01 21:53:49.761000+00:00,420,CLASSIC,16.783333333333335,Karthus,BOTTOM,True,3,1,1,4.0,7530,10747,5434,12,162,9.652432969215491
4,H4eVlzCj0NF3QwQyOUgg6aUqAiEr7s9hUTZJtP_Tlhz5tfSn2PaNGDT0d3O2AEBMOcl-z-W25JgE9w,CHALLENGER,CHALLENGER,I,2676,Dealersz,EUW,EUW1_7937323316,2026-08-01 22:24:29.498000+00:00,420,CLASSIC,25.966666666666665,Karthus,BOTTOM,False,5,11,8,1.1818181818181819,11323,28418,21701,11,210,8.087291399229782
4,H4eVlzCj0NF3QwQyOUgg6aUqAiEr7s9hUTZJtP_Tlhz5tfSn2PaNGDT0d3O2AEBMOcl-z-W25JgE9w,CHALLENGER,CHALLENGER,I,2676,Dealersz,EUW,EUW1_7937366921,2026-08-01 22:58:46.213000+00:00,420,CLASSIC,29.4,Draven,BOTTOM,True,9,4,9,4.5,17301,31284,15469,19,261,8.877551020408164
4,H4eVlzCj0NF3QwQyOUgg6aUqAiEr7s9hUTZJtP_Tlhz5tfSn2PaNGDT0d3O2AEBMOcl-z-W25JgE9w,CHALLENGER,CHALLENGER,I,2676,Dealersz,EUW,EUW1_7937394314,2026-08-01 23:34:58.490000+00:00,420,CLASSIC,24.416666666666668,Kalista,BOTTOM,True,11,2,6,8.5,16086,35551,19977,23,250,10.238907849829351
4,H4eVlzCj0NF3QwQyOUgg6aUqAiEr7s9hUTZJtP_Tlhz5tfSn2PaNGDT0d3O2AEBMOcl-z-W25JgE9w,CHALLENGER,CHALLENGER,I,2676,Dealersz,EUW,EUW1_7937425337,2026-08-02 00:19:10.990000+00:00,420,CLASSIC,33.666666666666664,Draven,BOTTOM,True,17,5,11,5.6,24638,57169,38128,28,315,9.356435643564357
4,H4eVlzCj0NF3QwQyOUgg6aUqAiEr7s9hUTZJtP_Tlhz5tfSn2PaNGDT0d3O2AEBMOcl-z-W25JgE9w,CHALLENGER,CHALLENGER,I,2676,Dealersz,EUW,EUW1_7937447441,2026-08-02 01:04:46.851000+00:00,420,CLASSIC,25.9,Caitlyn,BOTTOM,False,1,2,2,1.5,11910,16162,9053,12,255,9.845559845559846
4,H4eVlzCj0NF3QwQyOUgg6aUqAiEr7s9hUTZJtP_Tlhz5tfSn2PaNGDT0d3O2AEBMOcl-z-W25JgE9w,CHALLENGER,CHALLENGER,I,2676,Dealersz,EUW,EUW1_7937475308,2026-08-02 02:09:23.877000+00:00,420,CLASSIC,23.35,Zilean,UTILITY,False,1,4,5,1.5,6505,3755,13161,59,33,1.4132762312633833
4,H4eVlzCj0NF3QwQyOUgg6aUqAiEr7s9hUTZJtP_Tlhz5tfSn2PaNGDT0d3O2AEBMOcl-z-W25JgE9w,CHALLENGER,CHALLENGER,I,2676,Dealersz,EUW,EUW1_7937521717,2026-08-02 05:56:02.166000+00:00,420,CLASSIC,26.833333333333332,Kalista,BOTTOM,True,5,6,8,2.1666666666666665,12743,16256,16303,25,210,7.826086956521739
4,H4eVlzCj0NF3QwQyOUgg6aUqAiEr7s9hUTZJtP_Tlhz5tfSn2PaNGDT0d3O2AEBMOcl-z-W25JgE9w,CHALLENGER,CHALLENGER,I,2676,Dealersz,EUW,EUW1_7937543197,2026-08-02 08:01:20.873000+00:00,420,CLASSIC,28.1,Draven,BOTTOM,True,18,2,7,12.5,24643,34051,18850,17,311,11.067615658362989
4,H4eVlzCj0NF3QwQyOUgg6aUqAiEr7s9hUTZJtP_Tlhz5tfSn2PaNGDT0d3O2AEBMOcl-z-W25JgE9w,CHALLENGER,CHALLENGER,I,2676,Dealersz,EUW,EUW1_7937669570,2026-08-02 11:00:25.650000+00:00,420,CLASSIC,24.383333333333333,Karthus,BOTTOM,False,6,7,3,1.2857142857142858,11328,26137,15388,16,210,8.61244019138756
4,H4eVlzCj0NF3QwQyOUgg6aUqAiEr7s9hUTZJtP_Tlhz5tfSn2PaNGDT0d3O2AEBMOcl-z-W25JgE9w,CHALLENGER,CHALLENGER,I,2676,Dealersz,EUW,EUW1_7937701568,2026-08-02 11:38:35.733000+00:00,420,CLASSIC,32.1,Draven,BOTTOM,False,6,8,8,1.75,15066,36647,29149,17,238,7.414330218068535
4,H4eVlzCj0NF3QwQyOUgg6aUqAiEr7s9hUTZJtP_Tlhz5tfSn2PaNGDT0d3O2AEBMOcl-z-W25JgE9w,CHALLENGER,CHALLENGER,I,2676,Dealersz,EUW,EUW1_7942396263,2026-08-06 19:11:18.210000+00:00,420,CLASSIC,19.1,Draven,BOTTOM,False,1,3,0,0.3333333333333333,7565,4995,8149,12,156,8.167539267015707
4,H4eVlzCj0NF3QwQyOUgg6aUqAiEr7s9hUTZJtP_Tlhz5tfSn2PaNGDT0d3O2AEBMOcl-z-W25JgE9w,CHALLENGER,CHALLENGER,I,2676,Dealersz,EUW,EUW1_7942426448,2026-08-06 19:36:36.727000+00:00,420,CLASSIC,30.45,Draven,BOTTOM,True,15,6,8,3.8333333333333335,21401,48678,35665,23,293,9.622331691297209
4,H4eVlzCj0NF3QwQyOUgg6aUqAiEr7s9hUTZJtP_Tlhz5tfSn2PaNGDT0d3O2AEBMOcl-z-W25JgE9w,CHALLENGER,CHALLENGER,I,2676,Dealersz,EUW,EUW1_7942498533,2026-08-06 20:14:13.057000+00:00,420,CLASSIC,20.316666666666666,Draven,BOTTOM,False,3,7,2,0.7142857142857143,8329,9301,18442,13,130,6.398687448728466
4,H4eVlzCj0NF3QwQyOUgg6aUqAiEr7s9hUTZJtP_Tlhz5tfSn2PaNGDT0d3O2AEBMOcl-z-W25JgE9w,CHALLENGER,CHALLENGER,I,2676,Dealersz,EUW,EUW1_7942523140,2026-08-06 20:39:51.630000+00:00,420,CLASSIC,27.916666666666668,Kalista,TOP,False,1,9,6,0.7777777777777778,10192,11811,20339,21,223,7.988059701492537
4,H4eVlzCj0NF3QwQyOUgg6aUqAiEr7s9hUTZJtP_Tlhz5tfSn2PaNGDT0d3O2AEBMOcl-z-W25JgE9w,CHALLENGER,CHALLENGER,I,2676,Dealersz,EUW,EUW1_7942580964,2026-08-06 21:18:50.994000+00:00,420,CLASSIC,25.25,Draven,BOTTOM,True,2,4,9,2.75,12630,13145,15583,21,218,8.633663366336634
4,H4eVlzCj0NF3QwQyOUgg6aUqAiEr7s9hUTZJtP_Tlhz5tfSn2PaNGDT0d3O2AEBMOcl-z-W25JgE9w,CHALLENGER,CHALLENGER,I,2676,Dealersz,EUW,EUW1_7943506579,2026-08-07 20:16:38.599000+00:00,420,CLASSIC,27.083333333333332,Draven,BOTTOM,True,20,7,7,3.857142857142857,20695,54013,31849,22,196,7.236923076923078
4,H4eVlzCj0NF3QwQyOUgg6aUqAiEr7s9hUTZJtP_Tlhz5tfSn2PaNGDT0d3O2AEBMOcl-z-W25JgE9w,CHALLENGER,CHALLENGER,I,2676,Dealersz,EUW,EUW1_7943551105,2026-08-07 20:55:31.808000+00:00,420,CLASSIC,29.233333333333334,Draven,BOTTOM,False,7,11,8,1.3636363636363635,14761,24659,26251,26,242,8.278221208665906
4,H4eVlzCj0NF3QwQyOUgg6aUqAiEr7s9hUTZJtP_Tlhz5tfSn2PaNGDT0d3O2AEBMOcl-z-W25JgE9w,CHALLENGER,CHALLENGER,I,2676,Dealersz,EUW,EUW1_7943618572,2026-08-07 21:36:39.275000+00:00,420,CLASSIC,15.533333333333333,Draven,BOTTOM,False,1,1,1,2.0,5801,4343,5336,7,114,7.339055793991417
4,H4eVlzCj0NF3QwQyOUgg6aUqAiEr7s9hUTZJtP_Tlhz5tfSn2PaNGDT0d3O2AEBMOcl-z-W25JgE9w,CHALLENGER,CHALLENGER,I,2676,Dealersz,EUW,EUW1_7943646152,2026-08-07 22:05:23.592000+00:00,420,CLASSIC,22.383333333333333,Draven,BOTTOM,False,2,7,6,1.1428571428571428,10090,14901,23489,13,188,8.399106478034252
4,H4eVlzCj0NF3QwQyOUgg6aUqAiEr7s9hUTZJtP_Tlhz5tfSn2PaNGDT0d3O2AEBMOcl-z-W25JgE9w,CHALLENGER,CHALLENGER,I,2676,Dealersz,EUW,EUW1_7943687002,2026-08-07 22:36:14.139000+00:00,420,CLASSIC,36.25,Draven,BOTTOM,True,19,2,9,14.0,27964,61379,29747,24,364,10.041379310344828
4,H4eVlzCj0NF3QwQyOUgg6aUqAiEr7s9hUTZJtP_Tlhz5tfSn2PaNGDT0d3O2AEBMOcl-z-W25JgE9w,CHALLENGER,CHALLENGER,I,2676,Dealersz,EUW,EUW1_7943731924,2026-08-07 23:23:48.172000+00:00,420,CLASSIC,31.1,Draven,BOTTOM,False,12,10,9,2.1,19139,44966,31874,16,226,7.266881028938906
4,H4eVlzCj0NF3QwQyOUgg6aUqAiEr7s9hUTZJtP_Tlhz5tfSn2PaNGDT0d3O2AEBMOcl-z-W25JgE9w,CHALLENGER,CHALLENGER,I,2676,Dealersz,EUW,EUW1_7944412879,2026-08-08 18:21:21.548000+00:00,420,CLASSIC,31.766666666666666,Karthus,JUNGLE,True,15,4,13,7.0,17833,39486,23501,24,238,7.492130115424974
4,H4eVlzCj0NF3QwQyOUgg6aUqAiEr7s9hUTZJtP_Tlhz5tfSn2PaNGDT0d3O2AEBMOcl-z-W25JgE9w,CHALLENGER,CHALLENGER,I,2676,Dealersz,EUW,EUW1_7944465459,2026-08-08 19:01:02.840000+00:00,420,CLASSIC,21.866666666666667,Draven,BOTTOM,False,4,7,0,0.5714285714285714,11441,15513,18705,12,177,8.09451219512195
4,H4eVlzCj0NF3QwQyOUgg6aUqAiEr7s9hUTZJtP_Tlhz5tfSn2PaNGDT0d3O2AEBMOcl-z-W25JgE9w,CHALLENGER,CHALLENGER,I,2676,Dealersz,EUW,EUW1_7944484152,2026-08-08 19:28:25.420000+00:00,420,CLASSIC,20.6,Draven,BOTTOM,False,4,9,6,1.1111111111111112,9687,14721,15611,13,147,7.135922330097087
4,H4eVlzCj0NF3QwQyOUgg6aUqAiEr7s9hUTZJtP_Tlhz5tfSn2PaNGDT0d3O2AEBMOcl-z-W25JgE9w,CHALLENGER,CHALLENGER,I,2676,Dealersz,EUW,EUW1_7944517171,2026-08-08 19:58:04.852000+00:00,420,CLASSIC,31.433333333333334,Karthus,BOTTOM,True,12,8,8,2.5,16677,41299,25670,14,269,8.55779427359491
4,H4eVlzCj0NF3QwQyOUgg6aUqAiEr7s9hUTZJtP_Tlhz5tfSn2PaNGDT0d3O2AEBMOcl-z-W25JgE9w,CHALLENGER,CHALLENGER,I,2676,Dealersz,EUW,EUW1_7944572317,2026-08-08 20:41:17.424000+00:00,420,CLASSIC,25.933333333333334,Karthus,JUNGLE,True,14,2,9,11.5,15970,28932,18778,19,279,10.758354755784062
4,H4eVlzCj0NF3QwQyOUgg6aUqAiEr7s9hUTZJtP_Tlhz5tfSn2PaNGDT0d3O2AEBMOcl-z-W25JgE9w,CHALLENGER,CHALLENGER,I,2676,Dealersz,EUW,EUW1_7944630716,2026-08-08 21:15:07.346000+00:00,420,CLASSIC,39.06666666666667,Draven,BOTTOM,True,13,6,11,4.0,24149,38944,34428,22,339,8.677474402730375
4,H4eVlzCj0NF3QwQyOUgg6aUqAiEr7s9hUTZJtP_Tlhz5tfSn2PaNGDT0d3O2AEBMOcl-z-W25JgE9w,CHALLENGER,CHALLENGER,I,2676,Dealersz,EUW,EUW1_7944692524,2026-08-08 22:00:31.635000+00:00,420,CLASSIC,23.15,Kalista,BOTTOM,False,3,6,4,1.1666666666666667,10494,14076,13401,18,209,9.028077753779698
4,H4eVlzCj0NF3QwQyOUgg6aUqAiEr7s9hUTZJtP_Tlhz5tfSn2PaNGDT0d3O2AEBMOcl-z-W25JgE9w,CHALLENGER,CHALLENGER,I,2676,Dealersz,EUW,EUW1_7944726144,2026-08-08 22:39:20.993000+00:00,420,CLASSIC,35.6,Draven,BOTTOM,True,8,10,8,1.6,19019,43160,32047,18,274,7.6966292134831455
4,H4eVlzCj0NF3QwQyOUgg6aUqAiEr7s9hUTZJtP_Tlhz5tfSn2PaNGDT0d3O2AEBMOcl-z-W25JgE9w,CHALLENGER,CHALLENGER,I,2676,Dealersz,EUW,EUW1_7944759391,2026-08-08 23:19:23.093000+00:00,420,CLASSIC,30.65,Draven,BOTTOM,True,7,6,13,3.3333333333333335,17032,19457,25209,20,289,9.429037520391518
4,H4eVlzCj0NF3QwQyOUgg6aUqAiEr7s9hUTZJtP_Tlhz5tfSn2PaNGDT0d3O2AEBMOcl-z-W25JgE9w,CHALLENGER,CHALLENGER,I,2676,Dealersz,EUW,EUW1_7944788331,2026-08-08 23:53:50.654000+00:00,420,CLASSIC,32.55,Draven,BOTTOM,False,3,2,1,2.0,15109,13883,14442,24,328,10.076804915514593
4,H4eVlzCj0NF3QwQyOUgg6aUqAiEr7s9hUTZJtP_Tlhz5tfSn2PaNGDT0d3O2AEBMOcl-z-W25JgE9w,CHALLENGER,CHALLENGER,I,2676,Dealersz,EUW,EUW1_7945585991,2026-08-09 18:53:46.834000+00:00,420,CLASSIC,25.3,Draven,BOTTOM,True,7,7,6,1.8571428571428572,13779,25641,18266,12,195,7.707509881422925
4,H4eVlzCj0NF3QwQyOUgg6aUqAiEr7s9hUTZJtP_Tlhz5tfSn2PaNGDT0d3O2AEBMOcl-z-W25JgE9w,CHALLENGER,CHALLENGER,I,2676,Dealersz,EUW,EUW1_7945624282,2026-08-09 19:22:49.966000+00:00,420,CLASSIC,18.3,Draven,BOTTOM,True,9,1,3,12.0,12709,13212,8600,10,187,10.218579234972678
4,H4eVlzCj0NF3QwQyOUgg6aUqAiEr7s9hUTZJtP_Tlhz5tfSn2PaNGDT0d3O2AEBMOcl-z-W25JgE9w,CHALLENGER,CHALLENGER,I,2676,Dealersz,EUW,EUW1_7945665994,2026-08-09 19:48:51.316000+00:00,420,CLASSIC,22.883333333333333,Draven,TOP,False,2,2,1,1.5,10906,6958,9727,13,252,11.01238164603059
4,H4eVlzCj0NF3QwQyOUgg6aUqAiEr7s9hUTZJtP_Tlhz5tfSn2PaNGDT0d3O2AEBMOcl-z-W25JgE9w,CHALLENGER,CHALLENGER,I,2676,Dealersz,EUW,EUW1_7945706423,2026-08-09 20:21:26.969000+00:00,420,CLASSIC,29.583333333333332,Draven,BOTTOM,True,11,4,4,3.75,18708,34523,22570,16,251,8.484507042253522
4,H4eVlzCj0NF3QwQyOUgg6aUqAiEr7s9hUTZJtP_Tlhz5tfSn2PaNGDT0d3O2AEBMOcl-z-W25JgE9w,CHALLENGER,CHALLENGER,I,2676,Dealersz,EUW,EUW1_7945773755,2026-08-09 20:59:52.450000+00:00,420,CLASSIC,28.033333333333335,Ezreal,BOTTOM,False,4,4,3,1.75,12496,22313,20047,18,259,9.239001189060641
4,H4eVlzCj0NF3QwQyOUgg6aUqAiEr7s9hUTZJtP_Tlhz5tfSn2PaNGDT0d3O2AEBMOcl-z-W25JgE9w,CHALLENGER,CHALLENGER,I,2676,Dealersz,EUW,EUW1_7945811231,2026-08-09 21:35:18.517000+00:00,420,CLASSIC,30.916666666666668,Draven,BOTTOM,True,12,6,9,3.5,19600,41785,30294,18,253,8.183288409703504
4,H4eVlzCj0NF3QwQyOUgg6aUqAiEr7s9hUTZJtP_Tlhz5tfSn2PaNGDT0d3O2AEBMOcl-z-W25JgE9w,CHALLENGER,CHALLENGER,I,2676,Dealersz,EUW,EUW1_7945865530,2026-08-09 22:11:25.515000+00:00,420,CLASSIC,28.5,Draven,BOTTOM,True,14,5,8,4.4,19373,41767,24788,28,263,9.228070175438596
4,H4eVlzCj0NF3QwQyOUgg6aUqAiEr7s9hUTZJtP_Tlhz5tfSn2PaNGDT0d3O2AEBMOcl-z-W25JgE9w,CHALLENGER,CHALLENGER,I,2676,Dealersz,EUW,EUW1_7945893718,2026-08-09 22:44:44.405000+00:00,420,CLASSIC,33.333333333333336,Janna,UTILITY,True,2,6,29,5.166666666666667,11054,12028,19309,104,36,1.0799999999999998
4,H4eVlzCj0NF3QwQyOUgg6aUqAiEr7s9hUTZJtP_Tlhz5tfSn2PaNGDT0d3O2AEBMOcl-z-W25JgE9w,CHALLENGER,CHALLENGER,I,2676,Dealersz,EUW,EUW1_7947780633,2026-08-11 20:49:32.031000+00:00,420,CLASSIC,22.6,Draven,BOTTOM,True,14,4,6,5.0,15755,26120,18293,13,157,6.946902654867256
4,H4eVlzCj0NF3QwQyOUgg6aUqAiEr7s9hUTZJtP_Tlhz5tfSn2PaNGDT0d3O2AEBMOcl-z-W25JgE9w,CHALLENGER,CHALLENGER,I,2676,Dealersz,EUW,EUW1_7947803448,2026-08-11 21:17:39.708000+00:00,420,CLASSIC,39.46666666666667,Karthus,BOTTOM,True,11,8,15,3.25,19875,55426,25496,26,321,8.133445945945946
4,H4eVlzCj0NF3QwQyOUgg6aUqAiEr7s9hUTZJtP_Tlhz5tfSn2PaNGDT0d3O2AEBMOcl-z-W25JgE9w,CHALLENGER,CHALLENGER,I,2676,Dealersz,EUW,EUW1_7947849404,2026-08-11 22:00:39.002000+00:00,420,CLASSIC,26.466666666666665,Draven,BOTTOM,False,1,8,4,0.625,9500,9195,18627,17,173,6.536523929471033
4,H4eVlzCj0NF3QwQyOUgg6aUqAiEr7s9hUTZJtP_Tlhz5tfSn2PaNGDT0d3O2AEBMOcl-z-W25JgE9w,CHALLENGER,CHALLENGER,I,2676,Dealersz,EUW,EUW1_7947905877,2026-08-11 22:42:36.526000+00:00,420,CLASSIC,21.716666666666665,Draven,BOTTOM,False,2,0,0,2.0,10238,8178,7196,9,191,8.795088257866462
4,H4eVlzCj0NF3QwQyOUgg6aUqAiEr7s9hUTZJtP_Tlhz5tfSn2PaNGDT0d3O2AEBMOcl-z-W25JgE9w,CHALLENGER,CHALLENGER,I,2676,Dealersz,EUW,EUW1_7947918287,2026-08-11 23:08:18.240000+00:00,420,CLASSIC,18.85,Kalista,BOTTOM,True,6,0,2,8.0,10600,15288,8864,14,201,10.6631299734748
4,H4eVlzCj0NF3QwQyOUgg6aUqAiEr7s9hUTZJtP_Tlhz5tfSn2PaNGDT0d3O2AEBMOcl-z-W25JgE9w,CHALLENGER,CHALLENGER,I,2676,Dealersz,EUW,EUW1_7947957565,2026-08-11 23:45:02.768000+00:00,420,CLASSIC,31.633333333333333,Kalista,TOP,False,9,3,5,4.666666666666667,18226,27497,22477,25,313,9.894625922023183
4,H4eVlzCj0NF3QwQyOUgg6aUqAiEr7s9hUTZJtP_Tlhz5tfSn2PaNGDT0d3O2AEBMOcl-z-W25JgE9w,CHALLENGER,CHALLENGER,I,2676,Dealersz,EUW,EUW1_7948538339,2026-08-12 18:34:40.464000+00:00,420,CLASSIC,22.883333333333333,Draven,BOTTOM,False,14,6,0,2.3333333333333335,15889,19552,16286,13,201,8.7836853605244
4,H4eVlzCj0NF3QwQyOUgg6aUqAiEr7s9hUTZJtP_Tlhz5tfSn2PaNGDT0d3O2AEBMOcl-z-W25JgE9w,CHALLENGER,CHALLENGER,I,2676,Dealersz,EUW,EUW1_7948590201,2026-08-12 19:08:22.935000+00:00,420,CLASSIC,37.25,Draven,BOTTOM,False,11,6,3,2.3333333333333335,20817,35610,29040,35,343,9.208053691275168
4,H4eVlzCj0NF3QwQyOUgg6aUqAiEr7s9hUTZJtP_Tlhz5tfSn2PaNGDT0d3O2AEBMOcl-z-W25JgE9w,CHALLENGER,CHALLENGER,I,2676,Dealersz,EUW,EUW1_7948670465,2026-08-12 19:59:53.543000+00:00,420,CLASSIC,30.566666666666666,Draven,BOTTOM,True,11,8,8,2.375,19960,40626,24725,19,260,8.505997818974919
4,H4eVlzCj0NF3QwQyOUgg6aUqAiEr7s9hUTZJtP_Tlhz5tfSn2PaNGDT0d3O2AEBMOcl-z-W25JgE9w,CHALLENGER,CHALLENGER,I,2676,Dealersz,EUW,EUW1_7948698359,2026-08-12 20:40:02.772000+00:00,420,CLASSIC,23.166666666666668,Janna,UTILITY,False,0,5,7,1.4,6354,6563,15477,68,20,0.8633093525179856
4,H4eVlzCj0NF3QwQyOUgg6aUqAiEr7s9hUTZJtP_Tlhz5tfSn2PaNGDT0d3O2AEBMOcl-z-W25JgE9w,CHALLENGER,CHALLENGER,I,2676,Dealersz,EUW,EUW1_7948742325,2026-08-12 21:12:11.706000+00:00,420,CLASSIC,34.63333333333333,Zilean,MIDDLE,True,1,3,13,4.666666666666667,11838,13846,22013,28,238,6.871992300288739
4,H4eVlzCj0NF3QwQyOUgg6aUqAiEr7s9hUTZJtP_Tlhz5tfSn2PaNGDT0d3O2AEBMOcl-z-W25JgE9w,CHALLENGER,CHALLENGER,I,2676,Dealersz,EUW,EUW1_7948797002,2026-08-12 21:58:29.796000+00:00,420,CLASSIC,15.216666666666667,Draven,BOTTOM,True,4,1,2,6.0,8725,7350,7207,8,145,9.529025191675794
4,H4eVlzCj0NF3QwQyOUgg6aUqAiEr7s9hUTZJtP_Tlhz5tfSn2PaNGDT0d3O2AEBMOcl-z-W25JgE9w,CHALLENGER,CHALLENGER,I,2676,Dealersz,EUW,EUW1_7948827374,2026-08-12 22:28:05.162000+00:00,420,CLASSIC,21.866666666666667,Draven,BOTTOM,True,25,2,8,16.5,20915,43285,14447,18,191,8.734756097560975
4,H4eVlzCj0NF3QwQyOUgg6aUqAiEr7s9hUTZJtP_Tlhz5tfSn2PaNGDT0d3O2AEBMOcl-z-W25JgE9w,CHALLENGER,CHALLENGER,I,2676,Dealersz,EUW,EUW1_7948855943,2026-08-12 23:02:39.515000+00:00,420,CLASSIC,38.93333333333333,Kalista,BOTTOM,False,15,4,5,5.0,23524,50579,32772,32,386,9.914383561643836
4,H4eVlzCj0NF3QwQyOUgg6aUqAiEr7s9hUTZJtP_Tlhz5tfSn2PaNGDT0d3O2AEBMOcl-z-W25JgE9w,CHALLENGER,CHALLENGER,I,2676,Dealersz,EUW,EUW1_7948898493,2026-08-12 23:50:23.766000+00:00,420,CLASSIC,24.416666666666668,Kalista,BOTTOM,False,3,9,3,0.6666666666666666,10267,14910,18267,24,194,7.945392491467576
4,H4eVlzCj0NF3QwQyOUgg6aUqAiEr7s9hUTZJtP_Tlhz5tfSn2PaNGDT0d3O2AEBMOcl-z-W25JgE9w,CHALLENGER,CHALLENGER,I,2676,Dealersz,EUW,EUW1_7949577815,2026-08-13 19:21:58.502000+00:00,420,CLASSIC,29.5,Draven,BOTTOM,True,6,5,11,3.4,14997,22645,24454,31,221,7.491525423728813
4,H4eVlzCj0NF3QwQyOUgg6aUqAiEr7s9hUTZJtP_Tlhz5tfSn2PaNGDT0d3O2AEBMOcl-z-W25JgE9w,CHALLENGER,CHALLENGER,I,2676,Dealersz,EUW,EUW1_7949626017,2026-08-13 19:57:10.018000+00:00,420,CLASSIC,11.283333333333333,Kalista,BOTTOM,False,1,3,0,0.3333333333333333,3803,4527,5087,7,88,7.7991137370753325
4,H4eVlzCj0NF3QwQyOUgg6aUqAiEr7s9hUTZJtP_Tlhz5tfSn2PaNGDT0d3O2AEBMOcl-z-W25JgE9w,CHALLENGER,CHALLENGER,I,2676,Dealersz,EUW,EUW1_7949701511,2026-08-13 21:38:56.212000+00:00,420,CLASSIC,21.166666666666668,Kalista,BOTTOM,True,8,4,1,2.25,11096,10626,10086,23,174,8.220472440944881
4,H4eVlzCj0NF3QwQyOUgg6aUqAiEr7s9hUTZJtP_Tlhz5tfSn2PaNGDT0d3O2AEBMOcl-z-W25JgE9w,CHALLENGER,CHALLENGER,I,2676,Dealersz,EUW,EUW1_7949747587,2026-08-13 22:17:17.342000+00:00,420,CLASSIC,30.433333333333334,Draven,BOTTOM,True,8,9,12,2.2222222222222223,18111,37409,27474,26,233,7.656078860898138
4,H4eVlzCj0NF3QwQyOUgg6aUqAiEr7s9hUTZJtP_Tlhz5tfSn2PaNGDT0d3O2AEBMOcl-z-W25JgE9w,CHALLENGER,CHALLENGER,I,2676,Dealersz,EUW,EUW1_7950479788,2026-08-14 18:55:35.796000+00:00,420,CLASSIC,39.9,Draven,BOTTOM,True,15,8,8,2.875,22450,57594,36253,35,274,6.867167919799499
4,H4eVlzCj0NF3QwQyOUgg6aUqAiEr7s9hUTZJtP_Tlhz5tfSn2PaNGDT0d3O2AEBMOcl-z-W25JgE9w,CHALLENGER,CHALLENGER,I,2676,Dealersz,EUW,EUW1_7950535102,2026-08-14 19:40:37.486000+00:00,420,CLASSIC,32.25,Draven,BOTTOM,True,7,4,8,3.75,18476,21512,21846,26,263,8.155038759689923
4,H4eVlzCj0NF3QwQyOUgg6aUqAiEr7s9hUTZJtP_Tlhz5tfSn2PaNGDT0d3O2AEBMOcl-z-W25JgE9w,CHALLENGER,CHALLENGER,I,2676,Dealersz,EUW,EUW1_7950604502,2026-08-14 20:25:18.797000+00:00,420,CLASSIC,34.88333333333333,Draven,BOTTOM,True,7,8,10,2.125,18026,29088,25847,14,256,7.338748208313426
4,H4eVlzCj0NF3QwQyOUgg6aUqAiEr7s9hUTZJtP_Tlhz5tfSn2PaNGDT0d3O2AEBMOcl-z-W25JgE9w,CHALLENGER,CHALLENGER,I,2676,Dealersz,EUW,EUW1_7950700731,2026-08-14 21:39:44.203000+00:00,420,CLASSIC,34.983333333333334,Draven,BOTTOM,False,18,10,10,2.8,24366,62854,35467,17,281,8.032396379228203
4,H4eVlzCj0NF3QwQyOUgg6aUqAiEr7s9hUTZJtP_Tlhz5tfSn2PaNGDT0d3O2AEBMOcl-z-W25JgE9w,CHALLENGER,CHALLENGER,I,2676,Dealersz,EUW,EUW1_7950768506,2026-08-14 22:28:00.855000+00:00,420,CLASSIC,30.233333333333334,Draven,BOTTOM,True,3,5,8,2.2,14050,16302,21006,17,245,8.103638368246967
4,H4eVlzCj0NF3QwQyOUgg6aUqAiEr7s9hUTZJtP_Tlhz5tfSn2PaNGDT0d3O2AEBMOcl-z-W25JgE9w,CHALLENGER,CHALLENGER,I,2676,Dealersz,EUW,EUW1_7950805602,2026-08-14 23:08:02.141000+00:00,420,CLASSIC,30.883333333333333,Kalista,BOTTOM,False,4,4,3,1.75,14134,20680,19581,23,302,9.778737182946573
4,H4eVlzCj0NF3QwQyOUgg6aUqAiEr7s9hUTZJtP_Tlhz5tfSn2PaNGDT0d3O2AEBMOcl-z-W25JgE9w,CHALLENGER,CHALLENGER,I,2676,Dealersz,EUW,EUW1_7950830176,2026-08-14 23:47:16.511000+00:00,420,CLASSIC,21.9,Kalista,BOTTOM,False,9,5,2,2.2,12064,23306,22550,15,211,9.634703196347033
4,H4eVlzCj0NF3QwQyOUgg6aUqAiEr7s9hUTZJtP_Tlhz5tfSn2PaNGDT0d3O2AEBMOcl-z-W25JgE9w,CHALLENGER,CHALLENGER,I,2676,Dealersz,EUW,EUW1_7951485816,2026-08-15 18:26:57.366000+00:00,420,CLASSIC,27.2,Draven,BOTTOM,True,9,3,15,8.0,17665,35662,24106,24,245,9.007352941176471
4,H4eVlzCj0NF3QwQyOUgg6aUqAiEr7s9hUTZJtP_Tlhz5tfSn2PaNGDT0d3O2AEBMOcl-z-W25JgE9w,CHALLENGER,CHALLENGER,I,2676,Dealersz,EUW,EUW1_7951537825,2026-08-15 19:10:32.601000+00:00,420,CLASSIC,15.35,Draven,BOTTOM,False,1,3,0,0.3333333333333333,5682,5749,8638,8,110,7.166123778501629
4,H4eVlzCj0NF3QwQyOUgg6aUqAiEr7s9hUTZJtP_Tlhz5tfSn2PaNGDT0d3O2AEBMOcl-z-W25JgE9w,CHALLENGER,CHALLENGER,I,2676,Dealersz,EUW,EUW1_7951555347,2026-08-15 19:32:44.111000+00:00,420,CLASSIC,35.3,Draven,BOTTOM,True,16,4,10,6.5,26020,56383,25016,38,360,10.19830028328612
4,H4eVlzCj0NF3QwQyOUgg6aUqAiEr7s9hUTZJtP_Tlhz5tfSn2PaNGDT0d3O2AEBMOcl-z-W25JgE9w,CHALLENGER,CHALLENGER,I,2676,Dealersz,EUW,EUW1_7951636008,2026-08-15 20:29:54.660000+00:00,420,CLASSIC,18.566666666666666,Kalista,BOTTOM,True,2,4,8,2.5,9578,15449,9589,11,180,9.694793536804308
4,H4eVlzCj0NF3QwQyOUgg6aUqAiEr7s9hUTZJtP_Tlhz5tfSn2PaNGDT0d3O2AEBMOcl-z-W25JgE9w,CHALLENGER,CHALLENGER,I,2676,Dealersz,EUW,EUW1_7951669119,2026-08-15 20:54:35.957000+00:00,420,CLASSIC,22.316666666666666,Draven,BOTTOM,True,10,5,8,3.6,12922,21378,16313,16,158,7.0799103808812545
4,H4eVlzCj0NF3QwQyOUgg6aUqAiEr7s9hUTZJtP_Tlhz5tfSn2PaNGDT0d3O2AEBMOcl-z-W25JgE9w,CHALLENGER,CHALLENGER,I,2676,Dealersz,EUW,EUW1_7951710155,2026-08-15 21:25:46.115000+00:00,420,CLASSIC,29.333333333333332,Draven,BOTTOM,False,4,6,5,1.5,15189,21057,20051,24,251,8.556818181818182
4,H4eVlzCj0NF3QwQyOUgg6aUqAiEr7s9hUTZJtP_Tlhz5tfSn2PaNGDT0d3O2AEBMOcl-z-W25JgE9w,CHALLENGER,CHALLENGER,I,2676,Dealersz,EUW,EUW1_7951761995,2026-08-15 22:06:20.147000+00:00,420,CLASSIC,24.166666666666668,Draven,BOTTOM,False,3,8,1,0.5,10408,10845,18176,12,188,7.779310344827586
4,H4eVlzCj0NF3QwQyOUgg6aUqAiEr7s9hUTZJtP_Tlhz5tfSn2PaNGDT0d3O2AEBMOcl-z-W25JgE9w,CHALLENGER,CHALLENGER,I,2676,Dealersz,EUW,EUW1_7951805035,2026-08-15 22:42:18.344000+00:00,420,CLASSIC,22.65,Draven,BOTTOM,False,4,5,3,1.4,10083,13867,15458,11,169,7.461368653421634
4,H4eVlzCj0NF3QwQyOUgg6aUqAiEr7s9hUTZJtP_Tlhz5tfSn2PaNGDT0d3O2AEBMOcl-z-W25JgE9w,CHALLENGER,CHALLENGER,I,2676,Dealersz,EUW,EUW1_7952617802,2026-08-16 18:20:09.430000+00:00,420,CLASSIC,25.35,Draven,BOTTOM,True,12,5,4,3.2,17322,29997,21094,19,241,9.506903353057199
4,H4eVlzCj0NF3QwQyOUgg6aUqAiEr7s9hUTZJtP_Tlhz5tfSn2PaNGDT0d3O2AEBMOcl-z-W25JgE9w,CHALLENGER,CHALLENGER,I,2676,Dealersz,EUW,EUW1_7952662598,2026-08-16 18:49:42.211000+00:00,420,CLASSIC,24.583333333333332,Draven,BOTTOM,False,5,7,7,1.7142857142857142,12461,18117,22177,13,174,7.077966101694916
4,H4eVlzCj0NF3QwQyOUgg6aUqAiEr7s9hUTZJtP_Tlhz5tfSn2PaNGDT0d3O2AEBMOcl-z-W25JgE9w,CHALLENGER,CHALLENGER,I,2676,Dealersz,EUW,EUW1_7952718701,2026-08-16 19:28:45.397000+00:00,420,CLASSIC,31.566666666666666,Draven,BOTTOM,True,5,2,7,6.0,18539,25026,20081,24,311,9.852164730728617
4,H4eVlzCj0NF3QwQyOUgg6aUqAiEr7s9hUTZJtP_Tlhz5tfSn2PaNGDT0d3O2AEBMOcl-z-W25JgE9w,CHALLENGER,CHALLENGER,I,2676,Dealersz,EUW,EUW1_7952766866,2026-08-16 20:07:24.434000+00:00,420,CLASSIC,33.95,Draven,BOTTOM,False,10,13,7,1.3076923076923077,19941,32653,34621,19,244,7.187039764359351
4,H4eVlzCj0NF3QwQyOUgg6aUqAiEr7s9hUTZJtP_Tlhz5tfSn2PaNGDT0d3O2AEBMOcl-z-W25JgE9w,CHALLENGER,CHALLENGER,I,2676,Dealersz,EUW,EUW1_7952824961,2026-08-16 20:45:22.579000+00:00,420,CLASSIC,26.033333333333335,Kalista,TOP,False,10,6,6,2.6666666666666665,11500,30719,19805,11,202,7.759282970550576
4,H4eVlzCj0NF3QwQyOUgg6aUqAiEr7s9hUTZJtP_Tlhz5tfSn2PaNGDT0d3O2AEBMOcl-z-W25JgE9w,CHALLENGER,CHALLENGER,I,2676,Dealersz,EUW,EUW1_7954628001,2026-08-18 18:13:46.715000+00:00,420,CLASSIC,18.4,Caitlyn,BOTTOM,False,0,3,0,0.0,6679,8254,6367,8,168,9.130434782608697
4,H4eVlzCj0NF3QwQyOUgg6aUqAiEr7s9hUTZJtP_Tlhz5tfSn2PaNGDT0d3O2AEBMOcl-z-W25JgE9w,CHALLENGER,CHALLENGER,I,2676,Dealersz,EUW,EUW1_7957880027,2026-08-21 21:00:59.850000+00:00,420,CLASSIC,26.266666666666666,Draven,BOTTOM,True,3,8,13,2.0,11644,11563,22098,15,174,6.624365482233503
4,H4eVlzCj0NF3QwQyOUgg6aUqAiEr7s9hUTZJtP_Tlhz5tfSn2PaNGDT0d3O2AEBMOcl-z-W25JgE9w,CHALLENGER,CHALLENGER,I,2676,Dealersz,EUW,EUW1_7957949698,2026-08-21 21:46:32.424000+00:00,420,CLASSIC,43.7,Karthus,BOTTOM,True,14,2,10,12.0,24298,52582,19641,20,448,10.251716247139587
4,H4eVlzCj0NF3QwQyOUgg6aUqAiEr7s9hUTZJtP_Tlhz5tfSn2PaNGDT0d3O2AEBMOcl-z-W25JgE9w,CHALLENGER,CHALLENGER,I,2676,Dealersz,EUW,EUW1_7958014953,2026-08-21 22:46:05.323000+00:00,420,CLASSIC,24.65,Draven,BOTTOM,True,14,2,10,12.0,18188,28836,18683,15,244,9.898580121703855
4,H4eVlzCj0NF3QwQyOUgg6aUqAiEr7s9hUTZJtP_Tlhz5tfSn2PaNGDT0d3O2AEBMOcl-z-W25JgE9w,CHALLENGER,CHALLENGER,I,2676,Dealersz,EUW,EUW1_7958051648,2026-08-21 23:19:55.523000+00:00,420,CLASSIC,28.05,Karthus,BOTTOM,False,10,4,2,3.0,14995,32877,16709,16,270,9.62566844919786
4,H4eVlzCj0NF3QwQyOUgg6aUqAiEr7s9hUTZJtP_Tlhz5tfSn2PaNGDT0d3O2AEBMOcl-z-W25JgE9w,CHALLENGER,CHALLENGER,I,2676,Dealersz,EUW,EUW1_7960822526,2026-08-24 17:50:46.005000+00:00,420,CLASSIC,4.45,Draven,BOTTOM,True,0,1,3,3.0,1710,2046,2468,0,26,5.842696629213483
4,H4eVlzCj0NF3QwQyOUgg6aUqAiEr7s9hUTZJtP_Tlhz5tfSn2PaNGDT0d3O2AEBMOcl-z-W25JgE9w,CHALLENGER,CHALLENGER,I,2676,Dealersz,EUW,EUW1_7960827398,2026-08-24 18:08:17.925000+00:00,420,CLASSIC,36.6,Malphite,TOP,True,2,4,7,2.25,12169,31505,41184,21,219,5.983606557377049
4,H4eVlzCj0NF3QwQyOUgg6aUqAiEr7s9hUTZJtP_Tlhz5tfSn2PaNGDT0d3O2AEBMOcl-z-W25JgE9w,CHALLENGER,CHALLENGER,I,2676,Dealersz,EUW,EUW1_7960899977,2026-08-24 18:54:27.215000+00:00,420,CLASSIC,26.533333333333335,Draven,BOTTOM,False,4,3,4,2.6666666666666665,13166,13749,17161,13,266,10.025125628140703
4,H4eVlzCj0NF3QwQyOUgg6aUqAiEr7s9hUTZJtP_Tlhz5tfSn2PaNGDT0d3O2AEBMOcl-z-W25JgE9w,CHALLENGER,CHALLENGER,I,2676,Dealersz,EUW,EUW1_7960947010,2026-08-24 19:28:17.366000+00:00,420,CLASSIC,22.433333333333334,Draven,BOTTOM,True,4,2,3,3.5,10179,10122,9363,14,172,7.667161961367014
4,H4eVlzCj0NF3QwQyOUgg6aUqAiEr7s9hUTZJtP_Tlhz5tfSn2PaNGDT0d3O2AEBMOcl-z-W25JgE9w,CHALLENGER,CHALLENGER,I,2676,Dealersz,EUW,EUW1_7960987419,2026-08-24 20:00:03.458000+00:00,420,CLASSIC,21.6,Draven,BOTTOM,True,12,3,5,5.666666666666667,15963,22833,14270,20,223,10.324074074074073
4,H4eVlzCj0NF3QwQyOUgg6aUqAiEr7s9hUTZJtP_Tlhz5tfSn2PaNGDT0d3O2AEBMOcl-z-W25JgE9w,CHALLENGER,CHALLENGER,I,2676,Dealersz,EUW,EUW1_7961030392,2026-08-24 20:27:24.513000+00:00,420,CLASSIC,25.466666666666665,Draven,BOTTOM,False,2,9,8,1.1111111111111112,10600,17454,21158,14,200,7.853403141361257
4,H4eVlzCj0NF3QwQyOUgg6aUqAiEr7s9hUTZJtP_Tlhz5tfSn2PaNGDT0d3O2AEBMOcl-z-W25JgE9w,CHALLENGER,CHALLENGER,I,2676,Dealersz,EUW,EUW1_7961104012,2026-08-24 21:16:03.367000+00:00,420,CLASSIC,26.3,Karthus,BOTTOM,False,6,10,10,1.6,12970,28729,22139,13,234,8.897338403041825
4,H4eVlzCj0NF3QwQyOUgg6aUqAiEr7s9hUTZJtP_Tlhz5tfSn2PaNGDT0d3O2AEBMOcl-z-W25JgE9w,CHALLENGER,CHALLENGER,I,2676,Dealersz,EUW,EUW1_7962943863,2026-08-26 18:18:58.768000+00:00,420,CLASSIC,29.9,Draven,BOTTOM,False,8,12,4,1.0,14761,20602,32153,12,201,6.722408026755853
4,H4eVlzCj0NF3QwQyOUgg6aUqAiEr7s9hUTZJtP_Tlhz5tfSn2PaNGDT0d3O2AEBMOcl-z-W25JgE9w,CHALLENGER,CHALLENGER,I,2676,Dealersz,EUW,EUW1_7962992440,2026-08-26 18:55:58.895000+00:00,420,CLASSIC,27.516666666666666,Janna,UTILITY,True,2,3,19,7.0,8506,6853,14551,78,20,0.7268322228952151
4,H4eVlzCj0NF3QwQyOUgg6aUqAiEr7s9hUTZJtP_Tlhz5tfSn2PaNGDT0d3O2AEBMOcl-z-W25JgE9w,CHALLENGER,CHALLENGER,I,2676,Dealersz,EUW,EUW1_7963099554,2026-08-26 19:47:15.062000+00:00,420,CLASSIC,30.183333333333334,Draven,BOTTOM,False,5,5,2,1.4,14589,17824,19417,24,269,8.912203202650469
4,H4eVlzCj0NF3QwQyOUgg6aUqAiEr7s9hUTZJtP_Tlhz5tfSn2PaNGDT0d3O2AEBMOcl-z-W25JgE9w,CHALLENGER,CHALLENGER,I,2676,Dealersz,EUW,EUW1_7963164606,2026-08-26 20:32:53.997000+00:00,420,CLASSIC,28.25,Draven,BOTTOM,True,7,6,9,2.6666666666666665,16578,24763,18431,23,252,8.920353982300885
4,H4eVlzCj0NF3QwQyOUgg6aUqAiEr7s9hUTZJtP_Tlhz5tfSn2PaNGDT0d3O2AEBMOcl-z-W25JgE9w,CHALLENGER,CHALLENGER,I,2676,Dealersz,EUW,EUW1_7963204990,2026-08-26 21:05:55.555000+00:00,420,CLASSIC,28.916666666666668,Draven,BOTTOM,False,11,2,9,10.0,15590,25765,13779,37,203,7.020172910662824
4,H4eVlzCj0NF3QwQyOUgg6aUqAiEr7s9hUTZJtP_Tlhz5tfSn2PaNGDT0d3O2AEBMOcl-z-W25JgE9w,CHALLENGER,CHALLENGER,I,2676,Dealersz,EUW,EUW1_7963265726,2026-08-26 21:46:21.355000+00:00,420,CLASSIC,15.583333333333334,Draven,BOTTOM,True,4,2,2,3.0,7553,9413,10765,8,121,7.764705882352941
4,H4eVlzCj0NF3QwQyOUgg6aUqAiEr7s9hUTZJtP_Tlhz5tfSn2PaNGDT0d3O2AEBMOcl-z-W25JgE9w,CHALLENGER,CHALLENGER,I,2676,Dealersz,EUW,EUW1_7963285964,2026-08-26 22:06:44.528000+00:00,420,CLASSIC,26.4,Karthus,TOP,True,6,1,15,21.0,13644,30961,13782,15,264,10.0
4,H4eVlzCj0NF3QwQyOUgg6aUqAiEr7s9hUTZJtP_Tlhz5tfSn2PaNGDT0d3O2AEBMOcl-z-W25JgE9w,CHALLENGER,CHALLENGER,I,2676,Dealersz,EUW,EUW1_7963328891,2026-08-26 22:44:36.113000+00:00,420,CLASSIC,26.033333333333335,Karthus,BOTTOM,False,12,3,4,5.333333333333333,13883,28369,14105,12,219,8.412291933418693
4,H4eVlzCj0NF3QwQyOUgg6aUqAiEr7s9hUTZJtP_Tlhz5tfSn2PaNGDT0d3O2AEBMOcl-z-W25JgE9w,CHALLENGER,CHALLENGER,I,2676,Dealersz,EUW,EUW1_7963346408,2026-08-26 23:18:23.697000+00:00,420,CLASSIC,48.13333333333333,Draven,BOTTOM,False,5,10,18,2.3,24599,50633,48386,34,428,8.89196675900277
5,S7Fy1DXRlEHc_KTCMbaP_BIjPi-v0PYigtC0oiLkIA6_AVd8CGPhQ4xIII8bQbTfbXlqt7NEerpLRQ,CHALLENGER,CHALLENGER,I,2712,Exileh8,44444,EUW1_7905193959,2026-07-01 10:21:29.462000+00:00,420,CLASSIC,19.766666666666666,TwistedFate,MIDDLE,False,4,3,3,2.3333333333333335,11015,15805,17043,21,208,10.522765598650928
5,S7Fy1DXRlEHc_KTCMbaP_BIjPi-v0PYigtC0oiLkIA6_AVd8CGPhQ4xIII8bQbTfbXlqt7NEerpLRQ,CHALLENGER,CHALLENGER,I,2712,Exileh8,44444,EUW1_7905207954,2026-07-01 10:48:07.037000+00:00,420,CLASSIC,30.366666666666667,Locke,MIDDLE,False,10,11,4,1.2727272727272727,14628,32558,35931,26,213,7.014270032930845
5,S7Fy1DXRlEHc_KTCMbaP_BIjPi-v0PYigtC0oiLkIA6_AVd8CGPhQ4xIII8bQbTfbXlqt7NEerpLRQ,CHALLENGER,CHALLENGER,I,2712,Exileh8,44444,EUW1_7905232314,2026-07-01 11:28:26.778000+00:00,420,CLASSIC,24.0,Malphite,TOP,True,5,6,12,2.8333333333333335,10014,25866,20477,23,185,7.708333333333333
5,S7Fy1DXRlEHc_KTCMbaP_BIjPi-v0PYigtC0oiLkIA6_AVd8CGPhQ4xIII8bQbTfbXlqt7NEerpLRQ,CHALLENGER,CHALLENGER,I,2712,Exileh8,44444,EUW1_7905257711,2026-07-01 12:03:26.900000+00:00,420,CLASSIC,22.45,Cassiopeia,MIDDLE,True,6,0,3,9.0,11250,12557,15081,28,260,11.58129175946548
5,S7Fy1DXRlEHc_KTCMbaP_BIjPi-v0PYigtC0oiLkIA6_AVd8CGPhQ4xIII8bQbTfbXlqt7NEerpLRQ,CHALLENGER,CHALLENGER,I,2712,Exileh8,44444,EUW1_7905283910,2026-07-01 12:42:12.716000+00:00,420,CLASSIC,29.35,Jayce,MIDDLE,False,3,9,1,0.4444444444444444,10372,26299,27010,41,270,9.199318568994888
5,S7Fy1DXRlEHc_KTCMbaP_BIjPi-v0PYigtC0oiLkIA6_AVd8CGPhQ4xIII8bQbTfbXlqt7NEerpLRQ,CHALLENGER,CHALLENGER,I,2712,Exileh8,44444,EUW1_7905310270,2026-07-01 13:20:00.268000+00:00,420,CLASSIC,22.766666666666666,Locke,MIDDLE,True,23,6,7,5.0,14930,34641,25914,24,200,8.784773060029282
5,S7Fy1DXRlEHc_KTCMbaP_BIjPi-v0PYigtC0oiLkIA6_AVd8CGPhQ4xIII8bQbTfbXlqt7NEerpLRQ,CHALLENGER,CHALLENGER,I,2712,Exileh8,44444,EUW1_7905335185,2026-07-01 13:47:33.969000+00:00,420,CLASSIC,29.733333333333334,Annie,MIDDLE,True,4,9,9,1.4444444444444444,11154,26386,25249,39,199,6.692825112107623
5,S7Fy1DXRlEHc_KTCMbaP_BIjPi-v0PYigtC0oiLkIA6_AVd8CGPhQ4xIII8bQbTfbXlqt7NEerpLRQ,CHALLENGER,CHALLENGER,I,2712,Exileh8,44444,EUW1_7905372145,2026-07-01 14:26:21.210000+00:00,420,CLASSIC,27.516666666666666,Galio,MIDDLE,True,8,5,3,2.2,13875,26974,31138,37,264,9.59418534221684
5,S7Fy1DXRlEHc_KTCMbaP_BIjPi-v0PYigtC0oiLkIA6_AVd8CGPhQ4xIII8bQbTfbXlqt7NEerpLRQ,CHALLENGER,CHALLENGER,I,2712,Exileh8,44444,EUW1_7906052739,2026-07-02 01:01:25.296000+00:00,420,CLASSIC,29.633333333333333,Nautilus,UTILITY,False,1,8,13,1.75,8759,10808,24052,119,70,2.362204724409449
5,S7Fy1DXRlEHc_KTCMbaP_BIjPi-v0PYigtC0oiLkIA6_AVd8CGPhQ4xIII8bQbTfbXlqt7NEerpLRQ,CHALLENGER,CHALLENGER,I,2712,Exileh8,44444,EUW1_7906062076,2026-07-02 01:44:46.557000+00:00,420,CLASSIC,15.3,Locke,MIDDLE,True,5,0,3,8.0,7388,10857,7724,15,152,9.934640522875817
5,S7Fy1DXRlEHc_KTCMbaP_BIjPi-v0PYigtC0oiLkIA6_AVd8CGPhQ4xIII8bQbTfbXlqt7NEerpLRQ,CHALLENGER,CHALLENGER,I,2712,Exileh8,44444,EUW1_7906067323,2026-07-02 02:20:46.249000+00:00,420,CLASSIC,23.016666666666666,Jayce,TOP,True,7,6,6,2.1666666666666665,10989,20564,17244,30,199,8.645908761766837
5,S7Fy1DXRlEHc_KTCMbaP_BIjPi-v0PYigtC0oiLkIA6_AVd8CGPhQ4xIII8bQbTfbXlqt7NEerpLRQ,CHALLENGER,CHALLENGER,I,2712,Exileh8,44444,EUW1_7906223622,2026-07-02 11:11:43.520000+00:00,420,CLASSIC,34.7,Ryze,MIDDLE,False,6,4,7,3.25,15268,42724,39175,55,313,9.020172910662824
5,S7Fy1DXRlEHc_KTCMbaP_BIjPi-v0PYigtC0oiLkIA6_AVd8CGPhQ4xIII8bQbTfbXlqt7NEerpLRQ,CHALLENGER,CHALLENGER,I,2712,Exileh8,44444,EUW1_7906244361,2026-07-02 11:52:53.864000+00:00,420,CLASSIC,19.666666666666668,Cassiopeia,MIDDLE,False,0,7,1,0.14285714285714285,6622,8314,14010,11,182,9.254237288135593
5,S7Fy1DXRlEHc_KTCMbaP_BIjPi-v0PYigtC0oiLkIA6_AVd8CGPhQ4xIII8bQbTfbXlqt7NEerpLRQ,CHALLENGER,CHALLENGER,I,2712,Exileh8,44444,EUW1_7906269491,2026-07-02 12:17:16.128000+00:00,420,CLASSIC,32.46666666666667,Jayce,TOP,False,10,8,7,2.125,15705,39640,30767,51,284,8.747433264887063
5,S7Fy1DXRlEHc_KTCMbaP_BIjPi-v0PYigtC0oiLkIA6_AVd8CGPhQ4xIII8bQbTfbXlqt7NEerpLRQ,CHALLENGER,CHALLENGER,I,2712,Exileh8,44444,EUW1_7906295645,2026-07-02 12:56:30.360000+00:00,420,CLASSIC,36.733333333333334,TwistedFate,TOP,False,10,7,4,2.0,20175,24911,32060,59,311,8.466424682395644
5,S7Fy1DXRlEHc_KTCMbaP_BIjPi-v0PYigtC0oiLkIA6_AVd8CGPhQ4xIII8bQbTfbXlqt7NEerpLRQ,CHALLENGER,CHALLENGER,I,2712,Exileh8,44444,EUW1_7906323421,2026-07-02 13:37:15.828000+00:00,420,CLASSIC,24.233333333333334,TwistedFate,TOP,False,4,6,5,1.5,10605,11993,17248,34,212,8.74828060522696
5,S7Fy1DXRlEHc_KTCMbaP_BIjPi-v0PYigtC0oiLkIA6_AVd8CGPhQ4xIII8bQbTfbXlqt7NEerpLRQ,CHALLENGER,CHALLENGER,I,2712,Exileh8,44444,EUW1_7906353829,2026-07-02 14:06:50.558000+00:00,420,CLASSIC,32.78333333333333,Locke,MIDDLE,True,7,5,7,2.8,13698,30189,40079,48,233,7.1072699542450435
5,S7Fy1DXRlEHc_KTCMbaP_BIjPi-v0PYigtC0oiLkIA6_AVd8CGPhQ4xIII8bQbTfbXlqt7NEerpLRQ,CHALLENGER,CHALLENGER,I,2712,Exileh8,44444,EUW1_7906778733,2026-07-02 20:11:16.034000+00:00,420,CLASSIC,33.3,Syndra,MIDDLE,True,5,5,6,2.2,15893,29452,18591,49,314,9.42942942942943
5,S7Fy1DXRlEHc_KTCMbaP_BIjPi-v0PYigtC0oiLkIA6_AVd8CGPhQ4xIII8bQbTfbXlqt7NEerpLRQ,CHALLENGER,CHALLENGER,I,2712,Exileh8,44444,EUW1_7906837201,2026-07-02 20:58:36.742000+00:00,420,CLASSIC,37.6,Jayce,MIDDLE,True,14,7,17,4.428571428571429,19758,52575,30921,50,310,8.24468085106383
5,S7Fy1DXRlEHc_KTCMbaP_BIjPi-v0PYigtC0oiLkIA6_AVd8CGPhQ4xIII8bQbTfbXlqt7NEerpLRQ,CHALLENGER,CHALLENGER,I,2712,Exileh8,44444,EUW1_7906898960,2026-07-02 21:44:27.535000+00:00,420,CLASSIC,23.566666666666666,Leblanc,MIDDLE,True,13,3,8,7.0,14406,29166,14514,19,208,8.826025459688825
5,S7Fy1DXRlEHc_KTCMbaP_BIjPi-v0PYigtC0oiLkIA6_AVd8CGPhQ4xIII8bQbTfbXlqt7NEerpLRQ,CHALLENGER,CHALLENGER,I,2712,Exileh8,44444,EUW1_7907279172,2026-07-03 12:57:47.529000+00:00,420,CLASSIC,28.833333333333332,Cassiopeia,TOP,False,4,7,4,1.1428571428571428,11832,31822,28315,40,243,8.427745664739884
5,S7Fy1DXRlEHc_KTCMbaP_BIjPi-v0PYigtC0oiLkIA6_AVd8CGPhQ4xIII8bQbTfbXlqt7NEerpLRQ,CHALLENGER,CHALLENGER,I,2712,Exileh8,44444,EUW1_7907319751,2026-07-03 13:38:28.422000+00:00,420,CLASSIC,18.633333333333333,Locke,TOP,False,3,3,1,1.3333333333333333,7240,10820,14403,14,156,8.372093023255815
5,S7Fy1DXRlEHc_KTCMbaP_BIjPi-v0PYigtC0oiLkIA6_AVd8CGPhQ4xIII8bQbTfbXlqt7NEerpLRQ,CHALLENGER,CHALLENGER,I,2712,Exileh8,44444,EUW1_7907339876,2026-07-03 14:02:08.080000+00:00,420,CLASSIC,19.716666666666665,Malphite,TOP,True,5,0,6,11.0,10308,16996,8261,17,190,9.636517328825022
5,S7Fy1DXRlEHc_KTCMbaP_BIjPi-v0PYigtC0oiLkIA6_AVd8CGPhQ4xIII8bQbTfbXlqt7NEerpLRQ,CHALLENGER,CHALLENGER,I,2712,Exileh8,44444,EUW1_7907363761,2026-07-03 14:28:33.610000+00:00,420,CLASSIC,15.2,Ambessa,TOP,True,2,0,5,7.0,6841,7569,9996,17,139,9.144736842105264
5,S7Fy1DXRlEHc_KTCMbaP_BIjPi-v0PYigtC0oiLkIA6_AVd8CGPhQ4xIII8bQbTfbXlqt7NEerpLRQ,CHALLENGER,CHALLENGER,I,2712,Exileh8,44444,EUW1_7907385243,2026-07-03 14:55:36.546000+00:00,420,CLASSIC,25.233333333333334,Mel,BOTTOM,True,9,4,7,4.0,13857,22174,14839,31,251,9.947159841479523
5,S7Fy1DXRlEHc_KTCMbaP_BIjPi-v0PYigtC0oiLkIA6_AVd8CGPhQ4xIII8bQbTfbXlqt7NEerpLRQ,CHALLENGER,CHALLENGER,I,2712,Exileh8,44444,EUW1_7907747119,2026-07-03 20:14:33.691000+00:00,420,CLASSIC,26.266666666666666,Ambessa,MIDDLE,True,11,2,5,8.0,13210,38661,28124,18,227,8.642131979695431
5,S7Fy1DXRlEHc_KTCMbaP_BIjPi-v0PYigtC0oiLkIA6_AVd8CGPhQ4xIII8bQbTfbXlqt7NEerpLRQ,CHALLENGER,CHALLENGER,I,2712,Exileh8,44444,EUW1_7910761196,2026-07-06 18:17:50.833000+00:00,420,CLASSIC,22.366666666666667,Sylas,MIDDLE,True,8,2,6,7.0,11784,19738,24171,20,207,9.2548435171386
5,S7Fy1DXRlEHc_KTCMbaP_BIjPi-v0PYigtC0oiLkIA6_AVd8CGPhQ4xIII8bQbTfbXlqt7NEerpLRQ,CHALLENGER,CHALLENGER,I,2712,Exileh8,44444,EUW1_7911700912,2026-07-07 18:14:21.950000+00:00,420,CLASSIC,36.9,Cassiopeia,MIDDLE,False,5,6,8,2.1666666666666665,14949,26554,42911,33,316,8.563685636856368
5,S7Fy1DXRlEHc_KTCMbaP_BIjPi-v0PYigtC0oiLkIA6_AVd8CGPhQ4xIII8bQbTfbXlqt7NEerpLRQ,CHALLENGER,CHALLENGER,I,2712,Exileh8,44444,EUW1_7911771497,2026-07-07 19:00:50.847000+00:00,420,CLASSIC,27.333333333333332,Cassiopeia,TOP,False,1,9,3,0.4444444444444444,9100,25820,30587,20,218,7.975609756097561
5,S7Fy1DXRlEHc_KTCMbaP_BIjPi-v0PYigtC0oiLkIA6_AVd8CGPhQ4xIII8bQbTfbXlqt7NEerpLRQ,CHALLENGER,CHALLENGER,I,2712,Exileh8,44444,EUW1_7911822503,2026-07-07 19:33:37.062000+00:00,420,CLASSIC,27.533333333333335,Braum,UTILITY,True,3,3,21,8.0,8712,10948,21555,108,19,0.6900726392251816
5,S7Fy1DXRlEHc_KTCMbaP_BIjPi-v0PYigtC0oiLkIA6_AVd8CGPhQ4xIII8bQbTfbXlqt7NEerpLRQ,CHALLENGER,CHALLENGER,I,2712,Exileh8,44444,EUW1_7911890830,2026-07-07 20:20:31.396000+00:00,420,CLASSIC,19.116666666666667,Syndra,BOTTOM,True,1,5,3,0.8,7899,14096,11107,25,177,9.25893635571055
5,S7Fy1DXRlEHc_KTCMbaP_BIjPi-v0PYigtC0oiLkIA6_AVd8CGPhQ4xIII8bQbTfbXlqt7NEerpLRQ,CHALLENGER,CHALLENGER,I,2712,Exileh8,44444,EUW1_7912023126,2026-07-07 22:05:52.594000+00:00,420,CLASSIC,21.016666666666666,Ryze,TOP,True,7,2,0,3.5,11004,17196,13957,16,226,10.753370340999208
5,S7Fy1DXRlEHc_KTCMbaP_BIjPi-v0PYigtC0oiLkIA6_AVd8CGPhQ4xIII8bQbTfbXlqt7NEerpLRQ,CHALLENGER,CHALLENGER,I,2712,Exileh8,44444,EUW1_7912055426,2026-07-07 22:44:33.616000+00:00,420,CLASSIC,18.65,Jayce,MIDDLE,False,1,4,0,0.25,6855,8352,11678,15,179,9.597855227882038
5,S7Fy1DXRlEHc_KTCMbaP_BIjPi-v0PYigtC0oiLkIA6_AVd8CGPhQ4xIII8bQbTfbXlqt7NEerpLRQ,CHALLENGER,CHALLENGER,I,2712,Exileh8,44444,EUW1_7912074300,2026-07-07 23:07:21.194000+00:00,420,CLASSIC,25.633333333333333,Nautilus,UTILITY,True,1,4,14,3.75,8153,9459,19566,80,33,1.2873862158647595
5,S7Fy1DXRlEHc_KTCMbaP_BIjPi-v0PYigtC0oiLkIA6_AVd8CGPhQ4xIII8bQbTfbXlqt7NEerpLRQ,CHALLENGER,CHALLENGER,I,2712,Exileh8,44444,EUW1_7913357620,2026-07-09 13:18:19.414000+00:00,420,CLASSIC,30.2,Syndra,MIDDLE,True,12,2,18,15.0,17804,41892,17413,27,286,9.47019867549669
5,S7Fy1DXRlEHc_KTCMbaP_BIjPi-v0PYigtC0oiLkIA6_AVd8CGPhQ4xIII8bQbTfbXlqt7NEerpLRQ,CHALLENGER,CHALLENGER,I,2712,Exileh8,44444,EUW1_7913436547,2026-07-09 14:50:17.938000+00:00,420,CLASSIC,25.666666666666668,Mel,BOTTOM,False,4,6,5,1.5,12436,14500,16511,26,260,10.12987012987013
5,S7Fy1DXRlEHc_KTCMbaP_BIjPi-v0PYigtC0oiLkIA6_AVd8CGPhQ4xIII8bQbTfbXlqt7NEerpLRQ,CHALLENGER,CHALLENGER,I,2712,Exileh8,44444,EUW1_7913459230,2026-07-09 15:19:49.119000+00:00,420,CLASSIC,22.383333333333333,Locke,MIDDLE,True,13,4,4,4.25,12559,23637,20664,7,205,9.158600148920328
5,S7Fy1DXRlEHc_KTCMbaP_BIjPi-v0PYigtC0oiLkIA6_AVd8CGPhQ4xIII8bQbTfbXlqt7NEerpLRQ,CHALLENGER,CHALLENGER,I,2712,Exileh8,44444,EUW1_7913490513,2026-07-09 15:47:00.254000+00:00,420,CLASSIC,20.4,Nautilus,UTILITY,True,5,3,17,7.333333333333333,7463,8813,10912,76,29,1.4215686274509804
5,S7Fy1DXRlEHc_KTCMbaP_BIjPi-v0PYigtC0oiLkIA6_AVd8CGPhQ4xIII8bQbTfbXlqt7NEerpLRQ,CHALLENGER,CHALLENGER,I,2712,Exileh8,44444,EUW1_7914272482,2026-07-10 13:04:49.596000+00:00,420,CLASSIC,26.566666666666666,Orianna,MIDDLE,False,5,6,5,1.6666666666666667,13105,28003,17836,28,260,9.786700125470514
5,S7Fy1DXRlEHc_KTCMbaP_BIjPi-v0PYigtC0oiLkIA6_AVd8CGPhQ4xIII8bQbTfbXlqt7NEerpLRQ,CHALLENGER,CHALLENGER,I,2712,Exileh8,44444,EUW1_7914296012,2026-07-10 13:37:07.302000+00:00,420,CLASSIC,29.866666666666667,Anivia,MIDDLE,False,6,8,3,1.125,11558,34288,39462,38,237,7.935267857142857
5,S7Fy1DXRlEHc_KTCMbaP_BIjPi-v0PYigtC0oiLkIA6_AVd8CGPhQ4xIII8bQbTfbXlqt7NEerpLRQ,CHALLENGER,CHALLENGER,I,2712,Exileh8,44444,EUW1_7914329732,2026-07-10 14:14:47.530000+00:00,420,CLASSIC,24.433333333333334,Locke,JUNGLE,False,9,4,3,3.0,11859,15654,21202,34,152,6.221009549795362
5,S7Fy1DXRlEHc_KTCMbaP_BIjPi-v0PYigtC0oiLkIA6_AVd8CGPhQ4xIII8bQbTfbXlqt7NEerpLRQ,CHALLENGER,CHALLENGER,I,2712,Exileh8,44444,EUW1_7914356422,2026-07-10 14:48:52.816000+00:00,420,CLASSIC,25.25,Galio,MIDDLE,False,7,5,5,2.4,11742,18156,22963,30,232,9.188118811881187
5,S7Fy1DXRlEHc_KTCMbaP_BIjPi-v0PYigtC0oiLkIA6_AVd8CGPhQ4xIII8bQbTfbXlqt7NEerpLRQ,CHALLENGER,CHALLENGER,I,2712,Exileh8,44444,EUW1_7914388363,2026-07-10 15:22:36.659000+00:00,420,CLASSIC,19.033333333333335,Galio,MIDDLE,True,5,1,6,11.0,8731,14125,13891,14,173,9.089316987740805
5,S7Fy1DXRlEHc_KTCMbaP_BIjPi-v0PYigtC0oiLkIA6_AVd8CGPhQ4xIII8bQbTfbXlqt7NEerpLRQ,CHALLENGER,CHALLENGER,I,2712,Exileh8,44444,EUW1_7914750401,2026-07-10 21:06:05.070000+00:00,420,CLASSIC,25.066666666666666,Locke,UTILITY,False,5,8,10,1.875,9438,13738,25658,97,64,2.5531914893617023
5,S7Fy1DXRlEHc_KTCMbaP_BIjPi-v0PYigtC0oiLkIA6_AVd8CGPhQ4xIII8bQbTfbXlqt7NEerpLRQ,CHALLENGER,CHALLENGER,I,2712,Exileh8,44444,EUW1_7914792194,2026-07-10 21:37:24.514000+00:00,420,CLASSIC,26.3,Mel,BOTTOM,False,4,7,7,1.5714285714285714,11399,22224,17788,25,206,7.832699619771863
5,S7Fy1DXRlEHc_KTCMbaP_BIjPi-v0PYigtC0oiLkIA6_AVd8CGPhQ4xIII8bQbTfbXlqt7NEerpLRQ,CHALLENGER,CHALLENGER,I,2712,Exileh8,44444,EUW1_7914844709,2026-07-10 22:16:15.723000+00:00,420,CLASSIC,25.016666666666666,Locke,MIDDLE,True,10,1,5,15.0,13568,29112,19985,26,242,9.673550966022653
5,S7Fy1DXRlEHc_KTCMbaP_BIjPi-v0PYigtC0oiLkIA6_AVd8CGPhQ4xIII8bQbTfbXlqt7NEerpLRQ,CHALLENGER,CHALLENGER,I,2712,Exileh8,44444,EUW1_7914947296,2026-07-11 00:23:26.698000+00:00,420,CLASSIC,27.55,Ryze,MIDDLE,True,4,1,5,9.0,12875,18854,21512,27,304,11.034482758620689
5,S7Fy1DXRlEHc_KTCMbaP_BIjPi-v0PYigtC0oiLkIA6_AVd8CGPhQ4xIII8bQbTfbXlqt7NEerpLRQ,CHALLENGER,CHALLENGER,I,2712,Exileh8,44444,EUW1_7914967321,2026-07-11 01:06:48.479000+00:00,420,CLASSIC,31.583333333333332,Jayce,TOP,True,11,4,13,6.0,16049,40710,27898,45,283,8.96042216358839
5,S7Fy1DXRlEHc_KTCMbaP_BIjPi-v0PYigtC0oiLkIA6_AVd8CGPhQ4xIII8bQbTfbXlqt7NEerpLRQ,CHALLENGER,CHALLENGER,I,2712,Exileh8,44444,EUW1_7916850981,2026-07-12 21:22:55.384000+00:00,420,CLASSIC,33.516666666666666,Ryze,MIDDLE,True,16,4,9,6.25,19884,43229,33721,45,353,10.532073595226256
5,S7Fy1DXRlEHc_KTCMbaP_BIjPi-v0PYigtC0oiLkIA6_AVd8CGPhQ4xIII8bQbTfbXlqt7NEerpLRQ,CHALLENGER,CHALLENGER,I,2712,Exileh8,44444,EUW1_7917868249,2026-07-13 21:49:35.342000+00:00,420,CLASSIC,30.633333333333333,Mel,BOTTOM,False,16,6,5,3.5,16731,30922,18964,33,262,8.552774755168661
5,S7Fy1DXRlEHc_KTCMbaP_BIjPi-v0PYigtC0oiLkIA6_AVd8CGPhQ4xIII8bQbTfbXlqt7NEerpLRQ,CHALLENGER,CHALLENGER,I,2712,Exileh8,44444,EUW1_7917915967,2026-07-13 22:32:59.546000+00:00,420,CLASSIC,22.3,Ryze,MIDDLE,False,3,5,1,0.8,9132,10843,18801,25,225,10.089686098654708
5,S7Fy1DXRlEHc_KTCMbaP_BIjPi-v0PYigtC0oiLkIA6_AVd8CGPhQ4xIII8bQbTfbXlqt7NEerpLRQ,CHALLENGER,CHALLENGER,I,2712,Exileh8,44444,EUW1_7917942315,2026-07-13 23:02:43.982000+00:00,420,CLASSIC,27.216666666666665,Akali,MIDDLE,False,8,6,6,2.3333333333333335,11292,24663,30477,34,199,7.311696264543785
5,S7Fy1DXRlEHc_KTCMbaP_BIjPi-v0PYigtC0oiLkIA6_AVd8CGPhQ4xIII8bQbTfbXlqt7NEerpLRQ,CHALLENGER,CHALLENGER,I,2712,Exileh8,44444,EUW1_7917972159,2026-07-13 23:43:38.360000+00:00,420,CLASSIC,33.43333333333333,Anivia,MIDDLE,False,7,8,7,1.75,15009,26140,49685,30,273,8.165503489531407
5,S7Fy1DXRlEHc_KTCMbaP_BIjPi-v0PYigtC0oiLkIA6_AVd8CGPhQ4xIII8bQbTfbXlqt7NEerpLRQ,CHALLENGER,CHALLENGER,I,2712,Exileh8,44444,EUW1_7917995901,2026-07-14 00:28:18.832000+00:00,420,CLASSIC,27.183333333333334,Orianna,MIDDLE,True,8,4,8,4.0,12660,32121,22739,19,241,8.865726548129981
5,S7Fy1DXRlEHc_KTCMbaP_BIjPi-v0PYigtC0oiLkIA6_AVd8CGPhQ4xIII8bQbTfbXlqt7NEerpLRQ,CHALLENGER,CHALLENGER,I,2712,Exileh8,44444,EUW1_7918022231,2026-07-14 01:50:18.393000+00:00,420,CLASSIC,22.633333333333333,Jayce,MIDDLE,False,8,10,2,1.0,10816,23445,22350,22,201,8.880706921944036
5,S7Fy1DXRlEHc_KTCMbaP_BIjPi-v0PYigtC0oiLkIA6_AVd8CGPhQ4xIII8bQbTfbXlqt7NEerpLRQ,CHALLENGER,CHALLENGER,I,2712,Exileh8,44444,EUW1_7918027216,2026-07-14 02:17:35.662000+00:00,420,CLASSIC,25.75,Locke,MIDDLE,False,8,7,0,1.1428571428571428,11125,19689,28696,26,232,9.009708737864077
5,S7Fy1DXRlEHc_KTCMbaP_BIjPi-v0PYigtC0oiLkIA6_AVd8CGPhQ4xIII8bQbTfbXlqt7NEerpLRQ,CHALLENGER,CHALLENGER,I,2712,Exileh8,44444,EUW1_7918035244,2026-07-14 02:50:22.797000+00:00,420,CLASSIC,31.383333333333333,Braum,UTILITY,False,1,8,20,2.625,9320,10568,34516,124,41,1.3064259160913436
5,S7Fy1DXRlEHc_KTCMbaP_BIjPi-v0PYigtC0oiLkIA6_AVd8CGPhQ4xIII8bQbTfbXlqt7NEerpLRQ,CHALLENGER,CHALLENGER,I,2712,Exileh8,44444,EUW1_7918037390,2026-07-14 03:31:59.657000+00:00,420,CLASSIC,27.866666666666667,Mel,BOTTOM,False,7,8,8,1.875,12287,26708,23077,25,220,7.894736842105263
5,S7Fy1DXRlEHc_KTCMbaP_BIjPi-v0PYigtC0oiLkIA6_AVd8CGPhQ4xIII8bQbTfbXlqt7NEerpLRQ,CHALLENGER,CHALLENGER,I,2712,Exileh8,44444,EUW1_7918046881,2026-07-14 04:11:47.147000+00:00,420,CLASSIC,30.266666666666666,Galio,MIDDLE,True,5,3,12,5.666666666666667,13135,23355,34270,39,250,8.259911894273127
5,S7Fy1DXRlEHc_KTCMbaP_BIjPi-v0PYigtC0oiLkIA6_AVd8CGPhQ4xIII8bQbTfbXlqt7NEerpLRQ,CHALLENGER,CHALLENGER,I,2712,Exileh8,44444,EUW1_7918048241,2026-07-14 04:54:58.412000+00:00,420,CLASSIC,25.133333333333333,Ryze,MIDDLE,True,8,3,9,5.666666666666667,13556,20386,23791,25,265,10.543766578249338
5,S7Fy1DXRlEHc_KTCMbaP_BIjPi-v0PYigtC0oiLkIA6_AVd8CGPhQ4xIII8bQbTfbXlqt7NEerpLRQ,CHALLENGER,CHALLENGER,I,2712,Exileh8,44444,EUW1_7918616132,2026-07-14 18:32:35.060000+00:00,420,CLASSIC,16.416666666666668,Jayce,TOP,True,10,1,1,11.0,9054,12920,9749,13,171,10.416243654822335
5,S7Fy1DXRlEHc_KTCMbaP_BIjPi-v0PYigtC0oiLkIA6_AVd8CGPhQ4xIII8bQbTfbXlqt7NEerpLRQ,CHALLENGER,CHALLENGER,I,2712,Exileh8,44444,EUW1_7919072639,2026-07-15 09:26:33.098000+00:00,420,CLASSIC,15.383333333333333,Viktor,MIDDLE,True,4,1,4,8.0,8108,11824,6574,17,160,10.400866738894909
5,S7Fy1DXRlEHc_KTCMbaP_BIjPi-v0PYigtC0oiLkIA6_AVd8CGPhQ4xIII8bQbTfbXlqt7NEerpLRQ,CHALLENGER,CHALLENGER,I,2712,Exileh8,44444,EUW1_7919084760,2026-07-15 09:55:22.380000+00:00,420,CLASSIC,1.1166666666666667,Cassiopeia,MIDDLE,False,0,0,0,0.0,525,470,107,0,1,0.8955223880597015
5,S7Fy1DXRlEHc_KTCMbaP_BIjPi-v0PYigtC0oiLkIA6_AVd8CGPhQ4xIII8bQbTfbXlqt7NEerpLRQ,CHALLENGER,CHALLENGER,I,2712,Exileh8,44444,EUW1_7919093256,2026-07-15 10:21:37.445000+00:00,420,CLASSIC,19.483333333333334,Jayce,MIDDLE,True,8,2,3,5.5,9131,15108,11742,23,177,9.084687767322498
5,S7Fy1DXRlEHc_KTCMbaP_BIjPi-v0PYigtC0oiLkIA6_AVd8CGPhQ4xIII8bQbTfbXlqt7NEerpLRQ,CHALLENGER,CHALLENGER,I,2712,Exileh8,44444,EUW1_7919755629,2026-07-15 21:39:17.645000+00:00,420,CLASSIC,32.93333333333333,Mel,BOTTOM,True,9,9,2,1.2222222222222223,14766,26046,28382,33,254,7.71255060728745
5,S7Fy1DXRlEHc_KTCMbaP_BIjPi-v0PYigtC0oiLkIA6_AVd8CGPhQ4xIII8bQbTfbXlqt7NEerpLRQ,CHALLENGER,CHALLENGER,I,2712,Exileh8,44444,EUW1_7919809875,2026-07-15 22:32:18.008000+00:00,420,CLASSIC,30.133333333333333,Nautilus,UTILITY,True,3,8,20,2.875,9549,15513,25753,110,22,0.7300884955752213
5,S7Fy1DXRlEHc_KTCMbaP_BIjPi-v0PYigtC0oiLkIA6_AVd8CGPhQ4xIII8bQbTfbXlqt7NEerpLRQ,CHALLENGER,CHALLENGER,I,2712,Exileh8,44444,EUW1_7920000907,2026-07-16 09:02:54.153000+00:00,420,CLASSIC,34.016666666666666,Jayce,MIDDLE,False,11,11,4,1.3636363636363635,16691,42518,29622,48,255,7.496325330720236
5,S7Fy1DXRlEHc_KTCMbaP_BIjPi-v0PYigtC0oiLkIA6_AVd8CGPhQ4xIII8bQbTfbXlqt7NEerpLRQ,CHALLENGER,CHALLENGER,I,2712,Exileh8,44444,EUW1_7920017437,2026-07-16 09:50:36.548000+00:00,420,CLASSIC,24.716666666666665,Syndra,BOTTOM,True,12,5,12,4.8,13904,30488,17266,31,210,8.496291301416049
5,S7Fy1DXRlEHc_KTCMbaP_BIjPi-v0PYigtC0oiLkIA6_AVd8CGPhQ4xIII8bQbTfbXlqt7NEerpLRQ,CHALLENGER,CHALLENGER,I,2712,Exileh8,44444,EUW1_7926162205,2026-07-22 11:29:43.163000+00:00,420,CLASSIC,26.85,Jayce,TOP,True,13,3,13,8.666666666666666,16920,48201,25021,31,253,9.422718808193668
5,S7Fy1DXRlEHc_KTCMbaP_BIjPi-v0PYigtC0oiLkIA6_AVd8CGPhQ4xIII8bQbTfbXlqt7NEerpLRQ,CHALLENGER,CHALLENGER,I,2712,Exileh8,44444,EUW1_7928845253,2026-07-24 22:16:58.336000+00:00,420,CLASSIC,15.516666666666667,Syndra,BOTTOM,True,2,0,5,7.0,7930,12705,6494,17,168,10.827067669172932
5,S7Fy1DXRlEHc_KTCMbaP_BIjPi-v0PYigtC0oiLkIA6_AVd8CGPhQ4xIII8bQbTfbXlqt7NEerpLRQ,CHALLENGER,CHALLENGER,I,2712,ANB Maged,44444,EUW1_7934098822,2026-07-29 22:37:13.073000+00:00,420,CLASSIC,18.966666666666665,LeeSin,JUNGLE,False,2,3,1,1.0,6810,5808,15607,26,152,8.014059753954307
5,S7Fy1DXRlEHc_KTCMbaP_BIjPi-v0PYigtC0oiLkIA6_AVd8CGPhQ4xIII8bQbTfbXlqt7NEerpLRQ,CHALLENGER,CHALLENGER,I,2712,ANB Maged,44444,EUW1_7934138895,2026-07-29 23:15:34.497000+00:00,420,CLASSIC,25.0,Cassiopeia,MIDDLE,True,11,5,4,3.0,13393,28275,27806,32,227,9.08
5,S7Fy1DXRlEHc_KTCMbaP_BIjPi-v0PYigtC0oiLkIA6_AVd8CGPhQ4xIII8bQbTfbXlqt7NEerpLRQ,CHALLENGER,CHALLENGER,I,2712,ANB Maged,44444,EUW1_7934164008,2026-07-29 23:54:36.593000+00:00,420,CLASSIC,25.133333333333333,TwistedFate,MIDDLE,True,2,2,11,6.5,13980,16885,17951,21,279,11.10079575596817
5,S7Fy1DXRlEHc_KTCMbaP_BIjPi-v0PYigtC0oiLkIA6_AVd8CGPhQ4xIII8bQbTfbXlqt7NEerpLRQ,CHALLENGER,CHALLENGER,I,2712,ANB Maged,44444,EUW1_7934389913,2026-07-30 11:14:03.618000+00:00,420,CLASSIC,29.983333333333334,Akali,MIDDLE,True,7,5,4,2.2,12784,21250,24771,54,235,7.837687604224569
5,S7Fy1DXRlEHc_KTCMbaP_BIjPi-v0PYigtC0oiLkIA6_AVd8CGPhQ4xIII8bQbTfbXlqt7NEerpLRQ,CHALLENGER,CHALLENGER,I,2712,ANB Maged,44444,EUW1_7934622235,2026-07-30 15:28:53.557000+00:00,420,CLASSIC,26.316666666666666,Locke,MIDDLE,False,12,4,7,4.75,12761,18634,25082,31,211,8.017732742241925
5,S7Fy1DXRlEHc_KTCMbaP_BIjPi-v0PYigtC0oiLkIA6_AVd8CGPhQ4xIII8bQbTfbXlqt7NEerpLRQ,CHALLENGER,CHALLENGER,I,2712,ANB Maged,44444,EUW1_7934658084,2026-07-30 16:02:13.858000+00:00,420,CLASSIC,27.966666666666665,Locke,JUNGLE,True,20,6,7,4.5,16388,34693,32542,33,212,7.580452920143028
5,S7Fy1DXRlEHc_KTCMbaP_BIjPi-v0PYigtC0oiLkIA6_AVd8CGPhQ4xIII8bQbTfbXlqt7NEerpLRQ,CHALLENGER,CHALLENGER,I,2712,ANB Maged,44444,EUW1_7934707033,2026-07-30 16:40:44.503000+00:00,420,CLASSIC,28.433333333333334,Akali,BOTTOM,True,8,7,7,2.142857142857143,12831,28908,28881,37,199,6.998827667057444
5,S7Fy1DXRlEHc_KTCMbaP_BIjPi-v0PYigtC0oiLkIA6_AVd8CGPhQ4xIII8bQbTfbXlqt7NEerpLRQ,CHALLENGER,CHALLENGER,I,2712,ANB Maged,44444,EUW1_7935269043,2026-07-30 23:58:41.157000+00:00,420,CLASSIC,31.416666666666668,Orianna,MIDDLE,False,6,4,2,2.0,14210,27330,26750,38,290,9.23076923076923
5,S7Fy1DXRlEHc_KTCMbaP_BIjPi-v0PYigtC0oiLkIA6_AVd8CGPhQ4xIII8bQbTfbXlqt7NEerpLRQ,CHALLENGER,CHALLENGER,I,2712,ANB Maged,44444,EUW1_7935298922,2026-07-31 00:57:11.631000+00:00,420,CLASSIC,29.516666666666666,Syndra,MIDDLE,False,1,8,7,1.0,12087,20290,24773,34,273,9.24901185770751
5,S7Fy1DXRlEHc_KTCMbaP_BIjPi-v0PYigtC0oiLkIA6_AVd8CGPhQ4xIII8bQbTfbXlqt7NEerpLRQ,CHALLENGER,CHALLENGER,I,2712,ANB Maged,44444,EUW1_7935328518,2026-07-31 01:57:06.038000+00:00,420,CLASSIC,31.0,Nautilus,UTILITY,True,3,8,13,2.0,9154,9786,31734,124,40,1.2903225806451613
5,S7Fy1DXRlEHc_KTCMbaP_BIjPi-v0PYigtC0oiLkIA6_AVd8CGPhQ4xIII8bQbTfbXlqt7NEerpLRQ,CHALLENGER,CHALLENGER,I,2712,ANB Maged,44444,EUW1_7935320417,2026-07-31 02:55:47.712000+00:00,420,CLASSIC,27.7,Akali,MIDDLE,True,6,5,6,2.4,10796,23375,27827,33,208,7.509025270758123
5,S7Fy1DXRlEHc_KTCMbaP_BIjPi-v0PYigtC0oiLkIA6_AVd8CGPhQ4xIII8bQbTfbXlqt7NEerpLRQ,CHALLENGER,CHALLENGER,I,2712,ANB Maged,44444,EUW1_7935440055,2026-07-31 10:04:02.389000+00:00,420,CLASSIC,21.0,Cassiopeia,MIDDLE,True,2,0,7,9.0,9853,16219,10062,18,219,10.428571428571429
5,S7Fy1DXRlEHc_KTCMbaP_BIjPi-v0PYigtC0oiLkIA6_AVd8CGPhQ4xIII8bQbTfbXlqt7NEerpLRQ,CHALLENGER,CHALLENGER,I,2712,ANB Maged,44444,EUW1_7937378375,2026-08-01 23:18:18.195000+00:00,420,CLASSIC,29.35,Orianna,MIDDLE,False,5,9,9,1.5555555555555556,13723,29684,23372,27,229,7.802385008517887
5,S7Fy1DXRlEHc_KTCMbaP_BIjPi-v0PYigtC0oiLkIA6_AVd8CGPhQ4xIII8bQbTfbXlqt7NEerpLRQ,CHALLENGER,CHALLENGER,I,2712,ANB Maged,44444,EUW1_7937419707,2026-08-01 23:53:24.865000+00:00,420,CLASSIC,29.616666666666667,Orianna,MIDDLE,True,7,8,12,2.375,14224,22647,19395,21,257,8.677546426561621
5,S7Fy1DXRlEHc_KTCMbaP_BIjPi-v0PYigtC0oiLkIA6_AVd8CGPhQ4xIII8bQbTfbXlqt7NEerpLRQ,CHALLENGER,CHALLENGER,I,2712,ANB Maged,44444,EUW1_7938999257,2026-08-03 15:16:31.183000+00:00,420,CLASSIC,30.116666666666667,LeeSin,JUNGLE,True,9,7,19,4.0,15651,32049,47492,50,234,7.76978417266187
5,S7Fy1DXRlEHc_KTCMbaP_BIjPi-v0PYigtC0oiLkIA6_AVd8CGPhQ4xIII8bQbTfbXlqt7NEerpLRQ,CHALLENGER,CHALLENGER,I,2712,ANB Maged,44444,EUW1_7952627770,2026-08-16 18:29:47.743000+00:00,420,CLASSIC,22.316666666666666,Orianna,MIDDLE,False,1,7,1,0.2857142857142857,7979,19129,19737,20,197,8.827483196415235
5,S7Fy1DXRlEHc_KTCMbaP_BIjPi-v0PYigtC0oiLkIA6_AVd8CGPhQ4xIII8bQbTfbXlqt7NEerpLRQ,CHALLENGER,CHALLENGER,I,2712,ANB Maged,44444,EUW1_7952667937,2026-08-16 19:00:28.517000+00:00,420,CLASSIC,30.15,Jayce,MIDDLE,True,17,8,4,2.625,16482,42882,29858,40,290,9.618573797678275
5,S7Fy1DXRlEHc_KTCMbaP_BIjPi-v0PYigtC0oiLkIA6_AVd8CGPhQ4xIII8bQbTfbXlqt7NEerpLRQ,CHALLENGER,CHALLENGER,I,2712,ANB Maged,44444,EUW1_7952715319,2026-08-16 19:35:27.055000+00:00,420,CLASSIC,25.3,Locke,MIDDLE,False,10,5,1,2.2,12380,22411,25249,23,236,9.328063241106719
5,S7Fy1DXRlEHc_KTCMbaP_BIjPi-v0PYigtC0oiLkIA6_AVd8CGPhQ4xIII8bQbTfbXlqt7NEerpLRQ,CHALLENGER,CHALLENGER,I,2712,ANB Maged,44444,EUW1_7952766866,2026-08-16 20:07:24.434000+00:00,420,CLASSIC,33.95,Nunu,MIDDLE,True,4,11,14,1.6363636363636365,12299,14544,45153,46,191,5.625920471281296
5,S7Fy1DXRlEHc_KTCMbaP_BIjPi-v0PYigtC0oiLkIA6_AVd8CGPhQ4xIII8bQbTfbXlqt7NEerpLRQ,CHALLENGER,CHALLENGER,I,2712,ANB Maged,44444,EUW1_7952824961,2026-08-16 20:45:22.579000+00:00,420,CLASSIC,26.033333333333335,Orianna,MIDDLE,False,4,2,4,4.0,10998,28218,20674,36,244,9.37259923175416
5,S7Fy1DXRlEHc_KTCMbaP_BIjPi-v0PYigtC0oiLkIA6_AVd8CGPhQ4xIII8bQbTfbXlqt7NEerpLRQ,CHALLENGER,CHALLENGER,I,2712,ANB Maged,44444,EUW1_7952868010,2026-08-16 21:22:17.972000+00:00,420,CLASSIC,26.383333333333333,Nautilus,UTILITY,False,4,8,12,2.0,8854,11942,26808,90,28,1.0612760581174985
5,S7Fy1DXRlEHc_KTCMbaP_BIjPi-v0PYigtC0oiLkIA6_AVd8CGPhQ4xIII8bQbTfbXlqt7NEerpLRQ,CHALLENGER,CHALLENGER,I,2712,ANB Maged,44444,EUW1_7952910828,2026-08-16 21:54:29.892000+00:00,420,CLASSIC,22.283333333333335,Locke,BOTTOM,True,16,3,6,7.333333333333333,14304,24492,19455,27,190,8.526551982049364
5,S7Fy1DXRlEHc_KTCMbaP_BIjPi-v0PYigtC0oiLkIA6_AVd8CGPhQ4xIII8bQbTfbXlqt7NEerpLRQ,CHALLENGER,CHALLENGER,I,2712,ANB Maged,44444,EUW1_7952939998,2026-08-16 22:22:04.105000+00:00,420,CLASSIC,30.8,Locke,BOTTOM,False,9,6,4,2.1666666666666665,14603,20536,32185,39,229,7.4350649350649345
5,S7Fy1DXRlEHc_KTCMbaP_BIjPi-v0PYigtC0oiLkIA6_AVd8CGPhQ4xIII8bQbTfbXlqt7NEerpLRQ,CHALLENGER,CHALLENGER,I,2712,ANB Maged,44444,EUW1_7952972132,2026-08-16 23:06:03.121000+00:00,420,CLASSIC,37.35,Ahri,MIDDLE,True,13,5,13,5.2,18365,44320,39468,60,290,7.764390896921017
5,S7Fy1DXRlEHc_KTCMbaP_BIjPi-v0PYigtC0oiLkIA6_AVd8CGPhQ4xIII8bQbTfbXlqt7NEerpLRQ,CHALLENGER,CHALLENGER,I,2712,ANB Maged,44444,EUW1_7953008551,2026-08-16 23:47:21.182000+00:00,420,CLASSIC,20.1,Ambessa,TOP,False,1,5,2,0.6,7208,13968,19529,20,169,8.407960199004975
5,S7Fy1DXRlEHc_KTCMbaP_BIjPi-v0PYigtC0oiLkIA6_AVd8CGPhQ4xIII8bQbTfbXlqt7NEerpLRQ,CHALLENGER,CHALLENGER,I,2712,ANB Maged,44444,EUW1_7953008373,2026-08-17 00:14:00.626000+00:00,420,CLASSIC,26.033333333333335,Locke,MIDDLE,True,8,4,2,2.5,11725,15193,20907,19,242,9.295774647887324
5,S7Fy1DXRlEHc_KTCMbaP_BIjPi-v0PYigtC0oiLkIA6_AVd8CGPhQ4xIII8bQbTfbXlqt7NEerpLRQ,CHALLENGER,CHALLENGER,I,2712,ANB Maged,44444,EUW1_7953586281,2026-08-17 17:59:14.372000+00:00,420,CLASSIC,30.4,Orianna,MIDDLE,True,2,6,11,2.1666666666666665,13431,28426,22118,36,299,9.835526315789474
5,S7Fy1DXRlEHc_KTCMbaP_BIjPi-v0PYigtC0oiLkIA6_AVd8CGPhQ4xIII8bQbTfbXlqt7NEerpLRQ,CHALLENGER,CHALLENGER,I,2712,ANB Maged,44444,EUW1_7953643888,2026-08-17 18:35:35.409000+00:00,420,CLASSIC,23.866666666666667,Orianna,MIDDLE,True,6,4,14,5.0,11389,21587,16788,20,190,7.960893854748603
5,S7Fy1DXRlEHc_KTCMbaP_BIjPi-v0PYigtC0oiLkIA6_AVd8CGPhQ4xIII8bQbTfbXlqt7NEerpLRQ,CHALLENGER,CHALLENGER,I,2712,ANB Maged,44444,EUW1_7953694722,2026-08-17 19:06:13.959000+00:00,420,CLASSIC,34.63333333333333,Ornn,TOP,True,5,2,12,8.5,14440,43561,42629,38,277,7.998075072184793
5,S7Fy1DXRlEHc_KTCMbaP_BIjPi-v0PYigtC0oiLkIA6_AVd8CGPhQ4xIII8bQbTfbXlqt7NEerpLRQ,CHALLENGER,CHALLENGER,I,2712,ANB Maged,44444,EUW1_7963346408,2026-08-26 23:18:23.697000+00:00,420,CLASSIC,48.13333333333333,Nasus,MIDDLE,True,7,7,11,2.5714285714285716,18332,30041,85804,55,272,5.650969529085873
6,RB7KYv9SbHVs4zpVJZTvxojEXwT6r2UhzQA7c3qdD7FrnspalOkMIyn4o-sLyapK91Xh2R_8XhtxEg,CHALLENGER,CHALLENGER,I,2929,MetroArcher,EUW,EUW1_7932498995,2026-07-28 15:31:34.619000+00:00,420,CLASSIC,23.266666666666666,Caitlyn,BOTTOM,False,3,8,3,0.75,10466,13419,18194,10,184,7.908309455587393
6,RB7KYv9SbHVs4zpVJZTvxojEXwT6r2UhzQA7c3qdD7FrnspalOkMIyn4o-sLyapK91Xh2R_8XhtxEg,CHALLENGER,CHALLENGER,I,2929,MetroArcher,EUW,EUW1_7933331161,2026-07-29 12:40:15.829000+00:00,420,CLASSIC,21.633333333333333,Caitlyn,BOTTOM,False,1,10,0,0.1,8089,10567,19257,8,146,6.74884437596302
6,RB7KYv9SbHVs4zpVJZTvxojEXwT6r2UhzQA7c3qdD7FrnspalOkMIyn4o-sLyapK91Xh2R_8XhtxEg,CHALLENGER,CHALLENGER,I,2929,MetroArcher,EUW,EUW1_7933353199,2026-07-29 13:09:51.344000+00:00,420,CLASSIC,15.15,Caitlyn,BOTTOM,True,1,4,2,0.75,6298,3843,8174,8,108,7.128712871287129
6,RB7KYv9SbHVs4zpVJZTvxojEXwT6r2UhzQA7c3qdD7FrnspalOkMIyn4o-sLyapK91Xh2R_8XhtxEg,CHALLENGER,CHALLENGER,I,2929,MetroArcher,EUW,EUW1_7933379008,2026-07-29 13:40:15.954000+00:00,420,CLASSIC,28.866666666666667,Chogath,TOP,False,2,6,1,0.5,10039,11184,29354,38,213,7.378752886836027
6,RB7KYv9SbHVs4zpVJZTvxojEXwT6r2UhzQA7c3qdD7FrnspalOkMIyn4o-sLyapK91Xh2R_8XhtxEg,CHALLENGER,CHALLENGER,I,2929,MetroArcher,EUW,EUW1_7933418481,2026-07-29 14:18:24.788000+00:00,420,CLASSIC,26.15,Caitlyn,BOTTOM,True,4,5,10,2.8,14208,21351,15704,15,210,8.030592734225621
6,RB7KYv9SbHVs4zpVJZTvxojEXwT6r2UhzQA7c3qdD7FrnspalOkMIyn4o-sLyapK91Xh2R_8XhtxEg,CHALLENGER,CHALLENGER,I,2929,MetroArcher,EUW,EUW1_7933445693,2026-07-29 14:52:10.734000+00:00,420,CLASSIC,15.2,Caitlyn,BOTTOM,False,0,5,2,0.4,5297,5218,9930,10,116,7.631578947368421
6,RB7KYv9SbHVs4zpVJZTvxojEXwT6r2UhzQA7c3qdD7FrnspalOkMIyn4o-sLyapK91Xh2R_8XhtxEg,CHALLENGER,CHALLENGER,I,2929,MetroArcher,EUW,EUW1_7933463753,2026-07-29 15:12:14.603000+00:00,420,CLASSIC,24.883333333333333,Leona,UTILITY,False,0,8,1,0.125,5700,5437,24436,59,19,0.7635632953784327
6,RB7KYv9SbHVs4zpVJZTvxojEXwT6r2UhzQA7c3qdD7FrnspalOkMIyn4o-sLyapK91Xh2R_8XhtxEg,CHALLENGER,CHALLENGER,I,2929,MetroArcher,EUW,EUW1_7933509954,2026-07-29 15:54:18.953000+00:00,420,CLASSIC,30.75,Caitlyn,BOTTOM,True,2,8,9,1.375,14677,17202,16955,27,220,7.154471544715447
6,RB7KYv9SbHVs4zpVJZTvxojEXwT6r2UhzQA7c3qdD7FrnspalOkMIyn4o-sLyapK91Xh2R_8XhtxEg,CHALLENGER,CHALLENGER,I,2929,MetroArcher,EUW,EUW1_7934442347,2026-07-30 12:28:03.024000+00:00,420,CLASSIC,20.116666666666667,Caitlyn,BOTTOM,True,3,1,2,5.0,11977,9809,8215,13,207,10.289975144987572
6,RB7KYv9SbHVs4zpVJZTvxojEXwT6r2UhzQA7c3qdD7FrnspalOkMIyn4o-sLyapK91Xh2R_8XhtxEg,CHALLENGER,CHALLENGER,I,2929,MetroArcher,EUW,EUW1_7934472655,2026-07-30 12:54:47.720000+00:00,420,CLASSIC,27.583333333333332,Caitlyn,BOTTOM,False,9,8,5,1.75,15502,25114,18171,20,221,8.012084592145015
6,RB7KYv9SbHVs4zpVJZTvxojEXwT6r2UhzQA7c3qdD7FrnspalOkMIyn4o-sLyapK91Xh2R_8XhtxEg,CHALLENGER,CHALLENGER,I,2929,MetroArcher,EUW,EUW1_7934516748,2026-07-30 13:41:43.749000+00:00,420,CLASSIC,21.55,Caitlyn,BOTTOM,False,4,7,4,1.1428571428571428,9405,17227,18297,12,139,6.450116009280742
6,RB7KYv9SbHVs4zpVJZTvxojEXwT6r2UhzQA7c3qdD7FrnspalOkMIyn4o-sLyapK91Xh2R_8XhtxEg,CHALLENGER,CHALLENGER,I,2929,MetroArcher,EUW,EUW1_7934541060,2026-07-30 14:13:07.064000+00:00,420,CLASSIC,38.516666666666666,Caitlyn,BOTTOM,True,6,10,17,2.3,19330,34997,29105,24,296,7.684984855041108
6,RB7KYv9SbHVs4zpVJZTvxojEXwT6r2UhzQA7c3qdD7FrnspalOkMIyn4o-sLyapK91Xh2R_8XhtxEg,CHALLENGER,CHALLENGER,I,2929,MetroArcher,EUW,EUW1_7935562122,2026-07-31 12:53:55.517000+00:00,420,CLASSIC,31.533333333333335,Caitlyn,BOTTOM,True,11,5,11,4.4,18709,30793,23784,13,296,9.386892177589852
6,RB7KYv9SbHVs4zpVJZTvxojEXwT6r2UhzQA7c3qdD7FrnspalOkMIyn4o-sLyapK91Xh2R_8XhtxEg,CHALLENGER,CHALLENGER,I,2929,MetroArcher,EUW,EUW1_7935606615,2026-07-31 13:29:17.357000+00:00,420,CLASSIC,23.066666666666666,Caitlyn,BOTTOM,True,8,4,6,3.5,13807,14305,12392,15,201,8.713872832369942
6,RB7KYv9SbHVs4zpVJZTvxojEXwT6r2UhzQA7c3qdD7FrnspalOkMIyn4o-sLyapK91Xh2R_8XhtxEg,CHALLENGER,CHALLENGER,I,2929,MetroArcher,EUW,EUW1_7935639713,2026-07-31 14:07:17.191000+00:00,420,CLASSIC,38.266666666666666,Caitlyn,BOTTOM,True,7,7,23,4.285714285714286,20285,45353,30576,22,272,7.10801393728223
6,RB7KYv9SbHVs4zpVJZTvxojEXwT6r2UhzQA7c3qdD7FrnspalOkMIyn4o-sLyapK91Xh2R_8XhtxEg,CHALLENGER,CHALLENGER,I,2929,MetroArcher,EUW,EUW1_7935690495,2026-07-31 14:50:04.383000+00:00,420,CLASSIC,22.083333333333332,Caitlyn,BOTTOM,False,5,6,3,1.3333333333333333,10803,13743,13983,5,196,8.875471698113207
6,RB7KYv9SbHVs4zpVJZTvxojEXwT6r2UhzQA7c3qdD7FrnspalOkMIyn4o-sLyapK91Xh2R_8XhtxEg,CHALLENGER,CHALLENGER,I,2929,MetroArcher,EUW,EUW1_7935722796,2026-07-31 15:28:54.406000+00:00,420,CLASSIC,35.1,Caitlyn,BOTTOM,False,5,8,4,1.125,16178,21172,20148,15,270,7.692307692307692
6,RB7KYv9SbHVs4zpVJZTvxojEXwT6r2UhzQA7c3qdD7FrnspalOkMIyn4o-sLyapK91Xh2R_8XhtxEg,CHALLENGER,CHALLENGER,I,2929,MetroArcher,EUW,EUW1_7936666552,2026-08-01 12:42:36.050000+00:00,420,CLASSIC,31.75,Caitlyn,BOTTOM,False,5,7,9,2.0,16787,21775,26616,33,280,8.818897637795276
6,RB7KYv9SbHVs4zpVJZTvxojEXwT6r2UhzQA7c3qdD7FrnspalOkMIyn4o-sLyapK91Xh2R_8XhtxEg,CHALLENGER,CHALLENGER,I,2929,MetroArcher,EUW,EUW1_7936698783,2026-08-01 13:19:51.506000+00:00,420,CLASSIC,31.316666666666666,Chogath,TOP,True,6,5,7,2.6,12929,27006,39354,33,199,6.3544438531133585
6,RB7KYv9SbHVs4zpVJZTvxojEXwT6r2UhzQA7c3qdD7FrnspalOkMIyn4o-sLyapK91Xh2R_8XhtxEg,CHALLENGER,CHALLENGER,I,2929,MetroArcher,EUW,EUW1_7936766917,2026-08-01 14:27:37.953000+00:00,420,CLASSIC,21.0,Caitlyn,BOTTOM,False,2,7,5,1.0,8280,9286,16332,6,143,6.809523809523809
6,RB7KYv9SbHVs4zpVJZTvxojEXwT6r2UhzQA7c3qdD7FrnspalOkMIyn4o-sLyapK91Xh2R_8XhtxEg,CHALLENGER,CHALLENGER,I,2929,MetroArcher,EUW,EUW1_7936811549,2026-08-01 15:01:01.893000+00:00,420,CLASSIC,27.383333333333333,Caitlyn,TOP,False,6,10,2,0.8,13539,27939,21051,16,232,8.472306755934266
6,RB7KYv9SbHVs4zpVJZTvxojEXwT6r2UhzQA7c3qdD7FrnspalOkMIyn4o-sLyapK91Xh2R_8XhtxEg,CHALLENGER,CHALLENGER,I,2929,MetroArcher,EUW,EUW1_7936846327,2026-08-01 15:46:45.925000+00:00,420,CLASSIC,30.9,Caitlyn,BOTTOM,False,7,9,4,1.2222222222222223,16285,25005,28639,14,222,7.184466019417476
6,RB7KYv9SbHVs4zpVJZTvxojEXwT6r2UhzQA7c3qdD7FrnspalOkMIyn4o-sLyapK91Xh2R_8XhtxEg,CHALLENGER,CHALLENGER,I,2929,MetroArcher,EUW,EUW1_7938873421,2026-08-03 13:11:45.892000+00:00,420,CLASSIC,32.666666666666664,Caitlyn,BOTTOM,False,6,2,5,5.5,16859,32035,17781,28,278,8.510204081632654
6,RB7KYv9SbHVs4zpVJZTvxojEXwT6r2UhzQA7c3qdD7FrnspalOkMIyn4o-sLyapK91Xh2R_8XhtxEg,CHALLENGER,CHALLENGER,I,2929,MetroArcher,EUW,EUW1_7938934648,2026-08-03 14:03:05.813000+00:00,420,CLASSIC,27.7,Chogath,TOP,True,11,4,4,3.75,14532,28441,33983,39,249,8.989169675090253
6,RB7KYv9SbHVs4zpVJZTvxojEXwT6r2UhzQA7c3qdD7FrnspalOkMIyn4o-sLyapK91Xh2R_8XhtxEg,CHALLENGER,CHALLENGER,I,2929,MetroArcher,EUW,EUW1_7938980578,2026-08-03 14:49:13.334000+00:00,420,CLASSIC,27.283333333333335,Caitlyn,BOTTOM,False,6,8,3,1.125,13761,18240,19512,10,216,7.916921197312156
6,RB7KYv9SbHVs4zpVJZTvxojEXwT6r2UhzQA7c3qdD7FrnspalOkMIyn4o-sLyapK91Xh2R_8XhtxEg,CHALLENGER,CHALLENGER,I,2929,MetroArcher,EUW,EUW1_7939918646,2026-08-04 12:48:52.556000+00:00,420,CLASSIC,16.033333333333335,Caitlyn,BOTTOM,True,5,2,0,2.5,9066,11254,6058,11,145,9.043659043659042
6,RB7KYv9SbHVs4zpVJZTvxojEXwT6r2UhzQA7c3qdD7FrnspalOkMIyn4o-sLyapK91Xh2R_8XhtxEg,CHALLENGER,CHALLENGER,I,2929,MetroArcher,EUW,EUW1_7939938633,2026-08-04 13:13:05.987000+00:00,420,CLASSIC,34.13333333333333,Jinx,BOTTOM,False,7,3,10,5.666666666666667,15603,28643,17859,14,276,8.0859375
6,RB7KYv9SbHVs4zpVJZTvxojEXwT6r2UhzQA7c3qdD7FrnspalOkMIyn4o-sLyapK91Xh2R_8XhtxEg,CHALLENGER,CHALLENGER,I,2929,MetroArcher,EUW,EUW1_7939966226,2026-08-04 13:56:26.552000+00:00,420,CLASSIC,33.8,Caitlyn,BOTTOM,False,5,4,8,3.25,18812,32662,15366,22,310,9.171597633136095
6,RB7KYv9SbHVs4zpVJZTvxojEXwT6r2UhzQA7c3qdD7FrnspalOkMIyn4o-sLyapK91Xh2R_8XhtxEg,CHALLENGER,CHALLENGER,I,2929,MetroArcher,EUW,EUW1_7940007279,2026-08-04 14:40:19.405000+00:00,420,CLASSIC,15.416666666666666,Caitlyn,BOTTOM,True,4,2,2,3.0,9180,9033,5827,6,142,9.21081081081081
6,RB7KYv9SbHVs4zpVJZTvxojEXwT6r2UhzQA7c3qdD7FrnspalOkMIyn4o-sLyapK91Xh2R_8XhtxEg,CHALLENGER,CHALLENGER,I,2929,MetroArcher,EUW,EUW1_7940037021,2026-08-04 15:03:33.783000+00:00,420,CLASSIC,29.216666666666665,Caitlyn,BOTTOM,False,7,5,3,2.0,13908,19816,19403,14,230,7.872219053051912
6,RB7KYv9SbHVs4zpVJZTvxojEXwT6r2UhzQA7c3qdD7FrnspalOkMIyn4o-sLyapK91Xh2R_8XhtxEg,CHALLENGER,CHALLENGER,I,2929,MetroArcher,EUW,EUW1_7940083959,2026-08-04 15:47:18.489000+00:00,420,CLASSIC,21.083333333333332,Caitlyn,BOTTOM,True,4,2,6,5.0,9850,12544,11493,9,155,7.351778656126482
6,RB7KYv9SbHVs4zpVJZTvxojEXwT6r2UhzQA7c3qdD7FrnspalOkMIyn4o-sLyapK91Xh2R_8XhtxEg,CHALLENGER,CHALLENGER,I,2929,MetroArcher,EUW,EUW1_7941430045,2026-08-05 19:47:44.158000+00:00,420,CLASSIC,23.133333333333333,Caitlyn,BOTTOM,True,11,5,7,3.6,12860,22719,18159,12,157,6.786743515850144
6,RB7KYv9SbHVs4zpVJZTvxojEXwT6r2UhzQA7c3qdD7FrnspalOkMIyn4o-sLyapK91Xh2R_8XhtxEg,CHALLENGER,CHALLENGER,I,2929,MetroArcher,EUW,EUW1_7941472130,2026-08-05 20:17:57.814000+00:00,420,CLASSIC,30.116666666666667,Caitlyn,BOTTOM,False,3,8,7,1.25,13574,32554,20201,11,251,8.334255672385169
6,RB7KYv9SbHVs4zpVJZTvxojEXwT6r2UhzQA7c3qdD7FrnspalOkMIyn4o-sLyapK91Xh2R_8XhtxEg,CHALLENGER,CHALLENGER,I,2929,MetroArcher,EUW,EUW1_7941530984,2026-08-05 20:56:13.299000+00:00,420,CLASSIC,19.85,Caitlyn,BOTTOM,True,12,0,3,15.0,13809,18549,5944,6,177,8.916876574307304
6,RB7KYv9SbHVs4zpVJZTvxojEXwT6r2UhzQA7c3qdD7FrnspalOkMIyn4o-sLyapK91Xh2R_8XhtxEg,CHALLENGER,CHALLENGER,I,2929,MetroArcher,EUW,EUW1_7941574193,2026-08-05 21:32:11.476000+00:00,420,CLASSIC,31.516666666666666,Caitlyn,BOTTOM,False,5,7,8,1.8571428571428572,16322,53795,26958,26,272,8.630354309888947
6,RB7KYv9SbHVs4zpVJZTvxojEXwT6r2UhzQA7c3qdD7FrnspalOkMIyn4o-sLyapK91Xh2R_8XhtxEg,CHALLENGER,CHALLENGER,I,2929,MetroArcher,EUW,EUW1_7942074499,2026-08-06 14:14:20.404000+00:00,420,CLASSIC,33.166666666666664,Caitlyn,BOTTOM,True,14,8,15,3.625,18603,35739,27785,22,240,7.236180904522613
6,RB7KYv9SbHVs4zpVJZTvxojEXwT6r2UhzQA7c3qdD7FrnspalOkMIyn4o-sLyapK91Xh2R_8XhtxEg,CHALLENGER,CHALLENGER,I,2929,MetroArcher,EUW,EUW1_7942107940,2026-08-06 15:00:35.865000+00:00,420,CLASSIC,31.116666666666667,Caitlyn,BOTTOM,True,7,3,10,5.666666666666667,17586,34115,20699,24,274,8.805570433851098
6,RB7KYv9SbHVs4zpVJZTvxojEXwT6r2UhzQA7c3qdD7FrnspalOkMIyn4o-sLyapK91Xh2R_8XhtxEg,CHALLENGER,CHALLENGER,I,2929,MetroArcher,EUW,EUW1_7942159555,2026-08-06 15:42:24.806000+00:00,420,CLASSIC,27.566666666666666,Caitlyn,BOTTOM,True,10,5,5,3.0,16617,20203,16246,25,239,8.669891172914147
6,RB7KYv9SbHVs4zpVJZTvxojEXwT6r2UhzQA7c3qdD7FrnspalOkMIyn4o-sLyapK91Xh2R_8XhtxEg,CHALLENGER,CHALLENGER,I,2929,MetroArcher,EUW,EUW1_7942203299,2026-08-06 16:34:52.888000+00:00,420,CLASSIC,22.55,Caitlyn,BOTTOM,False,0,7,1,0.14285714285714285,7524,9804,13303,12,162,7.184035476718403
6,RB7KYv9SbHVs4zpVJZTvxojEXwT6r2UhzQA7c3qdD7FrnspalOkMIyn4o-sLyapK91Xh2R_8XhtxEg,CHALLENGER,CHALLENGER,I,2929,MetroArcher,EUW,EUW1_7943506638,2026-08-07 20:18:15.903000+00:00,420,CLASSIC,22.016666666666666,Ziggs,MIDDLE,True,1,2,7,4.0,10950,18858,8766,11,210,9.538228614685844
6,RB7KYv9SbHVs4zpVJZTvxojEXwT6r2UhzQA7c3qdD7FrnspalOkMIyn4o-sLyapK91Xh2R_8XhtxEg,CHALLENGER,CHALLENGER,I,2929,MetroArcher,EUW,EUW1_7943557737,2026-08-07 20:54:22.800000+00:00,420,CLASSIC,40.03333333333333,Caitlyn,BOTTOM,False,17,4,8,6.25,25139,38541,18513,29,385,9.61698584512906
6,RB7KYv9SbHVs4zpVJZTvxojEXwT6r2UhzQA7c3qdD7FrnspalOkMIyn4o-sLyapK91Xh2R_8XhtxEg,CHALLENGER,CHALLENGER,I,2929,MetroArcher,EUW,EUW1_7943623730,2026-08-07 21:42:35.311000+00:00,420,CLASSIC,24.866666666666667,Caitlyn,BOTTOM,False,1,5,2,0.6,10101,11004,14049,14,197,7.92225201072386
6,RB7KYv9SbHVs4zpVJZTvxojEXwT6r2UhzQA7c3qdD7FrnspalOkMIyn4o-sLyapK91Xh2R_8XhtxEg,CHALLENGER,CHALLENGER,I,2929,MetroArcher,EUW,EUW1_7944076567,2026-08-08 12:47:03.543000+00:00,420,CLASSIC,24.283333333333335,Caitlyn,BOTTOM,False,5,6,6,1.8333333333333333,12776,22229,15501,11,192,7.90665751544269
6,RB7KYv9SbHVs4zpVJZTvxojEXwT6r2UhzQA7c3qdD7FrnspalOkMIyn4o-sLyapK91Xh2R_8XhtxEg,CHALLENGER,CHALLENGER,I,2929,MetroArcher,EUW,EUW1_7944106601,2026-08-08 13:18:45.721000+00:00,420,CLASSIC,29.416666666666668,Jhin,BOTTOM,False,0,1,5,5.0,11346,15502,15937,9,267,9.076487252124645
6,RB7KYv9SbHVs4zpVJZTvxojEXwT6r2UhzQA7c3qdD7FrnspalOkMIyn4o-sLyapK91Xh2R_8XhtxEg,CHALLENGER,CHALLENGER,I,2929,MetroArcher,EUW,EUW1_7944145183,2026-08-08 14:09:57.844000+00:00,420,CLASSIC,26.216666666666665,Caitlyn,BOTTOM,True,12,6,6,3.0,16249,33744,17684,14,217,8.277177368086459
6,RB7KYv9SbHVs4zpVJZTvxojEXwT6r2UhzQA7c3qdD7FrnspalOkMIyn4o-sLyapK91Xh2R_8XhtxEg,CHALLENGER,CHALLENGER,I,2929,MetroArcher,EUW,EUW1_7944189845,2026-08-08 14:46:47.899000+00:00,420,CLASSIC,25.966666666666665,Caitlyn,BOTTOM,True,12,4,5,4.25,18736,30778,15365,18,247,9.51219512195122
6,RB7KYv9SbHVs4zpVJZTvxojEXwT6r2UhzQA7c3qdD7FrnspalOkMIyn4o-sLyapK91Xh2R_8XhtxEg,CHALLENGER,CHALLENGER,I,2929,MetroArcher,EUW,EUW1_7944226950,2026-08-08 15:21:45.347000+00:00,420,CLASSIC,20.416666666666668,Chogath,JUNGLE,False,0,3,0,0.0,6348,3587,16456,21,141,6.906122448979591
6,RB7KYv9SbHVs4zpVJZTvxojEXwT6r2UhzQA7c3qdD7FrnspalOkMIyn4o-sLyapK91Xh2R_8XhtxEg,CHALLENGER,CHALLENGER,I,2929,MetroArcher,EUW,EUW1_7944264988,2026-08-08 16:00:49.355000+00:00,420,CLASSIC,21.95,Caitlyn,BOTTOM,False,3,7,1,0.5714285714285714,9950,10181,13571,9,197,8.974943052391799
6,RB7KYv9SbHVs4zpVJZTvxojEXwT6r2UhzQA7c3qdD7FrnspalOkMIyn4o-sLyapK91Xh2R_8XhtxEg,CHALLENGER,CHALLENGER,I,2929,MetroArcher,EUW,EUW1_7946692818,2026-08-10 19:54:36.580000+00:00,420,CLASSIC,27.483333333333334,Caitlyn,BOTTOM,False,2,4,3,1.25,13445,19420,15721,16,270,9.82413583990297
6,RB7KYv9SbHVs4zpVJZTvxojEXwT6r2UhzQA7c3qdD7FrnspalOkMIyn4o-sLyapK91Xh2R_8XhtxEg,CHALLENGER,CHALLENGER,I,2929,MetroArcher,EUW,EUW1_7946751775,2026-08-10 20:34:47.488000+00:00,420,CLASSIC,28.083333333333332,Caitlyn,BOTTOM,True,6,2,12,9.0,15322,25924,11491,10,221,7.869436201780416
6,RB7KYv9SbHVs4zpVJZTvxojEXwT6r2UhzQA7c3qdD7FrnspalOkMIyn4o-sLyapK91Xh2R_8XhtxEg,CHALLENGER,CHALLENGER,I,2929,MetroArcher,EUW,EUW1_7946801299,2026-08-10 21:14:55.424000+00:00,420,CLASSIC,19.166666666666668,Caitlyn,BOTTOM,False,2,3,2,1.3333333333333333,8670,10540,12660,8,149,7.77391304347826
6,RB7KYv9SbHVs4zpVJZTvxojEXwT6r2UhzQA7c3qdD7FrnspalOkMIyn4o-sLyapK91Xh2R_8XhtxEg,CHALLENGER,CHALLENGER,I,2929,MetroArcher,EUW,EUW1_7946859643,2026-08-10 21:50:51.245000+00:00,420,CLASSIC,26.966666666666665,Caitlyn,BOTTOM,True,10,3,12,7.333333333333333,17522,29493,11370,17,245,9.085290482076639
6,RB7KYv9SbHVs4zpVJZTvxojEXwT6r2UhzQA7c3qdD7FrnspalOkMIyn4o-sLyapK91Xh2R_8XhtxEg,CHALLENGER,CHALLENGER,I,2929,MetroArcher,EUW,EUW1_7947743414,2026-08-11 20:34:26.538000+00:00,420,CLASSIC,23.1,Chogath,TOP,False,1,4,0,0.25,8535,10578,18054,19,222,9.61038961038961
6,RB7KYv9SbHVs4zpVJZTvxojEXwT6r2UhzQA7c3qdD7FrnspalOkMIyn4o-sLyapK91Xh2R_8XhtxEg,CHALLENGER,CHALLENGER,I,2929,MetroArcher,EUW,EUW1_7947789988,2026-08-11 21:08:02.220000+00:00,420,CLASSIC,36.13333333333333,Caitlyn,BOTTOM,False,6,5,4,2.0,18543,39362,25214,27,345,9.547970479704798
6,RB7KYv9SbHVs4zpVJZTvxojEXwT6r2UhzQA7c3qdD7FrnspalOkMIyn4o-sLyapK91Xh2R_8XhtxEg,CHALLENGER,CHALLENGER,I,2929,MetroArcher,EUW,EUW1_7947858518,2026-08-11 21:49:58.187000+00:00,420,CLASSIC,22.15,Caitlyn,BOTTOM,False,2,6,4,1.0,9649,13428,13550,17,187,8.442437923250566
6,RB7KYv9SbHVs4zpVJZTvxojEXwT6r2UhzQA7c3qdD7FrnspalOkMIyn4o-sLyapK91Xh2R_8XhtxEg,CHALLENGER,CHALLENGER,I,2929,MetroArcher,EUW,EUW1_7951141246,2026-08-15 13:10:10.388000+00:00,420,CLASSIC,31.683333333333334,Caitlyn,BOTTOM,True,11,10,9,2.0,17605,33333,27726,19,206,6.501841136244082
6,RB7KYv9SbHVs4zpVJZTvxojEXwT6r2UhzQA7c3qdD7FrnspalOkMIyn4o-sLyapK91Xh2R_8XhtxEg,CHALLENGER,CHALLENGER,I,2929,MetroArcher,EUW,EUW1_7951181220,2026-08-15 13:49:26.487000+00:00,420,CLASSIC,23.916666666666668,Caitlyn,BOTTOM,True,5,7,5,1.4285714285714286,12123,14871,13200,15,168,7.024390243902439
6,RB7KYv9SbHVs4zpVJZTvxojEXwT6r2UhzQA7c3qdD7FrnspalOkMIyn4o-sLyapK91Xh2R_8XhtxEg,CHALLENGER,CHALLENGER,I,2929,MetroArcher,EUW,EUW1_7951230619,2026-08-15 14:21:57.799000+00:00,420,CLASSIC,33.083333333333336,Chogath,TOP,False,17,3,2,6.333333333333333,17585,40441,48219,38,320,9.672544080604533
6,RB7KYv9SbHVs4zpVJZTvxojEXwT6r2UhzQA7c3qdD7FrnspalOkMIyn4o-sLyapK91Xh2R_8XhtxEg,CHALLENGER,CHALLENGER,I,2929,MetroArcher,EUW,EUW1_7951279523,2026-08-15 15:09:22.939000+00:00,420,CLASSIC,15.25,Caitlyn,BOTTOM,True,5,1,6,11.0,8092,9750,6178,4,124,8.131147540983607
6,RB7KYv9SbHVs4zpVJZTvxojEXwT6r2UhzQA7c3qdD7FrnspalOkMIyn4o-sLyapK91Xh2R_8XhtxEg,CHALLENGER,CHALLENGER,I,2929,MetroArcher,EUW,EUW1_7951306676,2026-08-15 15:36:08.695000+00:00,420,CLASSIC,27.95,Kaisa,BOTTOM,False,5,6,5,1.6666666666666667,13669,23294,16424,22,248,8.87298747763864
6,RB7KYv9SbHVs4zpVJZTvxojEXwT6r2UhzQA7c3qdD7FrnspalOkMIyn4o-sLyapK91Xh2R_8XhtxEg,CHALLENGER,CHALLENGER,I,2929,MetroArcher,EUW,EUW1_7953806622,2026-08-17 20:22:33.335000+00:00,420,CLASSIC,20.8,Caitlyn,BOTTOM,False,6,8,4,1.25,10103,18294,18126,16,157,7.5480769230769225
6,RB7KYv9SbHVs4zpVJZTvxojEXwT6r2UhzQA7c3qdD7FrnspalOkMIyn4o-sLyapK91Xh2R_8XhtxEg,CHALLENGER,CHALLENGER,I,2929,MetroArcher,EUW,EUW1_7953848689,2026-08-17 20:51:56.673000+00:00,420,CLASSIC,30.333333333333332,Caitlyn,BOTTOM,True,15,2,7,11.0,19477,40355,14474,16,302,9.956043956043956
6,RB7KYv9SbHVs4zpVJZTvxojEXwT6r2UhzQA7c3qdD7FrnspalOkMIyn4o-sLyapK91Xh2R_8XhtxEg,CHALLENGER,CHALLENGER,I,2929,MetroArcher,EUW,EUW1_7953898179,2026-08-17 21:33:25.687000+00:00,420,CLASSIC,27.4,Chogath,TOP,False,8,6,1,1.5,11535,19971,39596,32,222,8.102189781021899
6,RB7KYv9SbHVs4zpVJZTvxojEXwT6r2UhzQA7c3qdD7FrnspalOkMIyn4o-sLyapK91Xh2R_8XhtxEg,CHALLENGER,CHALLENGER,I,2929,MetroArcher,EUW,EUW1_7954773337,2026-08-18 19:50:00.689000+00:00,420,CLASSIC,28.3,Caitlyn,BOTTOM,True,6,5,7,2.6,15620,22589,11644,18,248,8.763250883392226
6,RB7KYv9SbHVs4zpVJZTvxojEXwT6r2UhzQA7c3qdD7FrnspalOkMIyn4o-sLyapK91Xh2R_8XhtxEg,CHALLENGER,CHALLENGER,I,2929,MetroArcher,EUW,EUW1_7954840330,2026-08-18 20:34:36.513000+00:00,420,CLASSIC,20.75,Caitlyn,BOTTOM,False,3,7,0,0.42857142857142855,7935,8539,13401,10,156,7.518072289156627
6,RB7KYv9SbHVs4zpVJZTvxojEXwT6r2UhzQA7c3qdD7FrnspalOkMIyn4o-sLyapK91Xh2R_8XhtxEg,CHALLENGER,CHALLENGER,I,2929,MetroArcher,EUW,EUW1_7954887159,2026-08-18 21:07:34.040000+00:00,420,CLASSIC,25.55,Caitlyn,BOTTOM,False,2,8,3,0.625,10163,19475,18690,9,181,7.084148727984344
6,RB7KYv9SbHVs4zpVJZTvxojEXwT6r2UhzQA7c3qdD7FrnspalOkMIyn4o-sLyapK91Xh2R_8XhtxEg,CHALLENGER,CHALLENGER,I,2929,MetroArcher,EUW,EUW1_7954934801,2026-08-18 21:40:55.553000+00:00,420,CLASSIC,15.266666666666667,Caitlyn,BOTTOM,True,10,0,4,14.0,10097,16892,3998,10,157,10.283842794759824
6,RB7KYv9SbHVs4zpVJZTvxojEXwT6r2UhzQA7c3qdD7FrnspalOkMIyn4o-sLyapK91Xh2R_8XhtxEg,CHALLENGER,CHALLENGER,I,2929,MetroArcher,EUW,EUW1_7955732331,2026-08-19 19:23:22.179000+00:00,420,CLASSIC,29.033333333333335,Caitlyn,BOTTOM,True,3,7,6,1.2857142857142858,13034,15345,17222,13,223,7.680826636050516
6,RB7KYv9SbHVs4zpVJZTvxojEXwT6r2UhzQA7c3qdD7FrnspalOkMIyn4o-sLyapK91Xh2R_8XhtxEg,CHALLENGER,CHALLENGER,I,2929,MetroArcher,EUW,EUW1_7955796671,2026-08-19 19:59:02.907000+00:00,420,CLASSIC,31.583333333333332,Caitlyn,BOTTOM,False,5,8,6,1.375,15788,24970,26049,24,241,7.630606860158312
6,RB7KYv9SbHVs4zpVJZTvxojEXwT6r2UhzQA7c3qdD7FrnspalOkMIyn4o-sLyapK91Xh2R_8XhtxEg,CHALLENGER,CHALLENGER,I,2929,MetroArcher,EUW,EUW1_7955841413,2026-08-19 20:39:23.558000+00:00,420,CLASSIC,29.7,Caitlyn,BOTTOM,True,5,8,9,1.75,13805,27587,18456,15,217,7.306397306397306
6,RB7KYv9SbHVs4zpVJZTvxojEXwT6r2UhzQA7c3qdD7FrnspalOkMIyn4o-sLyapK91Xh2R_8XhtxEg,CHALLENGER,CHALLENGER,I,2929,MetroArcher,EUW,EUW1_7955897065,2026-08-19 21:16:21.949000+00:00,420,CLASSIC,18.866666666666667,Caitlyn,BOTTOM,True,4,1,5,9.0,11150,9944,5313,12,190,10.070671378091873
6,RB7KYv9SbHVs4zpVJZTvxojEXwT6r2UhzQA7c3qdD7FrnspalOkMIyn4o-sLyapK91Xh2R_8XhtxEg,CHALLENGER,CHALLENGER,I,2929,MetroArcher,EUW,EUW1_7955930996,2026-08-19 21:42:58.898000+00:00,420,CLASSIC,25.933333333333334,Xayah,BOTTOM,True,12,6,7,3.1666666666666665,17589,30265,18485,11,246,9.48586118251928
6,RB7KYv9SbHVs4zpVJZTvxojEXwT6r2UhzQA7c3qdD7FrnspalOkMIyn4o-sLyapK91Xh2R_8XhtxEg,CHALLENGER,CHALLENGER,I,2929,MetroArcher,EUW,EUW1_7957784676,2026-08-21 19:46:32.254000+00:00,420,CLASSIC,26.066666666666666,Caitlyn,BOTTOM,False,1,4,4,1.25,10401,14058,14335,17,177,6.790281329923274
6,RB7KYv9SbHVs4zpVJZTvxojEXwT6r2UhzQA7c3qdD7FrnspalOkMIyn4o-sLyapK91Xh2R_8XhtxEg,CHALLENGER,CHALLENGER,I,2929,MetroArcher,EUW,EUW1_7957825098,2026-08-21 20:21:26.596000+00:00,420,CLASSIC,26.95,Leona,UTILITY,True,3,8,8,1.375,8237,7115,26186,77,22,0.8163265306122449
6,RB7KYv9SbHVs4zpVJZTvxojEXwT6r2UhzQA7c3qdD7FrnspalOkMIyn4o-sLyapK91Xh2R_8XhtxEg,CHALLENGER,CHALLENGER,I,2929,MetroArcher,EUW,EUW1_7957880027,2026-08-21 21:00:59.850000+00:00,420,CLASSIC,26.266666666666666,Caitlyn,BOTTOM,False,10,6,4,2.3333333333333335,14783,29190,16920,13,206,7.84263959390863
6,RB7KYv9SbHVs4zpVJZTvxojEXwT6r2UhzQA7c3qdD7FrnspalOkMIyn4o-sLyapK91Xh2R_8XhtxEg,CHALLENGER,CHALLENGER,I,2929,MetroArcher,EUW,EUW1_7957937300,2026-08-21 21:46:50.048000+00:00,420,CLASSIC,31.85,Caitlyn,BOTTOM,True,6,5,10,3.2,17435,28799,14244,22,295,9.262166405023548
6,RB7KYv9SbHVs4zpVJZTvxojEXwT6r2UhzQA7c3qdD7FrnspalOkMIyn4o-sLyapK91Xh2R_8XhtxEg,CHALLENGER,CHALLENGER,I,2929,MetroArcher,EUW,EUW1_7958408073,2026-08-22 13:12:49.427000+00:00,420,CLASSIC,34.45,Caitlyn,BOTTOM,True,5,7,16,3.0,16914,32011,26886,30,245,7.111756168359942
6,RB7KYv9SbHVs4zpVJZTvxojEXwT6r2UhzQA7c3qdD7FrnspalOkMIyn4o-sLyapK91Xh2R_8XhtxEg,CHALLENGER,CHALLENGER,I,2929,MetroArcher,EUW,EUW1_7958463857,2026-08-22 14:04:03.665000+00:00,420,CLASSIC,27.1,Caitlyn,BOTTOM,False,3,9,7,1.1111111111111112,11483,17985,17839,10,198,7.306273062730627
6,RB7KYv9SbHVs4zpVJZTvxojEXwT6r2UhzQA7c3qdD7FrnspalOkMIyn4o-sLyapK91Xh2R_8XhtxEg,CHALLENGER,CHALLENGER,I,2929,MetroArcher,EUW,EUW1_7958500044,2026-08-22 14:42:39.934000+00:00,420,CLASSIC,28.033333333333335,Chogath,TOP,True,14,3,6,6.666666666666667,13988,32451,33480,32,207,7.384066587395957
6,RB7KYv9SbHVs4zpVJZTvxojEXwT6r2UhzQA7c3qdD7FrnspalOkMIyn4o-sLyapK91Xh2R_8XhtxEg,CHALLENGER,CHALLENGER,I,2929,MetroArcher,EUW,EUW1_7958531245,2026-08-22 15:17:43.793000+00:00,420,CLASSIC,30.15,Caitlyn,BOTTOM,False,9,4,10,4.75,16635,41197,19752,12,246,8.159203980099504
6,RB7KYv9SbHVs4zpVJZTvxojEXwT6r2UhzQA7c3qdD7FrnspalOkMIyn4o-sLyapK91Xh2R_8XhtxEg,CHALLENGER,CHALLENGER,I,2929,MetroArcher,EUW,EUW1_7958896044,2026-08-22 20:30:25.526000+00:00,420,CLASSIC,42.05,Caitlyn,BOTTOM,False,12,6,10,3.6666666666666665,23881,56594,39818,34,373,8.870392390011892
6,RB7KYv9SbHVs4zpVJZTvxojEXwT6r2UhzQA7c3qdD7FrnspalOkMIyn4o-sLyapK91Xh2R_8XhtxEg,CHALLENGER,CHALLENGER,I,2929,MetroArcher,EUW,EUW1_7958965079,2026-08-22 21:23:08.543000+00:00,420,CLASSIC,30.0,Syndra,MIDDLE,False,2,7,2,0.5714285714285714,11787,22272,18990,12,239,7.966666666666667
6,RB7KYv9SbHVs4zpVJZTvxojEXwT6r2UhzQA7c3qdD7FrnspalOkMIyn4o-sLyapK91Xh2R_8XhtxEg,CHALLENGER,CHALLENGER,I,2929,MetroArcher,EUW,EUW1_7959995205,2026-08-23 19:51:33.823000+00:00,420,CLASSIC,20.3,Caitlyn,BOTTOM,False,1,8,0,0.125,7916,10197,16955,9,165,8.12807881773399
6,RB7KYv9SbHVs4zpVJZTvxojEXwT6r2UhzQA7c3qdD7FrnspalOkMIyn4o-sLyapK91Xh2R_8XhtxEg,CHALLENGER,CHALLENGER,I,2929,MetroArcher,EUW,EUW1_7960044970,2026-08-23 20:24:16.345000+00:00,420,CLASSIC,38.88333333333333,Caitlyn,BOTTOM,True,2,4,6,2.0,16031,20889,20574,44,306,7.869695670810116
6,RB7KYv9SbHVs4zpVJZTvxojEXwT6r2UhzQA7c3qdD7FrnspalOkMIyn4o-sLyapK91Xh2R_8XhtxEg,CHALLENGER,CHALLENGER,I,2929,MetroArcher,EUW,EUW1_7960121536,2026-08-23 21:12:43.033000+00:00,420,CLASSIC,30.366666666666667,Syndra,MIDDLE,True,4,9,11,1.6666666666666667,10431,20189,21592,8,128,4.2151481888035125
6,RB7KYv9SbHVs4zpVJZTvxojEXwT6r2UhzQA7c3qdD7FrnspalOkMIyn4o-sLyapK91Xh2R_8XhtxEg,CHALLENGER,CHALLENGER,I,2929,MetroArcher,EUW,EUW1_7960162096,2026-08-23 21:55:52.111000+00:00,420,CLASSIC,26.55,Chogath,TOP,True,13,4,6,4.75,12429,34366,36647,25,191,7.1939736346516
6,RB7KYv9SbHVs4zpVJZTvxojEXwT6r2UhzQA7c3qdD7FrnspalOkMIyn4o-sLyapK91Xh2R_8XhtxEg,CHALLENGER,CHALLENGER,I,2929,MetroArcher,EUW,EUW1_7961527476,2026-08-25 12:58:33.457000+00:00,420,CLASSIC,30.95,Caitlyn,BOTTOM,False,15,7,5,2.857142857142857,17901,37329,28960,16,222,7.172859450726979
6,RB7KYv9SbHVs4zpVJZTvxojEXwT6r2UhzQA7c3qdD7FrnspalOkMIyn4o-sLyapK91Xh2R_8XhtxEg,CHALLENGER,CHALLENGER,I,2929,MetroArcher,EUW,EUW1_7961567527,2026-08-25 13:47:16.358000+00:00,420,CLASSIC,25.9,Caitlyn,BOTTOM,True,9,2,5,7.0,16363,25764,11447,22,235,9.073359073359073
6,RB7KYv9SbHVs4zpVJZTvxojEXwT6r2UhzQA7c3qdD7FrnspalOkMIyn4o-sLyapK91Xh2R_8XhtxEg,CHALLENGER,CHALLENGER,I,2929,MetroArcher,EUW,EUW1_7961603635,2026-08-25 14:26:33.543000+00:00,420,CLASSIC,25.366666666666667,Caitlyn,BOTTOM,False,7,7,1,1.1428571428571428,13288,24118,16968,15,206,8.120893561103811
6,RB7KYv9SbHVs4zpVJZTvxojEXwT6r2UhzQA7c3qdD7FrnspalOkMIyn4o-sLyapK91Xh2R_8XhtxEg,CHALLENGER,CHALLENGER,I,2929,MetroArcher,EUW,EUW1_7961630923,2026-08-25 14:59:36.300000+00:00,420,CLASSIC,20.616666666666667,Caitlyn,BOTTOM,True,1,2,4,2.5,10574,12533,6679,8,193,9.361358124494744
6,RB7KYv9SbHVs4zpVJZTvxojEXwT6r2UhzQA7c3qdD7FrnspalOkMIyn4o-sLyapK91Xh2R_8XhtxEg,CHALLENGER,CHALLENGER,I,2929,MetroArcher,EUW,EUW1_7961671760,2026-08-25 15:36:21.976000+00:00,420,CLASSIC,28.866666666666667,Caitlyn,BOTTOM,False,2,11,5,0.6363636363636364,12418,15346,23781,19,227,7.8637413394919164
6,RB7KYv9SbHVs4zpVJZTvxojEXwT6r2UhzQA7c3qdD7FrnspalOkMIyn4o-sLyapK91Xh2R_8XhtxEg,CHALLENGER,CHALLENGER,I,2929,MetroArcher,EUW,EUW1_7962572616,2026-08-26 13:06:10.895000+00:00,420,CLASSIC,25.683333333333334,Caitlyn,BOTTOM,True,9,2,7,8.0,16783,27901,9392,18,236,9.188838416612588
6,RB7KYv9SbHVs4zpVJZTvxojEXwT6r2UhzQA7c3qdD7FrnspalOkMIyn4o-sLyapK91Xh2R_8XhtxEg,CHALLENGER,CHALLENGER,I,2929,MetroArcher,EUW,EUW1_7962601907,2026-08-26 13:37:26.392000+00:00,420,CLASSIC,21.366666666666667,Caitlyn,BOTTOM,False,2,5,1,0.6,8913,12962,11166,9,181,8.471138845553822
6,RB7KYv9SbHVs4zpVJZTvxojEXwT6r2UhzQA7c3qdD7FrnspalOkMIyn4o-sLyapK91Xh2R_8XhtxEg,CHALLENGER,CHALLENGER,I,2929,MetroArcher,EUW,EUW1_7962630307,2026-08-26 14:16:56.216000+00:00,420,CLASSIC,30.7,Caitlyn,BOTTOM,True,9,1,14,23.0,18166,33062,16465,23,265,8.631921824104234
6,RB7KYv9SbHVs4zpVJZTvxojEXwT6r2UhzQA7c3qdD7FrnspalOkMIyn4o-sLyapK91Xh2R_8XhtxEg,CHALLENGER,CHALLENGER,I,2929,MetroArcher,EUW,EUW1_7962673296,2026-08-26 14:53:14.964000+00:00,420,CLASSIC,32.56666666666667,Caitlyn,BOTTOM,False,4,6,6,1.6666666666666667,15338,26395,21127,12,242,7.4309109518935506
6,RB7KYv9SbHVs4zpVJZTvxojEXwT6r2UhzQA7c3qdD7FrnspalOkMIyn4o-sLyapK91Xh2R_8XhtxEg,CHALLENGER,CHALLENGER,I,2929,MetroArcher,EUW,EUW1_7963710716,2026-08-27 12:56:39.995000+00:00,420,CLASSIC,40.0,Caitlyn,BOTTOM,False,7,10,9,1.6,19112,29060,24206,28,323,8.075
6,RB7KYv9SbHVs4zpVJZTvxojEXwT6r2UhzQA7c3qdD7FrnspalOkMIyn4o-sLyapK91Xh2R_8XhtxEg,CHALLENGER,CHALLENGER,I,2929,MetroArcher,EUW,EUW1_7963791636,2026-08-27 14:13:57.290000+00:00,420,CLASSIC,26.4,Caitlyn,BOTTOM,True,5,4,9,3.5,13680,18635,10393,14,216,8.181818181818182
6,RB7KYv9SbHVs4zpVJZTvxojEXwT6r2UhzQA7c3qdD7FrnspalOkMIyn4o-sLyapK91Xh2R_8XhtxEg,CHALLENGER,CHALLENGER,I,2929,MetroArcher,EUW,EUW1_7963816364,2026-08-27 14:48:13.907000+00:00,420,CLASSIC,27.616666666666667,Jinx,BOTTOM,True,10,4,6,4.0,14987,19298,13961,23,240,8.690404345202172
6,RB7KYv9SbHVs4zpVJZTvxojEXwT6r2UhzQA7c3qdD7FrnspalOkMIyn4o-sLyapK91Xh2R_8XhtxEg,CHALLENGER,CHALLENGER,I,2929,MetroArcher,EUW,EUW1_7963865832,2026-08-27 15:26:33.782000+00:00,420,CLASSIC,20.0,Jhin,BOTTOM,True,3,1,7,10.0,8476,8262,7904,9,152,7.6
6,RB7KYv9SbHVs4zpVJZTvxojEXwT6r2UhzQA7c3qdD7FrnspalOkMIyn4o-sLyapK91Xh2R_8XhtxEg,CHALLENGER,CHALLENGER,I,2929,MetroArcher,EUW,EUW1_7963904142,2026-08-27 16:03:02.594000+00:00,420,CLASSIC,31.8,Syndra,BOTTOM,False,4,6,7,1.8333333333333333,13382,21167,18508,9,235,7.3899371069182385
7,Ixohe_NmUZvCpYiRdq9bOfXi91ayqx4xQhO6mdCZ4nvSSEFHJZV6yWwJp07k-a4u9uAUZgXOpg_uMg,CHALLENGER,CHALLENGER,I,3083,Percy Magic,1234,EUW1_7938787131,2026-08-03 11:04:12.387000+00:00,420,CLASSIC,31.333333333333332,Syndra,MIDDLE,True,12,3,7,6.333333333333333,17857,39235,19922,43,335,10.691489361702128
7,Ixohe_NmUZvCpYiRdq9bOfXi91ayqx4xQhO6mdCZ4nvSSEFHJZV6yWwJp07k-a4u9uAUZgXOpg_uMg,CHALLENGER,CHALLENGER,I,3083,Percy Magic,1234,EUW1_7940402212,2026-08-04 19:47:44.069000+00:00,420,CLASSIC,15.383333333333333,LeeSin,JUNGLE,True,1,1,7,8.0,6194,5375,7855,23,124,8.060671722643553
7,Ixohe_NmUZvCpYiRdq9bOfXi91ayqx4xQhO6mdCZ4nvSSEFHJZV6yWwJp07k-a4u9uAUZgXOpg_uMg,CHALLENGER,CHALLENGER,I,3083,Percy Magic,1234,EUW1_7940437419,2026-08-04 20:13:52.253000+00:00,420,CLASSIC,15.233333333333333,Anivia,MIDDLE,False,1,1,1,2.0,5569,7115,15084,17,141,9.25601750547046
7,Ixohe_NmUZvCpYiRdq9bOfXi91ayqx4xQhO6mdCZ4nvSSEFHJZV6yWwJp07k-a4u9uAUZgXOpg_uMg,CHALLENGER,CHALLENGER,I,3083,Percy Magic,1234,EUW1_7940489915,2026-08-04 20:41:46.877000+00:00,420,CLASSIC,36.166666666666664,Ezreal,BOTTOM,True,14,6,12,4.333333333333333,21942,61851,38189,60,359,9.926267281105991
7,Ixohe_NmUZvCpYiRdq9bOfXi91ayqx4xQhO6mdCZ4nvSSEFHJZV6yWwJp07k-a4u9uAUZgXOpg_uMg,CHALLENGER,CHALLENGER,I,3083,Percy Magic,1234,EUW1_7940549074,2026-08-04 21:26:49.161000+00:00,420,CLASSIC,19.85,Cassiopeia,MIDDLE,True,8,3,10,6.0,9174,25392,21090,10,153,7.707808564231738
7,Ixohe_NmUZvCpYiRdq9bOfXi91ayqx4xQhO6mdCZ4nvSSEFHJZV6yWwJp07k-a4u9uAUZgXOpg_uMg,CHALLENGER,CHALLENGER,I,3083,Percy Magic,1234,EUW1_7940593789,2026-08-04 21:59:09.958000+00:00,420,CLASSIC,34.55,Syndra,MIDDLE,False,8,6,9,2.8333333333333335,15720,38230,25268,30,314,9.088277858176557
7,Ixohe_NmUZvCpYiRdq9bOfXi91ayqx4xQhO6mdCZ4nvSSEFHJZV6yWwJp07k-a4u9uAUZgXOpg_uMg,CHALLENGER,CHALLENGER,I,3083,Percy Magic,1234,EUW1_7940865748,2026-08-05 10:13:46.312000+00:00,420,CLASSIC,25.733333333333334,Jayce,TOP,True,5,2,8,6.5,13025,25180,17158,28,266,10.336787564766839
7,Ixohe_NmUZvCpYiRdq9bOfXi91ayqx4xQhO6mdCZ4nvSSEFHJZV6yWwJp07k-a4u9uAUZgXOpg_uMg,CHALLENGER,CHALLENGER,I,3083,Percy Magic,1234,EUW1_7940888696,2026-08-05 10:55:39.367000+00:00,420,CLASSIC,1.1333333333333333,Ezreal,BOTTOM,True,0,0,0,0.0,507,0,0,0,0,0.0
7,Ixohe_NmUZvCpYiRdq9bOfXi91ayqx4xQhO6mdCZ4nvSSEFHJZV6yWwJp07k-a4u9uAUZgXOpg_uMg,CHALLENGER,CHALLENGER,I,3083,Percy Magic,1234,EUW1_7940900836,2026-08-05 11:10:37.080000+00:00,420,CLASSIC,22.433333333333334,Ryze,MIDDLE,True,3,1,6,9.0,9715,19677,18717,35,224,9.985141158989599
7,Ixohe_NmUZvCpYiRdq9bOfXi91ayqx4xQhO6mdCZ4nvSSEFHJZV6yWwJp07k-a4u9uAUZgXOpg_uMg,CHALLENGER,CHALLENGER,I,3083,Percy Magic,1234,EUW1_7941908869,2026-08-06 10:51:37.395000+00:00,420,CLASSIC,18.266666666666666,Mel,MIDDLE,False,4,5,3,1.4,6615,10768,11709,21,144,7.883211678832117
7,Ixohe_NmUZvCpYiRdq9bOfXi91ayqx4xQhO6mdCZ4nvSSEFHJZV6yWwJp07k-a4u9uAUZgXOpg_uMg,CHALLENGER,CHALLENGER,I,3083,Percy Magic,1234,EUW1_7941933481,2026-08-06 11:16:14.944000+00:00,420,CLASSIC,15.166666666666666,Viktor,MIDDLE,True,3,1,3,6.0,7100,7717,5106,10,157,10.351648351648352
7,Ixohe_NmUZvCpYiRdq9bOfXi91ayqx4xQhO6mdCZ4nvSSEFHJZV6yWwJp07k-a4u9uAUZgXOpg_uMg,CHALLENGER,CHALLENGER,I,3083,Percy Magic,1234,EUW1_7941945470,2026-08-06 11:35:37.428000+00:00,420,CLASSIC,25.733333333333334,Shen,UTILITY,True,3,5,18,4.2,8897,8701,20012,73,22,0.854922279792746
7,Ixohe_NmUZvCpYiRdq9bOfXi91ayqx4xQhO6mdCZ4nvSSEFHJZV6yWwJp07k-a4u9uAUZgXOpg_uMg,CHALLENGER,CHALLENGER,I,3083,Percy Magic,1234,EUW1_7942046277,2026-08-06 14:02:48.129000+00:00,420,CLASSIC,27.2,Ahri,MIDDLE,True,6,4,10,4.0,12990,20392,22546,30,280,10.294117647058824
7,Ixohe_NmUZvCpYiRdq9bOfXi91ayqx4xQhO6mdCZ4nvSSEFHJZV6yWwJp07k-a4u9uAUZgXOpg_uMg,CHALLENGER,CHALLENGER,I,3083,Percy Magic,1234,EUW1_7942091058,2026-08-06 14:45:22.934000+00:00,420,CLASSIC,34.15,Galio,MIDDLE,False,3,3,17,6.666666666666667,15303,31950,29261,59,320,9.370424597364568
7,Ixohe_NmUZvCpYiRdq9bOfXi91ayqx4xQhO6mdCZ4nvSSEFHJZV6yWwJp07k-a4u9uAUZgXOpg_uMg,CHALLENGER,CHALLENGER,I,3083,Percy Magic,1234,EUW1_7942144491,2026-08-06 15:25:42.558000+00:00,420,CLASSIC,24.066666666666666,Ryze,MIDDLE,False,6,6,4,1.6666666666666667,11628,24396,24934,24,233,9.681440443213296
7,Ixohe_NmUZvCpYiRdq9bOfXi91ayqx4xQhO6mdCZ4nvSSEFHJZV6yWwJp07k-a4u9uAUZgXOpg_uMg,CHALLENGER,CHALLENGER,I,3083,Percy Magic,1234,EUW1_7942942994,2026-08-07 11:11:56.922000+00:00,420,CLASSIC,22.516666666666666,Yone,TOP,True,8,4,5,3.25,11962,24112,20850,20,209,9.282013323464101
7,Ixohe_NmUZvCpYiRdq9bOfXi91ayqx4xQhO6mdCZ4nvSSEFHJZV6yWwJp07k-a4u9uAUZgXOpg_uMg,CHALLENGER,CHALLENGER,I,3083,Percy Magic,1234,EUW1_7942971557,2026-08-07 11:43:42.759000+00:00,420,CLASSIC,28.15,Anivia,MIDDLE,False,3,5,0,0.6,11579,12601,27414,30,265,9.41385435168739
7,Ixohe_NmUZvCpYiRdq9bOfXi91ayqx4xQhO6mdCZ4nvSSEFHJZV6yWwJp07k-a4u9uAUZgXOpg_uMg,CHALLENGER,CHALLENGER,I,3083,Percy Magic,1234,EUW1_7942986390,2026-08-07 12:22:34.751000+00:00,420,CLASSIC,23.75,Galio,MIDDLE,True,2,5,13,3.0,10119,18627,20478,21,201,8.463157894736842
7,Ixohe_NmUZvCpYiRdq9bOfXi91ayqx4xQhO6mdCZ4nvSSEFHJZV6yWwJp07k-a4u9uAUZgXOpg_uMg,CHALLENGER,CHALLENGER,I,3083,Percy Magic,1234,EUW1_7943261261,2026-08-07 17:04:53.319000+00:00,420,CLASSIC,26.216666666666665,Ezreal,BOTTOM,False,5,6,8,2.1666666666666665,12273,36786,23122,21,214,8.162746344564527
7,Ixohe_NmUZvCpYiRdq9bOfXi91ayqx4xQhO6mdCZ4nvSSEFHJZV6yWwJp07k-a4u9uAUZgXOpg_uMg,CHALLENGER,CHALLENGER,I,3083,Percy Magic,1234,EUW1_7944119942,2026-08-08 13:39:23.278000+00:00,420,CLASSIC,18.866666666666667,Bard,UTILITY,False,0,3,9,3.0,4976,5626,10378,54,12,0.6360424028268551
7,Ixohe_NmUZvCpYiRdq9bOfXi91ayqx4xQhO6mdCZ4nvSSEFHJZV6yWwJp07k-a4u9uAUZgXOpg_uMg,CHALLENGER,CHALLENGER,I,3083,Percy Magic,1234,EUW1_7944149672,2026-08-08 14:04:29.730000+00:00,420,CLASSIC,26.366666666666667,Leblanc,MIDDLE,False,9,5,4,2.6,13977,22736,22180,39,251,9.519595448798988
7,Ixohe_NmUZvCpYiRdq9bOfXi91ayqx4xQhO6mdCZ4nvSSEFHJZV6yWwJp07k-a4u9uAUZgXOpg_uMg,CHALLENGER,CHALLENGER,I,3083,Percy Magic,1234,EUW1_7944992778,2026-08-09 10:00:24.685000+00:00,420,CLASSIC,20.916666666666668,Syndra,MIDDLE,True,10,3,5,5.0,10964,16292,11017,21,204,9.752988047808765
7,Ixohe_NmUZvCpYiRdq9bOfXi91ayqx4xQhO6mdCZ4nvSSEFHJZV6yWwJp07k-a4u9uAUZgXOpg_uMg,CHALLENGER,CHALLENGER,I,3083,Percy Magic,1234,EUW1_7945009962,2026-08-09 10:29:27.108000+00:00,420,CLASSIC,32.583333333333336,Locke,MIDDLE,True,10,8,8,2.25,16544,27561,37594,45,276,8.470588235294118
7,Ixohe_NmUZvCpYiRdq9bOfXi91ayqx4xQhO6mdCZ4nvSSEFHJZV6yWwJp07k-a4u9uAUZgXOpg_uMg,CHALLENGER,CHALLENGER,I,3083,Percy Magic,1234,EUW1_7946075291,2026-08-10 09:32:12.880000+00:00,420,CLASSIC,27.866666666666667,Viktor,MIDDLE,False,2,9,6,0.8888888888888888,10124,16433,20891,25,223,8.002392344497608
7,Ixohe_NmUZvCpYiRdq9bOfXi91ayqx4xQhO6mdCZ4nvSSEFHJZV6yWwJp07k-a4u9uAUZgXOpg_uMg,CHALLENGER,CHALLENGER,I,3083,Percy Magic,1234,EUW1_7946099080,2026-08-10 10:05:01.383000+00:00,420,CLASSIC,31.283333333333335,Jayce,TOP,True,5,5,4,1.8,16311,29634,20411,55,316,10.101225359616409
7,Ixohe_NmUZvCpYiRdq9bOfXi91ayqx4xQhO6mdCZ4nvSSEFHJZV6yWwJp07k-a4u9uAUZgXOpg_uMg,CHALLENGER,CHALLENGER,I,3083,Percy Magic,1234,EUW1_7946124137,2026-08-10 10:50:47.960000+00:00,420,CLASSIC,26.283333333333335,Tristana,MIDDLE,True,9,5,3,2.4,14673,22882,21653,21,261,9.93024730500951
7,Ixohe_NmUZvCpYiRdq9bOfXi91ayqx4xQhO6mdCZ4nvSSEFHJZV6yWwJp07k-a4u9uAUZgXOpg_uMg,CHALLENGER,CHALLENGER,I,3083,Percy Magic,1234,EUW1_7947124035,2026-08-11 10:12:54.358000+00:00,420,CLASSIC,26.7,Mel,MIDDLE,True,15,1,1,16.0,16219,35403,11948,20,301,11.273408239700375
7,Ixohe_NmUZvCpYiRdq9bOfXi91ayqx4xQhO6mdCZ4nvSSEFHJZV6yWwJp07k-a4u9uAUZgXOpg_uMg,CHALLENGER,CHALLENGER,I,3083,Percy Magic,1234,EUW1_7948139251,2026-08-12 11:01:19.120000+00:00,420,CLASSIC,34.5,Viktor,BOTTOM,True,5,8,10,1.875,17880,31859,25990,40,334,9.681159420289855
7,Ixohe_NmUZvCpYiRdq9bOfXi91ayqx4xQhO6mdCZ4nvSSEFHJZV6yWwJp07k-a4u9uAUZgXOpg_uMg,CHALLENGER,CHALLENGER,I,3083,Percy Magic,1234,EUW1_7948188557,2026-08-12 11:44:30.673000+00:00,420,CLASSIC,21.7,Jayce,TOP,False,0,4,3,0.75,8413,10103,17278,25,210,9.67741935483871
7,Ixohe_NmUZvCpYiRdq9bOfXi91ayqx4xQhO6mdCZ4nvSSEFHJZV6yWwJp07k-a4u9uAUZgXOpg_uMg,CHALLENGER,CHALLENGER,I,3083,Percy Magic,1234,EUW1_7948271155,2026-08-12 13:45:29.304000+00:00,420,CLASSIC,28.866666666666667,Viktor,MIDDLE,False,1,9,2,0.3333333333333333,10408,17724,23559,26,269,9.318706697459584
7,Ixohe_NmUZvCpYiRdq9bOfXi91ayqx4xQhO6mdCZ4nvSSEFHJZV6yWwJp07k-a4u9uAUZgXOpg_uMg,CHALLENGER,CHALLENGER,I,3083,Percy Magic,1234,EUW1_7948826846,2026-08-12 22:17:41.918000+00:00,420,CLASSIC,30.783333333333335,Tristana,MIDDLE,False,12,4,7,4.75,18626,54484,32264,38,313,10.167839740119112
7,Ixohe_NmUZvCpYiRdq9bOfXi91ayqx4xQhO6mdCZ4nvSSEFHJZV6yWwJp07k-a4u9uAUZgXOpg_uMg,CHALLENGER,CHALLENGER,I,3083,Percy Magic,1234,EUW1_7949085020,2026-08-13 10:52:37.573000+00:00,420,CLASSIC,30.2,Tristana,BOTTOM,False,4,4,2,1.5,16068,16709,17165,31,310,10.264900662251655
7,Ixohe_NmUZvCpYiRdq9bOfXi91ayqx4xQhO6mdCZ4nvSSEFHJZV6yWwJp07k-a4u9uAUZgXOpg_uMg,CHALLENGER,CHALLENGER,I,3083,Percy Magic,1234,EUW1_7949107356,2026-08-13 11:35:04.270000+00:00,420,CLASSIC,24.383333333333333,Syndra,MIDDLE,True,8,1,5,13.0,13665,32366,12039,30,256,10.498974709501026
7,Ixohe_NmUZvCpYiRdq9bOfXi91ayqx4xQhO6mdCZ4nvSSEFHJZV6yWwJp07k-a4u9uAUZgXOpg_uMg,CHALLENGER,CHALLENGER,I,3083,Percy Magic,1234,EUW1_7949150394,2026-08-13 12:37:30.681000+00:00,420,CLASSIC,24.8,Locke,MIDDLE,False,6,8,4,1.25,10395,20212,24050,18,200,8.064516129032258
7,Ixohe_NmUZvCpYiRdq9bOfXi91ayqx4xQhO6mdCZ4nvSSEFHJZV6yWwJp07k-a4u9uAUZgXOpg_uMg,CHALLENGER,CHALLENGER,I,3083,Percy Magic,1234,EUW1_7949192801,2026-08-13 13:15:08.610000+00:00,420,CLASSIC,20.483333333333334,Annie,MIDDLE,True,3,10,5,0.8,7085,14723,17961,23,131,6.395443449959316
7,Ixohe_NmUZvCpYiRdq9bOfXi91ayqx4xQhO6mdCZ4nvSSEFHJZV6yWwJp07k-a4u9uAUZgXOpg_uMg,CHALLENGER,CHALLENGER,I,3083,Percy Magic,1234,EUW1_7950017096,2026-08-14 10:59:48.883000+00:00,420,CLASSIC,30.8,Anivia,MIDDLE,False,5,7,5,1.4285714285714286,12784,15073,40012,25,270,8.766233766233766
7,Ixohe_NmUZvCpYiRdq9bOfXi91ayqx4xQhO6mdCZ4nvSSEFHJZV6yWwJp07k-a4u9uAUZgXOpg_uMg,CHALLENGER,CHALLENGER,I,3083,Percy Magic,1234,EUW1_7950324091,2026-08-14 16:35:55.820000+00:00,420,CLASSIC,27.216666666666665,Locke,MIDDLE,True,7,0,6,13.0,13997,20183,14015,30,296,10.875688916105329
7,Ixohe_NmUZvCpYiRdq9bOfXi91ayqx4xQhO6mdCZ4nvSSEFHJZV6yWwJp07k-a4u9uAUZgXOpg_uMg,CHALLENGER,CHALLENGER,I,3083,Percy Magic,1234,EUW1_7950374189,2026-08-14 17:22:29.072000+00:00,420,CLASSIC,26.833333333333332,Annie,MIDDLE,True,10,4,15,6.25,13959,34535,18040,28,254,9.46583850931677
7,Ixohe_NmUZvCpYiRdq9bOfXi91ayqx4xQhO6mdCZ4nvSSEFHJZV6yWwJp07k-a4u9uAUZgXOpg_uMg,CHALLENGER,CHALLENGER,I,3083,Percy Magic,1234,EUW1_7950675978,2026-08-14 21:24:11.564000+00:00,420,CLASSIC,23.616666666666667,Galio,MIDDLE,False,1,7,1,0.2857142857142857,8280,13390,22451,17,190,8.045165843330981
7,Ixohe_NmUZvCpYiRdq9bOfXi91ayqx4xQhO6mdCZ4nvSSEFHJZV6yWwJp07k-a4u9uAUZgXOpg_uMg,CHALLENGER,CHALLENGER,I,3083,Percy Magic,1234,EUW1_7951602622,2026-08-15 19:59:16.596000+00:00,420,CLASSIC,37.43333333333333,Viktor,MIDDLE,False,4,4,6,2.5,17880,40824,29390,55,375,10.017809439002672
7,Ixohe_NmUZvCpYiRdq9bOfXi91ayqx4xQhO6mdCZ4nvSSEFHJZV6yWwJp07k-a4u9uAUZgXOpg_uMg,CHALLENGER,CHALLENGER,I,3083,Percy Magic,1234,EUW1_7952952283,2026-08-16 22:44:42.783000+00:00,420,CLASSIC,19.683333333333334,Anivia,MIDDLE,False,0,2,1,0.5,7049,9874,14505,28,200,10.160880609652837
7,Ixohe_NmUZvCpYiRdq9bOfXi91ayqx4xQhO6mdCZ4nvSSEFHJZV6yWwJp07k-a4u9uAUZgXOpg_uMg,CHALLENGER,CHALLENGER,I,3083,Percy Magic,1234,EUW1_7952978439,2026-08-16 23:19:19.402000+00:00,420,CLASSIC,15.583333333333334,Jhin,BOTTOM,True,3,1,3,6.0,7063,4512,3990,8,153,9.818181818181818
7,Ixohe_NmUZvCpYiRdq9bOfXi91ayqx4xQhO6mdCZ4nvSSEFHJZV6yWwJp07k-a4u9uAUZgXOpg_uMg,CHALLENGER,CHALLENGER,I,3083,Percy Magic,1234,EUW1_7953143926,2026-08-17 09:21:01.276000+00:00,420,CLASSIC,39.03333333333333,Ryze,MIDDLE,False,11,5,11,4.4,20828,41274,40425,50,347,8.889837745516653
7,Ixohe_NmUZvCpYiRdq9bOfXi91ayqx4xQhO6mdCZ4nvSSEFHJZV6yWwJp07k-a4u9uAUZgXOpg_uMg,CHALLENGER,CHALLENGER,I,3083,Percy Magic,1234,EUW1_7953169762,2026-08-17 10:09:12.833000+00:00,420,CLASSIC,24.1,Shen,UTILITY,True,1,3,21,7.333333333333333,8431,8933,18370,70,21,0.871369294605809
7,Ixohe_NmUZvCpYiRdq9bOfXi91ayqx4xQhO6mdCZ4nvSSEFHJZV6yWwJp07k-a4u9uAUZgXOpg_uMg,CHALLENGER,CHALLENGER,I,3083,Percy Magic,1234,EUW1_7953568070,2026-08-17 17:40:59.520000+00:00,420,CLASSIC,29.15,Cassiopeia,MIDDLE,True,12,3,6,6.0,17343,37321,32733,28,297,10.18867924528302
7,Ixohe_NmUZvCpYiRdq9bOfXi91ayqx4xQhO6mdCZ4nvSSEFHJZV6yWwJp07k-a4u9uAUZgXOpg_uMg,CHALLENGER,CHALLENGER,I,3083,Percy Magic,1234,EUW1_7953945013,2026-08-17 22:14:17.524000+00:00,420,CLASSIC,19.3,Syndra,MIDDLE,True,10,1,4,14.0,10387,21306,9331,21,186,9.637305699481866
7,Ixohe_NmUZvCpYiRdq9bOfXi91ayqx4xQhO6mdCZ4nvSSEFHJZV6yWwJp07k-a4u9uAUZgXOpg_uMg,CHALLENGER,CHALLENGER,I,3083,Percy Magic,1234,EUW1_7953988527,2026-08-17 22:53:08.344000+00:00,420,CLASSIC,30.616666666666667,Lucian,BOTTOM,False,2,8,3,0.625,15851,20633,25948,32,328,10.713119216113228
7,Ixohe_NmUZvCpYiRdq9bOfXi91ayqx4xQhO6mdCZ4nvSSEFHJZV6yWwJp07k-a4u9uAUZgXOpg_uMg,CHALLENGER,CHALLENGER,I,3083,Percy Magic,1234,EUW1_7954182008,2026-08-18 10:00:47.075000+00:00,420,CLASSIC,27.3,Jayce,TOP,True,10,5,4,2.8,13873,35201,20815,46,252,9.23076923076923
7,Ixohe_NmUZvCpYiRdq9bOfXi91ayqx4xQhO6mdCZ4nvSSEFHJZV6yWwJp07k-a4u9uAUZgXOpg_uMg,CHALLENGER,CHALLENGER,I,3083,Percy Magic,1234,EUW1_7954201111,2026-08-18 10:37:10.279000+00:00,420,CLASSIC,23.066666666666666,TwistedFate,MIDDLE,True,1,3,11,4.0,10773,13754,13052,31,221,9.580924855491329
7,Ixohe_NmUZvCpYiRdq9bOfXi91ayqx4xQhO6mdCZ4nvSSEFHJZV6yWwJp07k-a4u9uAUZgXOpg_uMg,CHALLENGER,CHALLENGER,I,3083,Percy Magic,1234,EUW1_7954928231,2026-08-18 21:42:53.553000+00:00,420,CLASSIC,26.816666666666666,Viktor,MIDDLE,True,6,0,7,13.0,12520,31338,14444,22,255,9.509011808576755
7,Ixohe_NmUZvCpYiRdq9bOfXi91ayqx4xQhO6mdCZ4nvSSEFHJZV6yWwJp07k-a4u9uAUZgXOpg_uMg,CHALLENGER,CHALLENGER,I,3083,Percy Magic,1234,EUW1_7954968955,2026-08-18 22:14:07.384000+00:00,420,CLASSIC,37.43333333333333,TwistedFate,MIDDLE,False,5,9,2,0.7777777777777778,18043,27391,34179,57,346,9.243098842386466
7,Ixohe_NmUZvCpYiRdq9bOfXi91ayqx4xQhO6mdCZ4nvSSEFHJZV6yWwJp07k-a4u9uAUZgXOpg_uMg,CHALLENGER,CHALLENGER,I,3083,Percy Magic,1234,EUW1_7955009977,2026-08-18 22:59:55.822000+00:00,420,CLASSIC,34.11666666666667,Anivia,MIDDLE,False,2,5,9,2.2,15028,24117,32410,42,343,10.053737176355643
7,Ixohe_NmUZvCpYiRdq9bOfXi91ayqx4xQhO6mdCZ4nvSSEFHJZV6yWwJp07k-a4u9uAUZgXOpg_uMg,CHALLENGER,CHALLENGER,I,3083,Percy Magic,1234,EUW1_7955035363,2026-08-18 23:44:27.641000+00:00,420,CLASSIC,26.533333333333335,Azir,MIDDLE,False,7,2,3,5.0,13872,29954,15727,35,273,10.28894472361809
7,Ixohe_NmUZvCpYiRdq9bOfXi91ayqx4xQhO6mdCZ4nvSSEFHJZV6yWwJp07k-a4u9uAUZgXOpg_uMg,CHALLENGER,CHALLENGER,I,3083,Percy Magic,1234,EUW1_7955209745,2026-08-19 09:55:06.912000+00:00,420,CLASSIC,23.983333333333334,Ryze,MIDDLE,True,5,4,4,2.25,11669,17563,16942,36,237,9.881862404447533
7,Ixohe_NmUZvCpYiRdq9bOfXi91ayqx4xQhO6mdCZ4nvSSEFHJZV6yWwJp07k-a4u9uAUZgXOpg_uMg,CHALLENGER,CHALLENGER,I,3083,Percy Magic,1234,EUW1_7955218115,2026-08-19 10:24:02.363000+00:00,420,CLASSIC,15.733333333333333,Syndra,MIDDLE,True,7,4,2,2.25,7384,13769,10494,14,132,8.389830508474576
7,Ixohe_NmUZvCpYiRdq9bOfXi91ayqx4xQhO6mdCZ4nvSSEFHJZV6yWwJp07k-a4u9uAUZgXOpg_uMg,CHALLENGER,CHALLENGER,I,3083,Percy Magic,1234,EUW1_7955228334,2026-08-19 10:44:52.504000+00:00,420,CLASSIC,33.06666666666667,Vayne,TOP,True,6,7,10,2.2857142857142856,16562,21453,29863,45,292,8.830645161290322
7,Ixohe_NmUZvCpYiRdq9bOfXi91ayqx4xQhO6mdCZ4nvSSEFHJZV6yWwJp07k-a4u9uAUZgXOpg_uMg,CHALLENGER,CHALLENGER,I,3083,Percy Magic,1234,EUW1_7955340576,2026-08-19 13:09:28.455000+00:00,420,CLASSIC,24.283333333333335,Galio,MIDDLE,True,4,5,13,3.4,11723,22746,22325,23,217,8.936170212765957
7,Ixohe_NmUZvCpYiRdq9bOfXi91ayqx4xQhO6mdCZ4nvSSEFHJZV6yWwJp07k-a4u9uAUZgXOpg_uMg,CHALLENGER,CHALLENGER,I,3083,Percy Magic,1234,EUW1_7955370595,2026-08-19 13:49:14.724000+00:00,420,CLASSIC,27.85,Ezreal,BOTTOM,False,1,7,1,0.2857142857142857,11206,15746,21229,16,270,9.694793536804308
7,Ixohe_NmUZvCpYiRdq9bOfXi91ayqx4xQhO6mdCZ4nvSSEFHJZV6yWwJp07k-a4u9uAUZgXOpg_uMg,CHALLENGER,CHALLENGER,I,3083,Percy Magic,1234,EUW1_7955945419,2026-08-19 22:01:57.772000+00:00,420,CLASSIC,28.666666666666668,Anivia,MIDDLE,False,4,6,7,1.8333333333333333,10996,22909,35004,39,221,7.709302325581395
7,Ixohe_NmUZvCpYiRdq9bOfXi91ayqx4xQhO6mdCZ4nvSSEFHJZV6yWwJp07k-a4u9uAUZgXOpg_uMg,CHALLENGER,CHALLENGER,I,3083,Percy Magic,1234,EUW1_7955996758,2026-08-19 22:43:54.742000+00:00,420,CLASSIC,24.366666666666667,Annie,MIDDLE,True,1,2,7,4.0,10509,16701,13278,23,245,10.054719562243502
7,Ixohe_NmUZvCpYiRdq9bOfXi91ayqx4xQhO6mdCZ4nvSSEFHJZV6yWwJp07k-a4u9uAUZgXOpg_uMg,CHALLENGER,CHALLENGER,I,3083,Percy Magic,1234,EUW1_7956914445,2026-08-20 21:41:27.172000+00:00,420,CLASSIC,18.45,Nasus,TOP,True,3,4,0,0.75,6662,14469,26278,11,160,8.67208672086721
7,Ixohe_NmUZvCpYiRdq9bOfXi91ayqx4xQhO6mdCZ4nvSSEFHJZV6yWwJp07k-a4u9uAUZgXOpg_uMg,CHALLENGER,CHALLENGER,I,3083,Percy Magic,1234,EUW1_7957001452,2026-08-20 23:10:12.402000+00:00,420,CLASSIC,22.283333333333335,Ryze,MIDDLE,True,12,3,3,5.0,12168,18555,15365,22,232,10.411368735976065
7,Ixohe_NmUZvCpYiRdq9bOfXi91ayqx4xQhO6mdCZ4nvSSEFHJZV6yWwJp07k-a4u9uAUZgXOpg_uMg,CHALLENGER,CHALLENGER,I,3083,Percy Magic,1234,EUW1_7957252470,2026-08-21 10:48:15.776000+00:00,420,CLASSIC,29.466666666666665,Syndra,MIDDLE,True,6,7,6,1.7142857142857142,13865,28271,20775,36,273,9.264705882352942
7,Ixohe_NmUZvCpYiRdq9bOfXi91ayqx4xQhO6mdCZ4nvSSEFHJZV6yWwJp07k-a4u9uAUZgXOpg_uMg,CHALLENGER,CHALLENGER,I,3083,Percy Magic,1234,EUW1_7957278540,2026-08-21 11:28:55.893000+00:00,420,CLASSIC,29.933333333333334,Nasus,MIDDLE,False,5,7,6,1.5714285714285714,12601,16309,33203,33,233,7.783964365256125
7,Ixohe_NmUZvCpYiRdq9bOfXi91ayqx4xQhO6mdCZ4nvSSEFHJZV6yWwJp07k-a4u9uAUZgXOpg_uMg,CHALLENGER,CHALLENGER,I,3083,Percy Magic,1234,EUW1_7957298842,2026-08-21 12:07:40.075000+00:00,420,CLASSIC,31.1,Ahri,MIDDLE,True,8,6,7,2.5,14418,27579,35222,30,270,8.681672025723472
7,Ixohe_NmUZvCpYiRdq9bOfXi91ayqx4xQhO6mdCZ4nvSSEFHJZV6yWwJp07k-a4u9uAUZgXOpg_uMg,CHALLENGER,CHALLENGER,I,3083,Percy Magic,1234,EUW1_7957323245,2026-08-21 12:45:19.241000+00:00,420,CLASSIC,27.383333333333333,Locke,MIDDLE,False,12,6,3,2.5,13503,25441,29064,38,229,8.362751065124773
7,Ixohe_NmUZvCpYiRdq9bOfXi91ayqx4xQhO6mdCZ4nvSSEFHJZV6yWwJp07k-a4u9uAUZgXOpg_uMg,CHALLENGER,CHALLENGER,I,3083,Percy Magic,1234,EUW1_7957422691,2026-08-21 14:24:06.623000+00:00,420,CLASSIC,29.283333333333335,Nasus,TOP,False,9,4,4,3.25,15101,21611,39551,40,261,8.912919749573135
7,Ixohe_NmUZvCpYiRdq9bOfXi91ayqx4xQhO6mdCZ4nvSSEFHJZV6yWwJp07k-a4u9uAUZgXOpg_uMg,CHALLENGER,CHALLENGER,I,3083,Percy Magic,1234,EUW1_7958009400,2026-08-21 22:49:54.488000+00:00,420,CLASSIC,23.116666666666667,Galio,MIDDLE,False,0,2,0,0.0,8416,5375,16911,23,216,9.343907714491708
7,Ixohe_NmUZvCpYiRdq9bOfXi91ayqx4xQhO6mdCZ4nvSSEFHJZV6yWwJp07k-a4u9uAUZgXOpg_uMg,CHALLENGER,CHALLENGER,I,3083,Percy Magic,1234,EUW1_7958051648,2026-08-21 23:19:55.523000+00:00,420,CLASSIC,28.05,Viktor,MIDDLE,False,5,9,3,0.8888888888888888,11390,26950,23702,37,243,8.663101604278074
7,Ixohe_NmUZvCpYiRdq9bOfXi91ayqx4xQhO6mdCZ4nvSSEFHJZV6yWwJp07k-a4u9uAUZgXOpg_uMg,CHALLENGER,CHALLENGER,I,3083,Percy Magic,1234,EUW1_7958073207,2026-08-22 00:00:47.389000+00:00,420,CLASSIC,28.666666666666668,Nasus,MIDDLE,False,4,9,6,1.1111111111111112,11985,19671,46999,22,235,8.19767441860465
7,Ixohe_NmUZvCpYiRdq9bOfXi91ayqx4xQhO6mdCZ4nvSSEFHJZV6yWwJp07k-a4u9uAUZgXOpg_uMg,CHALLENGER,CHALLENGER,I,3083,Percy Magic,1234,EUW1_7958276111,2026-08-22 10:32:01.853000+00:00,420,CLASSIC,32.61666666666667,Camille,MIDDLE,False,5,5,8,2.6,14439,22784,34078,39,297,9.10577414409811
7,Ixohe_NmUZvCpYiRdq9bOfXi91ayqx4xQhO6mdCZ4nvSSEFHJZV6yWwJp07k-a4u9uAUZgXOpg_uMg,CHALLENGER,CHALLENGER,I,3083,Percy Magic,1234,EUW1_7958607793,2026-08-22 16:22:12.063000+00:00,420,CLASSIC,27.716666666666665,Shen,UTILITY,True,5,4,23,7.0,10645,15695,22434,83,40,1.4431749849669273
7,Ixohe_NmUZvCpYiRdq9bOfXi91ayqx4xQhO6mdCZ4nvSSEFHJZV6yWwJp07k-a4u9uAUZgXOpg_uMg,CHALLENGER,CHALLENGER,I,3083,Percy Magic,1234,EUW1_7958652764,2026-08-22 17:05:33.075000+00:00,420,CLASSIC,26.55,Syndra,MIDDLE,False,1,7,3,0.5714285714285714,10345,14630,15110,29,219,8.248587570621469
7,Ixohe_NmUZvCpYiRdq9bOfXi91ayqx4xQhO6mdCZ4nvSSEFHJZV6yWwJp07k-a4u9uAUZgXOpg_uMg,CHALLENGER,CHALLENGER,I,3083,Percy Magic,1234,EUW1_7958690086,2026-08-22 17:44:06.531000+00:00,420,CLASSIC,26.133333333333333,Mel,MIDDLE,False,9,8,3,1.5,12023,36217,19640,29,239,9.145408163265307
7,Ixohe_NmUZvCpYiRdq9bOfXi91ayqx4xQhO6mdCZ4nvSSEFHJZV6yWwJp07k-a4u9uAUZgXOpg_uMg,CHALLENGER,CHALLENGER,I,3083,Percy Magic,1234,EUW1_7958729315,2026-08-22 18:22:52.433000+00:00,420,CLASSIC,42.2,Ezreal,BOTTOM,True,18,3,11,9.666666666666666,26158,105099,37441,45,438,10.379146919431278
7,Ixohe_NmUZvCpYiRdq9bOfXi91ayqx4xQhO6mdCZ4nvSSEFHJZV6yWwJp07k-a4u9uAUZgXOpg_uMg,CHALLENGER,CHALLENGER,I,3083,Percy Magic,1234,EUW1_7958934699,2026-08-22 20:54:17.468000+00:00,420,CLASSIC,30.9,Orianna,MIDDLE,True,10,4,12,5.5,15648,36141,20709,35,303,9.805825242718447
7,Ixohe_NmUZvCpYiRdq9bOfXi91ayqx4xQhO6mdCZ4nvSSEFHJZV6yWwJp07k-a4u9uAUZgXOpg_uMg,CHALLENGER,CHALLENGER,I,3083,Percy Magic,1234,EUW1_7958975316,2026-08-22 21:33:50.228000+00:00,420,CLASSIC,27.916666666666668,Syndra,MIDDLE,True,13,4,13,6.5,19047,54902,17347,22,287,10.280597014925373
7,Ixohe_NmUZvCpYiRdq9bOfXi91ayqx4xQhO6mdCZ4nvSSEFHJZV6yWwJp07k-a4u9uAUZgXOpg_uMg,CHALLENGER,CHALLENGER,I,3083,Percy Magic,1234,EUW1_7959011455,2026-08-22 22:06:34.368000+00:00,420,CLASSIC,30.65,Vayne,TOP,False,6,8,4,1.25,13640,22248,25881,29,282,9.200652528548124
7,Ixohe_NmUZvCpYiRdq9bOfXi91ayqx4xQhO6mdCZ4nvSSEFHJZV6yWwJp07k-a4u9uAUZgXOpg_uMg,CHALLENGER,CHALLENGER,I,3083,Percy Magic,1234,EUW1_7959063004,2026-08-22 22:46:05.706000+00:00,420,CLASSIC,23.9,Syndra,MIDDLE,False,5,6,6,1.8333333333333333,9485,20195,19431,26,201,8.410041841004185
7,Ixohe_NmUZvCpYiRdq9bOfXi91ayqx4xQhO6mdCZ4nvSSEFHJZV6yWwJp07k-a4u9uAUZgXOpg_uMg,CHALLENGER,CHALLENGER,I,3083,Percy Magic,1234,EUW1_7959106650,2026-08-22 23:21:33.616000+00:00,420,CLASSIC,24.85,Mel,MIDDLE,True,15,2,4,9.5,15547,33414,18332,27,256,10.301810865191147
7,Ixohe_NmUZvCpYiRdq9bOfXi91ayqx4xQhO6mdCZ4nvSSEFHJZV6yWwJp07k-a4u9uAUZgXOpg_uMg,CHALLENGER,CHALLENGER,I,3083,Percy Magic,1234,EUW1_7959360957,2026-08-23 11:10:04.945000+00:00,420,CLASSIC,33.85,Cassiopeia,MIDDLE,True,8,6,10,3.0,15325,39198,41889,33,274,8.094534711964549
7,Ixohe_NmUZvCpYiRdq9bOfXi91ayqx4xQhO6mdCZ4nvSSEFHJZV6yWwJp07k-a4u9uAUZgXOpg_uMg,CHALLENGER,CHALLENGER,I,3083,Percy Magic,1234,EUW1_7960162096,2026-08-23 21:55:52.111000+00:00,420,CLASSIC,26.55,TwistedFate,MIDDLE,False,5,7,10,2.142857142857143,13215,20234,27817,32,210,7.909604519774011
7,Ixohe_NmUZvCpYiRdq9bOfXi91ayqx4xQhO6mdCZ4nvSSEFHJZV6yWwJp07k-a4u9uAUZgXOpg_uMg,CHALLENGER,CHALLENGER,I,3083,Percy Magic,1234,EUW1_7960192352,2026-08-23 22:33:04.921000+00:00,420,CLASSIC,9.35,Nasus,TOP,False,0,1,0,0.0,3030,3786,9364,4,74,7.914438502673797
7,Ixohe_NmUZvCpYiRdq9bOfXi91ayqx4xQhO6mdCZ4nvSSEFHJZV6yWwJp07k-a4u9uAUZgXOpg_uMg,CHALLENGER,CHALLENGER,I,3083,Percy Magic,1234,EUW1_7960224683,2026-08-23 22:59:56.626000+00:00,420,CLASSIC,24.75,Viktor,MIDDLE,False,5,5,4,1.8,10932,28509,19714,15,233,9.414141414141413
7,Ixohe_NmUZvCpYiRdq9bOfXi91ayqx4xQhO6mdCZ4nvSSEFHJZV6yWwJp07k-a4u9uAUZgXOpg_uMg,CHALLENGER,CHALLENGER,I,3083,Percy Magic,1234,EUW1_7960399959,2026-08-24 09:54:18.243000+00:00,420,CLASSIC,33.25,Locke,MIDDLE,False,12,7,5,2.4285714285714284,18763,38421,41517,29,300,9.022556390977444
7,Ixohe_NmUZvCpYiRdq9bOfXi91ayqx4xQhO6mdCZ4nvSSEFHJZV6yWwJp07k-a4u9uAUZgXOpg_uMg,CHALLENGER,CHALLENGER,I,3083,Percy Magic,1234,EUW1_7960417335,2026-08-24 10:33:32.052000+00:00,420,CLASSIC,23.766666666666666,Ryze,MIDDLE,True,3,3,8,3.6666666666666665,10228,17633,17495,16,224,9.424964936886395
7,Ixohe_NmUZvCpYiRdq9bOfXi91ayqx4xQhO6mdCZ4nvSSEFHJZV6yWwJp07k-a4u9uAUZgXOpg_uMg,CHALLENGER,CHALLENGER,I,3083,Percy Magic,1234,EUW1_7961400311,2026-08-25 10:04:38.346000+00:00,420,CLASSIC,15.233333333333333,Kaisa,BOTTOM,False,1,4,2,0.75,5829,5603,9437,10,120,7.87746170678337
7,Ixohe_NmUZvCpYiRdq9bOfXi91ayqx4xQhO6mdCZ4nvSSEFHJZV6yWwJp07k-a4u9uAUZgXOpg_uMg,CHALLENGER,CHALLENGER,I,3083,Percy Magic,1234,EUW1_7961414392,2026-08-25 10:28:56.559000+00:00,420,CLASSIC,29.0,Cassiopeia,MIDDLE,True,8,3,5,4.333333333333333,14787,17933,21944,44,317,10.931034482758621
7,Ixohe_NmUZvCpYiRdq9bOfXi91ayqx4xQhO6mdCZ4nvSSEFHJZV6yWwJp07k-a4u9uAUZgXOpg_uMg,CHALLENGER,CHALLENGER,I,3083,Percy Magic,1234,EUW1_7961453928,2026-08-25 11:21:51.581000+00:00,420,CLASSIC,32.43333333333333,Jayce,TOP,True,17,6,12,4.833333333333333,19100,58397,31393,48,302,9.31140801644399
7,Ixohe_NmUZvCpYiRdq9bOfXi91ayqx4xQhO6mdCZ4nvSSEFHJZV6yWwJp07k-a4u9uAUZgXOpg_uMg,CHALLENGER,CHALLENGER,I,3083,Percy Magic,1234,EUW1_7961469349,2026-08-25 12:01:27.721000+00:00,420,CLASSIC,25.466666666666665,Lucian,BOTTOM,True,13,2,9,11.0,18596,38879,16357,34,292,11.465968586387435
7,Ixohe_NmUZvCpYiRdq9bOfXi91ayqx4xQhO6mdCZ4nvSSEFHJZV6yWwJp07k-a4u9uAUZgXOpg_uMg,CHALLENGER,CHALLENGER,I,3083,Percy Magic,1234,EUW1_7961529785,2026-08-25 13:06:29.146000+00:00,420,CLASSIC,31.166666666666668,Syndra,TOP,True,10,2,9,9.5,17545,45538,20095,57,336,10.780748663101605
7,Ixohe_NmUZvCpYiRdq9bOfXi91ayqx4xQhO6mdCZ4nvSSEFHJZV6yWwJp07k-a4u9uAUZgXOpg_uMg,CHALLENGER,CHALLENGER,I,3083,Percy Magic,1234,EUW1_7962181364,2026-08-25 22:39:07.987000+00:00,420,CLASSIC,15.216666666666667,Viktor,MIDDLE,False,1,0,1,2.0,5712,8740,6139,16,158,10.383351588170866
7,Ixohe_NmUZvCpYiRdq9bOfXi91ayqx4xQhO6mdCZ4nvSSEFHJZV6yWwJp07k-a4u9uAUZgXOpg_uMg,CHALLENGER,CHALLENGER,I,3083,Percy Magic,1234,EUW1_7962205356,2026-08-25 23:03:58.205000+00:00,420,CLASSIC,29.8,Anivia,MIDDLE,True,3,3,8,3.6666666666666665,13154,17793,27185,24,254,8.523489932885905
7,Ixohe_NmUZvCpYiRdq9bOfXi91ayqx4xQhO6mdCZ4nvSSEFHJZV6yWwJp07k-a4u9uAUZgXOpg_uMg,CHALLENGER,CHALLENGER,I,3083,Percy Magic,1234,EUW1_7962443887,2026-08-26 10:45:57.949000+00:00,420,CLASSIC,15.166666666666666,AurelionSol,MIDDLE,True,5,0,0,5.0,7007,9586,6850,12,157,10.351648351648352
7,Ixohe_NmUZvCpYiRdq9bOfXi91ayqx4xQhO6mdCZ4nvSSEFHJZV6yWwJp07k-a4u9uAUZgXOpg_uMg,CHALLENGER,CHALLENGER,I,3083,Percy Magic,1234,EUW1_7962478731,2026-08-26 11:13:45.580000+00:00,420,CLASSIC,23.483333333333334,Syndra,MIDDLE,True,5,1,8,13.0,12156,19437,10089,26,265,11.28459900638751
7,Ixohe_NmUZvCpYiRdq9bOfXi91ayqx4xQhO6mdCZ4nvSSEFHJZV6yWwJp07k-a4u9uAUZgXOpg_uMg,CHALLENGER,CHALLENGER,I,3083,Percy Magic,1234,EUW1_7962502328,2026-08-26 11:56:37.048000+00:00,420,CLASSIC,16.266666666666666,Aurora,TOP,True,4,0,3,7.0,7299,9328,10858,19,151,9.282786885245903
7,Ixohe_NmUZvCpYiRdq9bOfXi91ayqx4xQhO6mdCZ4nvSSEFHJZV6yWwJp07k-a4u9uAUZgXOpg_uMg,CHALLENGER,CHALLENGER,I,3083,Percy Magic,1234,EUW1_7962525145,2026-08-26 12:31:09.034000+00:00,420,CLASSIC,24.766666666666666,Jayce,TOP,True,14,3,6,6.666666666666667,16539,32297,16812,28,249,10.053835800807537
7,Ixohe_NmUZvCpYiRdq9bOfXi91ayqx4xQhO6mdCZ4nvSSEFHJZV6yWwJp07k-a4u9uAUZgXOpg_uMg,CHALLENGER,CHALLENGER,I,3083,Percy Magic,1234,EUW1_7962577264,2026-08-26 13:20:47.745000+00:00,420,CLASSIC,18.85,Gnar,TOP,False,0,4,1,0.25,6612,14227,14908,21,159,8.435013262599469
7,Ixohe_NmUZvCpYiRdq9bOfXi91ayqx4xQhO6mdCZ4nvSSEFHJZV6yWwJp07k-a4u9uAUZgXOpg_uMg,CHALLENGER,CHALLENGER,I,3083,Percy Magic,1234,EUW1_7963568560,2026-08-27 09:49:47.224000+00:00,420,CLASSIC,15.983333333333333,Leblanc,MIDDLE,True,6,1,4,10.0,8125,12791,8440,19,162,10.135557872784151
7,Ixohe_NmUZvCpYiRdq9bOfXi91ayqx4xQhO6mdCZ4nvSSEFHJZV6yWwJp07k-a4u9uAUZgXOpg_uMg,CHALLENGER,CHALLENGER,I,3083,Percy Magic,1234,EUW1_7963566383,2026-08-27 10:13:22.955000+00:00,420,CLASSIC,24.75,Leblanc,MIDDLE,True,10,4,4,3.5,12729,23142,19771,18,236,9.535353535353535
8,Pd78IrqRNCaXG3B07erw6JCSW84yDvLplUadH5Bqt05hlHTzS0n2LSN-w05o8nTMUWZ5Ej3I9D2Dvw,CHALLENGER,CHALLENGER,I,2369,Zefath,EUW,EUW1_7934814144,2026-07-30 18:07:34.310000+00:00,420,CLASSIC,30.9,LeeSin,JUNGLE,True,8,4,15,5.75,14112,14910,31578,30,197,6.375404530744337
8,Pd78IrqRNCaXG3B07erw6JCSW84yDvLplUadH5Bqt05hlHTzS0n2LSN-w05o8nTMUWZ5Ej3I9D2Dvw,CHALLENGER,CHALLENGER,I,2369,Zefath,EUW,EUW1_7934905841,2026-07-30 19:09:32.415000+00:00,420,CLASSIC,23.2,Shaco,JUNGLE,False,6,5,2,1.6,9739,15639,18035,12,169,7.2844827586206895
8,Pd78IrqRNCaXG3B07erw6JCSW84yDvLplUadH5Bqt05hlHTzS0n2LSN-w05o8nTMUWZ5Ej3I9D2Dvw,CHALLENGER,CHALLENGER,I,2369,Zefath,EUW,EUW1_7934965020,2026-07-30 19:50:52.034000+00:00,420,CLASSIC,30.55,LeeSin,JUNGLE,True,13,6,13,4.333333333333333,15725,28805,34900,39,185,6.055646481178396
8,Pd78IrqRNCaXG3B07erw6JCSW84yDvLplUadH5Bqt05hlHTzS0n2LSN-w05o8nTMUWZ5Ej3I9D2Dvw,CHALLENGER,CHALLENGER,I,2369,Zefath,EUW,EUW1_7935044106,2026-07-30 20:44:05.245000+00:00,420,CLASSIC,31.066666666666666,Nautilus,UTILITY,True,1,5,27,5.6,11291,16270,26810,95,34,1.094420600858369
8,Pd78IrqRNCaXG3B07erw6JCSW84yDvLplUadH5Bqt05hlHTzS0n2LSN-w05o8nTMUWZ5Ej3I9D2Dvw,CHALLENGER,CHALLENGER,I,2369,Zefath,EUW,EUW1_7935129523,2026-07-30 21:26:53.189000+00:00,420,CLASSIC,31.733333333333334,Shaco,JUNGLE,False,2,6,8,1.6666666666666667,11365,26786,29111,21,215,6.775210084033613
8,Pd78IrqRNCaXG3B07erw6JCSW84yDvLplUadH5Bqt05hlHTzS0n2LSN-w05o8nTMUWZ5Ej3I9D2Dvw,CHALLENGER,CHALLENGER,I,2369,Zefath,EUW,EUW1_7935177117,2026-07-30 22:13:48.215000+00:00,420,CLASSIC,26.05,Shaco,JUNGLE,False,5,5,9,2.8,10125,23765,23102,15,175,6.717850287907869
8,Pd78IrqRNCaXG3B07erw6JCSW84yDvLplUadH5Bqt05hlHTzS0n2LSN-w05o8nTMUWZ5Ej3I9D2Dvw,CHALLENGER,CHALLENGER,I,2369,Zefath,EUW,EUW1_7935213346,2026-07-30 22:52:46.610000+00:00,420,CLASSIC,18.9,Shaco,JUNGLE,False,3,5,2,1.0,7588,7767,16326,14,140,7.407407407407408
8,Pd78IrqRNCaXG3B07erw6JCSW84yDvLplUadH5Bqt05hlHTzS0n2LSN-w05o8nTMUWZ5Ej3I9D2Dvw,CHALLENGER,CHALLENGER,I,2369,Zefath,EUW,EUW1_7935756370,2026-07-31 16:08:48.193000+00:00,420,CLASSIC,38.03333333333333,Shaco,JUNGLE,True,6,6,15,3.5,15842,40788,31206,19,272,7.15162138475022
8,Pd78IrqRNCaXG3B07erw6JCSW84yDvLplUadH5Bqt05hlHTzS0n2LSN-w05o8nTMUWZ5Ej3I9D2Dvw,CHALLENGER,CHALLENGER,I,2369,Zefath,EUW,EUW1_7935806435,2026-07-31 16:57:25.883000+00:00,420,CLASSIC,24.166666666666668,Shaco,JUNGLE,True,5,2,13,9.0,12646,12131,22293,21,223,9.227586206896552
8,Pd78IrqRNCaXG3B07erw6JCSW84yDvLplUadH5Bqt05hlHTzS0n2LSN-w05o8nTMUWZ5Ej3I9D2Dvw,CHALLENGER,CHALLENGER,I,2369,Zefath,EUW,EUW1_7935865237,2026-07-31 17:47:34.049000+00:00,420,CLASSIC,30.166666666666668,Shaco,JUNGLE,False,4,7,1,0.7142857142857143,11869,23346,28123,15,233,7.723756906077348
8,Pd78IrqRNCaXG3B07erw6JCSW84yDvLplUadH5Bqt05hlHTzS0n2LSN-w05o8nTMUWZ5Ej3I9D2Dvw,CHALLENGER,CHALLENGER,I,2369,Zefath,EUW,EUW1_7935920941,2026-07-31 18:30:34.474000+00:00,420,CLASSIC,26.4,Shaco,JUNGLE,True,7,4,11,4.5,11890,17537,19665,23,192,7.272727272727273
8,Pd78IrqRNCaXG3B07erw6JCSW84yDvLplUadH5Bqt05hlHTzS0n2LSN-w05o8nTMUWZ5Ej3I9D2Dvw,CHALLENGER,CHALLENGER,I,2369,Zefath,EUW,EUW1_7935974009,2026-07-31 19:12:43.996000+00:00,420,CLASSIC,34.93333333333333,Shaco,JUNGLE,False,8,9,15,2.5555555555555554,16006,49072,33522,46,241,6.898854961832062
8,Pd78IrqRNCaXG3B07erw6JCSW84yDvLplUadH5Bqt05hlHTzS0n2LSN-w05o8nTMUWZ5Ej3I9D2Dvw,CHALLENGER,CHALLENGER,I,2369,Zefath,EUW,EUW1_7939173176,2026-08-03 17:45:41.952000+00:00,420,CLASSIC,34.75,Shaco,JUNGLE,False,4,9,16,2.2222222222222223,13866,30407,28772,23,208,5.985611510791367
8,Pd78IrqRNCaXG3B07erw6JCSW84yDvLplUadH5Bqt05hlHTzS0n2LSN-w05o8nTMUWZ5Ej3I9D2Dvw,CHALLENGER,CHALLENGER,I,2369,Zefath,EUW,EUW1_7939232129,2026-08-03 18:29:45.644000+00:00,420,CLASSIC,25.0,Velkoz,UTILITY,False,3,7,3,0.8571428571428571,7195,12855,18966,56,47,1.88
8,Pd78IrqRNCaXG3B07erw6JCSW84yDvLplUadH5Bqt05hlHTzS0n2LSN-w05o8nTMUWZ5Ej3I9D2Dvw,CHALLENGER,CHALLENGER,I,2369,Zefath,EUW,EUW1_7939273397,2026-08-03 19:03:42.047000+00:00,420,CLASSIC,34.1,LeeSin,JUNGLE,False,8,10,8,1.6,13038,23463,41173,22,191,5.601173020527859
8,Pd78IrqRNCaXG3B07erw6JCSW84yDvLplUadH5Bqt05hlHTzS0n2LSN-w05o8nTMUWZ5Ej3I9D2Dvw,CHALLENGER,CHALLENGER,I,2369,Zefath,EUW,EUW1_7939353664,2026-08-03 19:46:58.047000+00:00,420,CLASSIC,24.716666666666665,Shaco,JUNGLE,True,10,0,10,20.0,13198,27607,16808,18,221,8.941335131490224
8,Pd78IrqRNCaXG3B07erw6JCSW84yDvLplUadH5Bqt05hlHTzS0n2LSN-w05o8nTMUWZ5Ej3I9D2Dvw,CHALLENGER,CHALLENGER,I,2369,Zefath,EUW,EUW1_7940128108,2026-08-04 16:28:57.209000+00:00,420,CLASSIC,31.933333333333334,Shaco,JUNGLE,False,3,6,15,3.0,12101,26818,28244,31,218,6.8267223382045925
8,Pd78IrqRNCaXG3B07erw6JCSW84yDvLplUadH5Bqt05hlHTzS0n2LSN-w05o8nTMUWZ5Ej3I9D2Dvw,CHALLENGER,CHALLENGER,I,2369,Zefath,EUW,EUW1_7940183940,2026-08-04 17:12:09.656000+00:00,420,CLASSIC,26.05,Shaco,JUNGLE,True,10,1,13,23.0,13798,21549,18583,25,212,8.138195777351248
8,Pd78IrqRNCaXG3B07erw6JCSW84yDvLplUadH5Bqt05hlHTzS0n2LSN-w05o8nTMUWZ5Ej3I9D2Dvw,CHALLENGER,CHALLENGER,I,2369,Zefath,EUW,EUW1_7940225363,2026-08-04 17:53:43.304000+00:00,420,CLASSIC,33.56666666666667,Sylas,JUNGLE,True,8,7,9,2.4285714285714284,14280,20913,47777,48,214,6.375372393247268
8,Pd78IrqRNCaXG3B07erw6JCSW84yDvLplUadH5Bqt05hlHTzS0n2LSN-w05o8nTMUWZ5Ej3I9D2Dvw,CHALLENGER,CHALLENGER,I,2369,Zefath,EUW,EUW1_7940288370,2026-08-04 18:39:25.873000+00:00,420,CLASSIC,25.15,LeeSin,JUNGLE,False,3,6,5,1.3333333333333333,10414,10609,24486,16,177,7.037773359840955
8,Pd78IrqRNCaXG3B07erw6JCSW84yDvLplUadH5Bqt05hlHTzS0n2LSN-w05o8nTMUWZ5Ej3I9D2Dvw,CHALLENGER,CHALLENGER,I,2369,Zefath,EUW,EUW1_7940366722,2026-08-04 19:18:04.584000+00:00,420,CLASSIC,22.7,Shaco,JUNGLE,False,3,4,5,2.0,9866,14466,15375,13,157,6.916299559471366
8,Pd78IrqRNCaXG3B07erw6JCSW84yDvLplUadH5Bqt05hlHTzS0n2LSN-w05o8nTMUWZ5Ej3I9D2Dvw,CHALLENGER,CHALLENGER,I,2369,Zefath,EUW,EUW1_7942203299,2026-08-06 16:34:52.888000+00:00,420,CLASSIC,22.55,Shaco,JUNGLE,True,6,1,5,11.0,10224,13306,13444,11,174,7.716186252771618
8,Pd78IrqRNCaXG3B07erw6JCSW84yDvLplUadH5Bqt05hlHTzS0n2LSN-w05o8nTMUWZ5Ej3I9D2Dvw,CHALLENGER,CHALLENGER,I,2369,Zefath,EUW,EUW1_7942237275,2026-08-06 17:06:48.049000+00:00,420,CLASSIC,28.966666666666665,Shaco,JUNGLE,True,6,5,10,3.2,13455,19514,25766,26,227,7.836593785960875
8,Pd78IrqRNCaXG3B07erw6JCSW84yDvLplUadH5Bqt05hlHTzS0n2LSN-w05o8nTMUWZ5Ej3I9D2Dvw,CHALLENGER,CHALLENGER,I,2369,Zefath,EUW,EUW1_7942298596,2026-08-06 17:48:43.006000+00:00,420,CLASSIC,32.36666666666667,LeeSin,JUNGLE,False,7,8,13,2.5,13716,24245,43532,34,206,6.364572605561277
8,Pd78IrqRNCaXG3B07erw6JCSW84yDvLplUadH5Bqt05hlHTzS0n2LSN-w05o8nTMUWZ5Ej3I9D2Dvw,CHALLENGER,CHALLENGER,I,2369,Zefath,EUW,EUW1_7942343090,2026-08-06 18:31:18.320000+00:00,420,CLASSIC,15.866666666666667,Veigar,MIDDLE,False,0,3,1,0.3333333333333333,5785,6528,9249,6,155,9.76890756302521
8,Pd78IrqRNCaXG3B07erw6JCSW84yDvLplUadH5Bqt05hlHTzS0n2LSN-w05o8nTMUWZ5Ej3I9D2Dvw,CHALLENGER,CHALLENGER,I,2369,Zefath,EUW,EUW1_7942368410,2026-08-06 18:54:05.628000+00:00,420,CLASSIC,25.95,Gragas,TOP,False,8,5,6,2.8,9685,26275,37408,13,162,6.242774566473988
8,Pd78IrqRNCaXG3B07erw6JCSW84yDvLplUadH5Bqt05hlHTzS0n2LSN-w05o8nTMUWZ5Ej3I9D2Dvw,CHALLENGER,CHALLENGER,I,2369,Zefath,EUW,EUW1_7943240919,2026-08-07 16:39:45.389000+00:00,420,CLASSIC,22.483333333333334,Veigar,MIDDLE,False,2,5,3,1.0,8166,14443,20580,12,187,8.317272053372868
8,Pd78IrqRNCaXG3B07erw6JCSW84yDvLplUadH5Bqt05hlHTzS0n2LSN-w05o8nTMUWZ5Ej3I9D2Dvw,CHALLENGER,CHALLENGER,I,2369,Zefath,EUW,EUW1_7943273727,2026-08-07 17:07:12.156000+00:00,420,CLASSIC,29.733333333333334,Shaco,JUNGLE,False,4,6,5,1.5,11080,23082,25949,19,218,7.331838565022421
8,Pd78IrqRNCaXG3B07erw6JCSW84yDvLplUadH5Bqt05hlHTzS0n2LSN-w05o8nTMUWZ5Ej3I9D2Dvw,CHALLENGER,CHALLENGER,I,2369,Zefath,EUW,EUW1_7943313553,2026-08-07 17:43:31.030000+00:00,420,CLASSIC,38.81666666666667,Viego,JUNGLE,True,9,10,13,2.2,16929,24171,41042,36,251,6.466294547015886
8,Pd78IrqRNCaXG3B07erw6JCSW84yDvLplUadH5Bqt05hlHTzS0n2LSN-w05o8nTMUWZ5Ej3I9D2Dvw,CHALLENGER,CHALLENGER,I,2369,Zefath,EUW,EUW1_7943367742,2026-08-07 18:33:08.877000+00:00,420,CLASSIC,27.1,Shaco,JUNGLE,True,13,7,13,3.7142857142857144,13879,27143,23845,15,204,7.527675276752767
8,Pd78IrqRNCaXG3B07erw6JCSW84yDvLplUadH5Bqt05hlHTzS0n2LSN-w05o8nTMUWZ5Ej3I9D2Dvw,CHALLENGER,CHALLENGER,I,2369,Zefath,EUW,EUW1_7943412091,2026-08-07 19:13:47.757000+00:00,420,CLASSIC,32.9,Shaco,JUNGLE,True,4,6,7,1.8333333333333333,13797,31729,28106,35,257,7.811550151975684
8,Pd78IrqRNCaXG3B07erw6JCSW84yDvLplUadH5Bqt05hlHTzS0n2LSN-w05o8nTMUWZ5Ej3I9D2Dvw,CHALLENGER,CHALLENGER,I,2369,Zefath,EUW,EUW1_7943473852,2026-08-07 19:57:23.768000+00:00,420,CLASSIC,41.88333333333333,Shaco,JUNGLE,True,8,6,12,3.3333333333333335,18671,36121,39326,33,277,6.6136092319936335
8,Pd78IrqRNCaXG3B07erw6JCSW84yDvLplUadH5Bqt05hlHTzS0n2LSN-w05o8nTMUWZ5Ej3I9D2Dvw,CHALLENGER,CHALLENGER,I,2369,Zefath,EUW,EUW1_7943557737,2026-08-07 20:54:22.800000+00:00,420,CLASSIC,40.03333333333333,Shaco,JUNGLE,True,2,8,5,0.875,13977,23202,32814,41,257,6.419650291423814
8,Pd78IrqRNCaXG3B07erw6JCSW84yDvLplUadH5Bqt05hlHTzS0n2LSN-w05o8nTMUWZ5Ej3I9D2Dvw,CHALLENGER,CHALLENGER,I,2369,Zefath,EUW,EUW1_7943623730,2026-08-07 21:42:35.311000+00:00,420,CLASSIC,24.866666666666667,Sylas,JUNGLE,False,2,10,5,0.7,8943,9478,34220,27,152,6.112600536193029
8,Pd78IrqRNCaXG3B07erw6JCSW84yDvLplUadH5Bqt05hlHTzS0n2LSN-w05o8nTMUWZ5Ej3I9D2Dvw,CHALLENGER,CHALLENGER,I,2369,Zefath,EUW,EUW1_7946475799,2026-08-10 17:11:06.306000+00:00,420,CLASSIC,22.166666666666668,Shaco,JUNGLE,True,3,2,7,5.0,9695,7978,13720,13,190,8.571428571428571
8,Pd78IrqRNCaXG3B07erw6JCSW84yDvLplUadH5Bqt05hlHTzS0n2LSN-w05o8nTMUWZ5Ej3I9D2Dvw,CHALLENGER,CHALLENGER,I,2369,Zefath,EUW,EUW1_7946516481,2026-08-10 17:39:59.097000+00:00,420,CLASSIC,43.0,Shaco,JUNGLE,False,12,8,11,2.875,18844,46290,40427,35,269,6.255813953488372
8,Pd78IrqRNCaXG3B07erw6JCSW84yDvLplUadH5Bqt05hlHTzS0n2LSN-w05o8nTMUWZ5Ej3I9D2Dvw,CHALLENGER,CHALLENGER,I,2369,Zefath,EUW,EUW1_7946585681,2026-08-10 18:38:44.699000+00:00,420,CLASSIC,27.233333333333334,Shaco,JUNGLE,True,8,2,14,11.0,12993,21517,22594,15,199,7.307221542227662
8,Pd78IrqRNCaXG3B07erw6JCSW84yDvLplUadH5Bqt05hlHTzS0n2LSN-w05o8nTMUWZ5Ej3I9D2Dvw,CHALLENGER,CHALLENGER,I,2369,Zefath,EUW,EUW1_7946637697,2026-08-10 19:13:13.967000+00:00,420,CLASSIC,26.983333333333334,Shaco,JUNGLE,True,5,3,6,3.6666666666666665,12152,14133,19375,21,246,9.116738727609635
8,Pd78IrqRNCaXG3B07erw6JCSW84yDvLplUadH5Bqt05hlHTzS0n2LSN-w05o8nTMUWZ5Ej3I9D2Dvw,CHALLENGER,CHALLENGER,I,2369,Zefath,EUW,EUW1_7947456444,2026-08-11 16:57:12.633000+00:00,420,CLASSIC,22.65,Shaco,JUNGLE,True,4,4,12,4.0,11702,21027,19789,12,203,8.962472406181016
8,Pd78IrqRNCaXG3B07erw6JCSW84yDvLplUadH5Bqt05hlHTzS0n2LSN-w05o8nTMUWZ5Ej3I9D2Dvw,CHALLENGER,CHALLENGER,I,2369,Zefath,EUW,EUW1_7947508526,2026-08-11 17:29:39.015000+00:00,420,CLASSIC,27.6,Gragas,TOP,False,6,2,3,4.5,11537,24588,27811,26,225,8.152173913043478
8,Pd78IrqRNCaXG3B07erw6JCSW84yDvLplUadH5Bqt05hlHTzS0n2LSN-w05o8nTMUWZ5Ej3I9D2Dvw,CHALLENGER,CHALLENGER,I,2369,Zefath,EUW,EUW1_7947556458,2026-08-11 18:06:37.102000+00:00,420,CLASSIC,29.95,Shaco,JUNGLE,True,14,4,16,7.5,17810,36403,25165,26,276,9.215358931552588
8,Pd78IrqRNCaXG3B07erw6JCSW84yDvLplUadH5Bqt05hlHTzS0n2LSN-w05o8nTMUWZ5Ej3I9D2Dvw,CHALLENGER,CHALLENGER,I,2369,Zefath,EUW,EUW1_7947626479,2026-08-11 18:58:40.881000+00:00,420,CLASSIC,32.45,Shaco,JUNGLE,False,9,8,12,2.625,16520,48743,31813,29,254,7.827426810477657
8,Pd78IrqRNCaXG3B07erw6JCSW84yDvLplUadH5Bqt05hlHTzS0n2LSN-w05o8nTMUWZ5Ej3I9D2Dvw,CHALLENGER,CHALLENGER,I,2369,Zefath,EUW,EUW1_7947675056,2026-08-11 19:44:19.041000+00:00,420,CLASSIC,28.55,Shaco,JUNGLE,True,13,2,10,11.5,15751,28819,20798,24,287,10.052539404553414
8,Pd78IrqRNCaXG3B07erw6JCSW84yDvLplUadH5Bqt05hlHTzS0n2LSN-w05o8nTMUWZ5Ej3I9D2Dvw,CHALLENGER,CHALLENGER,I,2369,Zefath,EUW,EUW1_7948413491,2026-08-12 16:03:20.990000+00:00,420,CLASSIC,25.133333333333333,Sylas,JUNGLE,False,5,10,6,1.1,9893,17447,37032,28,151,6.007957559681698
8,Pd78IrqRNCaXG3B07erw6JCSW84yDvLplUadH5Bqt05hlHTzS0n2LSN-w05o8nTMUWZ5Ej3I9D2Dvw,CHALLENGER,CHALLENGER,I,2369,Zefath,EUW,EUW1_7948445742,2026-08-12 16:44:35.884000+00:00,420,CLASSIC,41.1,Shaco,JUNGLE,True,4,8,13,2.125,14422,28719,29945,55,237,5.766423357664233
8,Pd78IrqRNCaXG3B07erw6JCSW84yDvLplUadH5Bqt05hlHTzS0n2LSN-w05o8nTMUWZ5Ej3I9D2Dvw,CHALLENGER,CHALLENGER,I,2369,Zefath,EUW,EUW1_7948494237,2026-08-12 17:38:27.630000+00:00,420,CLASSIC,28.516666666666666,Velkoz,UTILITY,True,2,5,16,3.6,8912,15031,12287,96,39,1.3676212741087084
8,Pd78IrqRNCaXG3B07erw6JCSW84yDvLplUadH5Bqt05hlHTzS0n2LSN-w05o8nTMUWZ5Ej3I9D2Dvw,CHALLENGER,CHALLENGER,I,2369,Zefath,EUW,EUW1_7948541695,2026-08-12 18:25:09.491000+00:00,420,CLASSIC,34.4,Viego,JUNGLE,False,5,10,11,1.6,12323,16238,36360,38,170,4.941860465116279
8,Pd78IrqRNCaXG3B07erw6JCSW84yDvLplUadH5Bqt05hlHTzS0n2LSN-w05o8nTMUWZ5Ej3I9D2Dvw,CHALLENGER,CHALLENGER,I,2369,Zefath,EUW,EUW1_7948608586,2026-08-12 19:14:30.602000+00:00,420,CLASSIC,32.6,Shaco,JUNGLE,True,5,2,17,11.0,14349,27843,25069,18,219,6.717791411042945
8,Pd78IrqRNCaXG3B07erw6JCSW84yDvLplUadH5Bqt05hlHTzS0n2LSN-w05o8nTMUWZ5Ej3I9D2Dvw,CHALLENGER,CHALLENGER,I,2369,Zefath,EUW,EUW1_7949461447,2026-08-13 17:58:26.495000+00:00,420,CLASSIC,33.8,LeeSin,JUNGLE,True,8,3,9,5.666666666666667,15285,21254,32538,45,227,6.715976331360947
8,Pd78IrqRNCaXG3B07erw6JCSW84yDvLplUadH5Bqt05hlHTzS0n2LSN-w05o8nTMUWZ5Ej3I9D2Dvw,CHALLENGER,CHALLENGER,I,2369,Zefath,EUW,EUW1_7949528654,2026-08-13 18:38:21.985000+00:00,420,CLASSIC,30.366666666666667,Shaco,JUNGLE,True,2,4,9,2.75,12866,15551,23818,39,236,7.771679473106476
8,Pd78IrqRNCaXG3B07erw6JCSW84yDvLplUadH5Bqt05hlHTzS0n2LSN-w05o8nTMUWZ5Ej3I9D2Dvw,CHALLENGER,CHALLENGER,I,2369,Zefath,EUW,EUW1_7949577815,2026-08-13 19:21:58.502000+00:00,420,CLASSIC,29.5,Veigar,MIDDLE,False,7,9,3,1.1111111111111112,12547,30216,28533,17,237,8.033898305084746
8,Pd78IrqRNCaXG3B07erw6JCSW84yDvLplUadH5Bqt05hlHTzS0n2LSN-w05o8nTMUWZ5Ej3I9D2Dvw,CHALLENGER,CHALLENGER,I,2369,Zefath,EUW,EUW1_7949705462,2026-08-13 21:39:13.391000+00:00,420,CLASSIC,21.3,Shaco,JUNGLE,True,11,4,9,5.0,11736,22132,15922,8,158,7.417840375586854
8,Pd78IrqRNCaXG3B07erw6JCSW84yDvLplUadH5Bqt05hlHTzS0n2LSN-w05o8nTMUWZ5Ej3I9D2Dvw,CHALLENGER,CHALLENGER,I,2369,Zefath,EUW,EUW1_7949732727,2026-08-13 22:04:42.995000+00:00,420,CLASSIC,28.866666666666667,LeeSin,JUNGLE,False,6,6,5,1.8333333333333333,10816,16531,27218,37,169,5.854503464203233
8,Pd78IrqRNCaXG3B07erw6JCSW84yDvLplUadH5Bqt05hlHTzS0n2LSN-w05o8nTMUWZ5Ej3I9D2Dvw,CHALLENGER,CHALLENGER,I,2369,Zefath,EUW,EUW1_7950289323,2026-08-14 16:05:51.653000+00:00,420,CLASSIC,31.1,Shaco,JUNGLE,False,6,5,14,4.0,13407,30353,21165,26,212,6.816720257234726
8,Pd78IrqRNCaXG3B07erw6JCSW84yDvLplUadH5Bqt05hlHTzS0n2LSN-w05o8nTMUWZ5Ej3I9D2Dvw,CHALLENGER,CHALLENGER,I,2369,Zefath,EUW,EUW1_7950345582,2026-08-14 16:47:37.529000+00:00,420,CLASSIC,30.15,Shaco,JUNGLE,True,10,2,13,11.5,14145,36719,22512,33,229,7.595356550580432
8,Pd78IrqRNCaXG3B07erw6JCSW84yDvLplUadH5Bqt05hlHTzS0n2LSN-w05o8nTMUWZ5Ej3I9D2Dvw,CHALLENGER,CHALLENGER,I,2369,Zefath,EUW,EUW1_7950389609,2026-08-14 17:28:40.082000+00:00,420,CLASSIC,28.816666666666666,Shaco,JUNGLE,True,3,4,13,4.0,11063,24736,23341,20,183,6.350491613649509
8,Pd78IrqRNCaXG3B07erw6JCSW84yDvLplUadH5Bqt05hlHTzS0n2LSN-w05o8nTMUWZ5Ej3I9D2Dvw,CHALLENGER,CHALLENGER,I,2369,Zefath,EUW,EUW1_7950417039,2026-08-14 18:06:33.934000+00:00,420,CLASSIC,31.05,Shaco,JUNGLE,True,7,4,15,5.5,15129,28247,25332,53,263,8.470209339774557
8,Pd78IrqRNCaXG3B07erw6JCSW84yDvLplUadH5Bqt05hlHTzS0n2LSN-w05o8nTMUWZ5Ej3I9D2Dvw,CHALLENGER,CHALLENGER,I,2369,Zefath,EUW,EUW1_7950486632,2026-08-14 18:57:03.343000+00:00,420,CLASSIC,27.85,Shaco,JUNGLE,False,5,10,8,1.3,9722,15889,22770,17,159,5.70915619389587
8,Pd78IrqRNCaXG3B07erw6JCSW84yDvLplUadH5Bqt05hlHTzS0n2LSN-w05o8nTMUWZ5Ej3I9D2Dvw,CHALLENGER,CHALLENGER,I,2369,Zefath,EUW,EUW1_7953469119,2026-08-17 16:17:05.814000+00:00,420,CLASSIC,32.733333333333334,LeeSin,JUNGLE,True,6,7,26,4.571428571428571,14615,26283,36743,30,215,6.5682281059063135
8,Pd78IrqRNCaXG3B07erw6JCSW84yDvLplUadH5Bqt05hlHTzS0n2LSN-w05o8nTMUWZ5Ej3I9D2Dvw,CHALLENGER,CHALLENGER,I,2369,Zefath,EUW,EUW1_7953528781,2026-08-17 17:03:29.547000+00:00,420,CLASSIC,31.216666666666665,LeeSin,JUNGLE,False,8,5,4,2.4,14237,21987,36621,31,204,6.534970635344368
8,Pd78IrqRNCaXG3B07erw6JCSW84yDvLplUadH5Bqt05hlHTzS0n2LSN-w05o8nTMUWZ5Ej3I9D2Dvw,CHALLENGER,CHALLENGER,I,2369,Zefath,EUW,EUW1_7953602498,2026-08-17 17:57:50.020000+00:00,420,CLASSIC,26.8,Velkoz,UTILITY,False,3,8,10,1.625,7978,16616,17037,75,47,1.753731343283582
8,Pd78IrqRNCaXG3B07erw6JCSW84yDvLplUadH5Bqt05hlHTzS0n2LSN-w05o8nTMUWZ5Ej3I9D2Dvw,CHALLENGER,CHALLENGER,I,2369,Zefath,EUW,EUW1_7953648818,2026-08-17 18:38:43.287000+00:00,420,CLASSIC,28.05,Shaco,JUNGLE,True,5,2,11,8.0,13262,19411,19196,26,236,8.41354723707665
8,Pd78IrqRNCaXG3B07erw6JCSW84yDvLplUadH5Bqt05hlHTzS0n2LSN-w05o8nTMUWZ5Ej3I9D2Dvw,CHALLENGER,CHALLENGER,I,2369,Zefath,EUW,EUW1_7953713565,2026-08-17 19:17:11.862000+00:00,420,CLASSIC,37.3,Shaco,JUNGLE,True,5,8,21,3.25,15548,55338,36307,20,261,6.997319034852548
8,Pd78IrqRNCaXG3B07erw6JCSW84yDvLplUadH5Bqt05hlHTzS0n2LSN-w05o8nTMUWZ5Ej3I9D2Dvw,CHALLENGER,CHALLENGER,I,2369,Zefath,EUW,EUW1_7953793702,2026-08-17 20:12:39.152000+00:00,420,CLASSIC,26.516666666666666,Shaco,JUNGLE,True,4,4,6,2.5,11961,20788,21048,25,209,7.881835323695789
8,Pd78IrqRNCaXG3B07erw6JCSW84yDvLplUadH5Bqt05hlHTzS0n2LSN-w05o8nTMUWZ5Ej3I9D2Dvw,CHALLENGER,CHALLENGER,I,2369,Zefath,EUW,EUW1_7954471447,2026-08-18 16:07:27.946000+00:00,420,CLASSIC,18.833333333333332,Shaco,JUNGLE,False,1,1,0,1.0,6126,12234,10430,13,129,6.849557522123894
8,Pd78IrqRNCaXG3B07erw6JCSW84yDvLplUadH5Bqt05hlHTzS0n2LSN-w05o8nTMUWZ5Ej3I9D2Dvw,CHALLENGER,CHALLENGER,I,2369,Zefath,EUW,EUW1_7954522612,2026-08-18 16:36:23.111000+00:00,420,CLASSIC,15.3,Shaco,JUNGLE,True,2,0,6,8.0,6448,4919,7793,7,144,9.411764705882353
8,Pd78IrqRNCaXG3B07erw6JCSW84yDvLplUadH5Bqt05hlHTzS0n2LSN-w05o8nTMUWZ5Ej3I9D2Dvw,CHALLENGER,CHALLENGER,I,2369,Zefath,EUW,EUW1_7954545917,2026-08-18 17:03:08.006000+00:00,420,CLASSIC,30.916666666666668,Karthus,BOTTOM,True,13,9,5,2.0,16429,41314,23551,20,276,8.92722371967655
8,Pd78IrqRNCaXG3B07erw6JCSW84yDvLplUadH5Bqt05hlHTzS0n2LSN-w05o8nTMUWZ5Ej3I9D2Dvw,CHALLENGER,CHALLENGER,I,2369,Zefath,EUW,EUW1_7954602189,2026-08-18 17:52:41.016000+00:00,420,CLASSIC,24.616666666666667,LeeSin,JUNGLE,True,13,3,5,6.0,13236,22405,28075,28,165,6.702775897088693
8,Pd78IrqRNCaXG3B07erw6JCSW84yDvLplUadH5Bqt05hlHTzS0n2LSN-w05o8nTMUWZ5Ej3I9D2Dvw,CHALLENGER,CHALLENGER,I,2369,Zefath,EUW,EUW1_7954670877,2026-08-18 18:33:57.458000+00:00,420,CLASSIC,29.416666666666668,Veigar,MIDDLE,True,6,6,11,2.8333333333333335,12395,28535,21675,18,160,5.4390934844192635
8,Pd78IrqRNCaXG3B07erw6JCSW84yDvLplUadH5Bqt05hlHTzS0n2LSN-w05o8nTMUWZ5Ej3I9D2Dvw,CHALLENGER,CHALLENGER,I,2369,Zefath,EUW,EUW1_7954735917,2026-08-18 19:18:28.995000+00:00,420,CLASSIC,33.45,LeeSin,JUNGLE,True,7,4,19,6.5,15237,25063,40518,40,213,6.367713004484305
8,Pd78IrqRNCaXG3B07erw6JCSW84yDvLplUadH5Bqt05hlHTzS0n2LSN-w05o8nTMUWZ5Ej3I9D2Dvw,CHALLENGER,CHALLENGER,I,2369,Zefath,EUW,EUW1_7955715531,2026-08-19 18:57:59.604000+00:00,420,CLASSIC,23.05,Shaco,JUNGLE,True,3,0,7,10.0,9871,13020,13616,24,183,7.939262472885033
8,Pd78IrqRNCaXG3B07erw6JCSW84yDvLplUadH5Bqt05hlHTzS0n2LSN-w05o8nTMUWZ5Ej3I9D2Dvw,CHALLENGER,CHALLENGER,I,2369,Zefath,EUW,EUW1_7955755063,2026-08-19 19:34:50.212000+00:00,420,CLASSIC,25.95,Shaco,JUNGLE,False,3,4,4,1.75,8898,18854,21769,14,161,6.204238921001927
8,Pd78IrqRNCaXG3B07erw6JCSW84yDvLplUadH5Bqt05hlHTzS0n2LSN-w05o8nTMUWZ5Ej3I9D2Dvw,CHALLENGER,CHALLENGER,I,2369,Zefath,EUW,EUW1_7955830463,2026-08-19 20:19:33.564000+00:00,420,CLASSIC,24.116666666666667,Gragas,TOP,False,2,5,1,0.6,8839,6265,25505,17,192,7.961299239806496
8,Pd78IrqRNCaXG3B07erw6JCSW84yDvLplUadH5Bqt05hlHTzS0n2LSN-w05o8nTMUWZ5Ej3I9D2Dvw,CHALLENGER,CHALLENGER,I,2369,Zefath,EUW,EUW1_7955869334,2026-08-19 21:01:01.357000+00:00,420,CLASSIC,32.583333333333336,Shaco,JUNGLE,True,7,6,11,3.0,12461,28842,28663,26,196,6.015345268542199
8,Pd78IrqRNCaXG3B07erw6JCSW84yDvLplUadH5Bqt05hlHTzS0n2LSN-w05o8nTMUWZ5Ej3I9D2Dvw,CHALLENGER,CHALLENGER,I,2369,Zefath,EUW,EUW1_7955933432,2026-08-19 21:54:25.339000+00:00,420,CLASSIC,40.71666666666667,Shaco,JUNGLE,True,4,8,20,3.0,16044,42599,32641,58,237,5.820712239050348
8,Pd78IrqRNCaXG3B07erw6JCSW84yDvLplUadH5Bqt05hlHTzS0n2LSN-w05o8nTMUWZ5Ej3I9D2Dvw,CHALLENGER,CHALLENGER,I,2369,Zefath,EUW,EUW1_7955998830,2026-08-19 22:48:49.850000+00:00,420,CLASSIC,36.36666666666667,LeeSin,JUNGLE,False,6,5,7,2.6,13790,17672,50539,47,227,6.2419798350137485
8,Pd78IrqRNCaXG3B07erw6JCSW84yDvLplUadH5Bqt05hlHTzS0n2LSN-w05o8nTMUWZ5Ej3I9D2Dvw,CHALLENGER,CHALLENGER,I,2369,Zefath,EUW,EUW1_7956489215,2026-08-20 16:04:11.287000+00:00,420,CLASSIC,30.15,Shaco,JUNGLE,True,6,3,8,4.666666666666667,12859,22930,20953,28,220,7.2968490878938645
8,Pd78IrqRNCaXG3B07erw6JCSW84yDvLplUadH5Bqt05hlHTzS0n2LSN-w05o8nTMUWZ5Ej3I9D2Dvw,CHALLENGER,CHALLENGER,I,2369,Zefath,EUW,EUW1_7956546149,2026-08-20 16:54:02.214000+00:00,420,CLASSIC,25.2,Shaco,JUNGLE,True,10,2,11,10.5,13289,15190,17264,30,206,8.174603174603174
8,Pd78IrqRNCaXG3B07erw6JCSW84yDvLplUadH5Bqt05hlHTzS0n2LSN-w05o8nTMUWZ5Ej3I9D2Dvw,CHALLENGER,CHALLENGER,I,2369,Zefath,EUW,EUW1_7956616532,2026-08-20 17:45:57.496000+00:00,420,CLASSIC,18.666666666666668,Shaco,JUNGLE,True,6,1,9,15.0,9651,10705,9316,15,172,9.214285714285714
8,Pd78IrqRNCaXG3B07erw6JCSW84yDvLplUadH5Bqt05hlHTzS0n2LSN-w05o8nTMUWZ5Ej3I9D2Dvw,CHALLENGER,CHALLENGER,I,2369,Zefath,EUW,EUW1_7956645424,2026-08-20 18:23:06.958000+00:00,420,CLASSIC,27.266666666666666,Shaco,JUNGLE,True,4,5,11,3.0,12459,21430,20981,16,215,7.885085574572128
8,Pd78IrqRNCaXG3B07erw6JCSW84yDvLplUadH5Bqt05hlHTzS0n2LSN-w05o8nTMUWZ5Ej3I9D2Dvw,CHALLENGER,CHALLENGER,I,2369,Zefath,EUW,EUW1_7956706239,2026-08-20 19:06:57.604000+00:00,420,CLASSIC,23.866666666666667,Gragas,TOP,False,1,6,2,0.5,7499,8230,27721,20,168,7.039106145251396
8,Pd78IrqRNCaXG3B07erw6JCSW84yDvLplUadH5Bqt05hlHTzS0n2LSN-w05o8nTMUWZ5Ej3I9D2Dvw,CHALLENGER,CHALLENGER,I,2369,Zefath,EUW,EUW1_7957608797,2026-08-21 17:23:34.799000+00:00,420,CLASSIC,24.1,Shaco,JUNGLE,False,4,3,6,3.3333333333333335,10045,19117,15550,33,195,8.091286307053942
8,Pd78IrqRNCaXG3B07erw6JCSW84yDvLplUadH5Bqt05hlHTzS0n2LSN-w05o8nTMUWZ5Ej3I9D2Dvw,CHALLENGER,CHALLENGER,I,2369,Zefath,EUW,EUW1_7957661184,2026-08-21 18:17:46.159000+00:00,420,CLASSIC,33.21666666666667,LeeSin,JUNGLE,False,6,6,9,2.5,13081,19663,45470,44,212,6.382338183642749
8,Pd78IrqRNCaXG3B07erw6JCSW84yDvLplUadH5Bqt05hlHTzS0n2LSN-w05o8nTMUWZ5Ej3I9D2Dvw,CHALLENGER,CHALLENGER,I,2369,Zefath,EUW,EUW1_7957714276,2026-08-21 19:04:20.642000+00:00,420,CLASSIC,35.516666666666666,Shaco,JUNGLE,True,6,3,22,9.333333333333334,17212,45383,25299,42,247,6.954481464101361
8,Pd78IrqRNCaXG3B07erw6JCSW84yDvLplUadH5Bqt05hlHTzS0n2LSN-w05o8nTMUWZ5Ej3I9D2Dvw,CHALLENGER,CHALLENGER,I,2369,Zefath,EUW,EUW1_7957789652,2026-08-21 19:51:02.914000+00:00,420,CLASSIC,36.03333333333333,LeeSin,JUNGLE,False,8,5,6,2.8,14732,21060,36472,51,237,6.577243293246994
8,Pd78IrqRNCaXG3B07erw6JCSW84yDvLplUadH5Bqt05hlHTzS0n2LSN-w05o8nTMUWZ5Ej3I9D2Dvw,CHALLENGER,CHALLENGER,I,2369,Zefath,EUW,EUW1_7960709962,2026-08-24 16:22:28.368000+00:00,420,CLASSIC,24.583333333333332,Shaco,JUNGLE,False,3,2,5,4.0,9585,17442,15318,21,189,7.6881355932203395
8,Pd78IrqRNCaXG3B07erw6JCSW84yDvLplUadH5Bqt05hlHTzS0n2LSN-w05o8nTMUWZ5Ej3I9D2Dvw,CHALLENGER,CHALLENGER,I,2369,Zefath,EUW,EUW1_7960759304,2026-08-24 17:10:17.884000+00:00,420,CLASSIC,22.65,Shaco,JUNGLE,True,6,1,9,15.0,10805,9730,12813,14,181,7.991169977924946
8,Pd78IrqRNCaXG3B07erw6JCSW84yDvLplUadH5Bqt05hlHTzS0n2LSN-w05o8nTMUWZ5Ej3I9D2Dvw,CHALLENGER,CHALLENGER,I,2369,Zefath,EUW,EUW1_7960800253,2026-08-24 17:43:08.397000+00:00,420,CLASSIC,35.766666666666666,Shaco,JUNGLE,False,8,7,12,2.857142857142857,13977,50922,43453,18,196,5.479962721342032
8,Pd78IrqRNCaXG3B07erw6JCSW84yDvLplUadH5Bqt05hlHTzS0n2LSN-w05o8nTMUWZ5Ej3I9D2Dvw,CHALLENGER,CHALLENGER,I,2369,Zefath,EUW,EUW1_7960881727,2026-08-24 18:38:12.925000+00:00,420,CLASSIC,29.216666666666665,Shaco,JUNGLE,True,7,2,7,7.0,13467,21583,22548,23,265,9.070165430690246
8,Pd78IrqRNCaXG3B07erw6JCSW84yDvLplUadH5Bqt05hlHTzS0n2LSN-w05o8nTMUWZ5Ej3I9D2Dvw,CHALLENGER,CHALLENGER,I,2369,Zefath,EUW,EUW1_7960937191,2026-08-24 19:22:00.537000+00:00,420,CLASSIC,27.45,Shaco,JUNGLE,False,2,5,3,1.0,10253,21878,23284,20,201,7.3224043715847
8,Pd78IrqRNCaXG3B07erw6JCSW84yDvLplUadH5Bqt05hlHTzS0n2LSN-w05o8nTMUWZ5Ej3I9D2Dvw,CHALLENGER,CHALLENGER,I,2369,Zefath,EUW,EUW1_7961032545,2026-08-24 20:18:30.051000+00:00,420,CLASSIC,30.766666666666666,Shaco,JUNGLE,False,9,6,9,3.0,13317,34211,32220,21,165,5.362946912242687
8,Pd78IrqRNCaXG3B07erw6JCSW84yDvLplUadH5Bqt05hlHTzS0n2LSN-w05o8nTMUWZ5Ej3I9D2Dvw,CHALLENGER,CHALLENGER,I,2369,Zefath,EUW,EUW1_7961697013,2026-08-25 16:04:30.464000+00:00,420,CLASSIC,29.066666666666666,Shaco,JUNGLE,True,10,5,12,4.4,13874,26075,23758,26,211,7.259174311926605
8,Pd78IrqRNCaXG3B07erw6JCSW84yDvLplUadH5Bqt05hlHTzS0n2LSN-w05o8nTMUWZ5Ej3I9D2Dvw,CHALLENGER,CHALLENGER,I,2369,Zefath,EUW,EUW1_7961744781,2026-08-25 16:44:14.118000+00:00,420,CLASSIC,36.11666666666667,Shaco,JUNGLE,True,3,4,18,5.25,14044,31525,30546,38,217,6.008306414397785
8,Pd78IrqRNCaXG3B07erw6JCSW84yDvLplUadH5Bqt05hlHTzS0n2LSN-w05o8nTMUWZ5Ej3I9D2Dvw,CHALLENGER,CHALLENGER,I,2369,Zefath,EUW,EUW1_7961813560,2026-08-25 17:37:25.828000+00:00,420,CLASSIC,18.3,Shaco,JUNGLE,False,1,4,1,0.5,6553,7510,11501,13,129,7.049180327868852
8,Pd78IrqRNCaXG3B07erw6JCSW84yDvLplUadH5Bqt05hlHTzS0n2LSN-w05o8nTMUWZ5Ej3I9D2Dvw,CHALLENGER,CHALLENGER,I,2369,Zefath,EUW,EUW1_7961855921,2026-08-25 18:17:47.723000+00:00,420,CLASSIC,25.316666666666666,Shaco,JUNGLE,True,9,2,12,10.5,11651,17114,15954,13,182,7.188940092165899
8,Pd78IrqRNCaXG3B07erw6JCSW84yDvLplUadH5Bqt05hlHTzS0n2LSN-w05o8nTMUWZ5Ej3I9D2Dvw,CHALLENGER,CHALLENGER,I,2369,Zefath,EUW,EUW1_7961901307,2026-08-25 18:57:00.837000+00:00,420,CLASSIC,29.05,Shaco,JUNGLE,False,2,9,10,1.3333333333333333,10145,24113,25173,25,177,6.0929432013769365
8,Pd78IrqRNCaXG3B07erw6JCSW84yDvLplUadH5Bqt05hlHTzS0n2LSN-w05o8nTMUWZ5Ej3I9D2Dvw,CHALLENGER,CHALLENGER,I,2369,Zefath,EUW,EUW1_7962887891,2026-08-26 17:39:49.299000+00:00,420,CLASSIC,33.25,Shaco,JUNGLE,True,6,4,18,6.0,14597,33583,26285,19,227,6.827067669172933
8,Pd78IrqRNCaXG3B07erw6JCSW84yDvLplUadH5Bqt05hlHTzS0n2LSN-w05o8nTMUWZ5Ej3I9D2Dvw,CHALLENGER,CHALLENGER,I,2369,Zefath,EUW,EUW1_7962968494,2026-08-26 18:29:04.358000+00:00,420,CLASSIC,29.583333333333332,Karthus,BOTTOM,False,10,12,9,1.5833333333333333,14190,37506,26281,10,198,6.692957746478873
8,Pd78IrqRNCaXG3B07erw6JCSW84yDvLplUadH5Bqt05hlHTzS0n2LSN-w05o8nTMUWZ5Ej3I9D2Dvw,CHALLENGER,CHALLENGER,I,2369,Zefath,EUW,EUW1_7963059609,2026-08-26 19:23:34.266000+00:00,420,CLASSIC,28.783333333333335,Shaco,JUNGLE,False,1,6,15,2.6666666666666665,10980,25591,26873,18,198,6.878980891719745
8,Pd78IrqRNCaXG3B07erw6JCSW84yDvLplUadH5Bqt05hlHTzS0n2LSN-w05o8nTMUWZ5Ej3I9D2Dvw,CHALLENGER,CHALLENGER,I,2369,Zefath,EUW,EUW1_7963117368,2026-08-26 20:07:50.146000+00:00,420,CLASSIC,26.716666666666665,Shaco,JUNGLE,True,3,4,10,3.25,10918,15878,17591,27,197,7.373674360573925
9,fXImzjYM9uLImdHHYLQjbyRDPzH5vrQXQ2_H8btqNti7FSdxRJBzdU7OtN1je3t39pbgAAoxa2I0Nw,CHALLENGER,CHALLENGER,I,3181,Purple Hyacinth,Aimer,EUW1_7944876044,2026-08-09 03:35:06.577000+00:00,420,CLASSIC,40.9,Syndra,BOTTOM,False,11,12,10,1.75,19387,48117,34855,36,288,7.04156479217604
9,fXImzjYM9uLImdHHYLQjbyRDPzH5vrQXQ2_H8btqNti7FSdxRJBzdU7OtN1je3t39pbgAAoxa2I0Nw,CHALLENGER,CHALLENGER,I,3181,Purple Hyacinth,Aimer,EUW1_7944978204,2026-08-09 09:51:48.911000+00:00,420,CLASSIC,31.016666666666666,Aatrox,JUNGLE,False,13,5,6,3.8,16021,38142,49067,25,242,7.802256851155293
9,fXImzjYM9uLImdHHYLQjbyRDPzH5vrQXQ2_H8btqNti7FSdxRJBzdU7OtN1je3t39pbgAAoxa2I0Nw,CHALLENGER,CHALLENGER,I,3181,Purple Hyacinth,Aimer,EUW1_7945014172,2026-08-09 10:37:57.224000+00:00,420,CLASSIC,31.483333333333334,Fiora,BOTTOM,True,17,13,9,2.0,22089,54839,49529,25,238,7.559555320275278
9,fXImzjYM9uLImdHHYLQjbyRDPzH5vrQXQ2_H8btqNti7FSdxRJBzdU7OtN1je3t39pbgAAoxa2I0Nw,CHALLENGER,CHALLENGER,I,3181,Purple Hyacinth,Aimer,EUW1_7945479855,2026-08-09 17:31:47.422000+00:00,420,CLASSIC,28.15,Fiora,MIDDLE,True,12,7,5,2.4285714285714284,15266,42215,50489,26,236,8.38365896980462
9,fXImzjYM9uLImdHHYLQjbyRDPzH5vrQXQ2_H8btqNti7FSdxRJBzdU7OtN1je3t39pbgAAoxa2I0Nw,CHALLENGER,CHALLENGER,I,3181,Purple Hyacinth,Aimer,EUW1_7945593830,2026-08-09 18:57:04.068000+00:00,420,CLASSIC,41.86666666666667,Fiora,UTILITY,True,11,10,12,2.3,19404,54043,56464,150,155,3.7022292993630574
9,fXImzjYM9uLImdHHYLQjbyRDPzH5vrQXQ2_H8btqNti7FSdxRJBzdU7OtN1je3t39pbgAAoxa2I0Nw,CHALLENGER,CHALLENGER,I,3181,Purple Hyacinth,Aimer,EUW1_7945968432,2026-08-10 01:29:44.697000+00:00,420,CLASSIC,21.75,Fiora,BOTTOM,True,8,1,6,14.0,13117,17739,27564,17,218,10.022988505747126
9,fXImzjYM9uLImdHHYLQjbyRDPzH5vrQXQ2_H8btqNti7FSdxRJBzdU7OtN1je3t39pbgAAoxa2I0Nw,CHALLENGER,CHALLENGER,I,3181,Purple Hyacinth,Aimer,EUW1_7946111621,2026-08-10 10:17:33.411000+00:00,420,CLASSIC,28.6,Fiora,TOP,False,4,11,10,1.2727272727272727,10992,17954,28185,23,195,6.8181818181818175
9,fXImzjYM9uLImdHHYLQjbyRDPzH5vrQXQ2_H8btqNti7FSdxRJBzdU7OtN1je3t39pbgAAoxa2I0Nw,CHALLENGER,CHALLENGER,I,3181,Purple Hyacinth,Aimer,EUW1_7946128868,2026-08-10 10:55:34.076000+00:00,420,CLASSIC,29.016666666666666,Renekton,TOP,False,0,10,5,0.5,8653,13088,38806,37,190,6.5479609419873634
9,fXImzjYM9uLImdHHYLQjbyRDPzH5vrQXQ2_H8btqNti7FSdxRJBzdU7OtN1je3t39pbgAAoxa2I0Nw,CHALLENGER,CHALLENGER,I,3181,Purple Hyacinth,Aimer,EUW1_7946177937,2026-08-10 12:06:47.496000+00:00,420,CLASSIC,24.116666666666667,Fiora,BOTTOM,False,1,9,5,0.6666666666666666,8803,10112,25313,16,145,6.012439530062197
9,fXImzjYM9uLImdHHYLQjbyRDPzH5vrQXQ2_H8btqNti7FSdxRJBzdU7OtN1je3t39pbgAAoxa2I0Nw,CHALLENGER,CHALLENGER,I,3181,Purple Hyacinth,Aimer,EUW1_7946195208,2026-08-10 12:38:13.531000+00:00,420,CLASSIC,31.466666666666665,Fiora,BOTTOM,False,5,12,3,0.6666666666666666,12706,23500,38178,35,220,6.991525423728814
9,fXImzjYM9uLImdHHYLQjbyRDPzH5vrQXQ2_H8btqNti7FSdxRJBzdU7OtN1je3t39pbgAAoxa2I0Nw,CHALLENGER,CHALLENGER,I,3181,Purple Hyacinth,Aimer,EUW1_7946239790,2026-08-10 13:21:01.493000+00:00,420,CLASSIC,29.666666666666668,Fiora,TOP,True,10,4,3,3.25,16556,28066,34716,26,269,9.067415730337078
9,fXImzjYM9uLImdHHYLQjbyRDPzH5vrQXQ2_H8btqNti7FSdxRJBzdU7OtN1je3t39pbgAAoxa2I0Nw,CHALLENGER,CHALLENGER,I,3181,Purple Hyacinth,Aimer,EUW1_7946559694,2026-08-10 18:17:06.016000+00:00,420,CLASSIC,28.916666666666668,Fiora,BOTTOM,True,5,8,8,1.625,13482,22321,31713,20,186,6.432276657060519
9,fXImzjYM9uLImdHHYLQjbyRDPzH5vrQXQ2_H8btqNti7FSdxRJBzdU7OtN1je3t39pbgAAoxa2I0Nw,CHALLENGER,CHALLENGER,I,3181,Purple Hyacinth,Aimer,EUW1_7947112484,2026-08-11 09:39:57.364000+00:00,420,CLASSIC,1.5,Fiora,BOTTOM,True,0,0,0,0.0,553,317,478,0,0,0.0
9,fXImzjYM9uLImdHHYLQjbyRDPzH5vrQXQ2_H8btqNti7FSdxRJBzdU7OtN1je3t39pbgAAoxa2I0Nw,CHALLENGER,CHALLENGER,I,3181,Purple Hyacinth,Aimer,EUW1_7947107434,2026-08-11 09:58:50.188000+00:00,420,CLASSIC,24.1,Fiora,MIDDLE,False,3,6,2,0.8333333333333334,10002,15604,29933,17,215,8.921161825726141
9,fXImzjYM9uLImdHHYLQjbyRDPzH5vrQXQ2_H8btqNti7FSdxRJBzdU7OtN1je3t39pbgAAoxa2I0Nw,CHALLENGER,CHALLENGER,I,3181,Purple Hyacinth,Aimer,EUW1_7947204769,2026-08-11 12:15:03.066000+00:00,420,CLASSIC,28.383333333333333,Aatrox,TOP,False,3,6,2,0.8333333333333334,10240,21483,41568,20,215,7.574867880211392
9,fXImzjYM9uLImdHHYLQjbyRDPzH5vrQXQ2_H8btqNti7FSdxRJBzdU7OtN1je3t39pbgAAoxa2I0Nw,CHALLENGER,CHALLENGER,I,3181,Purple Hyacinth,Aimer,EUW1_7947229697,2026-08-11 12:52:04.004000+00:00,420,CLASSIC,23.816666666666666,Fiora,BOTTOM,False,5,4,2,1.75,11637,20560,28825,11,201,8.439468159552135
9,fXImzjYM9uLImdHHYLQjbyRDPzH5vrQXQ2_H8btqNti7FSdxRJBzdU7OtN1je3t39pbgAAoxa2I0Nw,CHALLENGER,CHALLENGER,I,3181,Purple Hyacinth,Aimer,EUW1_7947256746,2026-08-11 13:22:36.536000+00:00,420,CLASSIC,18.716666666666665,Fiora,BOTTOM,True,15,2,8,11.5,12221,22005,19386,7,133,7.105966162065895
9,fXImzjYM9uLImdHHYLQjbyRDPzH5vrQXQ2_H8btqNti7FSdxRJBzdU7OtN1je3t39pbgAAoxa2I0Nw,CHALLENGER,CHALLENGER,I,3181,Purple Hyacinth,Aimer,EUW1_7947278718,2026-08-11 13:45:47.097000+00:00,420,CLASSIC,22.466666666666665,Fiora,BOTTOM,False,2,8,0,0.25,7643,10547,22800,11,167,7.433234421364986
9,fXImzjYM9uLImdHHYLQjbyRDPzH5vrQXQ2_H8btqNti7FSdxRJBzdU7OtN1je3t39pbgAAoxa2I0Nw,CHALLENGER,CHALLENGER,I,3181,Purple Hyacinth,Aimer,EUW1_7947663005,2026-08-11 19:31:28.033000+00:00,420,CLASSIC,34.85,Fiora,BOTTOM,False,9,11,12,1.9090909090909092,18754,40575,49488,23,283,8.12051649928264
9,fXImzjYM9uLImdHHYLQjbyRDPzH5vrQXQ2_H8btqNti7FSdxRJBzdU7OtN1je3t39pbgAAoxa2I0Nw,CHALLENGER,CHALLENGER,I,3181,Purple Hyacinth,Aimer,EUW1_7947723730,2026-08-11 20:10:37.112000+00:00,420,CLASSIC,37.9,Aatrox,JUNGLE,True,2,7,8,1.4285714285714286,15102,21927,49211,37,283,7.467018469656993
9,fXImzjYM9uLImdHHYLQjbyRDPzH5vrQXQ2_H8btqNti7FSdxRJBzdU7OtN1je3t39pbgAAoxa2I0Nw,CHALLENGER,CHALLENGER,I,3181,Purple Hyacinth,Aimer,EUW1_7947999690,2026-08-12 01:23:25.914000+00:00,420,CLASSIC,22.366666666666667,Fiora,BOTTOM,True,19,7,4,3.2857142857142856,17628,31410,27394,10,203,9.076005961251862
9,fXImzjYM9uLImdHHYLQjbyRDPzH5vrQXQ2_H8btqNti7FSdxRJBzdU7OtN1je3t39pbgAAoxa2I0Nw,CHALLENGER,CHALLENGER,I,3181,Purple Hyacinth,Aimer,EUW1_7948201742,2026-08-12 12:17:23.556000+00:00,420,CLASSIC,27.366666666666667,Fiora,BOTTOM,False,7,10,4,1.1,13877,30808,35200,20,206,7.527405602923264
9,fXImzjYM9uLImdHHYLQjbyRDPzH5vrQXQ2_H8btqNti7FSdxRJBzdU7OtN1je3t39pbgAAoxa2I0Nw,CHALLENGER,CHALLENGER,I,3181,Purple Hyacinth,Aimer,EUW1_7948641736,2026-08-12 19:45:42.071000+00:00,420,CLASSIC,32.166666666666664,Fiora,BOTTOM,True,11,10,9,2.0,18412,34144,38865,32,271,8.424870466321243
9,fXImzjYM9uLImdHHYLQjbyRDPzH5vrQXQ2_H8btqNti7FSdxRJBzdU7OtN1je3t39pbgAAoxa2I0Nw,CHALLENGER,CHALLENGER,I,3181,Purple Hyacinth,Aimer,EUW1_7948723528,2026-08-12 20:43:41.516000+00:00,420,CLASSIC,31.116666666666667,Fiora,UTILITY,False,10,12,16,2.1666666666666665,14255,34997,41509,94,84,2.699517943224424
9,fXImzjYM9uLImdHHYLQjbyRDPzH5vrQXQ2_H8btqNti7FSdxRJBzdU7OtN1je3t39pbgAAoxa2I0Nw,CHALLENGER,CHALLENGER,I,3181,Purple Hyacinth,Aimer,EUW1_7948787505,2026-08-12 21:33:17.544000+00:00,420,CLASSIC,27.716666666666665,Fiora,BOTTOM,False,4,8,8,1.5,12905,21836,32995,29,197,7.107636800962117
9,fXImzjYM9uLImdHHYLQjbyRDPzH5vrQXQ2_H8btqNti7FSdxRJBzdU7OtN1je3t39pbgAAoxa2I0Nw,CHALLENGER,CHALLENGER,I,3181,Purple Hyacinth,Aimer,EUW1_7948823469,2026-08-12 22:08:35.884000+00:00,420,CLASSIC,33.43333333333333,Fiora,MIDDLE,False,14,8,7,2.625,19177,46509,42643,33,274,8.195413758723829
9,fXImzjYM9uLImdHHYLQjbyRDPzH5vrQXQ2_H8btqNti7FSdxRJBzdU7OtN1je3t39pbgAAoxa2I0Nw,CHALLENGER,CHALLENGER,I,3181,Purple Hyacinth,Aimer,EUW1_7948840212,2026-08-12 22:47:02.238000+00:00,420,CLASSIC,28.533333333333335,Fiora,BOTTOM,False,3,9,5,0.8888888888888888,12279,12364,27616,24,209,7.324766355140187
9,fXImzjYM9uLImdHHYLQjbyRDPzH5vrQXQ2_H8btqNti7FSdxRJBzdU7OtN1je3t39pbgAAoxa2I0Nw,CHALLENGER,CHALLENGER,I,3181,Purple Hyacinth,Aimer,EUW1_7948879083,2026-08-12 23:37:34.804000+00:00,420,CLASSIC,29.266666666666666,Karma,UTILITY,True,2,4,14,4.0,8862,9682,17772,86,26,0.8883826879271071
9,fXImzjYM9uLImdHHYLQjbyRDPzH5vrQXQ2_H8btqNti7FSdxRJBzdU7OtN1je3t39pbgAAoxa2I0Nw,CHALLENGER,CHALLENGER,I,3181,Purple Hyacinth,Aimer,EUW1_7948901063,2026-08-13 00:13:21.788000+00:00,420,CLASSIC,23.8,Fiora,BOTTOM,False,10,10,14,2.4,12415,30935,34239,15,125,5.2521008403361344
9,fXImzjYM9uLImdHHYLQjbyRDPzH5vrQXQ2_H8btqNti7FSdxRJBzdU7OtN1je3t39pbgAAoxa2I0Nw,CHALLENGER,CHALLENGER,I,3181,Purple Hyacinth,Aimer,EUW1_7948923727,2026-08-13 00:44:02.219000+00:00,420,CLASSIC,18.466666666666665,Fiora,TOP,True,12,1,3,15.0,12114,26651,24922,9,157,8.501805054151625
9,fXImzjYM9uLImdHHYLQjbyRDPzH5vrQXQ2_H8btqNti7FSdxRJBzdU7OtN1je3t39pbgAAoxa2I0Nw,CHALLENGER,CHALLENGER,I,3181,Purple Hyacinth,Aimer,EUW1_7948934883,2026-08-13 01:06:45.897000+00:00,420,CLASSIC,16.683333333333334,Fiora,TOP,False,3,4,0,0.75,7421,10872,15382,12,155,9.290709290709291
9,fXImzjYM9uLImdHHYLQjbyRDPzH5vrQXQ2_H8btqNti7FSdxRJBzdU7OtN1je3t39pbgAAoxa2I0Nw,CHALLENGER,CHALLENGER,I,3181,Purple Hyacinth,Aimer,EUW1_7948934386,2026-08-13 01:33:02.620000+00:00,420,CLASSIC,31.5,Fiora,BOTTOM,True,9,8,12,2.625,16524,32882,38940,23,226,7.174603174603175
9,fXImzjYM9uLImdHHYLQjbyRDPzH5vrQXQ2_H8btqNti7FSdxRJBzdU7OtN1je3t39pbgAAoxa2I0Nw,CHALLENGER,CHALLENGER,I,3181,Purple Hyacinth,Aimer,EUW1_7949111498,2026-08-13 11:13:40.579000+00:00,420,CLASSIC,22.966666666666665,Fiora,BOTTOM,False,4,9,3,0.7777777777777778,8913,11613,22853,12,132,5.747460087082729
9,fXImzjYM9uLImdHHYLQjbyRDPzH5vrQXQ2_H8btqNti7FSdxRJBzdU7OtN1je3t39pbgAAoxa2I0Nw,CHALLENGER,CHALLENGER,I,3181,Purple Hyacinth,Aimer,EUW1_7949124719,2026-08-13 11:47:02.074000+00:00,420,CLASSIC,28.3,Fiora,BOTTOM,True,11,8,13,3.0,17115,36345,34521,16,214,7.561837455830388
9,fXImzjYM9uLImdHHYLQjbyRDPzH5vrQXQ2_H8btqNti7FSdxRJBzdU7OtN1je3t39pbgAAoxa2I0Nw,CHALLENGER,CHALLENGER,I,3181,Purple Hyacinth,Aimer,EUW1_7949152650,2026-08-13 12:19:59.905000+00:00,420,CLASSIC,24.533333333333335,Fiora,TOP,False,2,7,0,0.2857142857142857,9729,17693,26388,19,188,7.663043478260869
9,fXImzjYM9uLImdHHYLQjbyRDPzH5vrQXQ2_H8btqNti7FSdxRJBzdU7OtN1je3t39pbgAAoxa2I0Nw,CHALLENGER,CHALLENGER,I,3181,Purple Hyacinth,Aimer,EUW1_7949162168,2026-08-13 12:51:21.176000+00:00,420,CLASSIC,26.866666666666667,Leblanc,MIDDLE,True,12,4,5,4.25,13932,26612,20659,18,201,7.481389578163771
9,fXImzjYM9uLImdHHYLQjbyRDPzH5vrQXQ2_H8btqNti7FSdxRJBzdU7OtN1je3t39pbgAAoxa2I0Nw,CHALLENGER,CHALLENGER,I,3181,Purple Hyacinth,Aimer,EUW1_7949370395,2026-08-13 16:31:41.147000+00:00,420,CLASSIC,31.233333333333334,Fiora,BOTTOM,True,23,7,7,4.285714285714286,23559,55646,47831,30,232,7.427961579509072
9,fXImzjYM9uLImdHHYLQjbyRDPzH5vrQXQ2_H8btqNti7FSdxRJBzdU7OtN1je3t39pbgAAoxa2I0Nw,CHALLENGER,CHALLENGER,I,3181,Purple Hyacinth,Aimer,EUW1_7949484807,2026-08-13 18:06:16.930000+00:00,420,CLASSIC,25.866666666666667,Fiora,BOTTOM,True,11,6,8,3.1666666666666665,15824,32877,34416,24,183,7.074742268041237
9,fXImzjYM9uLImdHHYLQjbyRDPzH5vrQXQ2_H8btqNti7FSdxRJBzdU7OtN1je3t39pbgAAoxa2I0Nw,CHALLENGER,CHALLENGER,I,3181,Purple Hyacinth,Aimer,EUW1_7949520216,2026-08-13 18:42:04.830000+00:00,420,CLASSIC,23.466666666666665,Fiora,BOTTOM,True,13,4,11,6.0,14799,28810,30081,8,182,7.755681818181818
9,fXImzjYM9uLImdHHYLQjbyRDPzH5vrQXQ2_H8btqNti7FSdxRJBzdU7OtN1je3t39pbgAAoxa2I0Nw,CHALLENGER,CHALLENGER,I,3181,Purple Hyacinth,Aimer,EUW1_7949611158,2026-08-13 19:45:33.784000+00:00,420,CLASSIC,24.766666666666666,Fiora,TOP,True,7,8,3,1.25,13512,23848,33875,25,201,8.115746971736204
9,fXImzjYM9uLImdHHYLQjbyRDPzH5vrQXQ2_H8btqNti7FSdxRJBzdU7OtN1je3t39pbgAAoxa2I0Nw,CHALLENGER,CHALLENGER,I,3181,Purple Hyacinth,Aimer,EUW1_7953749813,2026-08-17 19:45:17.063000+00:00,420,CLASSIC,15.2,Fiora,BOTTOM,True,6,4,5,2.75,8708,15132,17666,10,118,7.7631578947368425
9,fXImzjYM9uLImdHHYLQjbyRDPzH5vrQXQ2_H8btqNti7FSdxRJBzdU7OtN1je3t39pbgAAoxa2I0Nw,CHALLENGER,CHALLENGER,I,3181,Purple Hyacinth,Aimer,EUW1_7955278632,2026-08-19 11:46:09.876000+00:00,420,CLASSIC,27.266666666666666,Leblanc,MIDDLE,False,9,10,14,2.3,13266,30243,26416,18,171,6.271393643031785
9,fXImzjYM9uLImdHHYLQjbyRDPzH5vrQXQ2_H8btqNti7FSdxRJBzdU7OtN1je3t39pbgAAoxa2I0Nw,CHALLENGER,CHALLENGER,I,3181,Purple Hyacinth,Aimer,EUW1_7955296308,2026-08-19 12:30:10.909000+00:00,420,CLASSIC,27.716666666666665,Fiora,BOTTOM,False,11,10,3,1.4,15326,34944,36800,18,189,6.819001803968732
9,fXImzjYM9uLImdHHYLQjbyRDPzH5vrQXQ2_H8btqNti7FSdxRJBzdU7OtN1je3t39pbgAAoxa2I0Nw,CHALLENGER,CHALLENGER,I,3181,Purple Hyacinth,Aimer,EUW1_7955335595,2026-08-19 13:04:12.723000+00:00,420,CLASSIC,25.766666666666666,Fiora,UTILITY,True,4,8,9,1.625,10383,14706,22203,43,47,1.8240620957309186
9,fXImzjYM9uLImdHHYLQjbyRDPzH5vrQXQ2_H8btqNti7FSdxRJBzdU7OtN1je3t39pbgAAoxa2I0Nw,CHALLENGER,CHALLENGER,I,3181,Purple Hyacinth,Aimer,EUW1_7955415780,2026-08-19 14:39:49.974000+00:00,420,CLASSIC,24.4,Akali,MIDDLE,True,11,5,0,2.2,11496,22916,21298,21,190,7.78688524590164
9,fXImzjYM9uLImdHHYLQjbyRDPzH5vrQXQ2_H8btqNti7FSdxRJBzdU7OtN1je3t39pbgAAoxa2I0Nw,CHALLENGER,CHALLENGER,I,3181,Purple Hyacinth,Aimer,EUW1_7955824686,2026-08-19 20:17:12.524000+00:00,420,CLASSIC,24.916666666666668,Viktor,BOTTOM,False,5,13,0,0.38461538461538464,10901,19695,27576,18,169,6.782608695652174
9,fXImzjYM9uLImdHHYLQjbyRDPzH5vrQXQ2_H8btqNti7FSdxRJBzdU7OtN1je3t39pbgAAoxa2I0Nw,CHALLENGER,CHALLENGER,I,3181,Purple Hyacinth,Aimer,EUW1_7955871533,2026-08-19 20:51:19.652000+00:00,420,CLASSIC,26.916666666666668,Fiora,BOTTOM,False,8,9,3,1.2222222222222223,12821,22214,31285,17,200,7.430340557275541
9,fXImzjYM9uLImdHHYLQjbyRDPzH5vrQXQ2_H8btqNti7FSdxRJBzdU7OtN1je3t39pbgAAoxa2I0Nw,CHALLENGER,CHALLENGER,I,3181,Purple Hyacinth,Aimer,EUW1_7955902445,2026-08-19 21:26:50.747000+00:00,420,CLASSIC,28.283333333333335,Fiora,BOTTOM,True,12,7,6,2.5714285714285716,17327,29077,32721,27,209,7.389510901591042
9,fXImzjYM9uLImdHHYLQjbyRDPzH5vrQXQ2_H8btqNti7FSdxRJBzdU7OtN1je3t39pbgAAoxa2I0Nw,CHALLENGER,CHALLENGER,I,3181,Purple Hyacinth,Aimer,EUW1_7956244228,2026-08-20 11:22:53.705000+00:00,420,CLASSIC,20.566666666666666,Fiora,BOTTOM,True,8,2,6,7.0,12129,15668,18246,9,170,8.26580226904376
9,fXImzjYM9uLImdHHYLQjbyRDPzH5vrQXQ2_H8btqNti7FSdxRJBzdU7OtN1je3t39pbgAAoxa2I0Nw,CHALLENGER,CHALLENGER,I,3181,Purple Hyacinth,Aimer,EUW1_7957640020,2026-08-21 17:54:46.320000+00:00,420,CLASSIC,27.0,Fiora,BOTTOM,False,13,14,5,1.2857142857142858,15616,34219,42370,13,153,5.666666666666667
9,fXImzjYM9uLImdHHYLQjbyRDPzH5vrQXQ2_H8btqNti7FSdxRJBzdU7OtN1je3t39pbgAAoxa2I0Nw,CHALLENGER,CHALLENGER,I,3181,Purple Hyacinth,Aimer,EUW1_7957677898,2026-08-21 18:26:27.554000+00:00,420,CLASSIC,15.2,Fiora,BOTTOM,True,6,5,2,1.6,8312,9563,13717,5,129,8.486842105263158
9,fXImzjYM9uLImdHHYLQjbyRDPzH5vrQXQ2_H8btqNti7FSdxRJBzdU7OtN1je3t39pbgAAoxa2I0Nw,CHALLENGER,CHALLENGER,I,3181,Purple Hyacinth,Aimer,EUW1_7957704875,2026-08-21 18:47:14.027000+00:00,420,CLASSIC,34.05,Fiora,BOTTOM,True,4,9,2,0.6666666666666666,14397,12830,35749,28,278,8.164464023494862
9,fXImzjYM9uLImdHHYLQjbyRDPzH5vrQXQ2_H8btqNti7FSdxRJBzdU7OtN1je3t39pbgAAoxa2I0Nw,CHALLENGER,CHALLENGER,I,3181,Purple Hyacinth,Aimer,EUW1_7957751836,2026-08-21 19:26:28.506000+00:00,420,CLASSIC,23.216666666666665,Fiora,BOTTOM,False,5,6,1,1.0,11456,18648,25256,10,192,8.269921033740129
9,fXImzjYM9uLImdHHYLQjbyRDPzH5vrQXQ2_H8btqNti7FSdxRJBzdU7OtN1je3t39pbgAAoxa2I0Nw,CHALLENGER,CHALLENGER,I,3181,Purple Hyacinth,Aimer,EUW1_7957789897,2026-08-21 19:54:42.432000+00:00,420,CLASSIC,24.383333333333333,Aatrox,JUNGLE,False,5,6,4,1.5,10231,19160,34018,22,172,7.053998632946001
9,fXImzjYM9uLImdHHYLQjbyRDPzH5vrQXQ2_H8btqNti7FSdxRJBzdU7OtN1je3t39pbgAAoxa2I0Nw,CHALLENGER,CHALLENGER,I,3181,Purple Hyacinth,Aimer,EUW1_7958508185,2026-08-22 14:52:47.588000+00:00,420,CLASSIC,19.35,Fiora,BOTTOM,False,1,8,1,0.25,7634,9546,18963,12,156,8.062015503875969
9,fXImzjYM9uLImdHHYLQjbyRDPzH5vrQXQ2_H8btqNti7FSdxRJBzdU7OtN1je3t39pbgAAoxa2I0Nw,CHALLENGER,CHALLENGER,I,3181,Purple Hyacinth,Aimer,EUW1_7958531245,2026-08-22 15:17:43.793000+00:00,420,CLASSIC,30.15,Fiora,BOTTOM,True,4,6,6,1.6666666666666667,13727,19911,35333,23,210,6.965174129353234
9,fXImzjYM9uLImdHHYLQjbyRDPzH5vrQXQ2_H8btqNti7FSdxRJBzdU7OtN1je3t39pbgAAoxa2I0Nw,CHALLENGER,CHALLENGER,I,3181,Purple Hyacinth,Aimer,EUW1_7958757219,2026-08-22 18:45:33.840000+00:00,420,CLASSIC,15.533333333333333,Fiora,BOTTOM,True,3,3,2,1.6666666666666667,6402,8653,11631,7,111,7.145922746781116
9,fXImzjYM9uLImdHHYLQjbyRDPzH5vrQXQ2_H8btqNti7FSdxRJBzdU7OtN1je3t39pbgAAoxa2I0Nw,CHALLENGER,CHALLENGER,I,3181,Purple Hyacinth,Aimer,EUW1_7958792750,2026-08-22 19:07:29.109000+00:00,420,CLASSIC,26.183333333333334,Fiora,BOTTOM,False,2,9,6,0.8888888888888888,10297,9886,26333,24,189,7.218332272437937
9,fXImzjYM9uLImdHHYLQjbyRDPzH5vrQXQ2_H8btqNti7FSdxRJBzdU7OtN1je3t39pbgAAoxa2I0Nw,CHALLENGER,CHALLENGER,I,3181,Purple Hyacinth,Aimer,EUW1_7958867034,2026-08-22 20:08:02.606000+00:00,420,CLASSIC,31.033333333333335,Fiora,BOTTOM,True,17,5,9,5.2,21331,42142,43920,21,273,8.796992481203008
9,fXImzjYM9uLImdHHYLQjbyRDPzH5vrQXQ2_H8btqNti7FSdxRJBzdU7OtN1je3t39pbgAAoxa2I0Nw,CHALLENGER,CHALLENGER,I,3181,Purple Hyacinth,Aimer,EUW1_7958946499,2026-08-22 20:59:25.900000+00:00,420,CLASSIC,30.266666666666666,Fiora,BOTTOM,True,16,11,13,2.6363636363636362,20808,67692,54550,19,249,8.226872246696036
9,fXImzjYM9uLImdHHYLQjbyRDPzH5vrQXQ2_H8btqNti7FSdxRJBzdU7OtN1je3t39pbgAAoxa2I0Nw,CHALLENGER,CHALLENGER,I,3181,Purple Hyacinth,Aimer,EUW1_7959011455,2026-08-22 22:06:34.368000+00:00,420,CLASSIC,30.65,Fiora,TOP,True,15,5,4,3.8,16460,35951,36100,23,213,6.9494290375203915
9,fXImzjYM9uLImdHHYLQjbyRDPzH5vrQXQ2_H8btqNti7FSdxRJBzdU7OtN1je3t39pbgAAoxa2I0Nw,CHALLENGER,CHALLENGER,I,3181,Purple Hyacinth,Aimer,EUW1_7959062022,2026-08-22 22:45:58.408000+00:00,420,CLASSIC,20.85,Fiora,BOTTOM,True,7,7,16,3.2857142857142856,13243,26381,26135,14,157,7.529976019184652
9,fXImzjYM9uLImdHHYLQjbyRDPzH5vrQXQ2_H8btqNti7FSdxRJBzdU7OtN1je3t39pbgAAoxa2I0Nw,CHALLENGER,CHALLENGER,I,3181,Purple Hyacinth,Aimer,EUW1_7959149611,2026-08-23 00:24:47.110000+00:00,420,CLASSIC,28.583333333333332,Viktor,BOTTOM,False,7,13,8,1.1538461538461537,11762,27071,33089,12,196,6.857142857142858
9,fXImzjYM9uLImdHHYLQjbyRDPzH5vrQXQ2_H8btqNti7FSdxRJBzdU7OtN1je3t39pbgAAoxa2I0Nw,CHALLENGER,CHALLENGER,I,3181,Purple Hyacinth,Aimer,EUW1_7959168040,2026-08-23 01:12:01.310000+00:00,420,CLASSIC,24.133333333333333,Fiora,BOTTOM,True,5,4,6,2.75,11972,15433,23871,19,180,7.458563535911602
9,fXImzjYM9uLImdHHYLQjbyRDPzH5vrQXQ2_H8btqNti7FSdxRJBzdU7OtN1je3t39pbgAAoxa2I0Nw,CHALLENGER,CHALLENGER,I,3181,Purple Hyacinth,Aimer,EUW1_7959171402,2026-08-23 01:51:42.077000+00:00,420,CLASSIC,15.383333333333333,Fiora,BOTTOM,False,1,6,0,0.16666666666666666,5679,4653,11461,3,106,6.890574214517876
9,fXImzjYM9uLImdHHYLQjbyRDPzH5vrQXQ2_H8btqNti7FSdxRJBzdU7OtN1je3t39pbgAAoxa2I0Nw,CHALLENGER,CHALLENGER,I,3181,Purple Hyacinth,Aimer,EUW1_7959539632,2026-08-23 14:04:07.102000+00:00,420,CLASSIC,33.166666666666664,Fiora,BOTTOM,True,16,6,7,3.8333333333333335,20201,40091,41244,32,238,7.175879396984925
9,fXImzjYM9uLImdHHYLQjbyRDPzH5vrQXQ2_H8btqNti7FSdxRJBzdU7OtN1je3t39pbgAAoxa2I0Nw,CHALLENGER,CHALLENGER,I,3181,Purple Hyacinth,Aimer,EUW1_7959662526,2026-08-23 15:44:15.051000+00:00,420,CLASSIC,23.983333333333334,Fiora,TOP,True,8,5,4,2.4,13323,23901,24210,20,226,9.423210562890896
9,fXImzjYM9uLImdHHYLQjbyRDPzH5vrQXQ2_H8btqNti7FSdxRJBzdU7OtN1je3t39pbgAAoxa2I0Nw,CHALLENGER,CHALLENGER,I,3181,Purple Hyacinth,Aimer,EUW1_7959745613,2026-08-23 16:48:54.605000+00:00,420,CLASSIC,22.783333333333335,Fiora,BOTTOM,True,3,9,5,0.8888888888888888,9002,10997,20535,9,120,5.267008046817849
9,fXImzjYM9uLImdHHYLQjbyRDPzH5vrQXQ2_H8btqNti7FSdxRJBzdU7OtN1je3t39pbgAAoxa2I0Nw,CHALLENGER,CHALLENGER,I,3181,Purple Hyacinth,Aimer,EUW1_7959974771,2026-08-23 19:32:59.579000+00:00,420,CLASSIC,20.633333333333333,Fiora,MIDDLE,True,11,3,7,6.0,13959,35448,29879,11,202,9.789983844911147
9,fXImzjYM9uLImdHHYLQjbyRDPzH5vrQXQ2_H8btqNti7FSdxRJBzdU7OtN1je3t39pbgAAoxa2I0Nw,CHALLENGER,CHALLENGER,I,3181,Purple Hyacinth,Aimer,EUW1_7960039015,2026-08-23 20:18:13.431000+00:00,420,CLASSIC,25.116666666666667,Fiora,BOTTOM,True,13,6,3,2.6666666666666665,16498,34510,32170,16,210,8.360982083609821
9,fXImzjYM9uLImdHHYLQjbyRDPzH5vrQXQ2_H8btqNti7FSdxRJBzdU7OtN1je3t39pbgAAoxa2I0Nw,CHALLENGER,CHALLENGER,I,3181,Purple Hyacinth,Aimer,EUW1_7960121536,2026-08-23 21:12:43.033000+00:00,420,CLASSIC,30.366666666666667,Aatrox,JUNGLE,False,7,11,6,1.1818181818181819,13602,37306,56313,21,182,5.993413830954994
9,fXImzjYM9uLImdHHYLQjbyRDPzH5vrQXQ2_H8btqNti7FSdxRJBzdU7OtN1je3t39pbgAAoxa2I0Nw,CHALLENGER,CHALLENGER,I,3181,Purple Hyacinth,Aimer,EUW1_7960161937,2026-08-23 21:53:17.879000+00:00,420,CLASSIC,33.65,Fiora,BOTTOM,True,15,9,7,2.4444444444444446,18696,42279,45380,39,234,6.9539375928677565
9,fXImzjYM9uLImdHHYLQjbyRDPzH5vrQXQ2_H8btqNti7FSdxRJBzdU7OtN1je3t39pbgAAoxa2I0Nw,CHALLENGER,CHALLENGER,I,3181,Purple Hyacinth,Aimer,EUW1_7960207396,2026-08-23 22:55:13.089000+00:00,420,CLASSIC,28.9,Fiora,BOTTOM,False,2,10,2,0.4,11126,15676,37520,21,212,7.335640138408305
9,fXImzjYM9uLImdHHYLQjbyRDPzH5vrQXQ2_H8btqNti7FSdxRJBzdU7OtN1je3t39pbgAAoxa2I0Nw,CHALLENGER,CHALLENGER,I,3181,Purple Hyacinth,Aimer,EUW1_7960264869,2026-08-24 00:11:17.087000+00:00,420,CLASSIC,25.15,Fiora,BOTTOM,True,16,9,8,2.6666666666666665,19598,41259,42084,23,207,8.23061630218688
9,fXImzjYM9uLImdHHYLQjbyRDPzH5vrQXQ2_H8btqNti7FSdxRJBzdU7OtN1je3t39pbgAAoxa2I0Nw,CHALLENGER,CHALLENGER,I,3181,Purple Hyacinth,Aimer,EUW1_7960282007,2026-08-24 00:57:27.901000+00:00,420,CLASSIC,22.75,Fiora,BOTTOM,False,1,8,5,0.75,8544,13903,27158,14,166,7.2967032967032965
9,fXImzjYM9uLImdHHYLQjbyRDPzH5vrQXQ2_H8btqNti7FSdxRJBzdU7OtN1je3t39pbgAAoxa2I0Nw,CHALLENGER,CHALLENGER,I,3181,Purple Hyacinth,Aimer,EUW1_7960426529,2026-08-24 10:29:46.438000+00:00,420,CLASSIC,31.3,Fiora,TOP,True,8,7,6,2.0,15760,27892,32838,25,241,7.699680511182108
9,fXImzjYM9uLImdHHYLQjbyRDPzH5vrQXQ2_H8btqNti7FSdxRJBzdU7OtN1je3t39pbgAAoxa2I0Nw,CHALLENGER,CHALLENGER,I,3181,Purple Hyacinth,Aimer,EUW1_7960444934,2026-08-24 11:14:06.804000+00:00,420,CLASSIC,21.983333333333334,Fiora,BOTTOM,False,1,5,3,0.8,8475,8095,23231,18,178,8.097043214556482
9,fXImzjYM9uLImdHHYLQjbyRDPzH5vrQXQ2_H8btqNti7FSdxRJBzdU7OtN1je3t39pbgAAoxa2I0Nw,CHALLENGER,CHALLENGER,I,3181,TwTv TwelveFiora,Aimer,EUW1_7960749201,2026-08-24 17:00:05.863000+00:00,420,CLASSIC,15.35,Karma,UTILITY,True,3,1,8,11.0,6245,6029,8059,21,8,0.5211726384364821
9,fXImzjYM9uLImdHHYLQjbyRDPzH5vrQXQ2_H8btqNti7FSdxRJBzdU7OtN1je3t39pbgAAoxa2I0Nw,CHALLENGER,CHALLENGER,I,3181,TwTv TwelveFiora,Aimer,EUW1_7960773304,2026-08-24 17:21:22.768000+00:00,420,CLASSIC,32.083333333333336,Fiora,BOTTOM,True,12,8,8,2.5,16210,40088,39158,25,226,7.044155844155844
9,fXImzjYM9uLImdHHYLQjbyRDPzH5vrQXQ2_H8btqNti7FSdxRJBzdU7OtN1je3t39pbgAAoxa2I0Nw,CHALLENGER,CHALLENGER,I,3181,TwTv TwelveFiora,Aimer,EUW1_7960896982,2026-08-24 18:50:13.948000+00:00,420,CLASSIC,26.483333333333334,Fiora,BOTTOM,False,2,6,0,0.3333333333333333,9547,12585,25329,18,186,7.0232850849590935
9,fXImzjYM9uLImdHHYLQjbyRDPzH5vrQXQ2_H8btqNti7FSdxRJBzdU7OtN1je3t39pbgAAoxa2I0Nw,CHALLENGER,CHALLENGER,I,3181,TwTv TwelveFiora,Aimer,EUW1_7960947010,2026-08-24 19:28:17.366000+00:00,420,CLASSIC,22.433333333333334,Fiora,MIDDLE,True,4,4,3,1.75,11393,16172,25147,15,194,8.647845468053491
9,fXImzjYM9uLImdHHYLQjbyRDPzH5vrQXQ2_H8btqNti7FSdxRJBzdU7OtN1je3t39pbgAAoxa2I0Nw,CHALLENGER,CHALLENGER,I,3181,TwTv TwelveFiora,Aimer,EUW1_7961233311,2026-08-24 23:38:48.688000+00:00,420,CLASSIC,30.65,Fiora,BOTTOM,True,11,7,12,3.2857142857142856,18663,39342,46258,27,277,9.037520391517129
9,fXImzjYM9uLImdHHYLQjbyRDPzH5vrQXQ2_H8btqNti7FSdxRJBzdU7OtN1je3t39pbgAAoxa2I0Nw,CHALLENGER,CHALLENGER,I,3181,TwTv TwelveFiora,Aimer,EUW1_7961256184,2026-08-25 00:13:21.445000+00:00,420,CLASSIC,26.2,Fiora,BOTTOM,False,3,10,3,0.6,11078,13223,29511,9,206,7.862595419847328
9,fXImzjYM9uLImdHHYLQjbyRDPzH5vrQXQ2_H8btqNti7FSdxRJBzdU7OtN1je3t39pbgAAoxa2I0Nw,CHALLENGER,CHALLENGER,I,3181,TwTv TwelveFiora,Aimer,EUW1_7961282661,2026-08-25 00:59:48.324000+00:00,420,CLASSIC,34.38333333333333,Aatrox,JUNGLE,True,9,9,18,3.0,15777,38772,58185,20,188,5.467765390208434
9,fXImzjYM9uLImdHHYLQjbyRDPzH5vrQXQ2_H8btqNti7FSdxRJBzdU7OtN1je3t39pbgAAoxa2I0Nw,CHALLENGER,CHALLENGER,I,3181,TwTv TwelveFiora,Aimer,EUW1_7961603635,2026-08-25 14:26:33.543000+00:00,420,CLASSIC,25.366666666666667,Fiora,BOTTOM,True,3,6,10,2.1666666666666665,12158,14361,29738,23,210,8.278580814717477
9,fXImzjYM9uLImdHHYLQjbyRDPzH5vrQXQ2_H8btqNti7FSdxRJBzdU7OtN1je3t39pbgAAoxa2I0Nw,CHALLENGER,CHALLENGER,I,3181,TwTv TwelveFiora,Aimer,EUW1_7961769931,2026-08-25 17:09:11.794000+00:00,420,CLASSIC,28.166666666666668,Fiora,BOTTOM,False,3,10,5,0.8,11817,19289,33448,13,220,7.810650887573964
9,fXImzjYM9uLImdHHYLQjbyRDPzH5vrQXQ2_H8btqNti7FSdxRJBzdU7OtN1je3t39pbgAAoxa2I0Nw,CHALLENGER,CHALLENGER,I,3181,TwTv TwelveFiora,Aimer,EUW1_7961855921,2026-08-25 18:17:47.723000+00:00,420,CLASSIC,25.316666666666666,Fiora,BOTTOM,False,6,13,3,0.6923076923076923,10757,18587,31731,15,162,6.398946675444371
9,fXImzjYM9uLImdHHYLQjbyRDPzH5vrQXQ2_H8btqNti7FSdxRJBzdU7OtN1je3t39pbgAAoxa2I0Nw,CHALLENGER,CHALLENGER,I,3181,TwTv TwelveFiora,Aimer,EUW1_7961893129,2026-08-25 18:46:43.882000+00:00,420,CLASSIC,31.316666666666666,Fiora,TOP,False,5,6,4,1.5,14056,33595,38040,28,248,7.919105907397552
9,fXImzjYM9uLImdHHYLQjbyRDPzH5vrQXQ2_H8btqNti7FSdxRJBzdU7OtN1je3t39pbgAAoxa2I0Nw,CHALLENGER,CHALLENGER,I,3181,TwTv TwelveFiora,Aimer,EUW1_7961943357,2026-08-25 19:27:06.451000+00:00,420,CLASSIC,30.35,Akali,MIDDLE,True,11,7,1,1.7142857142857142,14934,25024,32946,25,236,7.775947281713344
9,fXImzjYM9uLImdHHYLQjbyRDPzH5vrQXQ2_H8btqNti7FSdxRJBzdU7OtN1je3t39pbgAAoxa2I0Nw,CHALLENGER,CHALLENGER,I,3181,TwTv TwelveFiora,Aimer,EUW1_7962455426,2026-08-26 11:04:13.893000+00:00,420,CLASSIC,15.183333333333334,Fiora,BOTTOM,True,11,2,1,6.0,9087,17852,17220,2,130,8.562019758507136
9,fXImzjYM9uLImdHHYLQjbyRDPzH5vrQXQ2_H8btqNti7FSdxRJBzdU7OtN1je3t39pbgAAoxa2I0Nw,CHALLENGER,CHALLENGER,I,3181,TwTv TwelveFiora,Aimer,EUW1_7962482509,2026-08-26 11:28:09.226000+00:00,420,CLASSIC,34.483333333333334,Leblanc,MIDDLE,True,5,4,8,3.25,13679,25467,25821,20,253,7.336877718704688
9,fXImzjYM9uLImdHHYLQjbyRDPzH5vrQXQ2_H8btqNti7FSdxRJBzdU7OtN1je3t39pbgAAoxa2I0Nw,CHALLENGER,CHALLENGER,I,3181,TwTv TwelveFiora,Aimer,EUW1_7962546102,2026-08-26 12:53:53.266000+00:00,420,CLASSIC,27.3,Fiora,BOTTOM,False,4,10,3,0.7,11543,19915,30389,19,209,7.655677655677655
9,fXImzjYM9uLImdHHYLQjbyRDPzH5vrQXQ2_H8btqNti7FSdxRJBzdU7OtN1je3t39pbgAAoxa2I0Nw,CHALLENGER,CHALLENGER,I,3181,TwTv TwelveFiora,Aimer,EUW1_7962595545,2026-08-26 13:25:44.378000+00:00,420,CLASSIC,25.45,Fiora,BOTTOM,False,7,10,5,1.2,13740,25287,28549,20,177,6.954813359528488
9,fXImzjYM9uLImdHHYLQjbyRDPzH5vrQXQ2_H8btqNti7FSdxRJBzdU7OtN1je3t39pbgAAoxa2I0Nw,CHALLENGER,CHALLENGER,I,3181,TwTv TwelveFiora,Aimer,EUW1_7962613237,2026-08-26 13:56:31.114000+00:00,420,CLASSIC,29.1,Fiora,BOTTOM,True,1,7,4,0.7142857142857143,10987,14556,29643,21,199,6.838487972508591
9,fXImzjYM9uLImdHHYLQjbyRDPzH5vrQXQ2_H8btqNti7FSdxRJBzdU7OtN1je3t39pbgAAoxa2I0Nw,CHALLENGER,CHALLENGER,I,3181,TwTv TwelveFiora,Aimer,EUW1_7962698034,2026-08-26 15:06:55.898000+00:00,420,CLASSIC,18.833333333333332,Fiora,BOTTOM,True,7,1,3,10.0,10862,11855,17223,11,170,9.026548672566372
9,fXImzjYM9uLImdHHYLQjbyRDPzH5vrQXQ2_H8btqNti7FSdxRJBzdU7OtN1je3t39pbgAAoxa2I0Nw,CHALLENGER,CHALLENGER,I,3181,TwTv TwelveFiora,Aimer,EUW1_7962738655,2026-08-26 15:34:12.969000+00:00,420,CLASSIC,32.516666666666666,Fiora,BOTTOM,False,5,9,11,1.7777777777777777,17306,25976,47630,25,266,8.180420297283444
9,fXImzjYM9uLImdHHYLQjbyRDPzH5vrQXQ2_H8btqNti7FSdxRJBzdU7OtN1je3t39pbgAAoxa2I0Nw,CHALLENGER,CHALLENGER,I,3181,TwTv TwelveFiora,Aimer,EUW1_7962785606,2026-08-26 16:18:56.369000+00:00,420,CLASSIC,15.966666666666667,Aatrox,JUNGLE,True,2,5,5,1.4,6419,7450,17058,11,123,7.703549060542797
9,fXImzjYM9uLImdHHYLQjbyRDPzH5vrQXQ2_H8btqNti7FSdxRJBzdU7OtN1je3t39pbgAAoxa2I0Nw,CHALLENGER,CHALLENGER,I,3181,TwTv TwelveFiora,Aimer,EUW1_7962829563,2026-08-26 16:50:31.502000+00:00,420,CLASSIC,26.0,Fiora,BOTTOM,True,14,5,6,4.0,17323,29690,29580,15,229,8.807692307692308
9,fXImzjYM9uLImdHHYLQjbyRDPzH5vrQXQ2_H8btqNti7FSdxRJBzdU7OtN1je3t39pbgAAoxa2I0Nw,CHALLENGER,CHALLENGER,I,3181,TwTv TwelveFiora,Aimer,EUW1_7962878239,2026-08-26 17:32:12.025000+00:00,420,CLASSIC,24.816666666666666,Yone,TOP,True,3,9,7,1.1111111111111112,8932,16246,22383,17,180,7.25319006044325
9,fXImzjYM9uLImdHHYLQjbyRDPzH5vrQXQ2_H8btqNti7FSdxRJBzdU7OtN1je3t39pbgAAoxa2I0Nw,CHALLENGER,CHALLENGER,I,3181,TwTv TwelveFiora,Aimer,EUW1_7963983341,2026-08-27 17:10:35.033000+00:00,420,CLASSIC,17.266666666666666,Karma,UTILITY,False,2,5,5,1.4,5031,8092,11580,36,18,1.0424710424710426
10,cYEYDCqMlQ_wdxgQYK5CTBC8v_GVtORLOqnuMIY2G-K4sgs0y5yPgaW8nfRWbto1-SNrvptp3Ry-aQ,CHALLENGER,CHALLENGER,I,2459,chains,free,EUW1_7891536574,2026-06-18 17:12:23.006000+00:00,420,CLASSIC,30.116666666666667,Yone,MIDDLE,True,5,7,11,2.2857142857142856,14137,24310,28385,20,254,8.433868289983398
10,cYEYDCqMlQ_wdxgQYK5CTBC8v_GVtORLOqnuMIY2G-K4sgs0y5yPgaW8nfRWbto1-SNrvptp3Ry-aQ,CHALLENGER,CHALLENGER,I,2459,chains,free,EUW1_7891577405,2026-06-18 17:53:06.772000+00:00,420,CLASSIC,28.783333333333335,Lucian,BOTTOM,False,5,4,4,2.25,12570,30731,31383,14,244,8.477127967573827
10,cYEYDCqMlQ_wdxgQYK5CTBC8v_GVtORLOqnuMIY2G-K4sgs0y5yPgaW8nfRWbto1-SNrvptp3Ry-aQ,CHALLENGER,CHALLENGER,I,2459,chains,free,EUW1_7891683870,2026-06-18 19:09:27.658000+00:00,420,CLASSIC,25.95,Qiyana,JUNGLE,False,6,6,4,1.6666666666666667,12404,14926,29118,25,175,6.74373795761079
10,cYEYDCqMlQ_wdxgQYK5CTBC8v_GVtORLOqnuMIY2G-K4sgs0y5yPgaW8nfRWbto1-SNrvptp3Ry-aQ,CHALLENGER,CHALLENGER,I,2459,chains,free,EUW1_7891732706,2026-06-18 19:42:22.507000+00:00,420,CLASSIC,33.05,Irelia,MIDDLE,True,12,6,6,3.0,19799,30876,38027,21,353,10.680786686838125
10,cYEYDCqMlQ_wdxgQYK5CTBC8v_GVtORLOqnuMIY2G-K4sgs0y5yPgaW8nfRWbto1-SNrvptp3Ry-aQ,CHALLENGER,CHALLENGER,I,2459,chains,free,EUW1_7891841198,2026-06-18 20:58:02.174000+00:00,420,CLASSIC,30.766666666666666,Irelia,MIDDLE,False,6,12,3,0.75,14064,25660,40079,21,280,9.100758396533045
10,cYEYDCqMlQ_wdxgQYK5CTBC8v_GVtORLOqnuMIY2G-K4sgs0y5yPgaW8nfRWbto1-SNrvptp3Ry-aQ,CHALLENGER,CHALLENGER,I,2459,chains,free,EUW1_7892324848,2026-06-19 13:04:08.512000+00:00,420,CLASSIC,33.7,Sylas,MIDDLE,True,15,3,11,8.666666666666666,18309,36760,49528,24,282,8.367952522255193
10,cYEYDCqMlQ_wdxgQYK5CTBC8v_GVtORLOqnuMIY2G-K4sgs0y5yPgaW8nfRWbto1-SNrvptp3Ry-aQ,CHALLENGER,CHALLENGER,I,2459,chains,free,EUW1_7892513282,2026-06-19 16:19:40.258000+00:00,420,CLASSIC,29.9,Lucian,BOTTOM,True,14,7,11,3.5714285714285716,17529,49664,34442,19,234,7.826086956521739
10,cYEYDCqMlQ_wdxgQYK5CTBC8v_GVtORLOqnuMIY2G-K4sgs0y5yPgaW8nfRWbto1-SNrvptp3Ry-aQ,CHALLENGER,CHALLENGER,I,2459,chains,free,EUW1_7892577771,2026-06-19 17:14:46.161000+00:00,420,CLASSIC,26.316666666666666,Sylas,MIDDLE,False,8,7,6,2.0,10048,22084,39302,13,180,6.839772007599747
10,cYEYDCqMlQ_wdxgQYK5CTBC8v_GVtORLOqnuMIY2G-K4sgs0y5yPgaW8nfRWbto1-SNrvptp3Ry-aQ,CHALLENGER,CHALLENGER,I,2459,chains,free,EUW1_7916042931,2026-07-12 09:00:06.208000+00:00,420,CLASSIC,22.266666666666666,Irelia,MIDDLE,True,15,6,0,2.5,17568,31711,30545,16,236,10.598802395209582
10,cYEYDCqMlQ_wdxgQYK5CTBC8v_GVtORLOqnuMIY2G-K4sgs0y5yPgaW8nfRWbto1-SNrvptp3Ry-aQ,CHALLENGER,CHALLENGER,I,2459,chains,free,EUW1_7916085669,2026-07-12 10:07:35.630000+00:00,420,CLASSIC,23.216666666666665,Sylas,JUNGLE,True,9,1,14,23.0,13194,18198,27438,27,173,7.451543431442929
10,cYEYDCqMlQ_wdxgQYK5CTBC8v_GVtORLOqnuMIY2G-K4sgs0y5yPgaW8nfRWbto1-SNrvptp3Ry-aQ,CHALLENGER,CHALLENGER,I,2459,chains,free,EUW1_7916139917,2026-07-12 11:28:27.078000+00:00,420,CLASSIC,30.8,Sylas,MIDDLE,True,14,8,5,2.375,14777,32074,50046,17,193,6.266233766233766
10,cYEYDCqMlQ_wdxgQYK5CTBC8v_GVtORLOqnuMIY2G-K4sgs0y5yPgaW8nfRWbto1-SNrvptp3Ry-aQ,CHALLENGER,CHALLENGER,I,2459,chains,free,EUW1_7916172089,2026-07-12 12:08:20.271000+00:00,420,CLASSIC,26.85,Lucian,BOTTOM,True,20,7,18,5.428571428571429,17959,44915,37762,27,209,7.783985102420856
10,cYEYDCqMlQ_wdxgQYK5CTBC8v_GVtORLOqnuMIY2G-K4sgs0y5yPgaW8nfRWbto1-SNrvptp3Ry-aQ,CHALLENGER,CHALLENGER,I,2459,chains,free,EUW1_7916229968,2026-07-12 13:07:39.220000+00:00,420,CLASSIC,29.016666666666666,Lucian,BOTTOM,False,1,8,6,0.875,9461,20472,29117,19,176,6.0654796094198735
10,cYEYDCqMlQ_wdxgQYK5CTBC8v_GVtORLOqnuMIY2G-K4sgs0y5yPgaW8nfRWbto1-SNrvptp3Ry-aQ,CHALLENGER,CHALLENGER,I,2459,chains,free,EUW1_7916269108,2026-07-12 13:44:59.281000+00:00,420,CLASSIC,26.75,Sylas,MIDDLE,False,5,11,3,0.7272727272727273,11067,23120,39277,15,195,7.289719626168225
10,cYEYDCqMlQ_wdxgQYK5CTBC8v_GVtORLOqnuMIY2G-K4sgs0y5yPgaW8nfRWbto1-SNrvptp3Ry-aQ,CHALLENGER,CHALLENGER,I,2459,chains,free,EUW1_7916664404,2026-07-12 19:12:09.980000+00:00,420,CLASSIC,15.2,Sylas,MIDDLE,True,5,0,5,10.0,7098,13213,13246,8,133,8.75
10,cYEYDCqMlQ_wdxgQYK5CTBC8v_GVtORLOqnuMIY2G-K4sgs0y5yPgaW8nfRWbto1-SNrvptp3Ry-aQ,CHALLENGER,CHALLENGER,I,2459,chains,free,EUW1_7916712265,2026-07-12 19:45:04.974000+00:00,420,CLASSIC,26.733333333333334,Sylas,MIDDLE,False,9,6,4,2.1666666666666665,12416,26859,31726,12,191,7.144638403990025
10,cYEYDCqMlQ_wdxgQYK5CTBC8v_GVtORLOqnuMIY2G-K4sgs0y5yPgaW8nfRWbto1-SNrvptp3Ry-aQ,CHALLENGER,CHALLENGER,I,2459,chains,free,EUW1_7917457383,2026-07-13 16:38:21.307000+00:00,420,CLASSIC,18.75,Sylas,TOP,True,5,4,4,2.25,7620,23568,26010,8,119,6.346666666666667
10,cYEYDCqMlQ_wdxgQYK5CTBC8v_GVtORLOqnuMIY2G-K4sgs0y5yPgaW8nfRWbto1-SNrvptp3Ry-aQ,CHALLENGER,CHALLENGER,I,2459,chains,free,EUW1_7917502508,2026-07-13 17:09:43.493000+00:00,420,CLASSIC,32.81666666666667,Sylas,TOP,False,13,9,3,1.7777777777777777,13587,40328,56232,33,200,6.094464195022853
10,cYEYDCqMlQ_wdxgQYK5CTBC8v_GVtORLOqnuMIY2G-K4sgs0y5yPgaW8nfRWbto1-SNrvptp3Ry-aQ,CHALLENGER,CHALLENGER,I,2459,chains,free,EUW1_7917584352,2026-07-13 18:24:28.339000+00:00,420,CLASSIC,25.433333333333334,Sylas,TOP,False,10,8,6,2.0,14178,29798,43382,15,219,8.610747051114023
10,cYEYDCqMlQ_wdxgQYK5CTBC8v_GVtORLOqnuMIY2G-K4sgs0y5yPgaW8nfRWbto1-SNrvptp3Ry-aQ,CHALLENGER,CHALLENGER,I,2459,chains,free,EUW1_7925489962,2026-07-21 17:38:27.701000+00:00,420,CLASSIC,23.333333333333332,Irelia,TOP,False,17,5,1,3.6,15305,30455,30957,16,230,9.857142857142858
10,cYEYDCqMlQ_wdxgQYK5CTBC8v_GVtORLOqnuMIY2G-K4sgs0y5yPgaW8nfRWbto1-SNrvptp3Ry-aQ,CHALLENGER,CHALLENGER,I,2459,chains,free,EUW1_7929603754,2026-07-25 18:43:44.447000+00:00,420,CLASSIC,20.966666666666665,Sylas,TOP,True,6,4,8,3.5,7842,21086,30415,15,121,5.771065182829889
10,cYEYDCqMlQ_wdxgQYK5CTBC8v_GVtORLOqnuMIY2G-K4sgs0y5yPgaW8nfRWbto1-SNrvptp3Ry-aQ,CHALLENGER,CHALLENGER,I,2459,chains,free,EUW1_7929659180,2026-07-25 19:37:08.737000+00:00,420,CLASSIC,15.216666666666667,Sylas,MIDDLE,False,5,5,0,1.0,6400,8326,15048,6,114,7.491785323110625
10,cYEYDCqMlQ_wdxgQYK5CTBC8v_GVtORLOqnuMIY2G-K4sgs0y5yPgaW8nfRWbto1-SNrvptp3Ry-aQ,CHALLENGER,CHALLENGER,I,2459,chains,free,EUW1_7929760172,2026-07-25 20:55:01.652000+00:00,420,CLASSIC,24.55,Sylas,TOP,False,4,5,1,1.0,9885,15938,29304,19,175,7.128309572301426
10,cYEYDCqMlQ_wdxgQYK5CTBC8v_GVtORLOqnuMIY2G-K4sgs0y5yPgaW8nfRWbto1-SNrvptp3Ry-aQ,CHALLENGER,CHALLENGER,I,2459,chains,free,EUW1_7930104998,2026-07-26 09:06:21.533000+00:00,420,CLASSIC,24.066666666666666,Sylas,TOP,True,5,5,5,2.0,9650,15774,32451,19,171,7.105263157894737
10,cYEYDCqMlQ_wdxgQYK5CTBC8v_GVtORLOqnuMIY2G-K4sgs0y5yPgaW8nfRWbto1-SNrvptp3Ry-aQ,CHALLENGER,CHALLENGER,I,2459,chains,free,EUW1_7930848259,2026-07-26 20:15:34.245000+00:00,420,CLASSIC,25.833333333333332,Sylas,TOP,True,4,5,13,3.4,9783,20290,34698,22,167,6.464516129032258
10,cYEYDCqMlQ_wdxgQYK5CTBC8v_GVtORLOqnuMIY2G-K4sgs0y5yPgaW8nfRWbto1-SNrvptp3Ry-aQ,CHALLENGER,CHALLENGER,I,2459,chains,free,EUW1_7935075552,2026-07-30 21:00:56.874000+00:00,420,CLASSIC,30.25,Sylas,UTILITY,True,6,9,32,4.222222222222222,12252,32478,48508,105,30,0.9917355371900827
10,cYEYDCqMlQ_wdxgQYK5CTBC8v_GVtORLOqnuMIY2G-K4sgs0y5yPgaW8nfRWbto1-SNrvptp3Ry-aQ,CHALLENGER,CHALLENGER,I,2459,chains,free,EUW1_7935134439,2026-07-30 21:44:01.003000+00:00,420,CLASSIC,28.566666666666666,Sylas,TOP,False,7,7,3,1.4285714285714286,10659,29409,54063,26,181,6.336056009334889
10,cYEYDCqMlQ_wdxgQYK5CTBC8v_GVtORLOqnuMIY2G-K4sgs0y5yPgaW8nfRWbto1-SNrvptp3Ry-aQ,CHALLENGER,CHALLENGER,I,2459,chains,free,EUW1_7935836638,2026-07-31 17:12:44.185000+00:00,420,CLASSIC,35.05,Qiyana,TOP,True,14,7,5,2.7142857142857144,16330,45848,41579,22,208,5.934379457917261
10,cYEYDCqMlQ_wdxgQYK5CTBC8v_GVtORLOqnuMIY2G-K4sgs0y5yPgaW8nfRWbto1-SNrvptp3Ry-aQ,CHALLENGER,CHALLENGER,I,2459,chains,free,EUW1_7936155838,2026-07-31 21:14:27.965000+00:00,420,CLASSIC,27.333333333333332,Sylas,TOP,True,3,8,7,1.25,9570,18454,35806,22,151,5.524390243902439
10,cYEYDCqMlQ_wdxgQYK5CTBC8v_GVtORLOqnuMIY2G-K4sgs0y5yPgaW8nfRWbto1-SNrvptp3Ry-aQ,CHALLENGER,CHALLENGER,I,2459,chains,free,EUW1_7936216049,2026-07-31 22:01:01.917000+00:00,420,CLASSIC,36.06666666666667,Sylas,TOP,True,5,8,10,1.875,14090,27408,55028,35,245,6.792975970425138
10,cYEYDCqMlQ_wdxgQYK5CTBC8v_GVtORLOqnuMIY2G-K4sgs0y5yPgaW8nfRWbto1-SNrvptp3Ry-aQ,CHALLENGER,CHALLENGER,I,2459,chains,free,EUW1_7936462437,2026-08-01 08:23:24.288000+00:00,420,CLASSIC,31.266666666666666,Sylas,TOP,False,4,9,7,1.2222222222222223,10547,29531,46960,31,191,6.108742004264393
10,cYEYDCqMlQ_wdxgQYK5CTBC8v_GVtORLOqnuMIY2G-K4sgs0y5yPgaW8nfRWbto1-SNrvptp3Ry-aQ,CHALLENGER,CHALLENGER,I,2459,chains,free,EUW1_7936516187,2026-08-01 09:46:23.049000+00:00,420,CLASSIC,15.183333333333334,Sylas,MIDDLE,False,1,4,2,0.75,4374,7821,19647,9,85,5.598243688254665
10,cYEYDCqMlQ_wdxgQYK5CTBC8v_GVtORLOqnuMIY2G-K4sgs0y5yPgaW8nfRWbto1-SNrvptp3Ry-aQ,CHALLENGER,CHALLENGER,I,2459,chains,free,EUW1_7936535861,2026-08-01 10:07:07.697000+00:00,420,CLASSIC,30.55,Qiyana,TOP,False,3,11,8,1.0,12148,30603,32428,21,218,7.1358428805237315
10,cYEYDCqMlQ_wdxgQYK5CTBC8v_GVtORLOqnuMIY2G-K4sgs0y5yPgaW8nfRWbto1-SNrvptp3Ry-aQ,CHALLENGER,CHALLENGER,I,2459,chains,free,EUW1_7936661907,2026-08-01 12:43:38.038000+00:00,420,CLASSIC,25.35,Irelia,TOP,True,6,4,10,4.0,13670,27026,27826,22,266,10.493096646942801
10,cYEYDCqMlQ_wdxgQYK5CTBC8v_GVtORLOqnuMIY2G-K4sgs0y5yPgaW8nfRWbto1-SNrvptp3Ry-aQ,CHALLENGER,CHALLENGER,I,2459,chains,free,EUW1_7936702685,2026-08-01 13:21:16.884000+00:00,420,CLASSIC,28.65,Akali,TOP,True,4,8,8,1.5,11324,20506,35611,26,210,7.329842931937173
10,cYEYDCqMlQ_wdxgQYK5CTBC8v_GVtORLOqnuMIY2G-K4sgs0y5yPgaW8nfRWbto1-SNrvptp3Ry-aQ,CHALLENGER,CHALLENGER,I,2459,chains,free,EUW1_7936897842,2026-08-01 16:25:29.566000+00:00,420,CLASSIC,28.25,Irelia,TOP,False,5,8,6,1.375,11681,20105,33502,24,232,8.212389380530974
10,cYEYDCqMlQ_wdxgQYK5CTBC8v_GVtORLOqnuMIY2G-K4sgs0y5yPgaW8nfRWbto1-SNrvptp3Ry-aQ,CHALLENGER,CHALLENGER,I,2459,chains,free,EUW1_7936987731,2026-08-01 17:50:08.051000+00:00,420,CLASSIC,25.266666666666666,Sylas,UTILITY,True,8,7,18,3.7142857142857144,11521,25510,32965,68,37,1.4643799472295516
10,cYEYDCqMlQ_wdxgQYK5CTBC8v_GVtORLOqnuMIY2G-K4sgs0y5yPgaW8nfRWbto1-SNrvptp3Ry-aQ,CHALLENGER,CHALLENGER,I,2459,chains,free,EUW1_7937120144,2026-08-01 19:49:05.736000+00:00,420,CLASSIC,21.9,Ezreal,BOTTOM,True,4,6,7,1.8333333333333333,10572,17656,16318,16,163,7.442922374429224
10,cYEYDCqMlQ_wdxgQYK5CTBC8v_GVtORLOqnuMIY2G-K4sgs0y5yPgaW8nfRWbto1-SNrvptp3Ry-aQ,CHALLENGER,CHALLENGER,I,2459,chains,free,EUW1_7937268700,2026-08-01 21:30:54.195000+00:00,420,CLASSIC,18.8,Lucian,BOTTOM,False,5,9,4,1.0,8160,13600,18807,9,116,6.170212765957446
10,cYEYDCqMlQ_wdxgQYK5CTBC8v_GVtORLOqnuMIY2G-K4sgs0y5yPgaW8nfRWbto1-SNrvptp3Ry-aQ,CHALLENGER,CHALLENGER,I,2459,chains,free,EUW1_7937549255,2026-08-02 08:19:58.548000+00:00,420,CLASSIC,20.716666666666665,Ezreal,BOTTOM,False,3,6,3,1.0,8765,15072,14140,4,164,7.916331456154466
10,cYEYDCqMlQ_wdxgQYK5CTBC8v_GVtORLOqnuMIY2G-K4sgs0y5yPgaW8nfRWbto1-SNrvptp3Ry-aQ,CHALLENGER,CHALLENGER,I,2459,chains,free,EUW1_7937988689,2026-08-02 15:48:50.039000+00:00,420,CLASSIC,31.8,Sylas,MIDDLE,False,5,5,1,1.2,12562,24010,37232,22,223,7.012578616352201
10,cYEYDCqMlQ_wdxgQYK5CTBC8v_GVtORLOqnuMIY2G-K4sgs0y5yPgaW8nfRWbto1-SNrvptp3Ry-aQ,CHALLENGER,CHALLENGER,I,2459,chains,free,EUW1_7951004144,2026-08-15 10:25:16.646000+00:00,420,CLASSIC,28.983333333333334,Sylas,JUNGLE,True,3,5,11,2.8,11400,12087,30580,24,197,6.79700977573318
10,cYEYDCqMlQ_wdxgQYK5CTBC8v_GVtORLOqnuMIY2G-K4sgs0y5yPgaW8nfRWbto1-SNrvptp3Ry-aQ,CHALLENGER,CHALLENGER,I,2459,chains,free,EUW1_7951039453,2026-08-15 11:20:56.503000+00:00,420,CLASSIC,30.933333333333334,Sylas,MIDDLE,True,11,6,6,2.8333333333333335,13807,29487,38151,13,218,7.047413793103448
10,cYEYDCqMlQ_wdxgQYK5CTBC8v_GVtORLOqnuMIY2G-K4sgs0y5yPgaW8nfRWbto1-SNrvptp3Ry-aQ,CHALLENGER,CHALLENGER,I,2459,chains,free,EUW1_7951086109,2026-08-15 12:06:43.756000+00:00,420,CLASSIC,15.166666666666666,Lucian,BOTTOM,False,2,5,0,0.4,5508,10176,13268,7,114,7.516483516483516
10,cYEYDCqMlQ_wdxgQYK5CTBC8v_GVtORLOqnuMIY2G-K4sgs0y5yPgaW8nfRWbto1-SNrvptp3Ry-aQ,CHALLENGER,CHALLENGER,I,2459,chains,free,EUW1_7951168825,2026-08-15 13:27:14.445000+00:00,420,CLASSIC,32.43333333333333,Irelia,MIDDLE,True,10,10,8,1.8,16907,40657,49672,28,267,8.232271325796507
10,cYEYDCqMlQ_wdxgQYK5CTBC8v_GVtORLOqnuMIY2G-K4sgs0y5yPgaW8nfRWbto1-SNrvptp3Ry-aQ,CHALLENGER,CHALLENGER,I,2459,chains,free,EUW1_7951212600,2026-08-15 14:07:17.246000+00:00,420,CLASSIC,29.033333333333335,Sylas,UTILITY,False,2,14,9,0.7857142857142857,8344,18344,45739,61,28,0.9644087256027554
10,cYEYDCqMlQ_wdxgQYK5CTBC8v_GVtORLOqnuMIY2G-K4sgs0y5yPgaW8nfRWbto1-SNrvptp3Ry-aQ,CHALLENGER,CHALLENGER,I,2459,chains,free,EUW1_7951242010,2026-08-15 14:41:26.763000+00:00,420,CLASSIC,26.833333333333332,Sylas,MIDDLE,False,11,6,7,3.0,13097,27650,40492,18,186,6.931677018633541
10,cYEYDCqMlQ_wdxgQYK5CTBC8v_GVtORLOqnuMIY2G-K4sgs0y5yPgaW8nfRWbto1-SNrvptp3Ry-aQ,CHALLENGER,CHALLENGER,I,2459,chains,free,EUW1_7951434097,2026-08-15 17:43:39.348000+00:00,420,CLASSIC,23.616666666666667,Irelia,MIDDLE,False,4,9,3,0.7777777777777778,10955,12644,25639,18,219,9.273112208892025
10,cYEYDCqMlQ_wdxgQYK5CTBC8v_GVtORLOqnuMIY2G-K4sgs0y5yPgaW8nfRWbto1-SNrvptp3Ry-aQ,CHALLENGER,CHALLENGER,I,2459,chains,free,EUW1_7955766123,2026-08-19 19:42:29.355000+00:00,420,CLASSIC,32.43333333333333,Sylas,MIDDLE,True,9,7,12,3.0,12935,40588,50559,11,165,5.0873586844809875
10,cYEYDCqMlQ_wdxgQYK5CTBC8v_GVtORLOqnuMIY2G-K4sgs0y5yPgaW8nfRWbto1-SNrvptp3Ry-aQ,CHALLENGER,CHALLENGER,I,2459,chains,free,EUW1_7955842567,2026-08-19 20:28:58.938000+00:00,420,CLASSIC,24.883333333333333,Sylas,UTILITY,True,6,7,18,3.4285714285714284,9570,22771,28939,65,20,0.8037508372404555
10,cYEYDCqMlQ_wdxgQYK5CTBC8v_GVtORLOqnuMIY2G-K4sgs0y5yPgaW8nfRWbto1-SNrvptp3Ry-aQ,CHALLENGER,CHALLENGER,I,2459,chains,free,EUW1_7956483301,2026-08-20 16:00:02.465000+00:00,420,CLASSIC,25.783333333333335,Sylas,MIDDLE,True,8,6,10,3.0,11431,20591,30280,19,187,7.252747252747252
10,cYEYDCqMlQ_wdxgQYK5CTBC8v_GVtORLOqnuMIY2G-K4sgs0y5yPgaW8nfRWbto1-SNrvptp3Ry-aQ,CHALLENGER,CHALLENGER,I,2459,chains,free,EUW1_7956538008,2026-08-20 16:45:33.256000+00:00,420,CLASSIC,24.516666666666666,Lucian,BOTTOM,True,16,6,7,3.8333333333333335,14479,38839,27003,18,185,7.545887151597553
10,cYEYDCqMlQ_wdxgQYK5CTBC8v_GVtORLOqnuMIY2G-K4sgs0y5yPgaW8nfRWbto1-SNrvptp3Ry-aQ,CHALLENGER,CHALLENGER,I,2459,chains,free,EUW1_7956582669,2026-08-20 17:18:09.021000+00:00,420,CLASSIC,23.583333333333332,Sylas,MIDDLE,True,11,3,13,8.0,10824,30626,34817,14,147,6.23321554770318
10,cYEYDCqMlQ_wdxgQYK5CTBC8v_GVtORLOqnuMIY2G-K4sgs0y5yPgaW8nfRWbto1-SNrvptp3Ry-aQ,CHALLENGER,CHALLENGER,I,2459,chains,free,EUW1_7956615374,2026-08-20 17:59:05.547000+00:00,420,CLASSIC,19.083333333333332,Sylas,UTILITY,False,4,12,7,0.9166666666666666,5947,9246,25579,40,15,0.7860262008733625
10,cYEYDCqMlQ_wdxgQYK5CTBC8v_GVtORLOqnuMIY2G-K4sgs0y5yPgaW8nfRWbto1-SNrvptp3Ry-aQ,CHALLENGER,CHALLENGER,I,2459,chains,free,EUW1_7956824715,2026-08-20 20:22:16.199000+00:00,420,CLASSIC,25.716666666666665,Lucian,BOTTOM,True,5,7,5,1.4285714285714286,10601,17562,25434,14,163,6.338302009073234
10,cYEYDCqMlQ_wdxgQYK5CTBC8v_GVtORLOqnuMIY2G-K4sgs0y5yPgaW8nfRWbto1-SNrvptp3Ry-aQ,CHALLENGER,CHALLENGER,I,2459,chains,free,EUW1_7956885489,2026-08-20 21:02:22.068000+00:00,420,CLASSIC,27.6,Sylas,MIDDLE,True,8,8,5,1.625,11080,26186,35260,16,147,5.326086956521739
10,cYEYDCqMlQ_wdxgQYK5CTBC8v_GVtORLOqnuMIY2G-K4sgs0y5yPgaW8nfRWbto1-SNrvptp3Ry-aQ,CHALLENGER,CHALLENGER,I,2459,chains,free,EUW1_7956914445,2026-08-20 21:41:27.172000+00:00,420,CLASSIC,18.45,Sylas,MIDDLE,False,1,7,3,0.5714285714285714,5555,9634,21290,8,96,5.203252032520325
10,cYEYDCqMlQ_wdxgQYK5CTBC8v_GVtORLOqnuMIY2G-K4sgs0y5yPgaW8nfRWbto1-SNrvptp3Ry-aQ,CHALLENGER,CHALLENGER,I,2459,chains,free,EUW1_7956954135,2026-08-20 22:11:34.546000+00:00,420,CLASSIC,28.583333333333332,Irelia,TOP,False,4,10,4,0.8,12397,15226,31713,15,238,8.326530612244898
10,cYEYDCqMlQ_wdxgQYK5CTBC8v_GVtORLOqnuMIY2G-K4sgs0y5yPgaW8nfRWbto1-SNrvptp3Ry-aQ,CHALLENGER,CHALLENGER,I,2459,chains,free,EUW1_7957578452,2026-08-21 17:08:15.570000+00:00,420,CLASSIC,32.266666666666666,Sylas,MIDDLE,True,8,6,10,3.0,13315,26632,39730,27,227,7.035123966942149
10,cYEYDCqMlQ_wdxgQYK5CTBC8v_GVtORLOqnuMIY2G-K4sgs0y5yPgaW8nfRWbto1-SNrvptp3Ry-aQ,CHALLENGER,CHALLENGER,I,2459,chains,free,EUW1_7957640020,2026-08-21 17:54:46.320000+00:00,420,CLASSIC,27.0,Sylas,MIDDLE,True,9,4,15,6.0,11578,42200,40467,10,176,6.518518518518518
10,cYEYDCqMlQ_wdxgQYK5CTBC8v_GVtORLOqnuMIY2G-K4sgs0y5yPgaW8nfRWbto1-SNrvptp3Ry-aQ,CHALLENGER,CHALLENGER,I,2459,chains,free,EUW1_7957705474,2026-08-21 18:41:37.690000+00:00,420,CLASSIC,16.433333333333334,Lucian,BOTTOM,True,6,4,4,2.5,7779,18010,12261,13,120,7.302231237322515
10,cYEYDCqMlQ_wdxgQYK5CTBC8v_GVtORLOqnuMIY2G-K4sgs0y5yPgaW8nfRWbto1-SNrvptp3Ry-aQ,CHALLENGER,CHALLENGER,I,2459,chains,free,EUW1_7957733730,2026-08-21 19:11:54.901000+00:00,420,CLASSIC,21.666666666666668,Sylas,TOP,True,5,5,6,2.2,7928,13359,21651,18,118,5.4461538461538455
10,cYEYDCqMlQ_wdxgQYK5CTBC8v_GVtORLOqnuMIY2G-K4sgs0y5yPgaW8nfRWbto1-SNrvptp3Ry-aQ,CHALLENGER,CHALLENGER,I,2459,chains,free,EUW1_7958187841,2026-08-22 07:21:55.481000+00:00,420,CLASSIC,15.316666666666666,Irelia,MIDDLE,True,9,2,3,6.0,9145,11260,15417,6,153,9.98911860718172
10,cYEYDCqMlQ_wdxgQYK5CTBC8v_GVtORLOqnuMIY2G-K4sgs0y5yPgaW8nfRWbto1-SNrvptp3Ry-aQ,CHALLENGER,CHALLENGER,I,2459,chains,free,EUW1_7958185341,2026-08-22 07:47:56.476000+00:00,420,CLASSIC,33.15,Sylas,MIDDLE,False,18,9,2,2.2222222222222223,16810,37935,49469,23,213,6.425339366515837
10,cYEYDCqMlQ_wdxgQYK5CTBC8v_GVtORLOqnuMIY2G-K4sgs0y5yPgaW8nfRWbto1-SNrvptp3Ry-aQ,CHALLENGER,CHALLENGER,I,2459,chains,free,EUW1_7958223834,2026-08-22 09:01:27.935000+00:00,420,CLASSIC,24.466666666666665,Lucian,BOTTOM,True,7,9,10,1.8888888888888888,11910,34607,27405,19,184,7.520435967302453
10,cYEYDCqMlQ_wdxgQYK5CTBC8v_GVtORLOqnuMIY2G-K4sgs0y5yPgaW8nfRWbto1-SNrvptp3Ry-aQ,CHALLENGER,CHALLENGER,I,2459,chains,free,EUW1_7958249124,2026-08-22 09:53:53.498000+00:00,420,CLASSIC,34.25,Sylas,TOP,True,14,7,9,3.2857142857142856,16351,41194,48466,27,257,7.5036496350364965
10,cYEYDCqMlQ_wdxgQYK5CTBC8v_GVtORLOqnuMIY2G-K4sgs0y5yPgaW8nfRWbto1-SNrvptp3Ry-aQ,CHALLENGER,CHALLENGER,I,2459,chains,free,EUW1_7958291651,2026-08-22 10:42:53.683000+00:00,420,CLASSIC,22.5,Leblanc,TOP,True,2,5,5,1.4,8219,12965,18433,16,163,7.2444444444444445
10,cYEYDCqMlQ_wdxgQYK5CTBC8v_GVtORLOqnuMIY2G-K4sgs0y5yPgaW8nfRWbto1-SNrvptp3Ry-aQ,CHALLENGER,CHALLENGER,I,2459,chains,free,EUW1_7958317371,2026-08-22 11:35:08.371000+00:00,420,CLASSIC,33.05,Irelia,MIDDLE,False,10,10,7,1.7,16994,25549,43770,29,283,8.562783661119516
10,cYEYDCqMlQ_wdxgQYK5CTBC8v_GVtORLOqnuMIY2G-K4sgs0y5yPgaW8nfRWbto1-SNrvptp3Ry-aQ,CHALLENGER,CHALLENGER,I,2459,chains,free,EUW1_7958377534,2026-08-22 12:26:42.424000+00:00,420,CLASSIC,29.6,Irelia,MIDDLE,False,6,14,2,0.5714285714285714,12561,28842,42930,23,233,7.871621621621621
10,cYEYDCqMlQ_wdxgQYK5CTBC8v_GVtORLOqnuMIY2G-K4sgs0y5yPgaW8nfRWbto1-SNrvptp3Ry-aQ,CHALLENGER,CHALLENGER,I,2459,chains,free,EUW1_7958408073,2026-08-22 13:12:49.427000+00:00,420,CLASSIC,34.45,Sylas,MIDDLE,False,12,10,5,1.7,16277,34084,50173,23,247,7.169811320754716
10,cYEYDCqMlQ_wdxgQYK5CTBC8v_GVtORLOqnuMIY2G-K4sgs0y5yPgaW8nfRWbto1-SNrvptp3Ry-aQ,CHALLENGER,CHALLENGER,I,2459,chains,free,EUW1_7958460766,2026-08-22 14:01:01.568000+00:00,420,CLASSIC,18.9,Lucian,BOTTOM,True,9,5,11,4.0,11781,28675,15151,11,160,8.465608465608467
10,cYEYDCqMlQ_wdxgQYK5CTBC8v_GVtORLOqnuMIY2G-K4sgs0y5yPgaW8nfRWbto1-SNrvptp3Ry-aQ,CHALLENGER,CHALLENGER,I,2459,chains,free,EUW1_7958483450,2026-08-22 14:35:01.408000+00:00,420,CLASSIC,27.7,Irelia,TOP,False,6,10,3,0.9,11477,19755,34456,19,228,8.231046931407942
10,cYEYDCqMlQ_wdxgQYK5CTBC8v_GVtORLOqnuMIY2G-K4sgs0y5yPgaW8nfRWbto1-SNrvptp3Ry-aQ,CHALLENGER,CHALLENGER,I,2459,chains,free,EUW1_7958884465,2026-08-22 20:14:06.121000+00:00,420,CLASSIC,15.333333333333334,Sylas,TOP,False,1,7,0,0.14285714285714285,4286,7574,15993,11,64,4.173913043478261
10,cYEYDCqMlQ_wdxgQYK5CTBC8v_GVtORLOqnuMIY2G-K4sgs0y5yPgaW8nfRWbto1-SNrvptp3Ry-aQ,CHALLENGER,CHALLENGER,I,2459,chains,free,EUW1_7958909977,2026-08-22 20:40:40.592000+00:00,420,CLASSIC,24.083333333333332,Akali,TOP,False,7,7,2,1.2857142857142858,11132,21764,24937,14,184,7.640138408304499
10,cYEYDCqMlQ_wdxgQYK5CTBC8v_GVtORLOqnuMIY2G-K4sgs0y5yPgaW8nfRWbto1-SNrvptp3Ry-aQ,CHALLENGER,CHALLENGER,I,2459,chains,free,EUW1_7958955230,2026-08-22 21:16:13.021000+00:00,420,CLASSIC,26.166666666666668,Lucian,BOTTOM,False,4,13,11,1.1538461538461537,10509,31507,33292,14,175,6.687898089171974
10,cYEYDCqMlQ_wdxgQYK5CTBC8v_GVtORLOqnuMIY2G-K4sgs0y5yPgaW8nfRWbto1-SNrvptp3Ry-aQ,CHALLENGER,CHALLENGER,I,2459,chains,free,EUW1_7959001034,2026-08-22 21:50:20.603000+00:00,420,CLASSIC,24.5,Sylas,JUNGLE,True,12,6,11,3.8333333333333335,13198,27524,36463,28,163,6.653061224489796
10,cYEYDCqMlQ_wdxgQYK5CTBC8v_GVtORLOqnuMIY2G-K4sgs0y5yPgaW8nfRWbto1-SNrvptp3Ry-aQ,CHALLENGER,CHALLENGER,I,2459,chains,free,EUW1_7959052976,2026-08-22 22:33:41.912000+00:00,420,CLASSIC,15.2,Lucian,BOTTOM,True,15,1,2,17.0,10840,20006,11319,10,146,9.605263157894738
10,cYEYDCqMlQ_wdxgQYK5CTBC8v_GVtORLOqnuMIY2G-K4sgs0y5yPgaW8nfRWbto1-SNrvptp3Ry-aQ,CHALLENGER,CHALLENGER,I,2459,chains,free,EUW1_7959084285,2026-08-22 23:12:54.705000+00:00,420,CLASSIC,22.716666666666665,Lucian,BOTTOM,True,16,2,4,10.0,14718,36677,24247,16,231,10.16874541452678
10,cYEYDCqMlQ_wdxgQYK5CTBC8v_GVtORLOqnuMIY2G-K4sgs0y5yPgaW8nfRWbto1-SNrvptp3Ry-aQ,CHALLENGER,CHALLENGER,I,2459,chains,free,EUW1_7959235025,2026-08-23 07:17:39.378000+00:00,420,CLASSIC,25.016666666666666,Lucian,BOTTOM,True,14,3,0,4.666666666666667,14932,37486,25348,16,245,9.793471019320453
10,cYEYDCqMlQ_wdxgQYK5CTBC8v_GVtORLOqnuMIY2G-K4sgs0y5yPgaW8nfRWbto1-SNrvptp3Ry-aQ,CHALLENGER,CHALLENGER,I,2459,chains,free,EUW1_7959246077,2026-08-23 07:58:22.517000+00:00,420,CLASSIC,24.966666666666665,Lucian,BOTTOM,False,1,7,3,0.5714285714285714,9293,12119,17598,13,216,8.651535380507344
10,cYEYDCqMlQ_wdxgQYK5CTBC8v_GVtORLOqnuMIY2G-K4sgs0y5yPgaW8nfRWbto1-SNrvptp3Ry-aQ,CHALLENGER,CHALLENGER,I,2459,chains,free,EUW1_7959642925,2026-08-23 15:34:06.162000+00:00,420,CLASSIC,41.25,Lucian,BOTTOM,True,9,12,12,1.75,19385,44012,48609,25,252,6.109090909090909
10,cYEYDCqMlQ_wdxgQYK5CTBC8v_GVtORLOqnuMIY2G-K4sgs0y5yPgaW8nfRWbto1-SNrvptp3Ry-aQ,CHALLENGER,CHALLENGER,I,2459,chains,free,EUW1_7959907721,2026-08-23 18:48:35.845000+00:00,420,CLASSIC,20.833333333333332,Lucian,BOTTOM,False,5,5,0,1.0,10112,18086,20528,26,178,8.544
10,cYEYDCqMlQ_wdxgQYK5CTBC8v_GVtORLOqnuMIY2G-K4sgs0y5yPgaW8nfRWbto1-SNrvptp3Ry-aQ,CHALLENGER,CHALLENGER,I,2459,chains,free,EUW1_7960133945,2026-08-23 21:30:20.282000+00:00,420,CLASSIC,30.933333333333334,Lucian,BOTTOM,False,8,14,10,1.2857142857142858,16061,26690,34106,41,239,7.726293103448276
10,cYEYDCqMlQ_wdxgQYK5CTBC8v_GVtORLOqnuMIY2G-K4sgs0y5yPgaW8nfRWbto1-SNrvptp3Ry-aQ,CHALLENGER,CHALLENGER,I,2459,chains,free,EUW1_7961689900,2026-08-25 15:57:26.578000+00:00,420,CLASSIC,30.266666666666666,Lucian,BOTTOM,False,16,9,6,2.4444444444444446,19103,44723,26401,26,249,8.226872246696036
10,cYEYDCqMlQ_wdxgQYK5CTBC8v_GVtORLOqnuMIY2G-K4sgs0y5yPgaW8nfRWbto1-SNrvptp3Ry-aQ,CHALLENGER,CHALLENGER,I,2459,chains,free,EUW1_7961728275,2026-08-25 16:38:10.673000+00:00,420,CLASSIC,16.5,Sylas,MIDDLE,True,7,2,4,5.5,7846,14573,16959,8,111,6.7272727272727275
10,cYEYDCqMlQ_wdxgQYK5CTBC8v_GVtORLOqnuMIY2G-K4sgs0y5yPgaW8nfRWbto1-SNrvptp3Ry-aQ,CHALLENGER,CHALLENGER,I,2459,chains,free,EUW1_7961769931,2026-08-25 17:09:11.794000+00:00,420,CLASSIC,28.166666666666668,Sylas,MIDDLE,True,10,5,4,2.8,12819,22410,36492,22,206,7.313609467455621
10,cYEYDCqMlQ_wdxgQYK5CTBC8v_GVtORLOqnuMIY2G-K4sgs0y5yPgaW8nfRWbto1-SNrvptp3Ry-aQ,CHALLENGER,CHALLENGER,I,2459,chains,free,EUW1_7961812336,2026-08-25 17:48:36.039000+00:00,420,CLASSIC,31.566666666666666,Sylas,MIDDLE,False,5,7,5,1.4285714285714286,11060,17341,37736,14,223,7.06441393875396
10,cYEYDCqMlQ_wdxgQYK5CTBC8v_GVtORLOqnuMIY2G-K4sgs0y5yPgaW8nfRWbto1-SNrvptp3Ry-aQ,CHALLENGER,CHALLENGER,I,2459,chains,free,EUW1_7961860225,2026-08-25 18:26:42.226000+00:00,420,CLASSIC,15.2,Irelia,MIDDLE,False,1,6,1,0.3333333333333333,5713,8535,17181,7,133,8.75
10,cYEYDCqMlQ_wdxgQYK5CTBC8v_GVtORLOqnuMIY2G-K4sgs0y5yPgaW8nfRWbto1-SNrvptp3Ry-aQ,CHALLENGER,CHALLENGER,I,2459,chains,free,EUW1_7961902823,2026-08-25 18:52:15.600000+00:00,420,CLASSIC,19.1,Sylas,TOP,True,4,1,4,8.0,8084,12303,19760,15,163,8.534031413612565
10,cYEYDCqMlQ_wdxgQYK5CTBC8v_GVtORLOqnuMIY2G-K4sgs0y5yPgaW8nfRWbto1-SNrvptp3Ry-aQ,CHALLENGER,CHALLENGER,I,2459,chains,free,EUW1_7961937697,2026-08-25 19:15:33.330000+00:00,420,CLASSIC,31.033333333333335,Lucian,BOTTOM,True,6,7,7,1.8571428571428572,16636,31423,23346,26,271,8.732545649838883
10,cYEYDCqMlQ_wdxgQYK5CTBC8v_GVtORLOqnuMIY2G-K4sgs0y5yPgaW8nfRWbto1-SNrvptp3Ry-aQ,CHALLENGER,CHALLENGER,I,2459,chains,free,EUW1_7962035062,2026-08-25 20:26:52.029000+00:00,420,CLASSIC,25.533333333333335,Sylas,MIDDLE,False,8,8,8,2.0,10914,31759,45408,19,147,5.757180156657963
10,cYEYDCqMlQ_wdxgQYK5CTBC8v_GVtORLOqnuMIY2G-K4sgs0y5yPgaW8nfRWbto1-SNrvptp3Ry-aQ,CHALLENGER,CHALLENGER,I,2459,chains,free,EUW1_7962875567,2026-08-26 17:21:24.020000+00:00,420,CLASSIC,20.3,Sylas,UTILITY,True,4,2,10,7.0,7409,12399,11774,43,15,0.7389162561576355
10,cYEYDCqMlQ_wdxgQYK5CTBC8v_GVtORLOqnuMIY2G-K4sgs0y5yPgaW8nfRWbto1-SNrvptp3Ry-aQ,CHALLENGER,CHALLENGER,I,2459,chains,free,EUW1_7962921556,2026-08-26 17:52:34.678000+00:00,420,CLASSIC,22.733333333333334,Lucian,BOTTOM,False,5,8,3,1.0,9084,15541,17499,15,177,7.7859237536656885
10,cYEYDCqMlQ_wdxgQYK5CTBC8v_GVtORLOqnuMIY2G-K4sgs0y5yPgaW8nfRWbto1-SNrvptp3Ry-aQ,CHALLENGER,CHALLENGER,I,2459,chains,free,EUW1_7962949961,2026-08-26 18:21:11.813000+00:00,420,CLASSIC,26.2,Sylas,MIDDLE,True,6,3,10,5.333333333333333,12351,17910,30154,12,228,8.702290076335878
10,cYEYDCqMlQ_wdxgQYK5CTBC8v_GVtORLOqnuMIY2G-K4sgs0y5yPgaW8nfRWbto1-SNrvptp3Ry-aQ,CHALLENGER,CHALLENGER,I,2459,chains,free,EUW1_7963017335,2026-08-26 19:05:57.065000+00:00,420,CLASSIC,28.716666666666665,Sylas,MIDDLE,True,11,8,11,2.75,13061,28653,37417,20,194,6.755658734764945
10,cYEYDCqMlQ_wdxgQYK5CTBC8v_GVtORLOqnuMIY2G-K4sgs0y5yPgaW8nfRWbto1-SNrvptp3Ry-aQ,CHALLENGER,CHALLENGER,I,2459,chains,free,EUW1_7963087587,2026-08-26 19:44:13.308000+00:00,420,CLASSIC,26.483333333333334,Gragas,TOP,True,4,6,5,1.5,11071,22312,38770,23,203,7.665198237885463
10,cYEYDCqMlQ_wdxgQYK5CTBC8v_GVtORLOqnuMIY2G-K4sgs0y5yPgaW8nfRWbto1-SNrvptp3Ry-aQ,CHALLENGER,CHALLENGER,I,2459,chains,free,EUW1_7963167131,2026-08-26 20:41:35.610000+00:00,420,CLASSIC,16.033333333333335,Sylas,MIDDLE,True,13,2,3,8.0,8313,20427,18522,9,121,7.546777546777546
10,cYEYDCqMlQ_wdxgQYK5CTBC8v_GVtORLOqnuMIY2G-K4sgs0y5yPgaW8nfRWbto1-SNrvptp3Ry-aQ,CHALLENGER,CHALLENGER,I,2459,chains,free,EUW1_7963856253,2026-08-27 15:20:29.986000+00:00,420,CLASSIC,15.983333333333333,Sylas,MIDDLE,False,1,3,1,0.6666666666666666,4711,4578,10950,10,95,5.9436913451511995
10,cYEYDCqMlQ_wdxgQYK5CTBC8v_GVtORLOqnuMIY2G-K4sgs0y5yPgaW8nfRWbto1-SNrvptp3Ry-aQ,CHALLENGER,CHALLENGER,I,2459,chains,free,EUW1_7963891016,2026-08-27 15:48:37.952000+00:00,420,CLASSIC,30.033333333333335,Lucian,BOTTOM,True,9,7,12,3.0,16133,39689,36535,29,250,8.32408435072142
10,cYEYDCqMlQ_wdxgQYK5CTBC8v_GVtORLOqnuMIY2G-K4sgs0y5yPgaW8nfRWbto1-SNrvptp3Ry-aQ,CHALLENGER,CHALLENGER,I,2459,chains,free,EUW1_7963959837,2026-08-27 16:37:16.068000+00:00,420,CLASSIC,23.416666666666668,Sylas,TOP,False,7,7,4,1.5714285714285714,9659,19179,34045,13,155,6.619217081850533
11,r-7Bh23Apy69dlqB_IyIsuO6-zdoEZSsh3aTxfLAHXvOC7hnIxUlH5XcRwK_LGG-0jc-1iOIHdwELQ,DIAMOND,DIAMOND,I,33,Smile Of Heaven,3209,EUW1_7910782086,2026-07-06 18:33:15.566000+00:00,420,CLASSIC,27.266666666666666,Diana,MIDDLE,True,15,3,2,5.666666666666667,14326,24202,15649,14,214,7.84841075794621
11,r-7Bh23Apy69dlqB_IyIsuO6-zdoEZSsh3aTxfLAHXvOC7hnIxUlH5XcRwK_LGG-0jc-1iOIHdwELQ,DIAMOND,DIAMOND,I,33,Smile Of Heaven,3209,EUW1_7910829797,2026-07-06 19:08:59.918000+00:00,420,CLASSIC,1.2666666666666666,Ekko,MIDDLE,False,0,0,0,0.0,624,354,0,0,6,4.736842105263158
11,r-7Bh23Apy69dlqB_IyIsuO6-zdoEZSsh3aTxfLAHXvOC7hnIxUlH5XcRwK_LGG-0jc-1iOIHdwELQ,DIAMOND,DIAMOND,I,33,Smile Of Heaven,3209,EUW1_7910873017,2026-07-06 19:46:46.494000+00:00,420,CLASSIC,30.95,Velkoz,MIDDLE,False,7,6,6,2.1666666666666665,10884,24922,20895,17,195,6.30048465266559
11,r-7Bh23Apy69dlqB_IyIsuO6-zdoEZSsh3aTxfLAHXvOC7hnIxUlH5XcRwK_LGG-0jc-1iOIHdwELQ,DIAMOND,DIAMOND,I,33,Smile Of Heaven,3209,EUW1_7911058398,2026-07-06 22:24:53.268000+00:00,420,CLASSIC,23.15,Diana,MIDDLE,False,7,8,4,1.375,8839,23394,22705,14,131,5.658747300215983
11,r-7Bh23Apy69dlqB_IyIsuO6-zdoEZSsh3aTxfLAHXvOC7hnIxUlH5XcRwK_LGG-0jc-1iOIHdwELQ,DIAMOND,DIAMOND,I,33,Smile Of Heaven,3209,EUW1_7911086076,2026-07-06 22:53:52.631000+00:00,420,CLASSIC,36.25,Ryze,MIDDLE,False,4,7,8,1.7142857142857142,12881,21673,35036,20,248,6.841379310344828
11,r-7Bh23Apy69dlqB_IyIsuO6-zdoEZSsh3aTxfLAHXvOC7hnIxUlH5XcRwK_LGG-0jc-1iOIHdwELQ,DIAMOND,DIAMOND,I,33,Smile Of Heaven,3209,EUW1_7912042525,2026-07-07 22:20:16.604000+00:00,420,CLASSIC,24.616666666666667,Locke,MIDDLE,False,9,10,6,1.5,10598,20582,24038,20,115,4.671631685849695
11,r-7Bh23Apy69dlqB_IyIsuO6-zdoEZSsh3aTxfLAHXvOC7hnIxUlH5XcRwK_LGG-0jc-1iOIHdwELQ,DIAMOND,DIAMOND,I,33,Smile Of Heaven,3209,EUW1_7912064817,2026-07-07 22:50:31.366000+00:00,420,CLASSIC,24.6,Diana,MIDDLE,True,11,2,2,6.5,11620,24727,16740,18,178,7.235772357723577
11,r-7Bh23Apy69dlqB_IyIsuO6-zdoEZSsh3aTxfLAHXvOC7hnIxUlH5XcRwK_LGG-0jc-1iOIHdwELQ,DIAMOND,DIAMOND,I,33,Smile Of Heaven,3209,EUW1_7912094589,2026-07-07 23:25:32.234000+00:00,420,CLASSIC,33.36666666666667,Diana,MIDDLE,False,3,7,12,2.142857142857143,11752,25640,29487,26,196,5.874125874125874
11,r-7Bh23Apy69dlqB_IyIsuO6-zdoEZSsh3aTxfLAHXvOC7hnIxUlH5XcRwK_LGG-0jc-1iOIHdwELQ,DIAMOND,DIAMOND,I,33,Smile Of Heaven,3209,EUW1_7912108345,2026-07-08 00:02:41.736000+00:00,420,CLASSIC,28.366666666666667,Ekko,MIDDLE,True,7,2,11,9.0,11340,18887,26280,19,166,5.851938895417156
11,r-7Bh23Apy69dlqB_IyIsuO6-zdoEZSsh3aTxfLAHXvOC7hnIxUlH5XcRwK_LGG-0jc-1iOIHdwELQ,DIAMOND,DIAMOND,I,33,Smile Of Heaven,3209,EUW1_7912131409,2026-07-08 00:55:12.438000+00:00,420,CLASSIC,36.95,Jayce,TOP,False,7,11,15,2.0,13559,39413,33376,30,220,5.953991880920162
11,r-7Bh23Apy69dlqB_IyIsuO6-zdoEZSsh3aTxfLAHXvOC7hnIxUlH5XcRwK_LGG-0jc-1iOIHdwELQ,DIAMOND,DIAMOND,I,33,Smile Of Heaven,3209,EUW1_7912151649,2026-07-08 01:41:03.467000+00:00,420,CLASSIC,31.916666666666668,Ekko,MIDDLE,False,7,3,8,5.0,13292,32706,36767,17,232,7.268929503916449
11,r-7Bh23Apy69dlqB_IyIsuO6-zdoEZSsh3aTxfLAHXvOC7hnIxUlH5XcRwK_LGG-0jc-1iOIHdwELQ,DIAMOND,DIAMOND,I,33,Smile Of Heaven,3209,EUW1_7912160683,2026-07-08 02:23:47.831000+00:00,420,CLASSIC,30.183333333333334,Ekko,MIDDLE,True,10,1,11,21.0,13449,30513,26483,21,199,6.593042517945886
11,r-7Bh23Apy69dlqB_IyIsuO6-zdoEZSsh3aTxfLAHXvOC7hnIxUlH5XcRwK_LGG-0jc-1iOIHdwELQ,DIAMOND,DIAMOND,I,33,Smile Of Heaven,3209,EUW1_7912164005,2026-07-08 02:59:21.169000+00:00,420,CLASSIC,26.85,Ekko,MIDDLE,False,4,10,3,0.7,9190,14725,25782,19,156,5.810055865921788
11,r-7Bh23Apy69dlqB_IyIsuO6-zdoEZSsh3aTxfLAHXvOC7hnIxUlH5XcRwK_LGG-0jc-1iOIHdwELQ,DIAMOND,DIAMOND,I,33,Smile Of Heaven,3209,EUW1_7912170704,2026-07-08 03:33:54.632000+00:00,420,CLASSIC,26.166666666666668,Ekko,MIDDLE,True,10,2,13,11.5,11037,27701,25490,20,168,6.420382165605095
11,r-7Bh23Apy69dlqB_IyIsuO6-zdoEZSsh3aTxfLAHXvOC7hnIxUlH5XcRwK_LGG-0jc-1iOIHdwELQ,DIAMOND,DIAMOND,I,33,Smile Of Heaven,3209,EUW1_7912170093,2026-07-08 04:07:49.283000+00:00,420,CLASSIC,35.65,Ekko,MIDDLE,True,9,4,11,5.0,14738,36480,39397,29,247,6.9284712482468445
11,r-7Bh23Apy69dlqB_IyIsuO6-zdoEZSsh3aTxfLAHXvOC7hnIxUlH5XcRwK_LGG-0jc-1iOIHdwELQ,DIAMOND,DIAMOND,I,33,Smile Of Heaven,3209,EUW1_7913068703,2026-07-08 23:33:45.027000+00:00,420,CLASSIC,31.9,Ekko,MIDDLE,True,17,6,13,5.0,14562,35934,36482,30,169,5.297805642633229
11,r-7Bh23Apy69dlqB_IyIsuO6-zdoEZSsh3aTxfLAHXvOC7hnIxUlH5XcRwK_LGG-0jc-1iOIHdwELQ,DIAMOND,DIAMOND,I,33,Smile Of Heaven,3209,EUW1_7913090677,2026-07-09 00:10:32.489000+00:00,420,CLASSIC,31.483333333333334,Ekko,BOTTOM,True,9,8,7,2.0,11589,28778,32721,13,125,3.970354685018528
11,r-7Bh23Apy69dlqB_IyIsuO6-zdoEZSsh3aTxfLAHXvOC7hnIxUlH5XcRwK_LGG-0jc-1iOIHdwELQ,DIAMOND,DIAMOND,I,33,Smile Of Heaven,3209,EUW1_7913102819,2026-07-09 00:46:40.699000+00:00,420,CLASSIC,1.2333333333333334,Diana,MIDDLE,False,0,0,0,0.0,584,126,312,0,3,2.4324324324324325
11,r-7Bh23Apy69dlqB_IyIsuO6-zdoEZSsh3aTxfLAHXvOC7hnIxUlH5XcRwK_LGG-0jc-1iOIHdwELQ,DIAMOND,DIAMOND,I,33,Smile Of Heaven,3209,EUW1_7913099400,2026-07-09 00:52:28.414000+00:00,420,CLASSIC,27.516666666666666,Leblanc,MIDDLE,False,0,9,4,0.4444444444444444,7694,9367,21070,13,127,4.615384615384616
11,r-7Bh23Apy69dlqB_IyIsuO6-zdoEZSsh3aTxfLAHXvOC7hnIxUlH5XcRwK_LGG-0jc-1iOIHdwELQ,DIAMOND,DIAMOND,I,33,Smile Of Heaven,3209,EUW1_7913114024,2026-07-09 01:24:06.787000+00:00,420,CLASSIC,37.28333333333333,Diana,MIDDLE,True,10,7,12,3.142857142857143,15580,38333,28386,25,239,6.410371032632991
11,r-7Bh23Apy69dlqB_IyIsuO6-zdoEZSsh3aTxfLAHXvOC7hnIxUlH5XcRwK_LGG-0jc-1iOIHdwELQ,DIAMOND,DIAMOND,I,33,Smile Of Heaven,3209,EUW1_7913126767,2026-07-09 02:07:30.778000+00:00,420,CLASSIC,38.733333333333334,Jhin,BOTTOM,False,10,7,7,2.4285714285714284,17843,37616,30356,30,282,7.280550774526678
11,r-7Bh23Apy69dlqB_IyIsuO6-zdoEZSsh3aTxfLAHXvOC7hnIxUlH5XcRwK_LGG-0jc-1iOIHdwELQ,DIAMOND,DIAMOND,I,33,Smile Of Heaven,3209,EUW1_7913134759,2026-07-09 02:53:12.184000+00:00,420,CLASSIC,37.21666666666667,Diana,MIDDLE,True,13,13,10,1.7692307692307692,14919,41488,40022,24,159,4.272279444693238
11,r-7Bh23Apy69dlqB_IyIsuO6-zdoEZSsh3aTxfLAHXvOC7hnIxUlH5XcRwK_LGG-0jc-1iOIHdwELQ,DIAMOND,DIAMOND,I,33,Smile Of Heaven,3209,EUW1_7913138939,2026-07-09 03:40:58.933000+00:00,420,CLASSIC,25.416666666666668,Diana,MIDDLE,True,8,1,4,12.0,10757,19215,12175,13,195,7.672131147540983
11,r-7Bh23Apy69dlqB_IyIsuO6-zdoEZSsh3aTxfLAHXvOC7hnIxUlH5XcRwK_LGG-0jc-1iOIHdwELQ,DIAMOND,DIAMOND,I,33,Smile Of Heaven,3209,EUW1_7913142113,2026-07-09 04:17:06.426000+00:00,420,CLASSIC,29.366666666666667,Diana,MIDDLE,False,4,10,8,1.2,10450,21732,28211,13,196,6.6742338251986375
11,r-7Bh23Apy69dlqB_IyIsuO6-zdoEZSsh3aTxfLAHXvOC7hnIxUlH5XcRwK_LGG-0jc-1iOIHdwELQ,DIAMOND,DIAMOND,I,33,Smile Of Heaven,3209,EUW1_7913146173,2026-07-09 04:55:36.981000+00:00,420,CLASSIC,1.1333333333333333,Velkoz,UTILITY,False,0,0,0,0.0,508,0,0,0,0,0.0
11,r-7Bh23Apy69dlqB_IyIsuO6-zdoEZSsh3aTxfLAHXvOC7hnIxUlH5XcRwK_LGG-0jc-1iOIHdwELQ,DIAMOND,DIAMOND,I,33,Smile Of Heaven,3209,EUW1_7913147190,2026-07-09 05:10:19.945000+00:00,420,CLASSIC,34.85,Ekko,MIDDLE,True,15,5,14,5.8,15311,36489,43601,12,206,5.911047345767575
11,r-7Bh23Apy69dlqB_IyIsuO6-zdoEZSsh3aTxfLAHXvOC7hnIxUlH5XcRwK_LGG-0jc-1iOIHdwELQ,DIAMOND,DIAMOND,I,33,Smile Of Heaven,3209,EUW1_7913153923,2026-07-09 05:52:34.992000+00:00,420,CLASSIC,32.56666666666667,Ekko,MIDDLE,True,4,3,13,5.666666666666667,12880,27523,30555,27,237,7.277379733879221
11,r-7Bh23Apy69dlqB_IyIsuO6-zdoEZSsh3aTxfLAHXvOC7hnIxUlH5XcRwK_LGG-0jc-1iOIHdwELQ,DIAMOND,DIAMOND,I,33,Smile Of Heaven,3209,EUW1_7913155452,2026-07-09 06:31:33.288000+00:00,420,CLASSIC,36.03333333333333,Galio,MIDDLE,True,2,5,22,4.8,12357,23611,37854,27,203,5.633672525439408
11,r-7Bh23Apy69dlqB_IyIsuO6-zdoEZSsh3aTxfLAHXvOC7hnIxUlH5XcRwK_LGG-0jc-1iOIHdwELQ,DIAMOND,DIAMOND,I,33,Smile Of Heaven,3209,EUW1_7913168866,2026-07-09 07:14:29.790000+00:00,420,CLASSIC,31.466666666666665,Ekko,MIDDLE,False,1,7,2,0.42857142857142855,11841,10245,24587,15,222,7.055084745762712
11,r-7Bh23Apy69dlqB_IyIsuO6-zdoEZSsh3aTxfLAHXvOC7hnIxUlH5XcRwK_LGG-0jc-1iOIHdwELQ,DIAMOND,DIAMOND,I,33,Smile Of Heaven,3209,EUW1_7913178773,2026-07-09 07:50:41.650000+00:00,420,CLASSIC,21.0,Diana,MIDDLE,False,2,7,4,0.8571428571428571,6908,14859,16342,14,133,6.333333333333333
11,r-7Bh23Apy69dlqB_IyIsuO6-zdoEZSsh3aTxfLAHXvOC7hnIxUlH5XcRwK_LGG-0jc-1iOIHdwELQ,DIAMOND,DIAMOND,I,33,Smile Of Heaven,3209,EUW1_7913189538,2026-07-09 08:17:05.223000+00:00,420,CLASSIC,29.483333333333334,Ezreal,BOTTOM,False,1,8,5,0.75,9504,10324,20181,17,183,6.206896551724138
11,r-7Bh23Apy69dlqB_IyIsuO6-zdoEZSsh3aTxfLAHXvOC7hnIxUlH5XcRwK_LGG-0jc-1iOIHdwELQ,DIAMOND,DIAMOND,I,33,Smile Of Heaven,3209,EUW1_7913205615,2026-07-09 09:01:07.685000+00:00,420,CLASSIC,29.533333333333335,Ekko,JUNGLE,False,15,5,5,4.0,15840,28566,34149,21,171,5.790067720090293
11,r-7Bh23Apy69dlqB_IyIsuO6-zdoEZSsh3aTxfLAHXvOC7hnIxUlH5XcRwK_LGG-0jc-1iOIHdwELQ,DIAMOND,DIAMOND,I,33,Smile Of Heaven,3209,EUW1_7919183608,2026-07-15 12:34:34.106000+00:00,420,CLASSIC,30.383333333333333,Ekko,JUNGLE,True,12,6,7,3.1666666666666665,16040,19669,35732,22,186,6.12177729018102
11,r-7Bh23Apy69dlqB_IyIsuO6-zdoEZSsh3aTxfLAHXvOC7hnIxUlH5XcRwK_LGG-0jc-1iOIHdwELQ,DIAMOND,DIAMOND,I,33,Smile Of Heaven,3209,EUW1_7919944126,2026-07-16 04:50:55.739000+00:00,420,CLASSIC,32.03333333333333,Diana,MIDDLE,True,15,1,2,17.0,17883,34189,19096,34,301,9.396462018730489
11,r-7Bh23Apy69dlqB_IyIsuO6-zdoEZSsh3aTxfLAHXvOC7hnIxUlH5XcRwK_LGG-0jc-1iOIHdwELQ,DIAMOND,DIAMOND,I,33,Smile Of Heaven,3209,EUW1_7919948683,2026-07-16 05:27:41.555000+00:00,420,CLASSIC,26.833333333333332,Ekko,MIDDLE,False,7,4,6,3.25,10951,20985,26954,16,227,8.459627329192546
11,r-7Bh23Apy69dlqB_IyIsuO6-zdoEZSsh3aTxfLAHXvOC7hnIxUlH5XcRwK_LGG-0jc-1iOIHdwELQ,DIAMOND,DIAMOND,I,33,Smile Of Heaven,3209,EUW1_7919949091,2026-07-16 05:58:47.349000+00:00,420,CLASSIC,31.133333333333333,Kayn,JUNGLE,False,2,7,7,1.2857142857142858,10665,30698,48878,13,181,5.8137044967880085
11,r-7Bh23Apy69dlqB_IyIsuO6-zdoEZSsh3aTxfLAHXvOC7hnIxUlH5XcRwK_LGG-0jc-1iOIHdwELQ,DIAMOND,DIAMOND,I,33,Smile Of Heaven,3209,EUW1_7919962573,2026-07-16 06:37:50.991000+00:00,420,CLASSIC,34.56666666666667,Rengar,JUNGLE,True,10,4,12,5.5,15684,31694,31985,41,253,7.3191899710703945
11,r-7Bh23Apy69dlqB_IyIsuO6-zdoEZSsh3aTxfLAHXvOC7hnIxUlH5XcRwK_LGG-0jc-1iOIHdwELQ,DIAMOND,DIAMOND,I,33,Smile Of Heaven,3209,EUW1_7919974593,2026-07-16 07:31:16.438000+00:00,420,CLASSIC,33.016666666666666,Ekko,JUNGLE,False,10,5,5,3.0,16208,23209,34684,32,253,7.662796567390207
11,r-7Bh23Apy69dlqB_IyIsuO6-zdoEZSsh3aTxfLAHXvOC7hnIxUlH5XcRwK_LGG-0jc-1iOIHdwELQ,DIAMOND,DIAMOND,I,33,Smile Of Heaven,3209,EUW1_7919982839,2026-07-16 08:09:58.818000+00:00,420,CLASSIC,36.68333333333333,Locke,MIDDLE,False,11,9,7,2.0,14674,32791,38752,27,209,5.697410268059973
11,r-7Bh23Apy69dlqB_IyIsuO6-zdoEZSsh3aTxfLAHXvOC7hnIxUlH5XcRwK_LGG-0jc-1iOIHdwELQ,DIAMOND,DIAMOND,I,33,Smile Of Heaven,3209,EUW1_7919997776,2026-07-16 08:53:10.628000+00:00,420,CLASSIC,21.05,Aurora,MIDDLE,True,7,1,6,13.0,9513,11878,8973,15,158,7.505938242280285
11,r-7Bh23Apy69dlqB_IyIsuO6-zdoEZSsh3aTxfLAHXvOC7hnIxUlH5XcRwK_LGG-0jc-1iOIHdwELQ,DIAMOND,DIAMOND,I,33,Smile Of Heaven,3209,EUW1_7920004402,2026-07-16 09:19:38.004000+00:00,420,CLASSIC,26.766666666666666,Zoe,MIDDLE,True,2,9,2,0.4444444444444444,8466,10865,18325,17,168,6.276463262764633
11,r-7Bh23Apy69dlqB_IyIsuO6-zdoEZSsh3aTxfLAHXvOC7hnIxUlH5XcRwK_LGG-0jc-1iOIHdwELQ,DIAMOND,DIAMOND,I,33,Smile Of Heaven,3209,EUW1_7920340050,2026-07-16 16:35:27.894000+00:00,420,CLASSIC,37.166666666666664,Locke,MIDDLE,False,12,11,8,1.8181818181818181,14478,26769,46943,27,228,6.134529147982064
11,r-7Bh23Apy69dlqB_IyIsuO6-zdoEZSsh3aTxfLAHXvOC7hnIxUlH5XcRwK_LGG-0jc-1iOIHdwELQ,DIAMOND,DIAMOND,I,33,Smile Of Heaven,3209,EUW1_7920396148,2026-07-16 17:25:50.842000+00:00,420,CLASSIC,29.2,Ekko,MIDDLE,True,8,4,6,3.5,13586,17279,30099,14,218,7.465753424657534
11,r-7Bh23Apy69dlqB_IyIsuO6-zdoEZSsh3aTxfLAHXvOC7hnIxUlH5XcRwK_LGG-0jc-1iOIHdwELQ,DIAMOND,DIAMOND,I,33,Smile Of Heaven,3209,EUW1_7922317362,2026-07-18 15:12:59.908000+00:00,420,CLASSIC,29.866666666666667,Ekko,MIDDLE,False,3,9,5,0.8888888888888888,10378,13592,31225,14,192,6.428571428571429
11,r-7Bh23Apy69dlqB_IyIsuO6-zdoEZSsh3aTxfLAHXvOC7hnIxUlH5XcRwK_LGG-0jc-1iOIHdwELQ,DIAMOND,DIAMOND,I,33,Smile Of Heaven,3209,EUW1_7922373462,2026-07-18 15:54:11.515000+00:00,420,CLASSIC,28.616666666666667,Shyvana,JUNGLE,True,4,4,4,2.0,12143,13381,26480,17,220,7.687827606290041
11,r-7Bh23Apy69dlqB_IyIsuO6-zdoEZSsh3aTxfLAHXvOC7hnIxUlH5XcRwK_LGG-0jc-1iOIHdwELQ,DIAMOND,DIAMOND,I,33,Smile Of Heaven,3209,EUW1_7924954437,2026-07-21 00:23:54.960000+00:00,420,CLASSIC,17.116666666666667,Kassadin,MIDDLE,False,3,6,1,0.6666666666666666,6361,6375,15282,7,119,6.952288218111002
11,r-7Bh23Apy69dlqB_IyIsuO6-zdoEZSsh3aTxfLAHXvOC7hnIxUlH5XcRwK_LGG-0jc-1iOIHdwELQ,DIAMOND,DIAMOND,I,33,Smile Of Heaven,3209,EUW1_7924966175,2026-07-21 00:46:34.479000+00:00,420,CLASSIC,31.866666666666667,Syndra,MIDDLE,True,2,5,10,2.4,11188,18836,19132,19,201,6.307531380753138
11,r-7Bh23Apy69dlqB_IyIsuO6-zdoEZSsh3aTxfLAHXvOC7hnIxUlH5XcRwK_LGG-0jc-1iOIHdwELQ,DIAMOND,DIAMOND,I,33,Smile Of Heaven,3209,EUW1_7925223015,2026-07-21 13:15:45.293000+00:00,420,CLASSIC,19.516666666666666,Talon,JUNGLE,False,7,5,4,2.2,9722,13818,17948,9,151,7.736976942783945
11,r-7Bh23Apy69dlqB_IyIsuO6-zdoEZSsh3aTxfLAHXvOC7hnIxUlH5XcRwK_LGG-0jc-1iOIHdwELQ,DIAMOND,DIAMOND,I,33,Smile Of Heaven,3209,EUW1_7925243036,2026-07-21 13:40:18.049000+00:00,420,CLASSIC,17.866666666666667,Syndra,MIDDLE,True,4,3,10,4.666666666666667,8151,11649,8075,13,121,6.772388059701492
11,r-7Bh23Apy69dlqB_IyIsuO6-zdoEZSsh3aTxfLAHXvOC7hnIxUlH5XcRwK_LGG-0jc-1iOIHdwELQ,DIAMOND,DIAMOND,I,33,Smile Of Heaven,3209,EUW1_7925263202,2026-07-21 14:04:17.426000+00:00,420,CLASSIC,30.95,Ekko,JUNGLE,True,16,6,12,4.666666666666667,18431,32525,42071,32,227,7.334410339256866
11,r-7Bh23Apy69dlqB_IyIsuO6-zdoEZSsh3aTxfLAHXvOC7hnIxUlH5XcRwK_LGG-0jc-1iOIHdwELQ,DIAMOND,DIAMOND,I,33,Smile Of Heaven,3209,EUW1_7925302476,2026-07-21 14:40:35.560000+00:00,420,CLASSIC,33.166666666666664,Ahri,MIDDLE,True,6,7,18,3.4285714285714284,13997,33268,27570,25,234,7.0552763819095485
11,r-7Bh23Apy69dlqB_IyIsuO6-zdoEZSsh3aTxfLAHXvOC7hnIxUlH5XcRwK_LGG-0jc-1iOIHdwELQ,DIAMOND,DIAMOND,I,33,Smile Of Heaven,3209,EUW1_7931096857,2026-07-27 00:20:06.039000+00:00,420,CLASSIC,33.71666666666667,Rengar,JUNGLE,True,12,7,10,3.142857142857143,16701,28849,36032,40,252,7.474048442906574
11,r-7Bh23Apy69dlqB_IyIsuO6-zdoEZSsh3aTxfLAHXvOC7hnIxUlH5XcRwK_LGG-0jc-1iOIHdwELQ,DIAMOND,DIAMOND,I,33,Smile Of Heaven,3209,EUW1_7931114538,2026-07-27 01:00:08.372000+00:00,420,CLASSIC,33.81666666666667,Khazix,JUNGLE,False,4,9,8,1.3333333333333333,13789,17125,37934,32,217,6.416954164613109
11,r-7Bh23Apy69dlqB_IyIsuO6-zdoEZSsh3aTxfLAHXvOC7hnIxUlH5XcRwK_LGG-0jc-1iOIHdwELQ,DIAMOND,DIAMOND,I,33,Smile Of Heaven,3209,EUW1_7931124672,2026-07-27 01:38:42.969000+00:00,420,CLASSIC,36.983333333333334,Talon,JUNGLE,False,5,10,11,1.6,16498,27684,48806,35,242,6.543488057683641
11,r-7Bh23Apy69dlqB_IyIsuO6-zdoEZSsh3aTxfLAHXvOC7hnIxUlH5XcRwK_LGG-0jc-1iOIHdwELQ,DIAMOND,DIAMOND,I,33,Smile Of Heaven,3209,EUW1_7932153748,2026-07-28 03:04:29.514000+00:00,420,CLASSIC,22.25,Ekko,MIDDLE,True,15,1,6,21.0,11846,20636,16174,19,160,7.191011235955056
11,r-7Bh23Apy69dlqB_IyIsuO6-zdoEZSsh3aTxfLAHXvOC7hnIxUlH5XcRwK_LGG-0jc-1iOIHdwELQ,DIAMOND,DIAMOND,I,33,Smile Of Heaven,3209,EUW1_7932153132,2026-07-28 03:31:51.633000+00:00,420,CLASSIC,27.633333333333333,Ekko,MIDDLE,False,4,8,5,1.125,9556,12594,24818,14,185,6.69481302774427
11,r-7Bh23Apy69dlqB_IyIsuO6-zdoEZSsh3aTxfLAHXvOC7hnIxUlH5XcRwK_LGG-0jc-1iOIHdwELQ,DIAMOND,DIAMOND,I,33,Smile Of Heaven,3209,EUW1_7932158313,2026-07-28 04:16:57.565000+00:00,420,CLASSIC,18.216666666666665,Diana,MIDDLE,False,2,5,2,0.8,5980,9401,11584,11,132,7.246111619396158
11,r-7Bh23Apy69dlqB_IyIsuO6-zdoEZSsh3aTxfLAHXvOC7hnIxUlH5XcRwK_LGG-0jc-1iOIHdwELQ,DIAMOND,DIAMOND,I,33,Smile Of Heaven,3209,EUW1_7932162187,2026-07-28 04:41:51.410000+00:00,420,CLASSIC,27.483333333333334,Locke,MIDDLE,False,7,7,0,1.0,10506,16246,28725,18,183,6.658580958156458
11,r-7Bh23Apy69dlqB_IyIsuO6-zdoEZSsh3aTxfLAHXvOC7hnIxUlH5XcRwK_LGG-0jc-1iOIHdwELQ,DIAMOND,DIAMOND,I,33,Smile Of Heaven,3209,EUW1_7932164305,2026-07-28 05:15:30.143000+00:00,420,CLASSIC,15.466666666666667,Jhin,BOTTOM,False,0,6,0,0.0,4133,4817,9286,7,74,4.7844827586206895
11,r-7Bh23Apy69dlqB_IyIsuO6-zdoEZSsh3aTxfLAHXvOC7hnIxUlH5XcRwK_LGG-0jc-1iOIHdwELQ,DIAMOND,DIAMOND,I,33,Smile Of Heaven,3209,EUW1_7932902973,2026-07-28 20:53:59.350000+00:00,420,CLASSIC,26.25,Ekko,MIDDLE,False,0,4,2,0.5,8585,13680,22852,27,227,8.647619047619047
11,r-7Bh23Apy69dlqB_IyIsuO6-zdoEZSsh3aTxfLAHXvOC7hnIxUlH5XcRwK_LGG-0jc-1iOIHdwELQ,DIAMOND,DIAMOND,I,33,Smile Of Heaven,3209,EUW1_7938373363,2026-08-02 20:35:06.090000+00:00,420,CLASSIC,25.2,Rengar,JUNGLE,False,5,9,4,1.0,10214,10777,22994,23,174,6.904761904761905
11,r-7Bh23Apy69dlqB_IyIsuO6-zdoEZSsh3aTxfLAHXvOC7hnIxUlH5XcRwK_LGG-0jc-1iOIHdwELQ,DIAMOND,DIAMOND,I,33,Smile Of Heaven,3209,EUW1_7940716759,2026-08-05 00:38:02.543000+00:00,420,CLASSIC,9.866666666666667,Yasuo,MIDDLE,False,1,2,0,0.5,3393,4256,5427,5,79,8.006756756756756
11,r-7Bh23Apy69dlqB_IyIsuO6-zdoEZSsh3aTxfLAHXvOC7hnIxUlH5XcRwK_LGG-0jc-1iOIHdwELQ,DIAMOND,DIAMOND,I,33,Smile Of Heaven,3209,EUW1_7940727573,2026-08-05 00:54:56.142000+00:00,420,CLASSIC,23.95,Ekko,JUNGLE,True,7,4,5,3.0,11689,15113,22895,12,173,7.223382045929019
11,r-7Bh23Apy69dlqB_IyIsuO6-zdoEZSsh3aTxfLAHXvOC7hnIxUlH5XcRwK_LGG-0jc-1iOIHdwELQ,DIAMOND,DIAMOND,I,33,Smile Of Heaven,3209,EUW1_7940739511,2026-08-05 01:23:24.391000+00:00,420,CLASSIC,25.3,Rengar,JUNGLE,False,5,10,8,1.3,9807,13856,28595,20,151,5.968379446640316
11,r-7Bh23Apy69dlqB_IyIsuO6-zdoEZSsh3aTxfLAHXvOC7hnIxUlH5XcRwK_LGG-0jc-1iOIHdwELQ,DIAMOND,DIAMOND,I,33,Smile Of Heaven,3209,EUW1_7940735087,2026-08-05 01:55:42.463000+00:00,420,CLASSIC,27.9,Ekko,MIDDLE,True,10,7,4,2.0,11929,23291,29226,25,212,7.598566308243728
11,r-7Bh23Apy69dlqB_IyIsuO6-zdoEZSsh3aTxfLAHXvOC7hnIxUlH5XcRwK_LGG-0jc-1iOIHdwELQ,DIAMOND,DIAMOND,I,33,Smile Of Heaven,3209,EUW1_7940743215,2026-08-05 02:33:29.078000+00:00,420,CLASSIC,22.283333333333335,Ekko,TOP,True,3,5,4,1.4,8173,19515,21508,15,165,7.404637247569184
11,r-7Bh23Apy69dlqB_IyIsuO6-zdoEZSsh3aTxfLAHXvOC7hnIxUlH5XcRwK_LGG-0jc-1iOIHdwELQ,DIAMOND,DIAMOND,I,33,Smile Of Heaven,3209,EUW1_7940754752,2026-08-05 02:59:29.337000+00:00,420,CLASSIC,26.133333333333333,Yasuo,MIDDLE,False,3,7,6,1.2857142857142858,10118,20473,29309,15,188,7.1938775510204085
11,r-7Bh23Apy69dlqB_IyIsuO6-zdoEZSsh3aTxfLAHXvOC7hnIxUlH5XcRwK_LGG-0jc-1iOIHdwELQ,DIAMOND,DIAMOND,I,33,Smile Of Heaven,3209,EUW1_7940747452,2026-08-05 03:30:07.423000+00:00,420,CLASSIC,39.166666666666664,Ekko,MIDDLE,True,8,9,14,2.4444444444444446,14603,33917,50436,28,226,5.770212765957448
11,r-7Bh23Apy69dlqB_IyIsuO6-zdoEZSsh3aTxfLAHXvOC7hnIxUlH5XcRwK_LGG-0jc-1iOIHdwELQ,DIAMOND,DIAMOND,I,33,Smile Of Heaven,3209,EUW1_7940755300,2026-08-05 04:26:35.364000+00:00,420,CLASSIC,1.0833333333333333,Ekko,MIDDLE,True,0,0,0,0.0,501,445,397,0,0,0.0
11,r-7Bh23Apy69dlqB_IyIsuO6-zdoEZSsh3aTxfLAHXvOC7hnIxUlH5XcRwK_LGG-0jc-1iOIHdwELQ,DIAMOND,DIAMOND,I,33,Smile Of Heaven,3209,EUW1_7940764012,2026-08-05 04:33:31.129000+00:00,420,CLASSIC,18.566666666666666,Garen,TOP,True,3,0,0,3.0,8289,4619,12575,10,177,9.533213644524237
11,r-7Bh23Apy69dlqB_IyIsuO6-zdoEZSsh3aTxfLAHXvOC7hnIxUlH5XcRwK_LGG-0jc-1iOIHdwELQ,DIAMOND,DIAMOND,I,33,Smile Of Heaven,3209,EUW1_7940777464,2026-08-05 04:58:40.661000+00:00,420,CLASSIC,35.15,Ekko,MIDDLE,False,9,6,7,2.6666666666666665,15106,35333,41978,25,230,6.543385490753912
11,r-7Bh23Apy69dlqB_IyIsuO6-zdoEZSsh3aTxfLAHXvOC7hnIxUlH5XcRwK_LGG-0jc-1iOIHdwELQ,DIAMOND,DIAMOND,I,33,Smile Of Heaven,3209,EUW1_7942006661,2026-08-06 13:04:40.853000+00:00,420,CLASSIC,32.05,Ekko,JUNGLE,False,10,6,2,2.0,13888,15601,39755,27,209,6.521060842433698
11,r-7Bh23Apy69dlqB_IyIsuO6-zdoEZSsh3aTxfLAHXvOC7hnIxUlH5XcRwK_LGG-0jc-1iOIHdwELQ,DIAMOND,DIAMOND,I,33,Smile Of Heaven,3209,EUW1_7942832287,2026-08-07 07:39:24.031000+00:00,420,CLASSIC,35.65,Ekko,MIDDLE,True,9,7,13,3.142857142857143,14380,29513,38457,30,192,5.385694249649369
11,r-7Bh23Apy69dlqB_IyIsuO6-zdoEZSsh3aTxfLAHXvOC7hnIxUlH5XcRwK_LGG-0jc-1iOIHdwELQ,DIAMOND,DIAMOND,I,33,Smile Of Heaven,3209,EUW1_7942860578,2026-08-07 08:27:02.679000+00:00,420,CLASSIC,15.183333333333334,Rengar,JUNGLE,False,0,4,0,0.0,4484,2877,10212,5,92,6.059275521405049
11,r-7Bh23Apy69dlqB_IyIsuO6-zdoEZSsh3aTxfLAHXvOC7hnIxUlH5XcRwK_LGG-0jc-1iOIHdwELQ,DIAMOND,DIAMOND,I,33,Smile Of Heaven,3209,EUW1_7942869590,2026-08-07 08:46:59.711000+00:00,420,CLASSIC,27.816666666666666,Ekko,JUNGLE,True,18,3,8,8.666666666666666,14594,27102,29225,22,172,6.183343319352906
11,r-7Bh23Apy69dlqB_IyIsuO6-zdoEZSsh3aTxfLAHXvOC7hnIxUlH5XcRwK_LGG-0jc-1iOIHdwELQ,DIAMOND,DIAMOND,I,33,Smile Of Heaven,3209,EUW1_7942878101,2026-08-07 09:26:31.702000+00:00,420,CLASSIC,40.833333333333336,Ekko,MIDDLE,True,7,6,7,2.3333333333333335,17048,32749,42454,35,333,8.155102040816326
11,r-7Bh23Apy69dlqB_IyIsuO6-zdoEZSsh3aTxfLAHXvOC7hnIxUlH5XcRwK_LGG-0jc-1iOIHdwELQ,DIAMOND,DIAMOND,I,33,Smile Of Heaven,3209,EUW1_7942901394,2026-08-07 10:18:49.638000+00:00,420,CLASSIC,35.483333333333334,Garen,TOP,True,8,8,7,1.875,16024,21347,43898,20,284,8.003757632691404
11,r-7Bh23Apy69dlqB_IyIsuO6-zdoEZSsh3aTxfLAHXvOC7hnIxUlH5XcRwK_LGG-0jc-1iOIHdwELQ,DIAMOND,DIAMOND,I,33,Smile Of Heaven,3209,EUW1_7942955038,2026-08-07 11:32:14.161000+00:00,420,CLASSIC,18.816666666666666,Fizz,MIDDLE,True,8,1,1,9.0,8547,7708,6662,11,145,7.7059344552701505
11,r-7Bh23Apy69dlqB_IyIsuO6-zdoEZSsh3aTxfLAHXvOC7hnIxUlH5XcRwK_LGG-0jc-1iOIHdwELQ,DIAMOND,DIAMOND,I,33,Smile Of Heaven,3209,EUW1_7942983581,2026-08-07 11:59:20.553000+00:00,420,CLASSIC,15.25,Fizz,MIDDLE,True,3,1,4,7.0,5665,6372,7135,9,109,7.147540983606557
11,r-7Bh23Apy69dlqB_IyIsuO6-zdoEZSsh3aTxfLAHXvOC7hnIxUlH5XcRwK_LGG-0jc-1iOIHdwELQ,DIAMOND,DIAMOND,I,33,Smile Of Heaven,3209,EUW1_7942999630,2026-08-07 12:26:07.601000+00:00,420,CLASSIC,36.61666666666667,Fizz,MIDDLE,False,8,6,3,1.8333333333333333,13138,18287,28545,41,199,5.434683659535731
11,r-7Bh23Apy69dlqB_IyIsuO6-zdoEZSsh3aTxfLAHXvOC7hnIxUlH5XcRwK_LGG-0jc-1iOIHdwELQ,DIAMOND,DIAMOND,I,33,Smile Of Heaven,3209,EUW1_7943928200,2026-08-08 09:46:24.199000+00:00,420,CLASSIC,27.45,Ekko,MIDDLE,False,7,7,5,1.7142857142857142,10665,21874,26548,16,164,5.974499089253188
11,r-7Bh23Apy69dlqB_IyIsuO6-zdoEZSsh3aTxfLAHXvOC7hnIxUlH5XcRwK_LGG-0jc-1iOIHdwELQ,DIAMOND,DIAMOND,I,33,Smile Of Heaven,3209,EUW1_7943954281,2026-08-08 10:29:40.031000+00:00,420,CLASSIC,29.716666666666665,Ekko,MIDDLE,True,9,3,14,7.666666666666667,14295,30686,27573,28,206,6.932136848008974
11,r-7Bh23Apy69dlqB_IyIsuO6-zdoEZSsh3aTxfLAHXvOC7hnIxUlH5XcRwK_LGG-0jc-1iOIHdwELQ,DIAMOND,DIAMOND,I,33,Smile Of Heaven,3209,EUW1_7944000827,2026-08-08 11:20:15.781000+00:00,420,CLASSIC,34.55,Ekko,MIDDLE,True,13,5,12,5.0,13517,36068,41582,29,187,5.412445730824892
11,r-7Bh23Apy69dlqB_IyIsuO6-zdoEZSsh3aTxfLAHXvOC7hnIxUlH5XcRwK_LGG-0jc-1iOIHdwELQ,DIAMOND,DIAMOND,I,33,Smile Of Heaven,3209,EUW1_7944043610,2026-08-08 12:06:11.019000+00:00,420,CLASSIC,25.533333333333335,Ekko,JUNGLE,True,3,4,12,3.75,11268,12755,24134,23,193,7.558746736292428
11,r-7Bh23Apy69dlqB_IyIsuO6-zdoEZSsh3aTxfLAHXvOC7hnIxUlH5XcRwK_LGG-0jc-1iOIHdwELQ,DIAMOND,DIAMOND,I,33,Smile Of Heaven,3209,EUW1_7944054304,2026-08-08 12:36:24.787000+00:00,420,CLASSIC,30.783333333333335,Ekko,MIDDLE,True,15,3,9,8.0,16552,26849,27524,27,253,8.218733080671358
11,r-7Bh23Apy69dlqB_IyIsuO6-zdoEZSsh3aTxfLAHXvOC7hnIxUlH5XcRwK_LGG-0jc-1iOIHdwELQ,DIAMOND,DIAMOND,I,33,Smile Of Heaven,3209,EUW1_7944100669,2026-08-08 13:11:35.519000+00:00,420,CLASSIC,24.2,Zed,JUNGLE,False,4,7,3,1.0,10581,10625,19260,22,169,6.983471074380166
11,r-7Bh23Apy69dlqB_IyIsuO6-zdoEZSsh3aTxfLAHXvOC7hnIxUlH5XcRwK_LGG-0jc-1iOIHdwELQ,DIAMOND,DIAMOND,I,33,Smile Of Heaven,3209,EUW1_7946048008,2026-08-10 08:11:16.854000+00:00,420,CLASSIC,28.066666666666666,Ekko,JUNGLE,True,3,6,12,2.5,11108,13791,34030,27,179,6.377672209026128
11,r-7Bh23Apy69dlqB_IyIsuO6-zdoEZSsh3aTxfLAHXvOC7hnIxUlH5XcRwK_LGG-0jc-1iOIHdwELQ,DIAMOND,DIAMOND,I,33,Smile Of Heaven,3209,EUW1_7946064874,2026-08-10 08:44:13.127000+00:00,420,CLASSIC,25.983333333333334,Ekko,MIDDLE,False,10,5,2,2.4,12394,19369,22616,17,219,8.428479794740218
11,r-7Bh23Apy69dlqB_IyIsuO6-zdoEZSsh3aTxfLAHXvOC7hnIxUlH5XcRwK_LGG-0jc-1iOIHdwELQ,DIAMOND,DIAMOND,I,33,Smile Of Heaven,3209,EUW1_7946066371,2026-08-10 09:18:21.956000+00:00,420,CLASSIC,25.65,Ekko,JUNGLE,True,9,1,7,16.0,13057,16002,23877,31,241,9.39571150097466
11,r-7Bh23Apy69dlqB_IyIsuO6-zdoEZSsh3aTxfLAHXvOC7hnIxUlH5XcRwK_LGG-0jc-1iOIHdwELQ,DIAMOND,DIAMOND,I,33,Smile Of Heaven,3209,EUW1_7946165907,2026-08-10 11:54:00.623000+00:00,420,CLASSIC,26.133333333333333,Ekko,MIDDLE,True,9,8,5,1.75,11220,16114,25553,14,134,5.127551020408164
11,r-7Bh23Apy69dlqB_IyIsuO6-zdoEZSsh3aTxfLAHXvOC7hnIxUlH5XcRwK_LGG-0jc-1iOIHdwELQ,DIAMOND,DIAMOND,I,33,Smile Of Heaven,3209,EUW1_7946187972,2026-08-10 12:25:34.699000+00:00,420,CLASSIC,28.883333333333333,Ekko,JUNGLE,True,11,5,5,3.2,14629,22482,31443,22,205,7.097518753606463
11,r-7Bh23Apy69dlqB_IyIsuO6-zdoEZSsh3aTxfLAHXvOC7hnIxUlH5XcRwK_LGG-0jc-1iOIHdwELQ,DIAMOND,DIAMOND,I,33,Smile Of Heaven,3209,EUW1_7946333826,2026-08-10 15:05:19.878000+00:00,420,CLASSIC,29.5,Ekko,MIDDLE,False,3,7,7,1.4285714285714286,9394,22451,33814,23,192,6.508474576271187
11,r-7Bh23Apy69dlqB_IyIsuO6-zdoEZSsh3aTxfLAHXvOC7hnIxUlH5XcRwK_LGG-0jc-1iOIHdwELQ,DIAMOND,DIAMOND,I,33,Smile Of Heaven,3209,EUW1_7946648800,2026-08-10 19:25:03.380000+00:00,420,CLASSIC,1.1833333333333333,Ekko,MIDDLE,False,0,0,0,0.0,513,447,431,0,0,0.0
11,r-7Bh23Apy69dlqB_IyIsuO6-zdoEZSsh3aTxfLAHXvOC7hnIxUlH5XcRwK_LGG-0jc-1iOIHdwELQ,DIAMOND,DIAMOND,I,33,Smile Of Heaven,3209,EUW1_7946655175,2026-08-10 19:32:52.086000+00:00,420,CLASSIC,29.583333333333332,Ekko,MIDDLE,True,8,3,9,5.666666666666667,12244,21587,24451,15,194,6.55774647887324
11,r-7Bh23Apy69dlqB_IyIsuO6-zdoEZSsh3aTxfLAHXvOC7hnIxUlH5XcRwK_LGG-0jc-1iOIHdwELQ,DIAMOND,DIAMOND,I,33,Smile Of Heaven,3209,EUW1_7946726516,2026-08-10 20:13:03.958000+00:00,420,CLASSIC,24.05,Ekko,MIDDLE,True,4,3,9,4.333333333333333,9143,16289,20631,13,156,6.486486486486486
11,r-7Bh23Apy69dlqB_IyIsuO6-zdoEZSsh3aTxfLAHXvOC7hnIxUlH5XcRwK_LGG-0jc-1iOIHdwELQ,DIAMOND,DIAMOND,I,33,Smile Of Heaven,3209,EUW1_7946789922,2026-08-10 21:03:22.089000+00:00,420,CLASSIC,22.433333333333334,Kayn,JUNGLE,False,5,7,5,1.4285714285714286,9221,13503,25304,8,155,6.909361069836553
11,r-7Bh23Apy69dlqB_IyIsuO6-zdoEZSsh3aTxfLAHXvOC7hnIxUlH5XcRwK_LGG-0jc-1iOIHdwELQ,DIAMOND,DIAMOND,I,33,Smile Of Heaven,3209,EUW1_7946832559,2026-08-10 21:30:58.619000+00:00,420,CLASSIC,28.416666666666668,Ekko,MIDDLE,False,5,6,8,2.1666666666666665,11616,19490,29951,22,209,7.354838709677419
11,r-7Bh23Apy69dlqB_IyIsuO6-zdoEZSsh3aTxfLAHXvOC7hnIxUlH5XcRwK_LGG-0jc-1iOIHdwELQ,DIAMOND,DIAMOND,I,33,Smile Of Heaven,3209,EUW1_7947079037,2026-08-11 08:43:18.860000+00:00,420,CLASSIC,24.533333333333335,Ekko,JUNGLE,False,2,3,0,0.6666666666666666,8604,6320,22840,25,160,6.521739130434782
11,r-7Bh23Apy69dlqB_IyIsuO6-zdoEZSsh3aTxfLAHXvOC7hnIxUlH5XcRwK_LGG-0jc-1iOIHdwELQ,DIAMOND,DIAMOND,I,33,Smile Of Heaven,3209,EUW1_7954361944,2026-08-18 14:09:11.385000+00:00,420,CLASSIC,34.233333333333334,Ekko,MIDDLE,False,4,9,7,1.2222222222222223,11666,18628,40391,24,228,6.660175267770204
11,r-7Bh23Apy69dlqB_IyIsuO6-zdoEZSsh3aTxfLAHXvOC7hnIxUlH5XcRwK_LGG-0jc-1iOIHdwELQ,DIAMOND,DIAMOND,I,33,Smile Of Heaven,3209,EUW1_7958097019,2026-08-22 00:35:48.062000+00:00,420,CLASSIC,35.43333333333333,Yasuo,TOP,False,1,9,8,1.0,11327,19124,28066,25,247,6.970837253057385
12,Z_pOOF00r7lnMIfg_bErPEJbU1cdVD30zMGhGKJz7HTSKjD7Qt0bUxLjaiptr6TI_9H93JWl_xdIaw,DIAMOND,DIAMOND,I,95,TheCroneZ,EUW,EUW1_7857632583,2026-05-17 23:35:46.040000+00:00,420,CLASSIC,30.616666666666667,Milio,UTILITY,True,0,5,20,4.0,9394,4095,21248,72,15,0.4899292324442025
12,Z_pOOF00r7lnMIfg_bErPEJbU1cdVD30zMGhGKJz7HTSKjD7Qt0bUxLjaiptr6TI_9H93JWl_xdIaw,DIAMOND,DIAMOND,I,95,TheCroneZ,EUW,EUW1_7857644410,2026-05-18 00:12:16.637000+00:00,420,CLASSIC,25.683333333333334,Alistar,UTILITY,True,3,3,17,6.666666666666667,8542,5823,18779,53,21,0.81765087605451
12,Z_pOOF00r7lnMIfg_bErPEJbU1cdVD30zMGhGKJz7HTSKjD7Qt0bUxLjaiptr6TI_9H93JWl_xdIaw,DIAMOND,DIAMOND,I,95,TheCroneZ,EUW,EUW1_7858376577,2026-05-18 19:29:29.080000+00:00,420,CLASSIC,27.6,Milio,UTILITY,True,0,2,19,9.5,8460,3989,14263,78,24,0.8695652173913043
12,Z_pOOF00r7lnMIfg_bErPEJbU1cdVD30zMGhGKJz7HTSKjD7Qt0bUxLjaiptr6TI_9H93JWl_xdIaw,DIAMOND,DIAMOND,I,95,TheCroneZ,EUW,EUW1_7858472635,2026-05-18 20:24:18.899000+00:00,420,CLASSIC,29.133333333333333,Karma,UTILITY,True,2,5,13,3.0,8931,4468,21266,74,24,0.8237986270022883
12,Z_pOOF00r7lnMIfg_bErPEJbU1cdVD30zMGhGKJz7HTSKjD7Qt0bUxLjaiptr6TI_9H93JWl_xdIaw,DIAMOND,DIAMOND,I,95,TheCroneZ,EUW,EUW1_7858515383,2026-05-18 20:59:47.084000+00:00,420,CLASSIC,29.45,Karma,UTILITY,False,0,8,12,1.5,7120,3757,24181,82,19,0.6451612903225806
12,Z_pOOF00r7lnMIfg_bErPEJbU1cdVD30zMGhGKJz7HTSKjD7Qt0bUxLjaiptr6TI_9H93JWl_xdIaw,DIAMOND,DIAMOND,I,95,TheCroneZ,EUW,EUW1_7859122059,2026-05-19 15:55:13.385000+00:00,420,CLASSIC,29.066666666666666,Milio,UTILITY,False,0,3,13,4.333333333333333,7130,2333,7217,63,19,0.6536697247706422
12,Z_pOOF00r7lnMIfg_bErPEJbU1cdVD30zMGhGKJz7HTSKjD7Qt0bUxLjaiptr6TI_9H93JWl_xdIaw,DIAMOND,DIAMOND,I,95,TheCroneZ,EUW,EUW1_7880021056,2026-06-07 20:55:28.829000+00:00,420,CLASSIC,32.583333333333336,Karma,UTILITY,True,0,6,23,3.8333333333333335,9177,9699,25682,88,19,0.5831202046035805
12,Z_pOOF00r7lnMIfg_bErPEJbU1cdVD30zMGhGKJz7HTSKjD7Qt0bUxLjaiptr6TI_9H93JWl_xdIaw,DIAMOND,DIAMOND,I,95,TheCroneZ,EUW,EUW1_7881469583,2026-06-09 12:36:18.029000+00:00,420,CLASSIC,29.15,Karma,UTILITY,True,0,9,17,1.8888888888888888,7826,3899,24718,69,17,0.5831903945111493
12,Z_pOOF00r7lnMIfg_bErPEJbU1cdVD30zMGhGKJz7HTSKjD7Qt0bUxLjaiptr6TI_9H93JWl_xdIaw,DIAMOND,DIAMOND,I,95,TheCroneZ,EUW,EUW1_7881496384,2026-06-09 13:22:16.963000+00:00,420,CLASSIC,30.883333333333333,Karma,UTILITY,False,2,10,12,1.4,8422,5376,27802,92,19,0.6152185644900162
12,Z_pOOF00r7lnMIfg_bErPEJbU1cdVD30zMGhGKJz7HTSKjD7Qt0bUxLjaiptr6TI_9H93JWl_xdIaw,DIAMOND,DIAMOND,I,95,TheCroneZ,EUW,EUW1_7888283727,2026-06-15 14:31:11.803000+00:00,420,CLASSIC,25.283333333333335,Lulu,UTILITY,False,1,8,9,1.25,6246,3440,14157,62,23,0.9096901779828609
12,Z_pOOF00r7lnMIfg_bErPEJbU1cdVD30zMGhGKJz7HTSKjD7Qt0bUxLjaiptr6TI_9H93JWl_xdIaw,DIAMOND,DIAMOND,I,95,TheCroneZ,EUW,EUW1_7889356265,2026-06-16 15:01:31.695000+00:00,420,CLASSIC,25.2,Karma,UTILITY,False,0,3,6,2.0,5986,3602,13859,60,28,1.1111111111111112
12,Z_pOOF00r7lnMIfg_bErPEJbU1cdVD30zMGhGKJz7HTSKjD7Qt0bUxLjaiptr6TI_9H93JWl_xdIaw,DIAMOND,DIAMOND,I,95,TheCroneZ,EUW,EUW1_7889421859,2026-06-16 15:59:36.330000+00:00,420,CLASSIC,21.066666666666666,Karma,UTILITY,False,0,7,2,0.2857142857142857,4965,4679,15479,43,16,0.759493670886076
12,Z_pOOF00r7lnMIfg_bErPEJbU1cdVD30zMGhGKJz7HTSKjD7Qt0bUxLjaiptr6TI_9H93JWl_xdIaw,DIAMOND,DIAMOND,I,95,TheCroneZ,EUW,EUW1_7889448907,2026-06-16 16:24:53.592000+00:00,420,CLASSIC,4.833333333333333,Milio,UTILITY,True,0,0,0,0.0,1227,400,1230,2,4,0.8275862068965518
12,Z_pOOF00r7lnMIfg_bErPEJbU1cdVD30zMGhGKJz7HTSKjD7Qt0bUxLjaiptr6TI_9H93JWl_xdIaw,DIAMOND,DIAMOND,I,95,TheCroneZ,EUW,EUW1_7889466641,2026-06-16 16:36:04.385000+00:00,420,CLASSIC,20.416666666666668,Karma,UTILITY,True,1,2,11,6.0,6713,4431,7765,36,18,0.8816326530612244
12,Z_pOOF00r7lnMIfg_bErPEJbU1cdVD30zMGhGKJz7HTSKjD7Qt0bUxLjaiptr6TI_9H93JWl_xdIaw,DIAMOND,DIAMOND,I,95,TheCroneZ,EUW,EUW1_7889492168,2026-06-16 17:01:08.572000+00:00,420,CLASSIC,22.7,Milio,UTILITY,False,1,6,4,0.8333333333333334,5650,3422,12038,43,11,0.4845814977973568
12,Z_pOOF00r7lnMIfg_bErPEJbU1cdVD30zMGhGKJz7HTSKjD7Qt0bUxLjaiptr6TI_9H93JWl_xdIaw,DIAMOND,DIAMOND,I,95,TheCroneZ,EUW,EUW1_7889622201,2026-06-16 18:34:28.618000+00:00,420,CLASSIC,19.95,Karma,UTILITY,True,1,4,12,3.25,6068,4942,12709,44,12,0.6015037593984962
12,Z_pOOF00r7lnMIfg_bErPEJbU1cdVD30zMGhGKJz7HTSKjD7Qt0bUxLjaiptr6TI_9H93JWl_xdIaw,DIAMOND,DIAMOND,I,95,TheCroneZ,EUW,EUW1_7890054995,2026-06-17 03:00:35.127000+00:00,420,CLASSIC,23.9,Nami,UTILITY,True,0,3,11,3.6666666666666665,7435,4448,10492,67,24,1.00418410041841
12,Z_pOOF00r7lnMIfg_bErPEJbU1cdVD30zMGhGKJz7HTSKjD7Qt0bUxLjaiptr6TI_9H93JWl_xdIaw,DIAMOND,DIAMOND,I,95,TheCroneZ,EUW,EUW1_7890061599,2026-06-17 03:30:09.482000+00:00,420,CLASSIC,28.733333333333334,Karma,UTILITY,False,0,5,2,0.4,6329,3267,12997,71,26,0.9048723897911832
12,Z_pOOF00r7lnMIfg_bErPEJbU1cdVD30zMGhGKJz7HTSKjD7Qt0bUxLjaiptr6TI_9H93JWl_xdIaw,DIAMOND,DIAMOND,I,95,TheCroneZ,EUW,EUW1_7890329403,2026-06-17 14:11:56.161000+00:00,420,CLASSIC,14.066666666666666,Amumu,UTILITY,True,2,1,9,11.0,4721,5493,6465,22,22,1.5639810426540284
12,Z_pOOF00r7lnMIfg_bErPEJbU1cdVD30zMGhGKJz7HTSKjD7Qt0bUxLjaiptr6TI_9H93JWl_xdIaw,DIAMOND,DIAMOND,I,95,TheCroneZ,EUW,EUW1_7890352891,2026-06-17 14:30:24.976000+00:00,420,CLASSIC,28.6,Nami,UTILITY,False,2,6,9,1.8333333333333333,7407,8672,18443,62,21,0.7342657342657343
12,Z_pOOF00r7lnMIfg_bErPEJbU1cdVD30zMGhGKJz7HTSKjD7Qt0bUxLjaiptr6TI_9H93JWl_xdIaw,DIAMOND,DIAMOND,I,95,TheCroneZ,EUW,EUW1_7890391326,2026-06-17 15:16:16.172000+00:00,420,CLASSIC,30.666666666666668,Karma,UTILITY,False,0,9,11,1.2222222222222223,7953,5216,22587,106,22,0.717391304347826
12,Z_pOOF00r7lnMIfg_bErPEJbU1cdVD30zMGhGKJz7HTSKjD7Qt0bUxLjaiptr6TI_9H93JWl_xdIaw,DIAMOND,DIAMOND,I,95,TheCroneZ,EUW,EUW1_7890480613,2026-06-17 16:34:17.611000+00:00,420,CLASSIC,28.683333333333334,Karma,UTILITY,False,1,7,15,2.2857142857142856,8182,6554,24010,62,21,0.7321324811156305
12,Z_pOOF00r7lnMIfg_bErPEJbU1cdVD30zMGhGKJz7HTSKjD7Qt0bUxLjaiptr6TI_9H93JWl_xdIaw,DIAMOND,DIAMOND,I,95,TheCroneZ,EUW,EUW1_7890715934,2026-06-17 19:39:04.049000+00:00,420,CLASSIC,33.75,Karma,UTILITY,False,4,8,23,3.375,11571,9380,28914,87,15,0.4444444444444444
12,Z_pOOF00r7lnMIfg_bErPEJbU1cdVD30zMGhGKJz7HTSKjD7Qt0bUxLjaiptr6TI_9H93JWl_xdIaw,DIAMOND,DIAMOND,I,95,TheCroneZ,EUW,EUW1_7890786736,2026-06-17 20:25:47.431000+00:00,420,CLASSIC,30.266666666666666,Milio,UTILITY,False,0,4,6,1.5,7069,3693,13346,75,26,0.8590308370044053
12,Z_pOOF00r7lnMIfg_bErPEJbU1cdVD30zMGhGKJz7HTSKjD7Qt0bUxLjaiptr6TI_9H93JWl_xdIaw,DIAMOND,DIAMOND,I,95,TheCroneZ,EUW,EUW1_7890863189,2026-06-17 21:26:24.081000+00:00,420,CLASSIC,23.833333333333332,Nami,UTILITY,False,1,6,6,1.1666666666666667,6930,7448,18881,58,27,1.132867132867133
12,Z_pOOF00r7lnMIfg_bErPEJbU1cdVD30zMGhGKJz7HTSKjD7Qt0bUxLjaiptr6TI_9H93JWl_xdIaw,DIAMOND,DIAMOND,I,95,TheCroneZ,EUW,EUW1_7890904684,2026-06-17 21:57:19.383000+00:00,420,CLASSIC,25.666666666666668,Karma,UTILITY,True,1,7,23,3.4285714285714284,9415,5580,19286,64,18,0.7012987012987013
12,Z_pOOF00r7lnMIfg_bErPEJbU1cdVD30zMGhGKJz7HTSKjD7Qt0bUxLjaiptr6TI_9H93JWl_xdIaw,DIAMOND,DIAMOND,I,95,TheCroneZ,EUW,EUW1_7890935670,2026-06-17 22:27:39.077000+00:00,420,CLASSIC,20.716666666666665,Karma,UTILITY,True,1,1,14,15.0,6511,3232,8777,42,22,1.0619469026548674
12,Z_pOOF00r7lnMIfg_bErPEJbU1cdVD30zMGhGKJz7HTSKjD7Qt0bUxLjaiptr6TI_9H93JWl_xdIaw,DIAMOND,DIAMOND,I,95,TheCroneZ,EUW,EUW1_7890965159,2026-06-17 23:07:54.912000+00:00,420,CLASSIC,25.05,Karma,UTILITY,True,1,3,10,3.6666666666666665,6833,3999,16383,68,20,0.7984031936127745
12,Z_pOOF00r7lnMIfg_bErPEJbU1cdVD30zMGhGKJz7HTSKjD7Qt0bUxLjaiptr6TI_9H93JWl_xdIaw,DIAMOND,DIAMOND,I,95,TheCroneZ,EUW,EUW1_7891409786,2026-06-18 15:18:26.130000+00:00,420,CLASSIC,21.933333333333334,Karma,UTILITY,True,0,1,21,21.0,7061,6440,13994,42,21,0.9574468085106382
12,Z_pOOF00r7lnMIfg_bErPEJbU1cdVD30zMGhGKJz7HTSKjD7Qt0bUxLjaiptr6TI_9H93JWl_xdIaw,DIAMOND,DIAMOND,I,95,TheCroneZ,EUW,EUW1_7891435109,2026-06-18 15:46:24.439000+00:00,420,CLASSIC,28.716666666666665,Karma,UTILITY,False,0,7,9,1.2857142857142858,7001,6222,28185,67,22,0.7661056297156124
12,Z_pOOF00r7lnMIfg_bErPEJbU1cdVD30zMGhGKJz7HTSKjD7Qt0bUxLjaiptr6TI_9H93JWl_xdIaw,DIAMOND,DIAMOND,I,95,TheCroneZ,EUW,EUW1_7891811232,2026-06-18 20:36:51.054000+00:00,420,CLASSIC,26.483333333333334,Karma,UTILITY,True,2,2,8,5.0,7218,7616,16311,67,13,0.4908747640025173
12,Z_pOOF00r7lnMIfg_bErPEJbU1cdVD30zMGhGKJz7HTSKjD7Qt0bUxLjaiptr6TI_9H93JWl_xdIaw,DIAMOND,DIAMOND,I,95,TheCroneZ,EUW,EUW1_7891857246,2026-06-18 21:07:55.929000+00:00,420,CLASSIC,23.833333333333332,Milio,UTILITY,True,0,3,22,7.333333333333333,7392,4628,11735,39,10,0.4195804195804196
12,Z_pOOF00r7lnMIfg_bErPEJbU1cdVD30zMGhGKJz7HTSKjD7Qt0bUxLjaiptr6TI_9H93JWl_xdIaw,DIAMOND,DIAMOND,I,95,TheCroneZ,EUW,EUW1_7891899282,2026-06-18 21:38:54.461000+00:00,420,CLASSIC,19.666666666666668,Karma,UTILITY,True,1,3,15,5.333333333333333,6532,4192,12416,48,19,0.9661016949152542
12,Z_pOOF00r7lnMIfg_bErPEJbU1cdVD30zMGhGKJz7HTSKjD7Qt0bUxLjaiptr6TI_9H93JWl_xdIaw,DIAMOND,DIAMOND,I,95,TheCroneZ,EUW,EUW1_7896747576,2026-06-23 15:47:02.520000+00:00,420,CLASSIC,38.03333333333333,Karma,UTILITY,True,1,8,22,2.875,10513,6771,27862,119,36,0.946538124452235
12,Z_pOOF00r7lnMIfg_bErPEJbU1cdVD30zMGhGKJz7HTSKjD7Qt0bUxLjaiptr6TI_9H93JWl_xdIaw,DIAMOND,DIAMOND,I,95,TheCroneZ,EUW,EUW1_7897411070,2026-06-24 07:30:26.126000+00:00,420,CLASSIC,27.416666666666668,Karma,UTILITY,True,1,5,25,5.2,8665,4794,20599,65,23,0.8389057750759878
12,Z_pOOF00r7lnMIfg_bErPEJbU1cdVD30zMGhGKJz7HTSKjD7Qt0bUxLjaiptr6TI_9H93JWl_xdIaw,DIAMOND,DIAMOND,I,95,TheCroneZ,EUW,EUW1_7897418182,2026-06-24 08:03:55.954000+00:00,420,CLASSIC,30.083333333333332,Amumu,UTILITY,True,0,8,15,1.875,8418,9631,21452,78,17,0.5650969529085873
12,Z_pOOF00r7lnMIfg_bErPEJbU1cdVD30zMGhGKJz7HTSKjD7Qt0bUxLjaiptr6TI_9H93JWl_xdIaw,DIAMOND,DIAMOND,I,95,TheCroneZ,EUW,EUW1_7897764510,2026-06-24 15:29:38.639000+00:00,420,CLASSIC,32.016666666666666,Amumu,UTILITY,True,0,12,20,1.6666666666666667,8309,10396,26645,92,30,0.9370119729307652
12,Z_pOOF00r7lnMIfg_bErPEJbU1cdVD30zMGhGKJz7HTSKjD7Qt0bUxLjaiptr6TI_9H93JWl_xdIaw,DIAMOND,DIAMOND,I,95,TheCroneZ,EUW,EUW1_7898425764,2026-06-24 22:48:57.118000+00:00,420,CLASSIC,21.933333333333334,Lulu,UTILITY,False,0,6,8,1.3333333333333333,5307,1959,9814,52,23,1.0486322188449848
12,Z_pOOF00r7lnMIfg_bErPEJbU1cdVD30zMGhGKJz7HTSKjD7Qt0bUxLjaiptr6TI_9H93JWl_xdIaw,DIAMOND,DIAMOND,I,95,TheCroneZ,EUW,EUW1_7898522489,2026-06-25 01:10:10.034000+00:00,420,CLASSIC,35.21666666666667,Karma,UTILITY,True,2,7,16,2.5714285714285716,10493,10909,26506,91,23,0.65309985802177
12,Z_pOOF00r7lnMIfg_bErPEJbU1cdVD30zMGhGKJz7HTSKjD7Qt0bUxLjaiptr6TI_9H93JWl_xdIaw,DIAMOND,DIAMOND,I,95,TheCroneZ,EUW,EUW1_7898530123,2026-06-25 01:55:57.866000+00:00,420,CLASSIC,28.25,Karma,UTILITY,False,0,6,7,1.1666666666666667,6632,3091,20336,64,31,1.0973451327433628
12,Z_pOOF00r7lnMIfg_bErPEJbU1cdVD30zMGhGKJz7HTSKjD7Qt0bUxLjaiptr6TI_9H93JWl_xdIaw,DIAMOND,DIAMOND,I,95,TheCroneZ,EUW,EUW1_7899062136,2026-06-25 16:47:00.266000+00:00,420,CLASSIC,30.733333333333334,Amumu,UTILITY,False,4,10,5,0.9,8363,9883,29182,77,21,0.6832971800433839
12,Z_pOOF00r7lnMIfg_bErPEJbU1cdVD30zMGhGKJz7HTSKjD7Qt0bUxLjaiptr6TI_9H93JWl_xdIaw,DIAMOND,DIAMOND,I,95,TheCroneZ,EUW,EUW1_7899163450,2026-06-25 18:06:43.724000+00:00,420,CLASSIC,28.266666666666666,Karma,UTILITY,True,1,9,17,2.0,8906,5879,19815,86,25,0.8844339622641509
12,Z_pOOF00r7lnMIfg_bErPEJbU1cdVD30zMGhGKJz7HTSKjD7Qt0bUxLjaiptr6TI_9H93JWl_xdIaw,DIAMOND,DIAMOND,I,95,TheCroneZ,EUW,EUW1_7900088461,2026-06-26 15:41:41.533000+00:00,420,CLASSIC,26.766666666666666,Milio,UTILITY,False,0,7,2,0.2857142857142857,6002,3467,14632,65,19,0.7098381070983811
12,Z_pOOF00r7lnMIfg_bErPEJbU1cdVD30zMGhGKJz7HTSKjD7Qt0bUxLjaiptr6TI_9H93JWl_xdIaw,DIAMOND,DIAMOND,I,95,TheCroneZ,EUW,EUW1_7900143544,2026-06-26 16:31:55.247000+00:00,420,CLASSIC,29.666666666666668,Nami,UTILITY,True,4,5,27,6.2,11209,8979,15480,94,19,0.6404494382022472
12,Z_pOOF00r7lnMIfg_bErPEJbU1cdVD30zMGhGKJz7HTSKjD7Qt0bUxLjaiptr6TI_9H93JWl_xdIaw,DIAMOND,DIAMOND,I,95,TheCroneZ,EUW,EUW1_7900195524,2026-06-26 17:17:37.442000+00:00,420,CLASSIC,1.2,Karma,UTILITY,False,0,0,0,0.0,518,155,556,0,0,0.0
12,Z_pOOF00r7lnMIfg_bErPEJbU1cdVD30zMGhGKJz7HTSKjD7Qt0bUxLjaiptr6TI_9H93JWl_xdIaw,DIAMOND,DIAMOND,I,95,TheCroneZ,EUW,EUW1_7900195275,2026-06-26 17:25:01.863000+00:00,420,CLASSIC,23.983333333333334,Karma,UTILITY,True,0,4,16,4.0,7971,3507,11937,62,24,1.0006949270326615
12,Z_pOOF00r7lnMIfg_bErPEJbU1cdVD30zMGhGKJz7HTSKjD7Qt0bUxLjaiptr6TI_9H93JWl_xdIaw,DIAMOND,DIAMOND,I,95,TheCroneZ,EUW,EUW1_7900506429,2026-06-26 21:34:16.842000+00:00,420,CLASSIC,21.583333333333332,Karma,UTILITY,False,1,5,2,0.6,6017,4435,15459,48,29,1.3436293436293436
12,Z_pOOF00r7lnMIfg_bErPEJbU1cdVD30zMGhGKJz7HTSKjD7Qt0bUxLjaiptr6TI_9H93JWl_xdIaw,DIAMOND,DIAMOND,I,95,TheCroneZ,EUW,EUW1_7902123834,2026-06-28 12:19:17.100000+00:00,420,CLASSIC,29.366666666666667,Amumu,UTILITY,True,3,8,18,2.625,9119,11655,24758,70,13,0.4426787741203178
12,Z_pOOF00r7lnMIfg_bErPEJbU1cdVD30zMGhGKJz7HTSKjD7Qt0bUxLjaiptr6TI_9H93JWl_xdIaw,DIAMOND,DIAMOND,I,95,TheCroneZ,EUW,EUW1_7902186834,2026-06-28 13:17:08.217000+00:00,420,CLASSIC,7.066666666666666,Karma,UTILITY,True,0,1,3,3.0,2053,2190,2645,7,9,1.2735849056603774
12,Z_pOOF00r7lnMIfg_bErPEJbU1cdVD30zMGhGKJz7HTSKjD7Qt0bUxLjaiptr6TI_9H93JWl_xdIaw,DIAMOND,DIAMOND,I,95,TheCroneZ,EUW,EUW1_7902202045,2026-06-28 13:31:31.957000+00:00,420,CLASSIC,26.816666666666666,Karma,UTILITY,False,1,6,2,0.5,6729,5700,17751,71,24,0.8949658172778123
12,Z_pOOF00r7lnMIfg_bErPEJbU1cdVD30zMGhGKJz7HTSKjD7Qt0bUxLjaiptr6TI_9H93JWl_xdIaw,DIAMOND,DIAMOND,I,95,TheCroneZ,EUW,EUW1_7902247938,2026-06-28 14:05:48.246000+00:00,420,CLASSIC,28.65,Amumu,UTILITY,True,1,8,22,2.875,8877,12480,21353,58,21,0.7329842931937173
12,Z_pOOF00r7lnMIfg_bErPEJbU1cdVD30zMGhGKJz7HTSKjD7Qt0bUxLjaiptr6TI_9H93JWl_xdIaw,DIAMOND,DIAMOND,I,95,TheCroneZ,EUW,EUW1_7902293481,2026-06-28 14:39:00.954000+00:00,420,CLASSIC,31.85,Karma,UTILITY,True,0,9,24,2.6666666666666665,9212,4230,27052,87,23,0.7221350078492935
12,Z_pOOF00r7lnMIfg_bErPEJbU1cdVD30zMGhGKJz7HTSKjD7Qt0bUxLjaiptr6TI_9H93JWl_xdIaw,DIAMOND,DIAMOND,I,95,TheCroneZ,EUW,EUW1_7902406693,2026-06-28 16:03:17.035000+00:00,420,CLASSIC,32.93333333333333,Amumu,UTILITY,True,5,15,14,1.2666666666666666,10666,13010,34975,93,27,0.8198380566801621
12,Z_pOOF00r7lnMIfg_bErPEJbU1cdVD30zMGhGKJz7HTSKjD7Qt0bUxLjaiptr6TI_9H93JWl_xdIaw,DIAMOND,DIAMOND,I,95,TheCroneZ,EUW,EUW1_7902906414,2026-06-28 21:59:27.739000+00:00,420,CLASSIC,25.583333333333332,Karma,UTILITY,False,0,8,11,1.375,6756,7069,20871,71,19,0.742671009771987
12,Z_pOOF00r7lnMIfg_bErPEJbU1cdVD30zMGhGKJz7HTSKjD7Qt0bUxLjaiptr6TI_9H93JWl_xdIaw,DIAMOND,DIAMOND,I,95,TheCroneZ,EUW,EUW1_7902944698,2026-06-28 22:30:11.991000+00:00,420,CLASSIC,35.583333333333336,Karma,UTILITY,False,0,10,16,1.6,9616,5243,34059,95,35,0.9836065573770492
12,Z_pOOF00r7lnMIfg_bErPEJbU1cdVD30zMGhGKJz7HTSKjD7Qt0bUxLjaiptr6TI_9H93JWl_xdIaw,DIAMOND,DIAMOND,I,95,TheCroneZ,EUW,EUW1_7903507994,2026-06-29 16:37:25.086000+00:00,420,CLASSIC,30.716666666666665,Karma,UTILITY,True,0,6,19,3.1666666666666665,9141,5848,20286,83,32,1.0417797069994574
12,Z_pOOF00r7lnMIfg_bErPEJbU1cdVD30zMGhGKJz7HTSKjD7Qt0bUxLjaiptr6TI_9H93JWl_xdIaw,DIAMOND,DIAMOND,I,95,TheCroneZ,EUW,EUW1_7903551234,2026-06-29 17:17:48.454000+00:00,420,CLASSIC,26.816666666666666,Karma,UTILITY,True,1,4,33,8.5,9608,7130,21446,72,32,1.1932877563704165
12,Z_pOOF00r7lnMIfg_bErPEJbU1cdVD30zMGhGKJz7HTSKjD7Qt0bUxLjaiptr6TI_9H93JWl_xdIaw,DIAMOND,DIAMOND,I,95,TheCroneZ,EUW,EUW1_7903607661,2026-06-29 18:00:20.887000+00:00,420,CLASSIC,41.3,Karma,UTILITY,False,0,10,21,2.1,10647,9206,27434,123,30,0.7263922518159807
12,Z_pOOF00r7lnMIfg_bErPEJbU1cdVD30zMGhGKJz7HTSKjD7Qt0bUxLjaiptr6TI_9H93JWl_xdIaw,DIAMOND,DIAMOND,I,95,TheCroneZ,EUW,EUW1_7903698116,2026-06-29 19:13:27.301000+00:00,420,CLASSIC,33.45,Karma,UTILITY,False,1,9,16,1.8888888888888888,9510,4860,26284,98,37,1.1061285500747384
12,Z_pOOF00r7lnMIfg_bErPEJbU1cdVD30zMGhGKJz7HTSKjD7Qt0bUxLjaiptr6TI_9H93JWl_xdIaw,DIAMOND,DIAMOND,I,95,TheCroneZ,EUW,EUW1_7904378292,2026-06-30 14:29:39.522000+00:00,420,CLASSIC,31.8,Karma,UTILITY,True,1,9,23,2.6666666666666665,9258,4440,22897,90,10,0.31446540880503143
12,Z_pOOF00r7lnMIfg_bErPEJbU1cdVD30zMGhGKJz7HTSKjD7Qt0bUxLjaiptr6TI_9H93JWl_xdIaw,DIAMOND,DIAMOND,I,95,TheCroneZ,EUW,EUW1_7904417449,2026-06-30 15:09:41.738000+00:00,420,CLASSIC,24.6,Karma,UTILITY,True,1,3,12,4.333333333333333,7108,4674,11865,57,22,0.8943089430894309
12,Z_pOOF00r7lnMIfg_bErPEJbU1cdVD30zMGhGKJz7HTSKjD7Qt0bUxLjaiptr6TI_9H93JWl_xdIaw,DIAMOND,DIAMOND,I,95,TheCroneZ,EUW,EUW1_7904758629,2026-06-30 19:45:27.415000+00:00,420,CLASSIC,1.25,Karma,UTILITY,True,0,0,0,0.0,543,48,122,0,0,0.0
12,Z_pOOF00r7lnMIfg_bErPEJbU1cdVD30zMGhGKJz7HTSKjD7Qt0bUxLjaiptr6TI_9H93JWl_xdIaw,DIAMOND,DIAMOND,I,95,TheCroneZ,EUW,EUW1_7904770291,2026-06-30 19:53:36.774000+00:00,420,CLASSIC,36.63333333333333,Karma,UTILITY,True,1,11,24,2.272727272727273,9976,5193,30288,118,25,0.6824385805277525
12,Z_pOOF00r7lnMIfg_bErPEJbU1cdVD30zMGhGKJz7HTSKjD7Qt0bUxLjaiptr6TI_9H93JWl_xdIaw,DIAMOND,DIAMOND,I,95,TheCroneZ,EUW,EUW1_7918430951,2026-07-14 15:48:14.239000+00:00,420,CLASSIC,15.166666666666666,Karma,UTILITY,False,0,3,3,1.0,3817,4353,8339,23,15,0.989010989010989
12,Z_pOOF00r7lnMIfg_bErPEJbU1cdVD30zMGhGKJz7HTSKjD7Qt0bUxLjaiptr6TI_9H93JWl_xdIaw,DIAMOND,DIAMOND,I,95,TheCroneZ,EUW,EUW1_7919377531,2026-07-15 16:16:20.120000+00:00,420,CLASSIC,30.616666666666667,Karma,UTILITY,True,1,5,23,4.8,10080,5244,18272,100,26,0.849210669569951
12,Z_pOOF00r7lnMIfg_bErPEJbU1cdVD30zMGhGKJz7HTSKjD7Qt0bUxLjaiptr6TI_9H93JWl_xdIaw,DIAMOND,DIAMOND,I,95,TheCroneZ,EUW,EUW1_7920289458,2026-07-16 15:42:39.203000+00:00,420,CLASSIC,38.3,Karma,UTILITY,True,0,15,23,1.5333333333333334,10472,4545,34047,119,23,0.6005221932114883
12,Z_pOOF00r7lnMIfg_bErPEJbU1cdVD30zMGhGKJz7HTSKjD7Qt0bUxLjaiptr6TI_9H93JWl_xdIaw,DIAMOND,DIAMOND,I,95,TheCroneZ,EUW,EUW1_7921469079,2026-07-17 18:29:16.617000+00:00,420,CLASSIC,31.433333333333334,Karma,UTILITY,True,0,5,25,5.0,8922,6528,17053,97,19,0.6044538706256628
12,Z_pOOF00r7lnMIfg_bErPEJbU1cdVD30zMGhGKJz7HTSKjD7Qt0bUxLjaiptr6TI_9H93JWl_xdIaw,DIAMOND,DIAMOND,I,95,TheCroneZ,EUW,EUW1_7921527876,2026-07-17 19:20:28.656000+00:00,420,CLASSIC,1.1833333333333333,Karma,UTILITY,False,0,0,0,0.0,515,0,0,0,0,0.0
12,Z_pOOF00r7lnMIfg_bErPEJbU1cdVD30zMGhGKJz7HTSKjD7Qt0bUxLjaiptr6TI_9H93JWl_xdIaw,DIAMOND,DIAMOND,I,95,TheCroneZ,EUW,EUW1_7921541625,2026-07-17 19:25:39.112000+00:00,420,CLASSIC,27.633333333333333,Karma,UTILITY,False,0,4,6,1.5,6557,3871,17754,75,19,0.6875753920386007
12,Z_pOOF00r7lnMIfg_bErPEJbU1cdVD30zMGhGKJz7HTSKjD7Qt0bUxLjaiptr6TI_9H93JWl_xdIaw,DIAMOND,DIAMOND,I,95,TheCroneZ,EUW,EUW1_7923101713,2026-07-19 09:58:54.246000+00:00,420,CLASSIC,35.31666666666667,Karma,UTILITY,True,0,6,29,4.833333333333333,10290,7234,25652,121,26,0.7361963190184049
12,Z_pOOF00r7lnMIfg_bErPEJbU1cdVD30zMGhGKJz7HTSKjD7Qt0bUxLjaiptr6TI_9H93JWl_xdIaw,DIAMOND,DIAMOND,I,95,TheCroneZ,EUW,EUW1_7924509979,2026-07-20 17:59:30.271000+00:00,420,CLASSIC,15.633333333333333,Karma,UTILITY,False,1,5,6,1.4,4253,3970,9679,22,16,1.023454157782516
12,Z_pOOF00r7lnMIfg_bErPEJbU1cdVD30zMGhGKJz7HTSKjD7Qt0bUxLjaiptr6TI_9H93JWl_xdIaw,DIAMOND,DIAMOND,I,95,TheCroneZ,EUW,EUW1_7924701058,2026-07-20 20:10:36.347000+00:00,420,CLASSIC,32.68333333333333,Amumu,UTILITY,True,2,12,21,1.9166666666666667,10127,11796,31558,99,22,0.6731259561448242
12,Z_pOOF00r7lnMIfg_bErPEJbU1cdVD30zMGhGKJz7HTSKjD7Qt0bUxLjaiptr6TI_9H93JWl_xdIaw,DIAMOND,DIAMOND,I,95,TheCroneZ,EUW,EUW1_7924759596,2026-07-20 20:50:02.658000+00:00,420,CLASSIC,23.666666666666668,Amumu,UTILITY,False,0,9,11,1.2222222222222223,5902,7638,22508,54,18,0.7605633802816901
12,Z_pOOF00r7lnMIfg_bErPEJbU1cdVD30zMGhGKJz7HTSKjD7Qt0bUxLjaiptr6TI_9H93JWl_xdIaw,DIAMOND,DIAMOND,I,95,TheCroneZ,EUW,EUW1_7925509887,2026-07-21 17:54:03.217000+00:00,420,CLASSIC,26.666666666666668,Karma,UTILITY,False,1,4,10,2.75,6710,3167,15954,71,23,0.8624999999999999
12,Z_pOOF00r7lnMIfg_bErPEJbU1cdVD30zMGhGKJz7HTSKjD7Qt0bUxLjaiptr6TI_9H93JWl_xdIaw,DIAMOND,DIAMOND,I,95,TheCroneZ,EUW,EUW1_7926416272,2026-07-22 16:24:10.405000+00:00,420,CLASSIC,29.066666666666666,Karma,UTILITY,True,0,8,26,3.25,8233,7355,26056,75,16,0.5504587155963303
12,Z_pOOF00r7lnMIfg_bErPEJbU1cdVD30zMGhGKJz7HTSKjD7Qt0bUxLjaiptr6TI_9H93JWl_xdIaw,DIAMOND,DIAMOND,I,95,TheCroneZ,EUW,EUW1_7928442528,2026-07-24 16:41:02.679000+00:00,420,CLASSIC,25.933333333333334,Karma,UTILITY,True,0,7,15,2.142857142857143,7455,4236,17110,50,21,0.8097686375321337
12,Z_pOOF00r7lnMIfg_bErPEJbU1cdVD30zMGhGKJz7HTSKjD7Qt0bUxLjaiptr6TI_9H93JWl_xdIaw,DIAMOND,DIAMOND,I,95,TheCroneZ,EUW,EUW1_7928472316,2026-07-24 17:17:16.500000+00:00,420,CLASSIC,35.45,Karma,UTILITY,False,0,11,14,1.2727272727272727,8962,5349,37262,111,24,0.6770098730606487
12,Z_pOOF00r7lnMIfg_bErPEJbU1cdVD30zMGhGKJz7HTSKjD7Qt0bUxLjaiptr6TI_9H93JWl_xdIaw,DIAMOND,DIAMOND,I,95,TheCroneZ,EUW,EUW1_7930407953,2026-07-26 14:39:01.740000+00:00,420,CLASSIC,27.0,Karma,UTILITY,True,0,1,7,7.0,7430,3548,14072,64,14,0.5185185185185185
12,Z_pOOF00r7lnMIfg_bErPEJbU1cdVD30zMGhGKJz7HTSKjD7Qt0bUxLjaiptr6TI_9H93JWl_xdIaw,DIAMOND,DIAMOND,I,95,TheCroneZ,EUW,EUW1_7930454941,2026-07-26 15:16:14.597000+00:00,420,CLASSIC,1.1666666666666667,Karma,UTILITY,True,0,0,0,0.0,514,0,0,0,0,0.0
12,Z_pOOF00r7lnMIfg_bErPEJbU1cdVD30zMGhGKJz7HTSKjD7Qt0bUxLjaiptr6TI_9H93JWl_xdIaw,DIAMOND,DIAMOND,I,95,TheCroneZ,EUW,EUW1_7930460873,2026-07-26 15:21:04.594000+00:00,420,CLASSIC,29.316666666666666,Karma,UTILITY,True,2,11,25,2.4545454545454546,9985,6900,26411,82,21,0.7163160886867539
12,Z_pOOF00r7lnMIfg_bErPEJbU1cdVD30zMGhGKJz7HTSKjD7Qt0bUxLjaiptr6TI_9H93JWl_xdIaw,DIAMOND,DIAMOND,I,95,TheCroneZ,EUW,EUW1_7930707935,2026-07-26 18:36:24.148000+00:00,420,CLASSIC,31.083333333333332,Karma,UTILITY,False,1,8,13,1.75,8723,7032,26500,96,29,0.932975871313673
12,Z_pOOF00r7lnMIfg_bErPEJbU1cdVD30zMGhGKJz7HTSKjD7Qt0bUxLjaiptr6TI_9H93JWl_xdIaw,DIAMOND,DIAMOND,I,95,TheCroneZ,EUW,EUW1_7934935751,2026-07-30 19:28:40.693000+00:00,420,CLASSIC,16.583333333333332,Maokai,TOP,False,0,3,0,0.0,4642,11103,19269,11,117,7.0552763819095485
12,Z_pOOF00r7lnMIfg_bErPEJbU1cdVD30zMGhGKJz7HTSKjD7Qt0bUxLjaiptr6TI_9H93JWl_xdIaw,DIAMOND,DIAMOND,I,95,TheCroneZ,EUW,EUW1_7935799117,2026-07-31 16:43:24.589000+00:00,420,CLASSIC,22.566666666666666,Karma,UTILITY,False,0,7,13,1.8571428571428572,5700,4097,17762,52,20,0.8862629246676514
12,Z_pOOF00r7lnMIfg_bErPEJbU1cdVD30zMGhGKJz7HTSKjD7Qt0bUxLjaiptr6TI_9H93JWl_xdIaw,DIAMOND,DIAMOND,I,95,TheCroneZ,EUW,EUW1_7935832957,2026-07-31 17:11:11.876000+00:00,420,CLASSIC,26.866666666666667,Karma,UTILITY,True,1,5,12,2.6,8016,4099,16527,66,22,0.8188585607940446
12,Z_pOOF00r7lnMIfg_bErPEJbU1cdVD30zMGhGKJz7HTSKjD7Qt0bUxLjaiptr6TI_9H93JWl_xdIaw,DIAMOND,DIAMOND,I,95,TheCroneZ,EUW,EUW1_7936393272,2026-08-01 02:09:37.221000+00:00,420,CLASSIC,41.25,Karma,UTILITY,False,0,13,11,0.8461538461538461,9940,6970,35993,104,22,0.5333333333333333
12,Z_pOOF00r7lnMIfg_bErPEJbU1cdVD30zMGhGKJz7HTSKjD7Qt0bUxLjaiptr6TI_9H93JWl_xdIaw,DIAMOND,DIAMOND,I,95,TheCroneZ,EUW,EUW1_7937344074,2026-08-01 22:39:05.765000+00:00,420,CLASSIC,1.1833333333333333,Karma,UTILITY,True,0,0,0,0.0,535,99,0,0,0,0.0
12,Z_pOOF00r7lnMIfg_bErPEJbU1cdVD30zMGhGKJz7HTSKjD7Qt0bUxLjaiptr6TI_9H93JWl_xdIaw,DIAMOND,DIAMOND,I,95,TheCroneZ,EUW,EUW1_7937352171,2026-08-01 22:46:50.079000+00:00,420,CLASSIC,29.816666666666666,Karma,UTILITY,False,2,9,20,2.4444444444444446,8933,4514,24474,93,23,0.7713806595863612
12,Z_pOOF00r7lnMIfg_bErPEJbU1cdVD30zMGhGKJz7HTSKjD7Qt0bUxLjaiptr6TI_9H93JWl_xdIaw,DIAMOND,DIAMOND,I,95,TheCroneZ,EUW,EUW1_7937382301,2026-08-01 23:21:57.831000+00:00,420,CLASSIC,23.766666666666666,Karma,UTILITY,True,0,6,8,1.3333333333333333,6455,2966,12592,63,26,1.0939691444600281
12,Z_pOOF00r7lnMIfg_bErPEJbU1cdVD30zMGhGKJz7HTSKjD7Qt0bUxLjaiptr6TI_9H93JWl_xdIaw,DIAMOND,DIAMOND,I,95,TheCroneZ,EUW,EUW1_7937768129,2026-08-02 12:56:07.326000+00:00,420,CLASSIC,31.3,Karma,UTILITY,True,4,8,20,3.0,10515,7107,24110,89,35,1.1182108626198082
12,Z_pOOF00r7lnMIfg_bErPEJbU1cdVD30zMGhGKJz7HTSKjD7Qt0bUxLjaiptr6TI_9H93JWl_xdIaw,DIAMOND,DIAMOND,I,95,TheCroneZ,EUW,EUW1_7937903841,2026-08-02 14:43:30.356000+00:00,420,CLASSIC,35.86666666666667,Milio,UTILITY,True,0,7,25,3.5714285714285716,9868,6878,16825,107,19,0.5297397769516728
12,Z_pOOF00r7lnMIfg_bErPEJbU1cdVD30zMGhGKJz7HTSKjD7Qt0bUxLjaiptr6TI_9H93JWl_xdIaw,DIAMOND,DIAMOND,I,95,TheCroneZ,EUW,EUW1_7937961637,2026-08-02 15:25:51.088000+00:00,420,CLASSIC,30.016666666666666,Karma,UTILITY,False,0,5,12,2.4,7876,4786,19807,85,23,0.7662409772348695
12,Z_pOOF00r7lnMIfg_bErPEJbU1cdVD30zMGhGKJz7HTSKjD7Qt0bUxLjaiptr6TI_9H93JWl_xdIaw,DIAMOND,DIAMOND,I,95,TheCroneZ,EUW,EUW1_7943906810,2026-08-08 08:55:24.146000+00:00,420,CLASSIC,31.283333333333335,Karma,UTILITY,False,0,2,13,6.5,8000,4798,14614,83,52,1.662226957911561
12,Z_pOOF00r7lnMIfg_bErPEJbU1cdVD30zMGhGKJz7HTSKjD7Qt0bUxLjaiptr6TI_9H93JWl_xdIaw,DIAMOND,DIAMOND,I,95,TheCroneZ,EUW,EUW1_7943921238,2026-08-08 09:33:15.902000+00:00,420,CLASSIC,29.15,Ziggs,BOTTOM,False,7,8,2,1.125,14911,22278,17869,20,199,6.826758147512865
12,Z_pOOF00r7lnMIfg_bErPEJbU1cdVD30zMGhGKJz7HTSKjD7Qt0bUxLjaiptr6TI_9H93JWl_xdIaw,DIAMOND,DIAMOND,I,95,TheCroneZ,EUW,EUW1_7945463099,2026-08-09 17:20:01.242000+00:00,420,CLASSIC,21.533333333333335,Karma,UTILITY,True,1,3,9,3.3333333333333335,6897,6727,10373,50,29,1.346749226006192
12,Z_pOOF00r7lnMIfg_bErPEJbU1cdVD30zMGhGKJz7HTSKjD7Qt0bUxLjaiptr6TI_9H93JWl_xdIaw,DIAMOND,DIAMOND,I,95,TheCroneZ,EUW,EUW1_7945496195,2026-08-09 17:49:33.092000+00:00,420,CLASSIC,43.233333333333334,Karma,UTILITY,False,1,6,13,2.3333333333333335,11233,7031,31643,157,36,0.8326908249807248
12,Z_pOOF00r7lnMIfg_bErPEJbU1cdVD30zMGhGKJz7HTSKjD7Qt0bUxLjaiptr6TI_9H93JWl_xdIaw,DIAMOND,DIAMOND,I,95,TheCroneZ,EUW,EUW1_7948687687,2026-08-12 20:16:41.655000+00:00,420,CLASSIC,30.883333333333333,Karma,UTILITY,False,2,7,23,3.5714285714285716,9488,6503,19526,86,31,1.0037776578521318
12,Z_pOOF00r7lnMIfg_bErPEJbU1cdVD30zMGhGKJz7HTSKjD7Qt0bUxLjaiptr6TI_9H93JWl_xdIaw,DIAMOND,DIAMOND,I,95,TheCroneZ,EUW,EUW1_7948728992,2026-08-12 20:52:32.078000+00:00,420,CLASSIC,26.25,Karma,UTILITY,True,0,4,10,2.5,7273,3089,15409,69,26,0.9904761904761905
12,Z_pOOF00r7lnMIfg_bErPEJbU1cdVD30zMGhGKJz7HTSKjD7Qt0bUxLjaiptr6TI_9H93JWl_xdIaw,DIAMOND,DIAMOND,I,95,TheCroneZ,EUW,EUW1_7948771857,2026-08-12 21:23:45.040000+00:00,420,CLASSIC,24.533333333333335,Karma,UTILITY,False,3,4,13,4.0,7412,5931,16245,60,18,0.733695652173913
12,Z_pOOF00r7lnMIfg_bErPEJbU1cdVD30zMGhGKJz7HTSKjD7Qt0bUxLjaiptr6TI_9H93JWl_xdIaw,DIAMOND,DIAMOND,I,95,TheCroneZ,EUW,EUW1_7949318631,2026-08-13 15:33:16.945000+00:00,420,CLASSIC,25.35,Karma,UTILITY,False,1,1,6,7.0,6417,4099,8602,53,26,1.0256410256410255
12,Z_pOOF00r7lnMIfg_bErPEJbU1cdVD30zMGhGKJz7HTSKjD7Qt0bUxLjaiptr6TI_9H93JWl_xdIaw,DIAMOND,DIAMOND,I,95,TheCroneZ,EUW,EUW1_7949460494,2026-08-13 17:41:29.711000+00:00,420,CLASSIC,23.5,Karma,UTILITY,True,2,2,21,11.5,8419,6138,12418,65,22,0.9361702127659575
13,2ND-HcB3_jQC--OHZxinN70pj1hUr48I9I4uSDJKtXap6POLFpbk7q1oD3gDzAwZ_jE5qy2TWRMu1w,DIAMOND,DIAMOND,I,21,egge,9999,EUW1_7947900493,2026-08-11 22:28:24.512000+00:00,420,CLASSIC,29.616666666666667,Viktor,BOTTOM,True,7,3,20,9.0,15349,35552,17520,18,219,7.394485087225661
13,2ND-HcB3_jQC--OHZxinN70pj1hUr48I9I4uSDJKtXap6POLFpbk7q1oD3gDzAwZ_jE5qy2TWRMu1w,DIAMOND,DIAMOND,I,21,egge,9999,EUW1_7948056004,2026-08-12 07:59:12.432000+00:00,420,CLASSIC,35.333333333333336,Viktor,BOTTOM,False,1,4,6,1.75,13204,26662,16224,31,290,8.20754716981132
13,2ND-HcB3_jQC--OHZxinN70pj1hUr48I9I4uSDJKtXap6POLFpbk7q1oD3gDzAwZ_jE5qy2TWRMu1w,DIAMOND,DIAMOND,I,21,egge,9999,EUW1_7948093576,2026-08-12 08:39:18.905000+00:00,420,CLASSIC,29.566666666666666,Viktor,BOTTOM,False,5,6,10,2.5,12173,29465,17448,21,204,6.899661781285231
13,2ND-HcB3_jQC--OHZxinN70pj1hUr48I9I4uSDJKtXap6POLFpbk7q1oD3gDzAwZ_jE5qy2TWRMu1w,DIAMOND,DIAMOND,I,21,egge,9999,EUW1_7948095279,2026-08-12 09:13:48.436000+00:00,420,CLASSIC,26.233333333333334,Viktor,BOTTOM,True,12,0,8,20.0,13515,29001,13095,13,209,7.966963151207115
13,2ND-HcB3_jQC--OHZxinN70pj1hUr48I9I4uSDJKtXap6POLFpbk7q1oD3gDzAwZ_jE5qy2TWRMu1w,DIAMOND,DIAMOND,I,21,egge,9999,EUW1_7948112098,2026-08-12 09:47:12.233000+00:00,420,CLASSIC,41.483333333333334,Nami,UTILITY,True,1,5,30,6.2,12281,15760,29301,147,20,0.48212133386902367
13,2ND-HcB3_jQC--OHZxinN70pj1hUr48I9I4uSDJKtXap6POLFpbk7q1oD3gDzAwZ_jE5qy2TWRMu1w,DIAMOND,DIAMOND,I,21,egge,9999,EUW1_7948147046,2026-08-12 10:55:59.092000+00:00,420,CLASSIC,27.966666666666665,Viktor,BOTTOM,False,7,6,11,3.0,11817,29648,16184,19,159,5.685339690107271
13,2ND-HcB3_jQC--OHZxinN70pj1hUr48I9I4uSDJKtXap6POLFpbk7q1oD3gDzAwZ_jE5qy2TWRMu1w,DIAMOND,DIAMOND,I,21,egge,9999,EUW1_7948168145,2026-08-12 11:32:17.688000+00:00,420,CLASSIC,32.86666666666667,Viktor,BOTTOM,True,6,7,12,2.5714285714285716,15364,35847,19306,21,251,7.636916835699797
13,2ND-HcB3_jQC--OHZxinN70pj1hUr48I9I4uSDJKtXap6POLFpbk7q1oD3gDzAwZ_jE5qy2TWRMu1w,DIAMOND,DIAMOND,I,21,egge,9999,EUW1_7948214592,2026-08-12 12:18:22.515000+00:00,420,CLASSIC,41.25,Corki,BOTTOM,True,7,3,10,5.666666666666667,19135,21853,32321,52,303,7.345454545454546
13,2ND-HcB3_jQC--OHZxinN70pj1hUr48I9I4uSDJKtXap6POLFpbk7q1oD3gDzAwZ_jE5qy2TWRMu1w,DIAMOND,DIAMOND,I,21,egge,9999,EUW1_7948290190,2026-08-12 14:10:35.215000+00:00,420,CLASSIC,15.25,Viktor,BOTTOM,True,4,1,4,8.0,7026,9234,4865,18,124,8.131147540983607
13,2ND-HcB3_jQC--OHZxinN70pj1hUr48I9I4uSDJKtXap6POLFpbk7q1oD3gDzAwZ_jE5qy2TWRMu1w,DIAMOND,DIAMOND,I,21,egge,9999,EUW1_7948512305,2026-08-12 18:00:04.024000+00:00,420,CLASSIC,25.433333333333334,Viktor,MIDDLE,True,7,1,10,17.0,11959,23056,11169,15,209,8.217562254259501
13,2ND-HcB3_jQC--OHZxinN70pj1hUr48I9I4uSDJKtXap6POLFpbk7q1oD3gDzAwZ_jE5qy2TWRMu1w,DIAMOND,DIAMOND,I,21,egge,9999,EUW1_7949106719,2026-08-13 11:17:02.085000+00:00,420,CLASSIC,27.35,Viktor,MIDDLE,False,2,7,2,0.5714285714285714,8610,13346,18351,21,195,7.129798903107861
13,2ND-HcB3_jQC--OHZxinN70pj1hUr48I9I4uSDJKtXap6POLFpbk7q1oD3gDzAwZ_jE5qy2TWRMu1w,DIAMOND,DIAMOND,I,21,egge,9999,EUW1_7949128732,2026-08-13 11:50:20.886000+00:00,420,CLASSIC,31.533333333333335,Viktor,BOTTOM,False,4,9,11,1.6666666666666667,12213,28194,25165,25,200,6.342494714587738
13,2ND-HcB3_jQC--OHZxinN70pj1hUr48I9I4uSDJKtXap6POLFpbk7q1oD3gDzAwZ_jE5qy2TWRMu1w,DIAMOND,DIAMOND,I,21,egge,9999,EUW1_7949141400,2026-08-13 12:31:26.708000+00:00,420,CLASSIC,24.933333333333334,Kaisa,BOTTOM,False,3,9,4,0.7777777777777778,10019,12693,19129,9,166,6.657754010695187
13,2ND-HcB3_jQC--OHZxinN70pj1hUr48I9I4uSDJKtXap6POLFpbk7q1oD3gDzAwZ_jE5qy2TWRMu1w,DIAMOND,DIAMOND,I,21,egge,9999,EUW1_7949174189,2026-08-13 13:00:12.377000+00:00,420,CLASSIC,27.216666666666665,Viktor,BOTTOM,True,4,7,8,1.7142857142857142,10936,16544,18308,18,187,6.870789957134109
13,2ND-HcB3_jQC--OHZxinN70pj1hUr48I9I4uSDJKtXap6POLFpbk7q1oD3gDzAwZ_jE5qy2TWRMu1w,DIAMOND,DIAMOND,I,21,egge,9999,EUW1_7949321671,2026-08-13 15:35:30.693000+00:00,420,CLASSIC,43.06666666666667,Viktor,BOTTOM,True,12,8,15,3.375,22507,65539,29699,28,342,7.941176470588235
13,2ND-HcB3_jQC--OHZxinN70pj1hUr48I9I4uSDJKtXap6POLFpbk7q1oD3gDzAwZ_jE5qy2TWRMu1w,DIAMOND,DIAMOND,I,21,egge,9999,EUW1_7949372104,2026-08-13 16:28:16.028000+00:00,420,CLASSIC,34.233333333333334,Jax,TOP,False,9,5,2,2.2,15833,28065,34266,38,267,7.799415774099318
13,2ND-HcB3_jQC--OHZxinN70pj1hUr48I9I4uSDJKtXap6POLFpbk7q1oD3gDzAwZ_jE5qy2TWRMu1w,DIAMOND,DIAMOND,I,21,egge,9999,EUW1_7949930436,2026-08-14 08:11:17.807000+00:00,420,CLASSIC,28.466666666666665,Viktor,BOTTOM,False,7,7,6,1.8571428571428572,12155,21482,20621,16,212,7.447306791569087
13,2ND-HcB3_jQC--OHZxinN70pj1hUr48I9I4uSDJKtXap6POLFpbk7q1oD3gDzAwZ_jE5qy2TWRMu1w,DIAMOND,DIAMOND,I,21,egge,9999,EUW1_7949954836,2026-08-14 08:43:29.198000+00:00,420,CLASSIC,31.15,Viktor,BOTTOM,True,17,4,10,6.75,18888,42325,19413,14,254,8.154093097913323
13,2ND-HcB3_jQC--OHZxinN70pj1hUr48I9I4uSDJKtXap6POLFpbk7q1oD3gDzAwZ_jE5qy2TWRMu1w,DIAMOND,DIAMOND,I,21,egge,9999,EUW1_7949971946,2026-08-14 09:24:16.709000+00:00,420,CLASSIC,46.96666666666667,Corki,BOTTOM,True,21,9,9,3.3333333333333335,28106,50828,35062,56,330,7.026259758694109
13,2ND-HcB3_jQC--OHZxinN70pj1hUr48I9I4uSDJKtXap6POLFpbk7q1oD3gDzAwZ_jE5qy2TWRMu1w,DIAMOND,DIAMOND,I,21,egge,9999,EUW1_7950025924,2026-08-14 11:03:43.421000+00:00,420,CLASSIC,22.933333333333334,Kaisa,BOTTOM,False,2,4,1,0.75,8150,7391,16690,14,172,7.5
13,2ND-HcB3_jQC--OHZxinN70pj1hUr48I9I4uSDJKtXap6POLFpbk7q1oD3gDzAwZ_jE5qy2TWRMu1w,DIAMOND,DIAMOND,I,21,egge,9999,EUW1_7950055544,2026-08-14 11:31:03.282000+00:00,420,CLASSIC,31.033333333333335,Viktor,BOTTOM,False,5,6,10,2.5,13906,36447,16688,21,261,8.41031149301826
13,2ND-HcB3_jQC--OHZxinN70pj1hUr48I9I4uSDJKtXap6POLFpbk7q1oD3gDzAwZ_jE5qy2TWRMu1w,DIAMOND,DIAMOND,I,21,egge,9999,EUW1_7950076597,2026-08-14 12:08:51.283000+00:00,420,CLASSIC,26.783333333333335,Viktor,MIDDLE,True,8,7,11,2.7142857142857144,12624,30832,20676,18,188,7.0192906036092095
13,2ND-HcB3_jQC--OHZxinN70pj1hUr48I9I4uSDJKtXap6POLFpbk7q1oD3gDzAwZ_jE5qy2TWRMu1w,DIAMOND,DIAMOND,I,21,egge,9999,EUW1_7950154465,2026-08-14 13:32:50.980000+00:00,420,CLASSIC,34.21666666666667,Viktor,BOTTOM,False,4,15,6,0.6666666666666666,12780,24203,31048,20,203,5.93278129566488
13,2ND-HcB3_jQC--OHZxinN70pj1hUr48I9I4uSDJKtXap6POLFpbk7q1oD3gDzAwZ_jE5qy2TWRMu1w,DIAMOND,DIAMOND,I,21,egge,9999,EUW1_7950225562,2026-08-14 14:48:45.203000+00:00,420,CLASSIC,25.633333333333333,Viktor,BOTTOM,True,6,6,12,3.0,11854,19829,17420,16,173,6.749024707412223
13,2ND-HcB3_jQC--OHZxinN70pj1hUr48I9I4uSDJKtXap6POLFpbk7q1oD3gDzAwZ_jE5qy2TWRMu1w,DIAMOND,DIAMOND,I,21,egge,9999,EUW1_7950957131,2026-08-15 09:20:32.503000+00:00,420,CLASSIC,23.6,Viktor,BOTTOM,True,8,4,5,3.25,11227,19565,13198,19,163,6.906779661016949
13,2ND-HcB3_jQC--OHZxinN70pj1hUr48I9I4uSDJKtXap6POLFpbk7q1oD3gDzAwZ_jE5qy2TWRMu1w,DIAMOND,DIAMOND,I,21,egge,9999,EUW1_7950994304,2026-08-15 10:14:20.249000+00:00,420,CLASSIC,28.35,Viktor,BOTTOM,False,8,12,3,0.9166666666666666,12508,24148,23964,17,191,6.73721340388007
13,2ND-HcB3_jQC--OHZxinN70pj1hUr48I9I4uSDJKtXap6POLFpbk7q1oD3gDzAwZ_jE5qy2TWRMu1w,DIAMOND,DIAMOND,I,21,egge,9999,EUW1_7951030757,2026-08-15 10:48:14.050000+00:00,420,CLASSIC,35.7,Viktor,MIDDLE,False,13,6,11,4.0,17168,43503,20912,20,263,7.366946778711484
13,2ND-HcB3_jQC--OHZxinN70pj1hUr48I9I4uSDJKtXap6POLFpbk7q1oD3gDzAwZ_jE5qy2TWRMu1w,DIAMOND,DIAMOND,I,21,egge,9999,EUW1_7951100842,2026-08-15 12:18:33.939000+00:00,420,CLASSIC,27.583333333333332,Viktor,MIDDLE,True,8,5,9,3.4,13019,31673,14498,22,182,6.598187311178248
13,2ND-HcB3_jQC--OHZxinN70pj1hUr48I9I4uSDJKtXap6POLFpbk7q1oD3gDzAwZ_jE5qy2TWRMu1w,DIAMOND,DIAMOND,I,21,egge,9999,EUW1_7951286171,2026-08-15 15:25:28+00:00,420,CLASSIC,29.466666666666665,Pantheon,MIDDLE,False,4,8,8,1.5,11122,13621,27927,17,191,6.481900452488688
13,2ND-HcB3_jQC--OHZxinN70pj1hUr48I9I4uSDJKtXap6POLFpbk7q1oD3gDzAwZ_jE5qy2TWRMu1w,DIAMOND,DIAMOND,I,21,egge,9999,EUW1_7952029033,2026-08-16 09:11:59.712000+00:00,420,CLASSIC,23.033333333333335,Viktor,MIDDLE,True,2,5,10,2.4,8602,15784,13084,18,160,6.9464544138929085
13,2ND-HcB3_jQC--OHZxinN70pj1hUr48I9I4uSDJKtXap6POLFpbk7q1oD3gDzAwZ_jE5qy2TWRMu1w,DIAMOND,DIAMOND,I,21,egge,9999,EUW1_7952057493,2026-08-16 09:41:00.214000+00:00,420,CLASSIC,28.066666666666666,Viktor,MIDDLE,True,9,3,10,6.333333333333333,13997,33827,15071,21,248,8.836104513064132
13,2ND-HcB3_jQC--OHZxinN70pj1hUr48I9I4uSDJKtXap6POLFpbk7q1oD3gDzAwZ_jE5qy2TWRMu1w,DIAMOND,DIAMOND,I,21,egge,9999,EUW1_7952519233,2026-08-16 17:09:59.628000+00:00,420,CLASSIC,22.683333333333334,Viktor,TOP,True,1,4,7,2.0,8643,17596,14604,15,179,7.891256429096253
13,2ND-HcB3_jQC--OHZxinN70pj1hUr48I9I4uSDJKtXap6POLFpbk7q1oD3gDzAwZ_jE5qy2TWRMu1w,DIAMOND,DIAMOND,I,21,egge,9999,EUW1_7953142384,2026-08-17 09:32:49.538000+00:00,420,CLASSIC,39.1,Viktor,MIDDLE,False,3,5,8,2.2,12873,33726,21053,30,252,6.445012787723785
13,2ND-HcB3_jQC--OHZxinN70pj1hUr48I9I4uSDJKtXap6POLFpbk7q1oD3gDzAwZ_jE5qy2TWRMu1w,DIAMOND,DIAMOND,I,21,egge,9999,EUW1_7953185573,2026-08-17 10:31:24.015000+00:00,420,CLASSIC,33.71666666666667,Viktor,MIDDLE,True,6,6,18,4.0,13795,35695,19690,34,250,7.414730598121601
13,2ND-HcB3_jQC--OHZxinN70pj1hUr48I9I4uSDJKtXap6POLFpbk7q1oD3gDzAwZ_jE5qy2TWRMu1w,DIAMOND,DIAMOND,I,21,egge,9999,EUW1_7953201389,2026-08-17 11:19:16.761000+00:00,420,CLASSIC,30.65,Veigar,MIDDLE,False,3,7,5,1.1428571428571428,11293,18364,33330,26,238,7.765089722675367
13,2ND-HcB3_jQC--OHZxinN70pj1hUr48I9I4uSDJKtXap6POLFpbk7q1oD3gDzAwZ_jE5qy2TWRMu1w,DIAMOND,DIAMOND,I,21,egge,9999,EUW1_7953242602,2026-08-17 12:01:48.853000+00:00,420,CLASSIC,26.366666666666667,Viktor,MIDDLE,False,4,6,5,1.5,10797,24197,18856,15,227,8.609355246523387
13,2ND-HcB3_jQC--OHZxinN70pj1hUr48I9I4uSDJKtXap6POLFpbk7q1oD3gDzAwZ_jE5qy2TWRMu1w,DIAMOND,DIAMOND,I,21,egge,9999,EUW1_7953340145,2026-08-17 14:10:36.135000+00:00,420,CLASSIC,23.2,Viktor,MIDDLE,False,2,6,1,0.5,7394,15058,15180,13,162,6.982758620689656
13,2ND-HcB3_jQC--OHZxinN70pj1hUr48I9I4uSDJKtXap6POLFpbk7q1oD3gDzAwZ_jE5qy2TWRMu1w,DIAMOND,DIAMOND,I,21,egge,9999,EUW1_7954139117,2026-08-18 08:27:09.536000+00:00,420,CLASSIC,28.25,Kassadin,MIDDLE,True,3,5,7,2.0,10502,12563,33619,29,165,5.84070796460177
13,2ND-HcB3_jQC--OHZxinN70pj1hUr48I9I4uSDJKtXap6POLFpbk7q1oD3gDzAwZ_jE5qy2TWRMu1w,DIAMOND,DIAMOND,I,21,egge,9999,EUW1_7954150026,2026-08-18 09:00:51.527000+00:00,420,CLASSIC,29.833333333333332,Viktor,BOTTOM,False,2,5,2,0.8,11485,23057,18137,20,243,8.145251396648044
13,2ND-HcB3_jQC--OHZxinN70pj1hUr48I9I4uSDJKtXap6POLFpbk7q1oD3gDzAwZ_jE5qy2TWRMu1w,DIAMOND,DIAMOND,I,21,egge,9999,EUW1_7954174703,2026-08-18 09:38:44.989000+00:00,420,CLASSIC,23.733333333333334,Viktor,MIDDLE,False,1,5,1,0.4,7689,12053,11561,15,185,7.794943820224719
13,2ND-HcB3_jQC--OHZxinN70pj1hUr48I9I4uSDJKtXap6POLFpbk7q1oD3gDzAwZ_jE5qy2TWRMu1w,DIAMOND,DIAMOND,I,21,egge,9999,EUW1_7954183424,2026-08-18 10:16:46.917000+00:00,420,CLASSIC,29.633333333333333,Viktor,MIDDLE,True,5,1,8,13.0,14162,20232,12510,18,279,9.415073115860517
13,2ND-HcB3_jQC--OHZxinN70pj1hUr48I9I4uSDJKtXap6POLFpbk7q1oD3gDzAwZ_jE5qy2TWRMu1w,DIAMOND,DIAMOND,I,21,egge,9999,EUW1_7954204342,2026-08-18 10:51:14.232000+00:00,420,CLASSIC,24.966666666666665,Jax,TOP,True,5,3,4,3.0,10766,16403,24684,30,205,8.210947930574099
13,2ND-HcB3_jQC--OHZxinN70pj1hUr48I9I4uSDJKtXap6POLFpbk7q1oD3gDzAwZ_jE5qy2TWRMu1w,DIAMOND,DIAMOND,I,21,egge,9999,EUW1_7954224344,2026-08-18 11:23:43.142000+00:00,420,CLASSIC,31.55,Viktor,MIDDLE,False,5,6,8,2.1666666666666665,10370,32962,25023,15,179,5.673534072900158
13,2ND-HcB3_jQC--OHZxinN70pj1hUr48I9I4uSDJKtXap6POLFpbk7q1oD3gDzAwZ_jE5qy2TWRMu1w,DIAMOND,DIAMOND,I,21,egge,9999,EUW1_7954261775,2026-08-18 12:01:36.094000+00:00,420,CLASSIC,36.05,Viktor,MIDDLE,True,14,7,16,4.285714285714286,17648,56199,24694,47,262,7.267683772538142
13,2ND-HcB3_jQC--OHZxinN70pj1hUr48I9I4uSDJKtXap6POLFpbk7q1oD3gDzAwZ_jE5qy2TWRMu1w,DIAMOND,DIAMOND,I,21,egge,9999,EUW1_7954341021,2026-08-18 13:49:07.770000+00:00,420,CLASSIC,27.966666666666665,Viktor,MIDDLE,True,6,3,2,2.6666666666666665,11690,19272,14895,20,232,8.29558998808105
13,2ND-HcB3_jQC--OHZxinN70pj1hUr48I9I4uSDJKtXap6POLFpbk7q1oD3gDzAwZ_jE5qy2TWRMu1w,DIAMOND,DIAMOND,I,21,egge,9999,EUW1_7955199728,2026-08-19 09:31:38.969000+00:00,420,CLASSIC,27.033333333333335,Yone,MIDDLE,True,3,5,5,1.6,11753,10791,23121,16,250,9.247842170160295
13,2ND-HcB3_jQC--OHZxinN70pj1hUr48I9I4uSDJKtXap6POLFpbk7q1oD3gDzAwZ_jE5qy2TWRMu1w,DIAMOND,DIAMOND,I,21,egge,9999,EUW1_7955218764,2026-08-19 10:10:41.188000+00:00,420,CLASSIC,22.566666666666666,Malphite,TOP,False,0,5,2,0.4,6332,10246,18959,18,153,6.779911373707534
13,2ND-HcB3_jQC--OHZxinN70pj1hUr48I9I4uSDJKtXap6POLFpbk7q1oD3gDzAwZ_jE5qy2TWRMu1w,DIAMOND,DIAMOND,I,21,egge,9999,EUW1_7955221455,2026-08-19 10:40:23.833000+00:00,420,CLASSIC,32.233333333333334,Renekton,TOP,True,5,6,10,2.5,13043,24145,38510,35,223,6.918304033092037
13,2ND-HcB3_jQC--OHZxinN70pj1hUr48I9I4uSDJKtXap6POLFpbk7q1oD3gDzAwZ_jE5qy2TWRMu1w,DIAMOND,DIAMOND,I,21,egge,9999,EUW1_7955467565,2026-08-19 15:25:58.968000+00:00,420,CLASSIC,36.93333333333333,Sion,TOP,True,4,7,16,2.857142857142857,15683,40192,63400,24,270,7.310469314079423
13,2ND-HcB3_jQC--OHZxinN70pj1hUr48I9I4uSDJKtXap6POLFpbk7q1oD3gDzAwZ_jE5qy2TWRMu1w,DIAMOND,DIAMOND,I,21,egge,9999,EUW1_7957177689,2026-08-21 08:31:15.922000+00:00,420,CLASSIC,28.15,Viktor,BOTTOM,False,0,7,4,0.5714285714285714,9597,27526,24159,13,203,7.211367673179397
13,2ND-HcB3_jQC--OHZxinN70pj1hUr48I9I4uSDJKtXap6POLFpbk7q1oD3gDzAwZ_jE5qy2TWRMu1w,DIAMOND,DIAMOND,I,21,egge,9999,EUW1_7957290924,2026-08-21 11:56:44.023000+00:00,420,CLASSIC,31.9,Talon,MIDDLE,True,8,4,8,4.0,15254,27232,28815,17,259,8.119122257053291
13,2ND-HcB3_jQC--OHZxinN70pj1hUr48I9I4uSDJKtXap6POLFpbk7q1oD3gDzAwZ_jE5qy2TWRMu1w,DIAMOND,DIAMOND,I,21,egge,9999,EUW1_7957329667,2026-08-21 12:40:42.825000+00:00,420,CLASSIC,26.216666666666665,Viktor,MIDDLE,False,4,7,5,1.2857142857142858,9901,19271,18963,17,213,8.124602670057216
13,2ND-HcB3_jQC--OHZxinN70pj1hUr48I9I4uSDJKtXap6POLFpbk7q1oD3gDzAwZ_jE5qy2TWRMu1w,DIAMOND,DIAMOND,I,21,egge,9999,EUW1_7958198685,2026-08-22 07:48:45.783000+00:00,420,CLASSIC,18.35,Viktor,MIDDLE,False,2,7,2,0.5714285714285714,6091,8751,12770,12,126,6.8664850136239775
13,2ND-HcB3_jQC--OHZxinN70pj1hUr48I9I4uSDJKtXap6POLFpbk7q1oD3gDzAwZ_jE5qy2TWRMu1w,DIAMOND,DIAMOND,I,21,egge,9999,EUW1_7958196213,2026-08-22 08:12:24.584000+00:00,420,CLASSIC,25.766666666666666,Viktor,MIDDLE,False,7,4,3,2.5,11213,27422,16529,13,220,8.538163001293661
13,2ND-HcB3_jQC--OHZxinN70pj1hUr48I9I4uSDJKtXap6POLFpbk7q1oD3gDzAwZ_jE5qy2TWRMu1w,DIAMOND,DIAMOND,I,21,egge,9999,EUW1_7958206348,2026-08-22 08:43:15.617000+00:00,420,CLASSIC,28.8,Jax,TOP,True,2,6,2,0.6666666666666666,11062,12537,25542,26,214,7.430555555555555
13,2ND-HcB3_jQC--OHZxinN70pj1hUr48I9I4uSDJKtXap6POLFpbk7q1oD3gDzAwZ_jE5qy2TWRMu1w,DIAMOND,DIAMOND,I,21,egge,9999,EUW1_7958240473,2026-08-22 09:17:36.366000+00:00,420,CLASSIC,27.666666666666668,Mordekaiser,TOP,True,5,2,9,7.0,12614,31644,29746,31,237,8.566265060240964
13,2ND-HcB3_jQC--OHZxinN70pj1hUr48I9I4uSDJKtXap6POLFpbk7q1oD3gDzAwZ_jE5qy2TWRMu1w,DIAMOND,DIAMOND,I,21,egge,9999,EUW1_7958248163,2026-08-22 09:53:05.899000+00:00,420,CLASSIC,24.016666666666666,Garen,TOP,True,5,4,5,2.5,10772,19393,24688,21,182,7.578070784177655
13,2ND-HcB3_jQC--OHZxinN70pj1hUr48I9I4uSDJKtXap6POLFpbk7q1oD3gDzAwZ_jE5qy2TWRMu1w,DIAMOND,DIAMOND,I,21,egge,9999,EUW1_7958288251,2026-08-22 10:54:14.344000+00:00,420,CLASSIC,32.63333333333333,Sion,MIDDLE,False,5,13,11,1.2307692307692308,13417,24747,74476,20,210,6.435137895812053
13,2ND-HcB3_jQC--OHZxinN70pj1hUr48I9I4uSDJKtXap6POLFpbk7q1oD3gDzAwZ_jE5qy2TWRMu1w,DIAMOND,DIAMOND,I,21,egge,9999,EUW1_7958319218,2026-08-22 11:32:34.543000+00:00,420,CLASSIC,27.2,Poppy,TOP,True,3,4,1,1.0,9564,15283,24388,24,187,6.875
13,2ND-HcB3_jQC--OHZxinN70pj1hUr48I9I4uSDJKtXap6POLFpbk7q1oD3gDzAwZ_jE5qy2TWRMu1w,DIAMOND,DIAMOND,I,21,egge,9999,EUW1_7958348112,2026-08-22 12:09:00.180000+00:00,420,CLASSIC,30.316666666666666,Nasus,TOP,False,2,7,3,0.7142857142857143,9606,16285,54712,31,181,5.970313358988455
13,2ND-HcB3_jQC--OHZxinN70pj1hUr48I9I4uSDJKtXap6POLFpbk7q1oD3gDzAwZ_jE5qy2TWRMu1w,DIAMOND,DIAMOND,I,21,egge,9999,EUW1_7958390588,2026-08-22 12:44:07.299000+00:00,420,CLASSIC,34.516666666666666,Sion,TOP,True,5,4,20,6.25,16175,36144,52954,28,219,6.344760985031386
13,2ND-HcB3_jQC--OHZxinN70pj1hUr48I9I4uSDJKtXap6POLFpbk7q1oD3gDzAwZ_jE5qy2TWRMu1w,DIAMOND,DIAMOND,I,21,egge,9999,EUW1_7958612649,2026-08-22 16:23:56.782000+00:00,420,CLASSIC,23.65,Jax,TOP,False,5,6,3,1.3333333333333333,10567,15505,23992,23,194,8.202959830866808
13,2ND-HcB3_jQC--OHZxinN70pj1hUr48I9I4uSDJKtXap6POLFpbk7q1oD3gDzAwZ_jE5qy2TWRMu1w,DIAMOND,DIAMOND,I,21,egge,9999,EUW1_7958632455,2026-08-22 16:58:12.938000+00:00,420,CLASSIC,25.683333333333334,Sion,TOP,False,2,5,3,1.0,9182,23325,58260,15,188,7.3199221284879945
13,2ND-HcB3_jQC--OHZxinN70pj1hUr48I9I4uSDJKtXap6POLFpbk7q1oD3gDzAwZ_jE5qy2TWRMu1w,DIAMOND,DIAMOND,I,21,egge,9999,EUW1_7958669338,2026-08-22 17:30:25.102000+00:00,420,CLASSIC,28.116666666666667,Kayle,TOP,True,3,7,7,1.4285714285714286,10178,12885,21832,27,161,5.726141078838174
13,2ND-HcB3_jQC--OHZxinN70pj1hUr48I9I4uSDJKtXap6POLFpbk7q1oD3gDzAwZ_jE5qy2TWRMu1w,DIAMOND,DIAMOND,I,21,egge,9999,EUW1_7958724607,2026-08-22 18:05:37.444000+00:00,420,CLASSIC,25.1,Sion,TOP,False,5,6,9,2.3333333333333335,9819,12215,32370,19,179,7.131474103585657
13,2ND-HcB3_jQC--OHZxinN70pj1hUr48I9I4uSDJKtXap6POLFpbk7q1oD3gDzAwZ_jE5qy2TWRMu1w,DIAMOND,DIAMOND,I,21,egge,9999,EUW1_7958776325,2026-08-22 19:02:36.934000+00:00,420,CLASSIC,38.4,Yone,TOP,True,5,3,9,4.666666666666667,17621,49304,39678,41,336,8.75
13,2ND-HcB3_jQC--OHZxinN70pj1hUr48I9I4uSDJKtXap6POLFpbk7q1oD3gDzAwZ_jE5qy2TWRMu1w,DIAMOND,DIAMOND,I,21,egge,9999,EUW1_7958838032,2026-08-22 19:46:27.986000+00:00,420,CLASSIC,25.95,Jax,TOP,True,11,5,2,2.6,13389,18320,30909,20,192,7.398843930635838
13,2ND-HcB3_jQC--OHZxinN70pj1hUr48I9I4uSDJKtXap6POLFpbk7q1oD3gDzAwZ_jE5qy2TWRMu1w,DIAMOND,DIAMOND,I,21,egge,9999,EUW1_7958878071,2026-08-22 20:17:34.924000+00:00,420,CLASSIC,23.3,Renekton,TOP,True,2,5,8,2.0,8967,13248,27193,19,179,7.682403433476394
13,2ND-HcB3_jQC--OHZxinN70pj1hUr48I9I4uSDJKtXap6POLFpbk7q1oD3gDzAwZ_jE5qy2TWRMu1w,DIAMOND,DIAMOND,I,21,egge,9999,EUW1_7959286300,2026-08-23 09:32:56.875000+00:00,420,CLASSIC,26.25,Sion,TOP,False,2,7,6,1.1428571428571428,10710,20301,45933,21,212,8.076190476190476
13,2ND-HcB3_jQC--OHZxinN70pj1hUr48I9I4uSDJKtXap6POLFpbk7q1oD3gDzAwZ_jE5qy2TWRMu1w,DIAMOND,DIAMOND,I,21,egge,9999,EUW1_7959317810,2026-08-23 10:04:54.836000+00:00,420,CLASSIC,37.35,Garen,TOP,False,4,5,7,2.2,14930,19342,48468,29,311,8.326639892904954
13,2ND-HcB3_jQC--OHZxinN70pj1hUr48I9I4uSDJKtXap6POLFpbk7q1oD3gDzAwZ_jE5qy2TWRMu1w,DIAMOND,DIAMOND,I,21,egge,9999,EUW1_7959352551,2026-08-23 10:46:31.654000+00:00,420,CLASSIC,27.083333333333332,Jax,TOP,True,16,4,6,5.5,15690,29775,32442,25,209,7.716923076923077
13,2ND-HcB3_jQC--OHZxinN70pj1hUr48I9I4uSDJKtXap6POLFpbk7q1oD3gDzAwZ_jE5qy2TWRMu1w,DIAMOND,DIAMOND,I,21,egge,9999,EUW1_7959375775,2026-08-23 11:20:42.586000+00:00,420,CLASSIC,15.666666666666666,DrMundo,TOP,True,0,2,0,0.0,6620,3547,11270,10,142,9.063829787234043
13,2ND-HcB3_jQC--OHZxinN70pj1hUr48I9I4uSDJKtXap6POLFpbk7q1oD3gDzAwZ_jE5qy2TWRMu1w,DIAMOND,DIAMOND,I,21,egge,9999,EUW1_7959392013,2026-08-23 11:46:40.926000+00:00,420,CLASSIC,33.416666666666664,Yone,TOP,False,5,9,5,1.1111111111111112,11799,19126,29783,36,224,6.703241895261846
13,2ND-HcB3_jQC--OHZxinN70pj1hUr48I9I4uSDJKtXap6POLFpbk7q1oD3gDzAwZ_jE5qy2TWRMu1w,DIAMOND,DIAMOND,I,21,egge,9999,EUW1_7959465774,2026-08-23 12:57:13.728000+00:00,420,CLASSIC,19.583333333333332,Jax,TOP,False,2,3,0,0.6666666666666666,7474,9932,13921,15,168,8.578723404255319
13,2ND-HcB3_jQC--OHZxinN70pj1hUr48I9I4uSDJKtXap6POLFpbk7q1oD3gDzAwZ_jE5qy2TWRMu1w,DIAMOND,DIAMOND,I,21,egge,9999,EUW1_7959479424,2026-08-23 13:20:22.608000+00:00,420,CLASSIC,30.2,Yone,TOP,True,9,7,8,2.4285714285714284,13961,33366,30898,17,194,6.423841059602649
13,2ND-HcB3_jQC--OHZxinN70pj1hUr48I9I4uSDJKtXap6POLFpbk7q1oD3gDzAwZ_jE5qy2TWRMu1w,DIAMOND,DIAMOND,I,21,egge,9999,EUW1_7959529852,2026-08-23 13:59:11.216000+00:00,420,CLASSIC,27.266666666666666,Kayle,TOP,False,3,3,0,1.0,11252,20640,21862,20,248,9.095354523227384
13,2ND-HcB3_jQC--OHZxinN70pj1hUr48I9I4uSDJKtXap6POLFpbk7q1oD3gDzAwZ_jE5qy2TWRMu1w,DIAMOND,DIAMOND,I,21,egge,9999,EUW1_7959769504,2026-08-23 17:06:49.623000+00:00,420,CLASSIC,28.166666666666668,Jax,TOP,True,5,6,5,1.6666666666666667,11924,23538,30760,28,196,6.958579881656805
13,2ND-HcB3_jQC--OHZxinN70pj1hUr48I9I4uSDJKtXap6POLFpbk7q1oD3gDzAwZ_jE5qy2TWRMu1w,DIAMOND,DIAMOND,I,21,egge,9999,EUW1_7959802121,2026-08-23 17:39:21.076000+00:00,420,CLASSIC,45.38333333333333,Garen,TOP,False,18,9,15,3.6666666666666665,24036,66715,67683,37,292,6.434080058758722
13,2ND-HcB3_jQC--OHZxinN70pj1hUr48I9I4uSDJKtXap6POLFpbk7q1oD3gDzAwZ_jE5qy2TWRMu1w,DIAMOND,DIAMOND,I,21,egge,9999,EUW1_7959874944,2026-08-23 18:29:53.020000+00:00,420,CLASSIC,34.166666666666664,Renekton,TOP,True,6,8,6,1.5,12516,31829,56944,30,240,7.02439024390244
13,2ND-HcB3_jQC--OHZxinN70pj1hUr48I9I4uSDJKtXap6POLFpbk7q1oD3gDzAwZ_jE5qy2TWRMu1w,DIAMOND,DIAMOND,I,21,egge,9999,EUW1_7959964816,2026-08-23 19:29:10.362000+00:00,420,CLASSIC,31.316666666666666,Renekton,TOP,True,2,6,7,1.5,12166,13647,27238,44,251,8.014901543374135
13,2ND-HcB3_jQC--OHZxinN70pj1hUr48I9I4uSDJKtXap6POLFpbk7q1oD3gDzAwZ_jE5qy2TWRMu1w,DIAMOND,DIAMOND,I,21,egge,9999,EUW1_7960413812,2026-08-24 10:13:53.210000+00:00,420,CLASSIC,25.366666666666667,Mordekaiser,TOP,True,4,5,5,1.8,9776,14952,24804,22,186,7.332457293035479
13,2ND-HcB3_jQC--OHZxinN70pj1hUr48I9I4uSDJKtXap6POLFpbk7q1oD3gDzAwZ_jE5qy2TWRMu1w,DIAMOND,DIAMOND,I,21,egge,9999,EUW1_7960437154,2026-08-24 11:04:24.662000+00:00,420,CLASSIC,37.13333333333333,Renekton,TOP,True,9,5,12,4.2,17293,40465,62461,50,286,7.70197486535009
13,2ND-HcB3_jQC--OHZxinN70pj1hUr48I9I4uSDJKtXap6POLFpbk7q1oD3gDzAwZ_jE5qy2TWRMu1w,DIAMOND,DIAMOND,I,21,egge,9999,EUW1_7960669403,2026-08-24 15:53:25.640000+00:00,420,CLASSIC,27.183333333333334,Renekton,TOP,False,1,3,3,1.3333333333333333,9557,14021,29916,30,208,7.651747394236665
13,2ND-HcB3_jQC--OHZxinN70pj1hUr48I9I4uSDJKtXap6POLFpbk7q1oD3gDzAwZ_jE5qy2TWRMu1w,DIAMOND,DIAMOND,I,21,egge,9999,EUW1_7960953316,2026-08-24 19:35:20.091000+00:00,420,CLASSIC,21.433333333333334,Jax,TOP,True,4,2,5,4.5,9491,14295,16984,17,171,7.978227060653188
13,2ND-HcB3_jQC--OHZxinN70pj1hUr48I9I4uSDJKtXap6POLFpbk7q1oD3gDzAwZ_jE5qy2TWRMu1w,DIAMOND,DIAMOND,I,21,egge,9999,EUW1_7961004767,2026-08-24 20:02:47.118000+00:00,420,CLASSIC,22.816666666666666,Sion,TOP,True,3,6,9,2.0,9602,16314,29994,14,180,7.888970051132214
13,2ND-HcB3_jQC--OHZxinN70pj1hUr48I9I4uSDJKtXap6POLFpbk7q1oD3gDzAwZ_jE5qy2TWRMu1w,DIAMOND,DIAMOND,I,21,egge,9999,EUW1_7961057603,2026-08-24 20:35:31.087000+00:00,420,CLASSIC,26.383333333333333,Renekton,TOP,False,4,10,8,1.2,10219,19619,41151,23,191,7.239418825015793
13,2ND-HcB3_jQC--OHZxinN70pj1hUr48I9I4uSDJKtXap6POLFpbk7q1oD3gDzAwZ_jE5qy2TWRMu1w,DIAMOND,DIAMOND,I,21,egge,9999,EUW1_7961102495,2026-08-24 21:07:39.089000+00:00,420,CLASSIC,15.583333333333334,Jax,TOP,True,3,1,1,4.0,6634,8203,10262,11,117,7.508021390374331
13,2ND-HcB3_jQC--OHZxinN70pj1hUr48I9I4uSDJKtXap6POLFpbk7q1oD3gDzAwZ_jE5qy2TWRMu1w,DIAMOND,DIAMOND,I,21,egge,9999,EUW1_7961705192,2026-08-25 16:15:52.316000+00:00,420,CLASSIC,18.383333333333333,Jax,TOP,True,5,1,7,12.0,8390,13145,14175,14,124,6.745240253853128
13,2ND-HcB3_jQC--OHZxinN70pj1hUr48I9I4uSDJKtXap6POLFpbk7q1oD3gDzAwZ_jE5qy2TWRMu1w,DIAMOND,DIAMOND,I,21,egge,9999,EUW1_7962444035,2026-08-26 10:51:33.873000+00:00,420,CLASSIC,28.333333333333332,Jax,TOP,True,2,5,9,2.2,11565,31003,32996,23,183,6.458823529411765
13,2ND-HcB3_jQC--OHZxinN70pj1hUr48I9I4uSDJKtXap6POLFpbk7q1oD3gDzAwZ_jE5qy2TWRMu1w,DIAMOND,DIAMOND,I,21,egge,9999,EUW1_7962467423,2026-08-26 11:28:36.786000+00:00,420,CLASSIC,41.983333333333334,Sion,TOP,True,4,4,19,5.75,16742,35331,79111,41,285,6.788408098451766
13,2ND-HcB3_jQC--OHZxinN70pj1hUr48I9I4uSDJKtXap6POLFpbk7q1oD3gDzAwZ_jE5qy2TWRMu1w,DIAMOND,DIAMOND,I,21,egge,9999,EUW1_7962536512,2026-08-26 12:19:51.005000+00:00,420,CLASSIC,23.883333333333333,Yone,TOP,False,0,7,2,0.2857142857142857,7170,22710,24007,26,190,7.955338450802512
13,2ND-HcB3_jQC--OHZxinN70pj1hUr48I9I4uSDJKtXap6POLFpbk7q1oD3gDzAwZ_jE5qy2TWRMu1w,DIAMOND,DIAMOND,I,21,egge,9999,EUW1_7962643072,2026-08-26 14:29:40.161000+00:00,420,CLASSIC,26.75,Jax,TOP,False,2,8,3,0.625,7587,11990,34956,19,140,5.233644859813084
13,2ND-HcB3_jQC--OHZxinN70pj1hUr48I9I4uSDJKtXap6POLFpbk7q1oD3gDzAwZ_jE5qy2TWRMu1w,DIAMOND,DIAMOND,I,21,egge,9999,EUW1_7962854541,2026-08-26 17:06:03.779000+00:00,420,CLASSIC,24.05,Jax,TOP,False,4,9,1,0.5555555555555556,10029,18267,27493,14,163,6.777546777546777
13,2ND-HcB3_jQC--OHZxinN70pj1hUr48I9I4uSDJKtXap6POLFpbk7q1oD3gDzAwZ_jE5qy2TWRMu1w,DIAMOND,DIAMOND,I,21,egge,9999,EUW1_7962892486,2026-08-26 17:35:58.413000+00:00,420,CLASSIC,28.95,Jax,TOP,True,7,3,6,4.333333333333333,13045,22658,25074,35,193,6.666666666666667
13,2ND-HcB3_jQC--OHZxinN70pj1hUr48I9I4uSDJKtXap6POLFpbk7q1oD3gDzAwZ_jE5qy2TWRMu1w,DIAMOND,DIAMOND,I,21,egge,9999,EUW1_7962934175,2026-08-26 18:12:42.857000+00:00,420,CLASSIC,33.9,Kayle,TOP,False,1,6,6,1.1666666666666667,12287,27506,31455,25,292,8.613569321533923
13,2ND-HcB3_jQC--OHZxinN70pj1hUr48I9I4uSDJKtXap6POLFpbk7q1oD3gDzAwZ_jE5qy2TWRMu1w,DIAMOND,DIAMOND,I,21,egge,9999,EUW1_7963013019,2026-08-26 19:02:21.101000+00:00,420,CLASSIC,27.916666666666668,Jax,TOP,False,3,5,2,1.0,10698,15254,28607,25,213,7.629850746268656
13,2ND-HcB3_jQC--OHZxinN70pj1hUr48I9I4uSDJKtXap6POLFpbk7q1oD3gDzAwZ_jE5qy2TWRMu1w,DIAMOND,DIAMOND,I,21,egge,9999,EUW1_7963074735,2026-08-26 19:35:44.810000+00:00,420,CLASSIC,21.666666666666668,Viktor,MIDDLE,True,6,4,7,3.25,8397,21834,13317,13,125,5.769230769230769
13,2ND-HcB3_jQC--OHZxinN70pj1hUr48I9I4uSDJKtXap6POLFpbk7q1oD3gDzAwZ_jE5qy2TWRMu1w,DIAMOND,DIAMOND,I,21,egge,9999,EUW1_7963621447,2026-08-27 11:20:50.924000+00:00,420,CLASSIC,27.316666666666666,DrMundo,TOP,False,2,9,5,0.7777777777777778,9474,14901,63783,17,192,7.028676021964612
13,2ND-HcB3_jQC--OHZxinN70pj1hUr48I9I4uSDJKtXap6POLFpbk7q1oD3gDzAwZ_jE5qy2TWRMu1w,DIAMOND,DIAMOND,I,21,egge,9999,EUW1_7963659763,2026-08-27 11:53:32.014000+00:00,420,CLASSIC,15.966666666666667,Garen,TOP,True,2,5,3,1.0,6013,5294,14228,11,104,6.51356993736952
13,2ND-HcB3_jQC--OHZxinN70pj1hUr48I9I4uSDJKtXap6POLFpbk7q1oD3gDzAwZ_jE5qy2TWRMu1w,DIAMOND,DIAMOND,I,21,egge,9999,EUW1_7963665376,2026-08-27 12:22:02.267000+00:00,420,CLASSIC,28.183333333333334,Viktor,MIDDLE,True,9,2,11,10.0,12746,28700,14878,18,222,7.876995860437611
14,9t_BbI2xQZv6M9W-aYAuowslHER_1WokrtrAkUxs0A_3Ahvlyfw-1Un9rI9VE_AfEq8usfGg4cFBLg,DIAMOND,DIAMOND,II,75,SickLikeMe v3,ENVY,EUW1_7696454361,2026-01-22 14:51:58.054000+00:00,420,CLASSIC,31.916666666666668,Taliyah,JUNGLE,False,6,8,6,1.5,13180,21476,30715,22,217,6.798955613577023
14,9t_BbI2xQZv6M9W-aYAuowslHER_1WokrtrAkUxs0A_3Ahvlyfw-1Un9rI9VE_AfEq8usfGg4cFBLg,DIAMOND,DIAMOND,II,75,SickLikeMe v3,ENVY,EUW1_7696508190,2026-01-22 15:29:32.746000+00:00,420,CLASSIC,25.8,Sylas,JUNGLE,True,7,2,19,13.0,11353,27641,27846,22,150,5.813953488372093
14,9t_BbI2xQZv6M9W-aYAuowslHER_1WokrtrAkUxs0A_3Ahvlyfw-1Un9rI9VE_AfEq8usfGg4cFBLg,DIAMOND,DIAMOND,II,75,SickLikeMe v3,ENVY,EUW1_7696559042,2026-01-22 16:04:58.728000+00:00,420,CLASSIC,39.583333333333336,JarvanIV,JUNGLE,False,2,8,19,2.625,14993,20836,42981,34,245,6.189473684210526
14,9t_BbI2xQZv6M9W-aYAuowslHER_1WokrtrAkUxs0A_3Ahvlyfw-1Un9rI9VE_AfEq8usfGg4cFBLg,DIAMOND,DIAMOND,II,75,SickLikeMe v3,ENVY,EUW1_7696630516,2026-01-22 16:49:47.513000+00:00,420,CLASSIC,19.1,Ekko,JUNGLE,True,6,1,8,14.0,8563,8663,16747,18,136,7.120418848167539
14,9t_BbI2xQZv6M9W-aYAuowslHER_1WokrtrAkUxs0A_3Ahvlyfw-1Un9rI9VE_AfEq8usfGg4cFBLg,DIAMOND,DIAMOND,II,75,SickLikeMe v3,ENVY,EUW1_7696663521,2026-01-22 17:13:41.111000+00:00,420,CLASSIC,24.233333333333334,Ekko,JUNGLE,True,5,2,5,5.0,11043,8457,21804,17,176,7.262723521320495
14,9t_BbI2xQZv6M9W-aYAuowslHER_1WokrtrAkUxs0A_3Ahvlyfw-1Un9rI9VE_AfEq8usfGg4cFBLg,DIAMOND,DIAMOND,II,75,SickLikeMe v3,ENVY,EUW1_7697604554,2026-01-23 08:35:20.170000+00:00,420,CLASSIC,36.5,DrMundo,JUNGLE,True,9,2,15,12.0,17184,34172,86120,42,284,7.780821917808219
14,9t_BbI2xQZv6M9W-aYAuowslHER_1WokrtrAkUxs0A_3Ahvlyfw-1Un9rI9VE_AfEq8usfGg4cFBLg,DIAMOND,DIAMOND,II,75,SickLikeMe v3,ENVY,EUW1_7697631674,2026-01-23 09:29:02.698000+00:00,420,CLASSIC,41.71666666666667,Ekko,JUNGLE,True,9,9,8,1.8888888888888888,19353,36122,47679,35,313,7.502996404314822
14,9t_BbI2xQZv6M9W-aYAuowslHER_1WokrtrAkUxs0A_3Ahvlyfw-1Un9rI9VE_AfEq8usfGg4cFBLg,DIAMOND,DIAMOND,II,75,SickLikeMe v3,ENVY,EUW1_7697667737,2026-01-23 10:24:50.090000+00:00,420,CLASSIC,30.233333333333334,DrMundo,JUNGLE,True,4,3,16,6.666666666666667,13535,26572,50761,23,221,7.309812568908489
14,9t_BbI2xQZv6M9W-aYAuowslHER_1WokrtrAkUxs0A_3Ahvlyfw-1Un9rI9VE_AfEq8usfGg4cFBLg,DIAMOND,DIAMOND,II,75,SickLikeMe v3,ENVY,EUW1_7697697966,2026-01-23 11:00:47.941000+00:00,420,CLASSIC,42.46666666666667,DrMundo,JUNGLE,False,9,7,9,2.5714285714285716,19051,39545,111346,24,276,6.499215070643642
14,9t_BbI2xQZv6M9W-aYAuowslHER_1WokrtrAkUxs0A_3Ahvlyfw-1Un9rI9VE_AfEq8usfGg4cFBLg,DIAMOND,DIAMOND,II,75,SickLikeMe v3,ENVY,EUW1_7697741343,2026-01-23 11:56:55.789000+00:00,420,CLASSIC,21.683333333333334,LeeSin,JUNGLE,False,3,5,3,1.2,8261,6742,16253,18,128,5.90315142198309
14,9t_BbI2xQZv6M9W-aYAuowslHER_1WokrtrAkUxs0A_3Ahvlyfw-1Un9rI9VE_AfEq8usfGg4cFBLg,DIAMOND,DIAMOND,II,75,SickLikeMe v3,ENVY,EUW1_7697778595,2026-01-23 12:26:53.067000+00:00,420,CLASSIC,30.4,Diana,JUNGLE,False,4,11,8,1.0909090909090908,10884,12700,34171,22,191,6.282894736842105
14,9t_BbI2xQZv6M9W-aYAuowslHER_1WokrtrAkUxs0A_3Ahvlyfw-1Un9rI9VE_AfEq8usfGg4cFBLg,DIAMOND,DIAMOND,II,75,SickLikeMe v3,ENVY,EUW1_7697848022,2026-01-23 13:37:44.741000+00:00,420,CLASSIC,35.416666666666664,Ekko,JUNGLE,True,5,3,10,5.0,14445,21704,40385,26,245,6.91764705882353
14,9t_BbI2xQZv6M9W-aYAuowslHER_1WokrtrAkUxs0A_3Ahvlyfw-1Un9rI9VE_AfEq8usfGg4cFBLg,DIAMOND,DIAMOND,II,75,SickLikeMe v3,ENVY,EUW1_7697899576,2026-01-23 14:19:20.408000+00:00,420,CLASSIC,28.7,DrMundo,JUNGLE,True,11,0,14,25.0,14732,29985,52506,22,230,8.013937282229966
14,9t_BbI2xQZv6M9W-aYAuowslHER_1WokrtrAkUxs0A_3Ahvlyfw-1Un9rI9VE_AfEq8usfGg4cFBLg,DIAMOND,DIAMOND,II,75,SickLikeMe v3,ENVY,EUW1_7697953505,2026-01-23 14:59:01.187000+00:00,420,CLASSIC,35.916666666666664,DrMundo,JUNGLE,False,6,7,13,2.7142857142857144,15008,38670,92276,17,236,6.570765661252901
14,9t_BbI2xQZv6M9W-aYAuowslHER_1WokrtrAkUxs0A_3Ahvlyfw-1Un9rI9VE_AfEq8usfGg4cFBLg,DIAMOND,DIAMOND,II,75,SickLikeMe v3,ENVY,EUW1_7698011648,2026-01-23 15:41:36.645000+00:00,420,CLASSIC,31.383333333333333,Ekko,JUNGLE,False,5,6,10,2.5,15432,18400,36937,22,231,7.360594795539034
14,9t_BbI2xQZv6M9W-aYAuowslHER_1WokrtrAkUxs0A_3Ahvlyfw-1Un9rI9VE_AfEq8usfGg4cFBLg,DIAMOND,DIAMOND,II,75,SickLikeMe v3,ENVY,EUW1_7698062432,2026-01-23 16:21:04.619000+00:00,420,CLASSIC,28.9,Viego,JUNGLE,False,9,8,2,1.375,12181,16318,30580,18,190,6.57439446366782
14,9t_BbI2xQZv6M9W-aYAuowslHER_1WokrtrAkUxs0A_3Ahvlyfw-1Un9rI9VE_AfEq8usfGg4cFBLg,DIAMOND,DIAMOND,II,75,SickLikeMe v3,ENVY,EUW1_7698121815,2026-01-23 16:54:03.280000+00:00,420,CLASSIC,23.5,Nasus,TOP,False,4,5,1,1.0,8983,13861,31653,10,182,7.74468085106383
14,9t_BbI2xQZv6M9W-aYAuowslHER_1WokrtrAkUxs0A_3Ahvlyfw-1Un9rI9VE_AfEq8usfGg4cFBLg,DIAMOND,DIAMOND,II,75,SickLikeMe v3,ENVY,EUW1_7698166543,2026-01-23 17:21:18.404000+00:00,420,CLASSIC,24.266666666666666,Kayle,TOP,False,1,6,3,0.6666666666666666,8039,8191,21478,7,157,6.46978021978022
14,9t_BbI2xQZv6M9W-aYAuowslHER_1WokrtrAkUxs0A_3Ahvlyfw-1Un9rI9VE_AfEq8usfGg4cFBLg,DIAMOND,DIAMOND,II,75,SickLikeMe v3,ENVY,EUW1_7698462229,2026-01-23 20:15:16.946000+00:00,420,CLASSIC,22.833333333333332,Bard,UTILITY,True,5,2,10,7.5,8894,10163,15482,29,28,1.2262773722627738
14,9t_BbI2xQZv6M9W-aYAuowslHER_1WokrtrAkUxs0A_3Ahvlyfw-1Un9rI9VE_AfEq8usfGg4cFBLg,DIAMOND,DIAMOND,II,75,SickLikeMe v3,ENVY,EUW1_7698516207,2026-01-23 20:43:39.967000+00:00,420,CLASSIC,20.383333333333333,TahmKench,UTILITY,False,0,7,2,0.2857142857142857,4616,6153,21406,42,30,1.4717906786590351
14,9t_BbI2xQZv6M9W-aYAuowslHER_1WokrtrAkUxs0A_3Ahvlyfw-1Un9rI9VE_AfEq8usfGg4cFBLg,DIAMOND,DIAMOND,II,75,SickLikeMe v3,ENVY,EUW1_7698571221,2026-01-23 21:09:19.948000+00:00,420,CLASSIC,25.033333333333335,Blitzcrank,UTILITY,True,3,4,11,3.5,7919,8960,22164,44,21,0.8388814913448734
14,9t_BbI2xQZv6M9W-aYAuowslHER_1WokrtrAkUxs0A_3Ahvlyfw-1Un9rI9VE_AfEq8usfGg4cFBLg,DIAMOND,DIAMOND,II,75,SickLikeMe v3,ENVY,EUW1_7698639684,2026-01-23 21:39:00.468000+00:00,420,CLASSIC,23.116666666666667,Bard,UTILITY,True,1,4,12,3.25,7198,12330,16264,51,20,0.8651766402307137
14,9t_BbI2xQZv6M9W-aYAuowslHER_1WokrtrAkUxs0A_3Ahvlyfw-1Un9rI9VE_AfEq8usfGg4cFBLg,DIAMOND,DIAMOND,II,75,SickLikeMe v3,ENVY,EUW1_7699382240,2026-01-24 13:09:42.513000+00:00,420,CLASSIC,27.516666666666666,Bard,UTILITY,False,2,5,16,3.6,8607,11832,21702,61,23,0.8358570563294972
14,9t_BbI2xQZv6M9W-aYAuowslHER_1WokrtrAkUxs0A_3Ahvlyfw-1Un9rI9VE_AfEq8usfGg4cFBLg,DIAMOND,DIAMOND,II,75,SickLikeMe v3,ENVY,EUW1_7699425241,2026-01-24 13:45:00.566000+00:00,420,CLASSIC,28.216666666666665,Bard,UTILITY,False,1,5,7,1.6,7349,13201,20896,44,16,0.5670407560543415
14,9t_BbI2xQZv6M9W-aYAuowslHER_1WokrtrAkUxs0A_3Ahvlyfw-1Un9rI9VE_AfEq8usfGg4cFBLg,DIAMOND,DIAMOND,II,75,SickLikeMe v3,ENVY,EUW1_7699485977,2026-01-24 14:19:35.875000+00:00,420,CLASSIC,32.2,Karma,UTILITY,False,1,4,11,3.0,8669,5140,20813,59,20,0.6211180124223602
14,9t_BbI2xQZv6M9W-aYAuowslHER_1WokrtrAkUxs0A_3Ahvlyfw-1Un9rI9VE_AfEq8usfGg4cFBLg,DIAMOND,DIAMOND,II,75,SickLikeMe v3,ENVY,EUW1_7699545943,2026-01-24 14:56:56.461000+00:00,420,CLASSIC,16.466666666666665,Zilean,UTILITY,True,0,3,9,3.0,4724,2307,8700,16,13,0.7894736842105264
14,9t_BbI2xQZv6M9W-aYAuowslHER_1WokrtrAkUxs0A_3Ahvlyfw-1Un9rI9VE_AfEq8usfGg4cFBLg,DIAMOND,DIAMOND,II,75,SickLikeMe v3,ENVY,EUW1_7699583516,2026-01-24 15:17:59.680000+00:00,420,CLASSIC,29.733333333333334,Bard,UTILITY,True,1,5,19,4.0,8979,12241,20956,71,19,0.6390134529147982
14,9t_BbI2xQZv6M9W-aYAuowslHER_1WokrtrAkUxs0A_3Ahvlyfw-1Un9rI9VE_AfEq8usfGg4cFBLg,DIAMOND,DIAMOND,II,75,SickLikeMe v3,ENVY,EUW1_7699642377,2026-01-24 15:57:28.834000+00:00,420,CLASSIC,36.93333333333333,Karma,UTILITY,True,1,6,32,5.5,10704,10675,24492,99,23,0.6227436823104694
14,9t_BbI2xQZv6M9W-aYAuowslHER_1WokrtrAkUxs0A_3Ahvlyfw-1Un9rI9VE_AfEq8usfGg4cFBLg,DIAMOND,DIAMOND,II,75,SickLikeMe v3,ENVY,EUW1_7700910630,2026-01-25 12:12:56.262000+00:00,420,CLASSIC,24.966666666666665,Bard,UTILITY,False,0,12,4,0.3333333333333333,6032,7408,25075,33,19,0.7610146862483311
14,9t_BbI2xQZv6M9W-aYAuowslHER_1WokrtrAkUxs0A_3Ahvlyfw-1Un9rI9VE_AfEq8usfGg4cFBLg,DIAMOND,DIAMOND,II,75,SickLikeMe v3,ENVY,EUW1_7700950896,2026-01-25 12:42:52.623000+00:00,420,CLASSIC,29.733333333333334,Karma,UTILITY,True,1,2,17,9.0,8950,6515,17795,55,11,0.36995515695067266
14,9t_BbI2xQZv6M9W-aYAuowslHER_1WokrtrAkUxs0A_3Ahvlyfw-1Un9rI9VE_AfEq8usfGg4cFBLg,DIAMOND,DIAMOND,II,75,SickLikeMe v3,ENVY,EUW1_7702366844,2026-01-26 09:59:51.301000+00:00,420,CLASSIC,30.9,Karma,UTILITY,True,0,4,25,6.25,9488,8422,22459,41,25,0.8090614886731392
14,9t_BbI2xQZv6M9W-aYAuowslHER_1WokrtrAkUxs0A_3Ahvlyfw-1Un9rI9VE_AfEq8usfGg4cFBLg,DIAMOND,DIAMOND,II,75,SickLikeMe v3,ENVY,EUW1_7702386071,2026-01-26 10:36:42.927000+00:00,420,CLASSIC,29.833333333333332,Bard,UTILITY,True,2,0,19,21.0,9958,11322,18771,66,30,1.005586592178771
14,9t_BbI2xQZv6M9W-aYAuowslHER_1WokrtrAkUxs0A_3Ahvlyfw-1Un9rI9VE_AfEq8usfGg4cFBLg,DIAMOND,DIAMOND,II,75,SickLikeMe v3,ENVY,EUW1_7702786020,2026-01-26 16:53:18.569000+00:00,420,CLASSIC,39.61666666666667,Karma,UTILITY,True,1,3,24,8.333333333333334,11133,6589,26389,74,22,0.5553218342448465
14,9t_BbI2xQZv6M9W-aYAuowslHER_1WokrtrAkUxs0A_3Ahvlyfw-1Un9rI9VE_AfEq8usfGg4cFBLg,DIAMOND,DIAMOND,II,75,SickLikeMe v3,ENVY,EUW1_7703777653,2026-01-27 08:41:16.469000+00:00,420,CLASSIC,23.683333333333334,Karma,UTILITY,False,0,5,6,1.2,6136,5120,14377,25,15,0.633356790992259
14,9t_BbI2xQZv6M9W-aYAuowslHER_1WokrtrAkUxs0A_3Ahvlyfw-1Un9rI9VE_AfEq8usfGg4cFBLg,DIAMOND,DIAMOND,II,75,SickLikeMe v3,ENVY,EUW1_7703789015,2026-01-27 09:10:33.281000+00:00,420,CLASSIC,6.666666666666667,Braum,UTILITY,False,0,1,1,1.0,1658,590,2804,0,9,1.3499999999999999
14,9t_BbI2xQZv6M9W-aYAuowslHER_1WokrtrAkUxs0A_3Ahvlyfw-1Un9rI9VE_AfEq8usfGg4cFBLg,DIAMOND,DIAMOND,II,75,SickLikeMe v3,ENVY,EUW1_7703798646,2026-01-27 09:23:32.398000+00:00,420,CLASSIC,25.566666666666666,Braum,UTILITY,True,1,2,22,11.5,8162,8311,18418,51,20,0.7822685788787483
14,9t_BbI2xQZv6M9W-aYAuowslHER_1WokrtrAkUxs0A_3Ahvlyfw-1Un9rI9VE_AfEq8usfGg4cFBLg,DIAMOND,DIAMOND,II,75,SickLikeMe v3,ENVY,EUW1_7703809366,2026-01-27 09:54:40.568000+00:00,420,CLASSIC,29.933333333333334,Leona,UTILITY,False,5,6,13,3.0,10487,13160,35105,81,21,0.7015590200445434
14,9t_BbI2xQZv6M9W-aYAuowslHER_1WokrtrAkUxs0A_3Ahvlyfw-1Un9rI9VE_AfEq8usfGg4cFBLg,DIAMOND,DIAMOND,II,75,SickLikeMe v3,ENVY,EUW1_7703838285,2026-01-27 10:30:37.192000+00:00,420,CLASSIC,37.81666666666667,Bard,UTILITY,False,4,4,16,5.0,11970,14972,36255,88,26,0.6875275451740854
14,9t_BbI2xQZv6M9W-aYAuowslHER_1WokrtrAkUxs0A_3Ahvlyfw-1Un9rI9VE_AfEq8usfGg4cFBLg,DIAMOND,DIAMOND,II,75,SickLikeMe v3,ENVY,EUW1_7703913699,2026-01-27 12:00:27.857000+00:00,420,CLASSIC,28.25,Braum,UTILITY,False,0,12,13,1.0833333333333333,6849,6893,34063,35,19,0.672566371681416
14,9t_BbI2xQZv6M9W-aYAuowslHER_1WokrtrAkUxs0A_3Ahvlyfw-1Un9rI9VE_AfEq8usfGg4cFBLg,DIAMOND,DIAMOND,II,75,SickLikeMe v3,ENVY,EUW1_7703947478,2026-01-27 12:35:42.436000+00:00,420,CLASSIC,20.533333333333335,DrMundo,JUNGLE,False,4,1,5,9.0,8014,9574,26527,12,128,6.233766233766233
14,9t_BbI2xQZv6M9W-aYAuowslHER_1WokrtrAkUxs0A_3Ahvlyfw-1Un9rI9VE_AfEq8usfGg4cFBLg,DIAMOND,DIAMOND,II,75,SickLikeMe v3,ENVY,EUW1_7703974615,2026-01-27 13:03:59.643000+00:00,420,CLASSIC,25.666666666666668,DrMundo,JUNGLE,False,4,6,7,1.8333333333333333,10133,13963,44898,18,172,6.701298701298701
14,9t_BbI2xQZv6M9W-aYAuowslHER_1WokrtrAkUxs0A_3Ahvlyfw-1Un9rI9VE_AfEq8usfGg4cFBLg,DIAMOND,DIAMOND,II,75,SickLikeMe v3,ENVY,EUW1_7704079360,2026-01-27 14:45:37.490000+00:00,420,CLASSIC,18.916666666666668,JarvanIV,JUNGLE,False,0,3,5,1.6666666666666667,5665,3913,13171,7,101,5.3392070484581495
14,9t_BbI2xQZv6M9W-aYAuowslHER_1WokrtrAkUxs0A_3Ahvlyfw-1Un9rI9VE_AfEq8usfGg4cFBLg,DIAMOND,DIAMOND,II,75,SickLikeMe v3,ENVY,EUW1_7704112966,2026-01-27 15:09:30.507000+00:00,420,CLASSIC,28.95,DrMundo,JUNGLE,False,3,8,13,2.0,10750,22433,70266,14,160,5.526770293609672
14,9t_BbI2xQZv6M9W-aYAuowslHER_1WokrtrAkUxs0A_3Ahvlyfw-1Un9rI9VE_AfEq8usfGg4cFBLg,DIAMOND,DIAMOND,II,75,SickLikeMe v3,ENVY,EUW1_7704156218,2026-01-27 15:42:57.259000+00:00,420,CLASSIC,33.733333333333334,Brand,UTILITY,False,6,11,17,2.090909090909091,11759,30607,38127,55,38,1.1264822134387351
14,9t_BbI2xQZv6M9W-aYAuowslHER_1WokrtrAkUxs0A_3Ahvlyfw-1Un9rI9VE_AfEq8usfGg4cFBLg,DIAMOND,DIAMOND,II,75,SickLikeMe v3,ENVY,EUW1_7704217619,2026-01-27 16:23:19.283000+00:00,420,CLASSIC,20.383333333333333,Ekko,JUNGLE,True,7,1,6,13.0,10231,9281,18387,11,173,8.487326246933769
14,9t_BbI2xQZv6M9W-aYAuowslHER_1WokrtrAkUxs0A_3Ahvlyfw-1Un9rI9VE_AfEq8usfGg4cFBLg,DIAMOND,DIAMOND,II,75,SickLikeMe v3,ENVY,EUW1_7704260148,2026-01-27 16:56:32.515000+00:00,420,CLASSIC,21.966666666666665,Bard,UTILITY,True,3,1,18,21.0,8487,8972,10257,50,21,0.9559939301972686
14,9t_BbI2xQZv6M9W-aYAuowslHER_1WokrtrAkUxs0A_3Ahvlyfw-1Un9rI9VE_AfEq8usfGg4cFBLg,DIAMOND,DIAMOND,II,75,SickLikeMe v3,ENVY,EUW1_7705185117,2026-01-28 07:20:17.848000+00:00,420,CLASSIC,20.1,DrMundo,JUNGLE,True,3,0,5,8.0,8468,9631,18072,16,159,7.910447761194029
14,9t_BbI2xQZv6M9W-aYAuowslHER_1WokrtrAkUxs0A_3Ahvlyfw-1Un9rI9VE_AfEq8usfGg4cFBLg,DIAMOND,DIAMOND,II,75,SickLikeMe v3,ENVY,EUW1_7705198597,2026-01-28 07:48:49.585000+00:00,420,CLASSIC,26.466666666666665,Ekko,JUNGLE,True,10,3,9,6.333333333333333,13430,15241,26630,15,167,6.309823677581864
14,9t_BbI2xQZv6M9W-aYAuowslHER_1WokrtrAkUxs0A_3Ahvlyfw-1Un9rI9VE_AfEq8usfGg4cFBLg,DIAMOND,DIAMOND,II,75,SickLikeMe v3,ENVY,EUW1_7705207849,2026-01-28 08:27:10.716000+00:00,420,CLASSIC,27.75,Bard,UTILITY,True,2,3,12,4.666666666666667,8294,7458,20148,52,25,0.9009009009009009
14,9t_BbI2xQZv6M9W-aYAuowslHER_1WokrtrAkUxs0A_3Ahvlyfw-1Un9rI9VE_AfEq8usfGg4cFBLg,DIAMOND,DIAMOND,II,75,SickLikeMe v3,ENVY,EUW1_7705222488,2026-01-28 08:59:02.757000+00:00,420,CLASSIC,30.233333333333334,Karma,UTILITY,False,2,5,7,1.8,7935,3895,22115,65,26,0.8599779492833517
14,9t_BbI2xQZv6M9W-aYAuowslHER_1WokrtrAkUxs0A_3Ahvlyfw-1Un9rI9VE_AfEq8usfGg4cFBLg,DIAMOND,DIAMOND,II,75,SickLikeMe v3,ENVY,EUW1_7705239642,2026-01-28 09:35:27.346000+00:00,420,CLASSIC,26.983333333333334,Viego,JUNGLE,True,6,3,5,3.6666666666666665,12755,13301,27121,31,205,7.597282273008029
14,9t_BbI2xQZv6M9W-aYAuowslHER_1WokrtrAkUxs0A_3Ahvlyfw-1Un9rI9VE_AfEq8usfGg4cFBLg,DIAMOND,DIAMOND,II,75,SickLikeMe v3,ENVY,EUW1_7705258482,2026-01-28 10:08:20.970000+00:00,420,CLASSIC,34.75,Viego,JUNGLE,False,2,8,7,1.125,12709,12629,40016,32,234,6.733812949640288
14,9t_BbI2xQZv6M9W-aYAuowslHER_1WokrtrAkUxs0A_3Ahvlyfw-1Un9rI9VE_AfEq8usfGg4cFBLg,DIAMOND,DIAMOND,II,75,SickLikeMe v3,ENVY,EUW1_7705280850,2026-01-28 10:48:14.249000+00:00,420,CLASSIC,15.65,Nidalee,JUNGLE,True,7,4,4,2.75,6906,8247,13826,9,88,5.623003194888179
14,9t_BbI2xQZv6M9W-aYAuowslHER_1WokrtrAkUxs0A_3Ahvlyfw-1Un9rI9VE_AfEq8usfGg4cFBLg,DIAMOND,DIAMOND,II,75,SickLikeMe v3,ENVY,EUW1_7705295902,2026-01-28 11:08:05.796000+00:00,420,CLASSIC,32.35,LeeSin,JUNGLE,False,11,8,2,1.625,13400,21044,32092,39,204,6.306027820710973
14,9t_BbI2xQZv6M9W-aYAuowslHER_1WokrtrAkUxs0A_3Ahvlyfw-1Un9rI9VE_AfEq8usfGg4cFBLg,DIAMOND,DIAMOND,II,75,SickLikeMe v3,ENVY,EUW1_7705409726,2026-01-28 13:18:37.039000+00:00,420,CLASSIC,38.11666666666667,Karma,UTILITY,False,0,7,17,2.4285714285714284,10096,7524,22785,94,21,0.5509400961958898
14,9t_BbI2xQZv6M9W-aYAuowslHER_1WokrtrAkUxs0A_3Ahvlyfw-1Un9rI9VE_AfEq8usfGg4cFBLg,DIAMOND,DIAMOND,II,75,SickLikeMe v3,ENVY,EUW1_7705457684,2026-01-28 14:05:01.108000+00:00,420,CLASSIC,30.35,Bard,UTILITY,True,0,4,15,3.75,9150,12926,22848,72,22,0.7248764415156507
14,9t_BbI2xQZv6M9W-aYAuowslHER_1WokrtrAkUxs0A_3Ahvlyfw-1Un9rI9VE_AfEq8usfGg4cFBLg,DIAMOND,DIAMOND,II,75,SickLikeMe v3,ENVY,EUW1_7705496702,2026-01-28 14:40:20.800000+00:00,420,CLASSIC,27.766666666666666,Bard,UTILITY,True,2,7,26,4.0,9524,17104,26379,50,23,0.8283313325330133
14,9t_BbI2xQZv6M9W-aYAuowslHER_1WokrtrAkUxs0A_3Ahvlyfw-1Un9rI9VE_AfEq8usfGg4cFBLg,DIAMOND,DIAMOND,II,75,SickLikeMe v3,ENVY,EUW1_7705536040,2026-01-28 15:14:14.214000+00:00,420,CLASSIC,31.95,Bard,UTILITY,True,1,5,19,4.0,9952,10640,29049,64,17,0.5320813771517997
14,9t_BbI2xQZv6M9W-aYAuowslHER_1WokrtrAkUxs0A_3Ahvlyfw-1Un9rI9VE_AfEq8usfGg4cFBLg,DIAMOND,DIAMOND,II,75,SickLikeMe v3,ENVY,EUW1_7705621209,2026-01-28 16:15:12.225000+00:00,420,CLASSIC,29.483333333333334,Bard,UTILITY,True,2,3,23,8.333333333333334,10375,16255,21074,77,14,0.47484454494064443
14,9t_BbI2xQZv6M9W-aYAuowslHER_1WokrtrAkUxs0A_3Ahvlyfw-1Un9rI9VE_AfEq8usfGg4cFBLg,DIAMOND,DIAMOND,II,75,SickLikeMe v3,ENVY,EUW1_7705689848,2026-01-28 16:56:32.021000+00:00,420,CLASSIC,27.883333333333333,Braum,UTILITY,False,0,6,15,2.5,7679,8078,24863,73,15,0.5379557680812911
14,9t_BbI2xQZv6M9W-aYAuowslHER_1WokrtrAkUxs0A_3Ahvlyfw-1Un9rI9VE_AfEq8usfGg4cFBLg,DIAMOND,DIAMOND,II,75,SickLikeMe v3,ENVY,EUW1_7705747764,2026-01-28 17:29:08.668000+00:00,420,CLASSIC,29.033333333333335,Bard,UTILITY,False,3,7,8,1.5714285714285714,9120,16581,27931,66,16,0.5510907003444316
14,9t_BbI2xQZv6M9W-aYAuowslHER_1WokrtrAkUxs0A_3Ahvlyfw-1Un9rI9VE_AfEq8usfGg4cFBLg,DIAMOND,DIAMOND,II,75,SickLikeMe v3,ENVY,EUW1_7705811561,2026-01-28 18:05:47.601000+00:00,420,CLASSIC,27.116666666666667,Alistar,UTILITY,False,2,6,13,2.5,7589,7195,23076,60,15,0.5531653349723418
14,9t_BbI2xQZv6M9W-aYAuowslHER_1WokrtrAkUxs0A_3Ahvlyfw-1Un9rI9VE_AfEq8usfGg4cFBLg,DIAMOND,DIAMOND,II,75,SickLikeMe v3,ENVY,EUW1_7706642786,2026-01-29 08:26:14.589000+00:00,420,CLASSIC,31.683333333333334,LeeSin,JUNGLE,False,6,6,16,3.6666666666666665,11747,15894,36774,34,167,5.270910047343503
14,9t_BbI2xQZv6M9W-aYAuowslHER_1WokrtrAkUxs0A_3Ahvlyfw-1Un9rI9VE_AfEq8usfGg4cFBLg,DIAMOND,DIAMOND,II,75,SickLikeMe v3,ENVY,EUW1_7706662471,2026-01-29 09:04:16.980000+00:00,420,CLASSIC,30.516666666666666,Kayn,JUNGLE,False,9,4,7,4.0,12499,26264,28129,21,196,6.422719825232114
14,9t_BbI2xQZv6M9W-aYAuowslHER_1WokrtrAkUxs0A_3Ahvlyfw-1Un9rI9VE_AfEq8usfGg4cFBLg,DIAMOND,DIAMOND,II,75,SickLikeMe v3,ENVY,EUW1_7706682677,2026-01-29 09:44:59.060000+00:00,420,CLASSIC,15.45,DrMundo,JUNGLE,True,8,2,5,6.5,7588,10149,19029,8,100,6.472491909385114
14,9t_BbI2xQZv6M9W-aYAuowslHER_1WokrtrAkUxs0A_3Ahvlyfw-1Un9rI9VE_AfEq8usfGg4cFBLg,DIAMOND,DIAMOND,II,75,SickLikeMe v3,ENVY,EUW1_7706703839,2026-01-29 10:17:52.521000+00:00,420,CLASSIC,26.016666666666666,Ekko,JUNGLE,False,7,4,2,2.25,11054,12343,23196,12,153,5.880845611787316
14,9t_BbI2xQZv6M9W-aYAuowslHER_1WokrtrAkUxs0A_3Ahvlyfw-1Un9rI9VE_AfEq8usfGg4cFBLg,DIAMOND,DIAMOND,II,75,SickLikeMe v3,ENVY,EUW1_7706732636,2026-01-29 10:53:52.156000+00:00,420,CLASSIC,27.45,Ekko,JUNGLE,True,21,3,4,8.333333333333334,18427,34248,29644,19,249,9.07103825136612
14,9t_BbI2xQZv6M9W-aYAuowslHER_1WokrtrAkUxs0A_3Ahvlyfw-1Un9rI9VE_AfEq8usfGg4cFBLg,DIAMOND,DIAMOND,II,75,SickLikeMe v3,ENVY,EUW1_7706797709,2026-01-29 12:13:31.109000+00:00,420,CLASSIC,35.0,Ekko,JUNGLE,True,10,4,17,6.75,17491,36807,34915,39,295,8.428571428571429
14,9t_BbI2xQZv6M9W-aYAuowslHER_1WokrtrAkUxs0A_3Ahvlyfw-1Un9rI9VE_AfEq8usfGg4cFBLg,DIAMOND,DIAMOND,II,75,SickLikeMe v3,ENVY,EUW1_7706840540,2026-01-29 12:59:25.751000+00:00,420,CLASSIC,32.31666666666667,DrMundo,JUNGLE,True,0,6,7,1.1666666666666667,10784,18454,60789,10,209,6.467251160391954
14,9t_BbI2xQZv6M9W-aYAuowslHER_1WokrtrAkUxs0A_3Ahvlyfw-1Un9rI9VE_AfEq8usfGg4cFBLg,DIAMOND,DIAMOND,II,75,SickLikeMe v3,ENVY,EUW1_7706879493,2026-01-29 13:36:48.070000+00:00,420,CLASSIC,24.633333333333333,Bard,UTILITY,True,3,3,14,5.666666666666667,8299,10271,17374,54,18,0.7307171853856563
14,9t_BbI2xQZv6M9W-aYAuowslHER_1WokrtrAkUxs0A_3Ahvlyfw-1Un9rI9VE_AfEq8usfGg4cFBLg,DIAMOND,DIAMOND,II,75,SickLikeMe v3,ENVY,EUW1_7706902304,2026-01-29 14:06:22.573000+00:00,420,CLASSIC,15.666666666666666,Bard,UTILITY,False,1,4,4,1.25,4479,4476,10381,22,2,0.12765957446808512
14,9t_BbI2xQZv6M9W-aYAuowslHER_1WokrtrAkUxs0A_3Ahvlyfw-1Un9rI9VE_AfEq8usfGg4cFBLg,DIAMOND,DIAMOND,II,75,SickLikeMe v3,ENVY,EUW1_7706934674,2026-01-29 14:29:02.848000+00:00,420,CLASSIC,27.8,Braum,UTILITY,False,1,5,16,3.4,7536,12305,29337,54,22,0.7913669064748201
14,9t_BbI2xQZv6M9W-aYAuowslHER_1WokrtrAkUxs0A_3Ahvlyfw-1Un9rI9VE_AfEq8usfGg4cFBLg,DIAMOND,DIAMOND,II,75,SickLikeMe v3,ENVY,EUW1_7706976697,2026-01-29 15:06:52.830000+00:00,420,CLASSIC,29.35,Sylas,JUNGLE,True,7,8,12,2.375,13422,17290,35957,14,173,5.894378194207836
14,9t_BbI2xQZv6M9W-aYAuowslHER_1WokrtrAkUxs0A_3Ahvlyfw-1Un9rI9VE_AfEq8usfGg4cFBLg,DIAMOND,DIAMOND,II,75,SickLikeMe v3,ENVY,EUW1_7707021167,2026-01-29 15:44:43.092000+00:00,420,CLASSIC,31.85,DrMundo,JUNGLE,True,7,2,24,15.5,15300,32131,65239,22,170,5.337519623233908
14,9t_BbI2xQZv6M9W-aYAuowslHER_1WokrtrAkUxs0A_3Ahvlyfw-1Un9rI9VE_AfEq8usfGg4cFBLg,DIAMOND,DIAMOND,II,75,SickLikeMe v3,ENVY,EUW1_7707116198,2026-01-29 16:54:25.919000+00:00,420,CLASSIC,16.483333333333334,Lillia,JUNGLE,True,3,2,7,5.0,7624,8558,15109,10,145,8.796764408493427
14,9t_BbI2xQZv6M9W-aYAuowslHER_1WokrtrAkUxs0A_3Ahvlyfw-1Un9rI9VE_AfEq8usfGg4cFBLg,DIAMOND,DIAMOND,II,75,SickLikeMe v3,ENVY,EUW1_7707150232,2026-01-29 17:20:31.563000+00:00,420,CLASSIC,1.2,DrMundo,JUNGLE,True,1,0,0,1.0,936,552,137,0,0,0.0
14,9t_BbI2xQZv6M9W-aYAuowslHER_1WokrtrAkUxs0A_3Ahvlyfw-1Un9rI9VE_AfEq8usfGg4cFBLg,DIAMOND,DIAMOND,II,75,SickLikeMe v3,ENVY,EUW1_7707172945,2026-01-29 17:28:54.574000+00:00,420,CLASSIC,38.733333333333334,DrMundo,JUNGLE,False,5,8,9,1.75,14067,37127,94056,28,201,5.189328743545611
14,9t_BbI2xQZv6M9W-aYAuowslHER_1WokrtrAkUxs0A_3Ahvlyfw-1Un9rI9VE_AfEq8usfGg4cFBLg,DIAMOND,DIAMOND,II,75,SickLikeMe v3,ENVY,EUW1_7707591925,2026-01-29 21:07:31.886000+00:00,420,CLASSIC,29.516666666666666,DrMundo,JUNGLE,False,2,6,12,2.3333333333333335,11113,20872,55911,21,199,6.741953698475438
14,9t_BbI2xQZv6M9W-aYAuowslHER_1WokrtrAkUxs0A_3Ahvlyfw-1Un9rI9VE_AfEq8usfGg4cFBLg,DIAMOND,DIAMOND,II,75,SickLikeMe v3,ENVY,EUW1_7707661729,2026-01-29 21:41:28.988000+00:00,420,CLASSIC,31.783333333333335,Nautilus,UTILITY,True,2,4,16,4.5,9188,10653,25842,91,21,0.6607236497115888
14,9t_BbI2xQZv6M9W-aYAuowslHER_1WokrtrAkUxs0A_3Ahvlyfw-1Un9rI9VE_AfEq8usfGg4cFBLg,DIAMOND,DIAMOND,II,75,SickLikeMe v3,ENVY,EUW1_7707730783,2026-01-29 22:19:54.396000+00:00,420,CLASSIC,24.733333333333334,Karma,UTILITY,False,0,6,4,0.6666666666666666,6093,4830,19300,36,17,0.6873315363881402
14,9t_BbI2xQZv6M9W-aYAuowslHER_1WokrtrAkUxs0A_3Ahvlyfw-1Un9rI9VE_AfEq8usfGg4cFBLg,DIAMOND,DIAMOND,II,75,SickLikeMe v3,ENVY,EUW1_7708072040,2026-01-30 08:40:28.401000+00:00,420,CLASSIC,35.68333333333333,Bard,UTILITY,True,0,1,20,20.0,10274,13626,26453,95,31,0.8687529191966372
14,9t_BbI2xQZv6M9W-aYAuowslHER_1WokrtrAkUxs0A_3Ahvlyfw-1Un9rI9VE_AfEq8usfGg4cFBLg,DIAMOND,DIAMOND,II,75,SickLikeMe v3,ENVY,EUW1_7708091988,2026-01-30 09:20:40.678000+00:00,420,CLASSIC,28.233333333333334,Bard,UTILITY,True,3,1,27,30.0,11193,18455,20252,36,16,0.5667060212514757
14,9t_BbI2xQZv6M9W-aYAuowslHER_1WokrtrAkUxs0A_3Ahvlyfw-1Un9rI9VE_AfEq8usfGg4cFBLg,DIAMOND,DIAMOND,II,75,SickLikeMe v3,ENVY,EUW1_7708108967,2026-01-30 09:53:25.931000+00:00,420,CLASSIC,36.06666666666667,Karma,UTILITY,False,0,11,24,2.1818181818181817,9785,7661,33681,57,28,0.7763401109057301
14,9t_BbI2xQZv6M9W-aYAuowslHER_1WokrtrAkUxs0A_3Ahvlyfw-1Un9rI9VE_AfEq8usfGg4cFBLg,DIAMOND,DIAMOND,II,75,SickLikeMe v3,ENVY,EUW1_7708146061,2026-01-30 10:40:53.806000+00:00,420,CLASSIC,35.016666666666666,Bard,UTILITY,True,1,10,17,1.8,9922,15711,31872,74,16,0.4569252736792004
14,9t_BbI2xQZv6M9W-aYAuowslHER_1WokrtrAkUxs0A_3Ahvlyfw-1Un9rI9VE_AfEq8usfGg4cFBLg,DIAMOND,DIAMOND,II,75,SickLikeMe v3,ENVY,EUW1_7708188208,2026-01-30 11:36:25.230000+00:00,420,CLASSIC,19.933333333333334,Bard,UTILITY,True,5,3,11,5.333333333333333,8126,10363,14280,40,20,1.0033444816053512
14,9t_BbI2xQZv6M9W-aYAuowslHER_1WokrtrAkUxs0A_3Ahvlyfw-1Un9rI9VE_AfEq8usfGg4cFBLg,DIAMOND,DIAMOND,II,75,SickLikeMe v3,ENVY,EUW1_7708226248,2026-01-30 12:20:16.981000+00:00,420,CLASSIC,33.15,Bard,UTILITY,False,0,6,13,2.1666666666666665,9342,12988,28032,108,34,1.0256410256410258
14,9t_BbI2xQZv6M9W-aYAuowslHER_1WokrtrAkUxs0A_3Ahvlyfw-1Un9rI9VE_AfEq8usfGg4cFBLg,DIAMOND,DIAMOND,II,75,SickLikeMe v3,ENVY,EUW1_7708265186,2026-01-30 12:58:39.312000+00:00,420,CLASSIC,15.35,Bard,UTILITY,True,1,1,7,8.0,4651,3614,6236,23,11,0.7166123778501629
14,9t_BbI2xQZv6M9W-aYAuowslHER_1WokrtrAkUxs0A_3Ahvlyfw-1Un9rI9VE_AfEq8usfGg4cFBLg,DIAMOND,DIAMOND,II,75,SickLikeMe v3,ENVY,EUW1_7708316683,2026-01-30 13:38:07.496000+00:00,420,CLASSIC,23.5,Bard,UTILITY,True,1,3,11,4.0,8087,7108,14572,35,16,0.6808510638297872
14,9t_BbI2xQZv6M9W-aYAuowslHER_1WokrtrAkUxs0A_3Ahvlyfw-1Un9rI9VE_AfEq8usfGg4cFBLg,DIAMOND,DIAMOND,II,75,SickLikeMe v3,ENVY,EUW1_7708349771,2026-01-30 14:07:04.741000+00:00,420,CLASSIC,31.683333333333334,Bard,UTILITY,True,3,2,16,9.5,10165,18053,22699,57,31,0.9784324039978959
14,9t_BbI2xQZv6M9W-aYAuowslHER_1WokrtrAkUxs0A_3Ahvlyfw-1Un9rI9VE_AfEq8usfGg4cFBLg,DIAMOND,DIAMOND,II,75,SickLikeMe v3,ENVY,EUW1_7708394362,2026-01-30 14:47:27.304000+00:00,420,CLASSIC,26.666666666666668,Nautilus,UTILITY,False,0,5,8,1.6,6386,7197,20636,58,20,0.75
14,9t_BbI2xQZv6M9W-aYAuowslHER_1WokrtrAkUxs0A_3Ahvlyfw-1Un9rI9VE_AfEq8usfGg4cFBLg,DIAMOND,DIAMOND,II,75,SickLikeMe v3,ENVY,EUW1_7708442757,2026-01-30 15:17:51.991000+00:00,420,CLASSIC,25.766666666666666,Bard,UTILITY,True,1,1,21,22.0,9434,11126,13176,59,23,0.8926261319534282
14,9t_BbI2xQZv6M9W-aYAuowslHER_1WokrtrAkUxs0A_3Ahvlyfw-1Un9rI9VE_AfEq8usfGg4cFBLg,DIAMOND,DIAMOND,II,75,SickLikeMe v3,ENVY,EUW1_7708528005,2026-01-30 16:20:45.927000+00:00,420,CLASSIC,32.11666666666667,Bard,UTILITY,True,3,2,20,11.5,10915,14872,22378,95,31,0.9652309289050337
14,9t_BbI2xQZv6M9W-aYAuowslHER_1WokrtrAkUxs0A_3Ahvlyfw-1Un9rI9VE_AfEq8usfGg4cFBLg,DIAMOND,DIAMOND,II,75,SickLikeMe v3,ENVY,EUW1_7708592875,2026-01-30 17:02:09.324000+00:00,420,CLASSIC,27.7,Bard,UTILITY,True,0,4,8,2.0,7703,9601,20044,94,18,0.6498194945848376
14,9t_BbI2xQZv6M9W-aYAuowslHER_1WokrtrAkUxs0A_3Ahvlyfw-1Un9rI9VE_AfEq8usfGg4cFBLg,DIAMOND,DIAMOND,II,75,SickLikeMe v3,ENVY,EUW1_7708654557,2026-01-30 17:34:02.170000+00:00,420,CLASSIC,40.38333333333333,Bard,UTILITY,True,2,3,22,8.0,13048,17658,38634,116,33,0.8171687990094924
14,9t_BbI2xQZv6M9W-aYAuowslHER_1WokrtrAkUxs0A_3Ahvlyfw-1Un9rI9VE_AfEq8usfGg4cFBLg,DIAMOND,DIAMOND,II,75,SickLikeMe v3,ENVY,EUW1_7709016690,2026-01-30 20:48:20.731000+00:00,420,CLASSIC,27.683333333333334,Bard,UTILITY,True,3,1,22,25.0,10637,13608,11380,70,21,0.7585791691751956
14,9t_BbI2xQZv6M9W-aYAuowslHER_1WokrtrAkUxs0A_3Ahvlyfw-1Un9rI9VE_AfEq8usfGg4cFBLg,DIAMOND,DIAMOND,II,75,SickLikeMe v3,ENVY,EUW1_7709076436,2026-01-30 21:21:16.381000+00:00,420,CLASSIC,23.05,Bard,UTILITY,False,0,3,10,3.3333333333333335,5848,8696,16689,37,13,0.5639913232104121
14,9t_BbI2xQZv6M9W-aYAuowslHER_1WokrtrAkUxs0A_3Ahvlyfw-1Un9rI9VE_AfEq8usfGg4cFBLg,DIAMOND,DIAMOND,II,75,SickLikeMe v3,ENVY,EUW1_7709598327,2026-01-31 08:50:21.517000+00:00,420,CLASSIC,30.916666666666668,Bard,UTILITY,True,3,4,25,7.0,11138,19424,27273,68,18,0.582210242587601
14,9t_BbI2xQZv6M9W-aYAuowslHER_1WokrtrAkUxs0A_3Ahvlyfw-1Un9rI9VE_AfEq8usfGg4cFBLg,DIAMOND,DIAMOND,II,75,SickLikeMe v3,ENVY,EUW1_7709627513,2026-01-31 09:29:33.223000+00:00,420,CLASSIC,39.55,DrMundo,JUNGLE,True,9,9,15,2.6666666666666665,16633,27774,85339,25,226,5.714285714285714
14,9t_BbI2xQZv6M9W-aYAuowslHER_1WokrtrAkUxs0A_3Ahvlyfw-1Un9rI9VE_AfEq8usfGg4cFBLg,DIAMOND,DIAMOND,II,75,SickLikeMe v3,ENVY,EUW1_7709664184,2026-01-31 10:21:15.489000+00:00,420,CLASSIC,31.883333333333333,DrMundo,JUNGLE,True,9,3,10,6.333333333333333,14265,24917,57740,17,197,6.178776790381599
14,9t_BbI2xQZv6M9W-aYAuowslHER_1WokrtrAkUxs0A_3Ahvlyfw-1Un9rI9VE_AfEq8usfGg4cFBLg,DIAMOND,DIAMOND,II,75,SickLikeMe v3,ENVY,EUW1_7732966625,2026-02-14 20:49:23.285000+00:00,420,CLASSIC,39.46666666666667,Bard,UTILITY,False,4,9,20,2.6666666666666665,13140,26483,47718,126,31,0.7854729729729729
15,TIoqqZOTEp85Zs2JuwNZ1pg6qSRcLnnUZrYD21OK063g5Lr7ISoGr4fsuZstejVmn8moPz4uJhESZw,DIAMOND,DIAMOND,II,84,CHN Hei,EUW,EUW1_7884341234,2026-06-11 22:19:38.075000+00:00,420,CLASSIC,28.95,Jhin,BOTTOM,True,6,10,13,1.9,11977,18621,19854,6,136,4.6977547495682215
15,TIoqqZOTEp85Zs2JuwNZ1pg6qSRcLnnUZrYD21OK063g5Lr7ISoGr4fsuZstejVmn8moPz4uJhESZw,DIAMOND,DIAMOND,II,84,CHN Hei,EUW,EUW1_7884394319,2026-06-11 23:15:39.072000+00:00,420,CLASSIC,38.0,Varus,BOTTOM,False,15,9,12,3.0,19198,60613,32029,26,263,6.921052631578948
15,TIoqqZOTEp85Zs2JuwNZ1pg6qSRcLnnUZrYD21OK063g5Lr7ISoGr4fsuZstejVmn8moPz4uJhESZw,DIAMOND,DIAMOND,II,84,CHN Hei,EUW,EUW1_7884422320,2026-06-11 23:58:25.013000+00:00,420,CLASSIC,30.8,Varus,BOTTOM,True,8,4,9,4.25,18208,23891,23547,17,258,8.376623376623376
15,TIoqqZOTEp85Zs2JuwNZ1pg6qSRcLnnUZrYD21OK063g5Lr7ISoGr4fsuZstejVmn8moPz4uJhESZw,DIAMOND,DIAMOND,II,84,CHN Hei,EUW,EUW1_7884870942,2026-06-12 15:17:29.841000+00:00,420,CLASSIC,32.43333333333333,Varus,BOTTOM,False,6,5,3,1.8,15471,20314,18826,23,274,8.448098663926002
15,TIoqqZOTEp85Zs2JuwNZ1pg6qSRcLnnUZrYD21OK063g5Lr7ISoGr4fsuZstejVmn8moPz4uJhESZw,DIAMOND,DIAMOND,II,84,CHN Hei,EUW,EUW1_7884913079,2026-06-12 15:54:26.957000+00:00,420,CLASSIC,35.8,Jhin,BOTTOM,True,10,4,13,5.75,19687,39662,22496,14,236,6.5921787709497215
15,TIoqqZOTEp85Zs2JuwNZ1pg6qSRcLnnUZrYD21OK063g5Lr7ISoGr4fsuZstejVmn8moPz4uJhESZw,DIAMOND,DIAMOND,II,84,CHN Hei,EUW,EUW1_7885026235,2026-06-12 17:30:36.838000+00:00,420,CLASSIC,36.416666666666664,Jhin,BOTTOM,False,15,4,7,5.5,21220,31163,23434,24,254,6.974828375286042
15,TIoqqZOTEp85Zs2JuwNZ1pg6qSRcLnnUZrYD21OK063g5Lr7ISoGr4fsuZstejVmn8moPz4uJhESZw,DIAMOND,DIAMOND,II,84,CHN Hei,EUW,EUW1_7885083658,2026-06-12 18:12:07.781000+00:00,420,CLASSIC,23.7,Syndra,MIDDLE,False,0,6,3,0.5,7399,9690,19137,10,185,7.805907172995781
15,TIoqqZOTEp85Zs2JuwNZ1pg6qSRcLnnUZrYD21OK063g5Lr7ISoGr4fsuZstejVmn8moPz4uJhESZw,DIAMOND,DIAMOND,II,84,CHN Hei,EUW,EUW1_7885115371,2026-06-12 18:40:50.047000+00:00,420,CLASSIC,27.683333333333334,Leblanc,MIDDLE,False,10,3,5,5.0,11681,24014,23026,15,180,6.5021071643588195
15,TIoqqZOTEp85Zs2JuwNZ1pg6qSRcLnnUZrYD21OK063g5Lr7ISoGr4fsuZstejVmn8moPz4uJhESZw,DIAMOND,DIAMOND,II,84,CHN Hei,EUW,EUW1_7885165779,2026-06-12 19:12:35.946000+00:00,420,CLASSIC,1.45,Galio,MIDDLE,True,0,0,0,0.0,633,172,116,0,5,3.4482758620689657
15,TIoqqZOTEp85Zs2JuwNZ1pg6qSRcLnnUZrYD21OK063g5Lr7ISoGr4fsuZstejVmn8moPz4uJhESZw,DIAMOND,DIAMOND,II,84,CHN Hei,EUW,EUW1_7885173008,2026-06-12 19:22:46.353000+00:00,420,CLASSIC,23.6,Malzahar,MIDDLE,True,4,2,7,5.5,10813,15365,9374,11,214,9.067796610169491
15,TIoqqZOTEp85Zs2JuwNZ1pg6qSRcLnnUZrYD21OK063g5Lr7ISoGr4fsuZstejVmn8moPz4uJhESZw,DIAMOND,DIAMOND,II,84,CHN Hei,EUW,EUW1_7885218937,2026-06-12 19:52:48.171000+00:00,420,CLASSIC,29.966666666666665,Mel,MIDDLE,True,6,5,7,2.6,15807,32254,16948,9,287,9.577308120133482
15,TIoqqZOTEp85Zs2JuwNZ1pg6qSRcLnnUZrYD21OK063g5Lr7ISoGr4fsuZstejVmn8moPz4uJhESZw,DIAMOND,DIAMOND,II,84,CHN Hei,EUW,EUW1_7885269234,2026-06-12 20:25:57.310000+00:00,420,CLASSIC,45.833333333333336,Talon,MIDDLE,False,4,18,13,0.9444444444444444,15907,33228,57489,32,280,6.1090909090909085
15,TIoqqZOTEp85Zs2JuwNZ1pg6qSRcLnnUZrYD21OK063g5Lr7ISoGr4fsuZstejVmn8moPz4uJhESZw,DIAMOND,DIAMOND,II,84,CHN Hei,EUW,EUW1_7885351746,2026-06-12 21:15:41.550000+00:00,420,CLASSIC,18.266666666666666,Galio,MIDDLE,True,6,0,13,19.0,7808,16829,14342,9,127,6.952554744525548
15,TIoqqZOTEp85Zs2JuwNZ1pg6qSRcLnnUZrYD21OK063g5Lr7ISoGr4fsuZstejVmn8moPz4uJhESZw,DIAMOND,DIAMOND,II,84,CHN Hei,EUW,EUW1_7885403894,2026-06-12 21:52:57.283000+00:00,420,CLASSIC,25.166666666666668,Sylas,MIDDLE,False,3,4,1,1.0,8647,16363,25776,8,178,7.072847682119205
15,TIoqqZOTEp85Zs2JuwNZ1pg6qSRcLnnUZrYD21OK063g5Lr7ISoGr4fsuZstejVmn8moPz4uJhESZw,DIAMOND,DIAMOND,II,84,CHN Hei,EUW,EUW1_7885458549,2026-06-12 22:27:45.230000+00:00,420,CLASSIC,24.7,Janna,UTILITY,True,0,4,20,5.0,7847,6209,12687,58,30,1.2145748987854252
15,TIoqqZOTEp85Zs2JuwNZ1pg6qSRcLnnUZrYD21OK063g5Lr7ISoGr4fsuZstejVmn8moPz4uJhESZw,DIAMOND,DIAMOND,II,84,CHN Hei,EUW,EUW1_7885527525,2026-06-12 23:30:13.972000+00:00,420,CLASSIC,29.35,Yunara,BOTTOM,True,10,4,11,5.25,17910,34922,24128,14,230,7.836456558773424
15,TIoqqZOTEp85Zs2JuwNZ1pg6qSRcLnnUZrYD21OK063g5Lr7ISoGr4fsuZstejVmn8moPz4uJhESZw,DIAMOND,DIAMOND,II,84,CHN Hei,EUW,EUW1_7885837123,2026-06-13 11:50:38.933000+00:00,420,CLASSIC,24.033333333333335,Varus,BOTTOM,True,4,3,3,2.3333333333333335,10777,11409,11151,8,188,7.822468793342579
15,TIoqqZOTEp85Zs2JuwNZ1pg6qSRcLnnUZrYD21OK063g5Lr7ISoGr4fsuZstejVmn8moPz4uJhESZw,DIAMOND,DIAMOND,II,84,CHN Hei,EUW,EUW1_7885872593,2026-06-13 12:23:40.059000+00:00,420,CLASSIC,25.233333333333334,Jinx,BOTTOM,False,5,6,6,1.8333333333333333,12423,26292,19173,18,212,8.401585204755614
15,TIoqqZOTEp85Zs2JuwNZ1pg6qSRcLnnUZrYD21OK063g5Lr7ISoGr4fsuZstejVmn8moPz4uJhESZw,DIAMOND,DIAMOND,II,84,CHN Hei,EUW,EUW1_7885899099,2026-06-13 12:53:37.885000+00:00,420,CLASSIC,29.1,Jhin,BOTTOM,True,8,1,13,21.0,15509,22533,17832,14,284,9.759450171821305
15,TIoqqZOTEp85Zs2JuwNZ1pg6qSRcLnnUZrYD21OK063g5Lr7ISoGr4fsuZstejVmn8moPz4uJhESZw,DIAMOND,DIAMOND,II,84,CHN Hei,EUW,EUW1_7885938396,2026-06-13 13:31:50.940000+00:00,420,CLASSIC,1.2666666666666666,Ashe,BOTTOM,False,0,0,0,0.0,523,669,146,0,0,0.0
15,TIoqqZOTEp85Zs2JuwNZ1pg6qSRcLnnUZrYD21OK063g5Lr7ISoGr4fsuZstejVmn8moPz4uJhESZw,DIAMOND,DIAMOND,II,84,CHN Hei,EUW,EUW1_7885945403,2026-06-13 13:37:34.804000+00:00,420,CLASSIC,25.316666666666666,Draven,BOTTOM,True,9,3,12,7.0,17040,23911,14132,11,221,8.729427254772878
15,TIoqqZOTEp85Zs2JuwNZ1pg6qSRcLnnUZrYD21OK063g5Lr7ISoGr4fsuZstejVmn8moPz4uJhESZw,DIAMOND,DIAMOND,II,84,CHN Hei,EUW,EUW1_7886099793,2026-06-13 15:47:50.491000+00:00,420,CLASSIC,34.68333333333333,Ezreal,BOTTOM,True,3,5,3,1.2,15204,30333,25852,15,291,8.390197020663143
15,TIoqqZOTEp85Zs2JuwNZ1pg6qSRcLnnUZrYD21OK063g5Lr7ISoGr4fsuZstejVmn8moPz4uJhESZw,DIAMOND,DIAMOND,II,84,CHN Hei,EUW,EUW1_7886146892,2026-06-13 16:26:38.437000+00:00,420,CLASSIC,24.75,Ashe,BOTTOM,True,7,2,13,10.0,13672,25516,15607,15,200,8.080808080808081
15,TIoqqZOTEp85Zs2JuwNZ1pg6qSRcLnnUZrYD21OK063g5Lr7ISoGr4fsuZstejVmn8moPz4uJhESZw,DIAMOND,DIAMOND,II,84,CHN Hei,EUW,EUW1_7886178446,2026-06-13 16:57:57.568000+00:00,420,CLASSIC,33.983333333333334,Smolder,BOTTOM,True,14,4,7,5.25,19148,37000,26139,18,304,8.945561549779303
15,TIoqqZOTEp85Zs2JuwNZ1pg6qSRcLnnUZrYD21OK063g5Lr7ISoGr4fsuZstejVmn8moPz4uJhESZw,DIAMOND,DIAMOND,II,84,CHN Hei,EUW,EUW1_7886285247,2026-06-13 18:26:06.933000+00:00,420,CLASSIC,44.15,Ashe,BOTTOM,True,8,9,24,3.5555555555555554,24223,49241,37487,67,322,7.293318233295583
15,TIoqqZOTEp85Zs2JuwNZ1pg6qSRcLnnUZrYD21OK063g5Lr7ISoGr4fsuZstejVmn8moPz4uJhESZw,DIAMOND,DIAMOND,II,84,CHN Hei,EUW,EUW1_7886355576,2026-06-13 19:14:29.161000+00:00,420,CLASSIC,23.1,Hwei,BOTTOM,False,3,2,4,3.5,8506,16681,11230,10,178,7.705627705627705
15,TIoqqZOTEp85Zs2JuwNZ1pg6qSRcLnnUZrYD21OK063g5Lr7ISoGr4fsuZstejVmn8moPz4uJhESZw,DIAMOND,DIAMOND,II,84,CHN Hei,EUW,EUW1_7886418986,2026-06-13 20:04:37.261000+00:00,420,CLASSIC,34.03333333333333,Jhin,BOTTOM,False,9,6,9,3.0,16867,34492,18321,19,274,8.050930460333007
15,TIoqqZOTEp85Zs2JuwNZ1pg6qSRcLnnUZrYD21OK063g5Lr7ISoGr4fsuZstejVmn8moPz4uJhESZw,DIAMOND,DIAMOND,II,84,CHN Hei,EUW,EUW1_7886475366,2026-06-13 20:45:02.568000+00:00,420,CLASSIC,27.916666666666668,Darius,TOP,True,8,6,3,1.8333333333333333,12061,18275,31424,23,208,7.450746268656716
15,TIoqqZOTEp85Zs2JuwNZ1pg6qSRcLnnUZrYD21OK063g5Lr7ISoGr4fsuZstejVmn8moPz4uJhESZw,DIAMOND,DIAMOND,II,84,CHN Hei,EUW,EUW1_7886528022,2026-06-13 21:18:30.241000+00:00,420,CLASSIC,22.0,Jhin,BOTTOM,True,10,1,7,17.0,12981,13926,7374,7,177,8.045454545454545
15,TIoqqZOTEp85Zs2JuwNZ1pg6qSRcLnnUZrYD21OK063g5Lr7ISoGr4fsuZstejVmn8moPz4uJhESZw,DIAMOND,DIAMOND,II,84,CHN Hei,EUW,EUW1_7886570750,2026-06-13 21:46:55.464000+00:00,420,CLASSIC,33.266666666666666,Jhin,BOTTOM,True,2,9,14,1.7777777777777777,14949,17857,24795,10,235,7.064128256513026
15,TIoqqZOTEp85Zs2JuwNZ1pg6qSRcLnnUZrYD21OK063g5Lr7ISoGr4fsuZstejVmn8moPz4uJhESZw,DIAMOND,DIAMOND,II,84,CHN Hei,EUW,EUW1_7886615186,2026-06-13 22:24:57.827000+00:00,420,CLASSIC,36.766666666666666,Jhin,BOTTOM,True,16,6,19,5.833333333333333,19438,35204,21972,11,230,6.255666364460562
15,TIoqqZOTEp85Zs2JuwNZ1pg6qSRcLnnUZrYD21OK063g5Lr7ISoGr4fsuZstejVmn8moPz4uJhESZw,DIAMOND,DIAMOND,II,84,CHN Hei,EUW,EUW1_7887349023,2026-06-14 16:20:10.029000+00:00,420,CLASSIC,28.566666666666666,Jhin,BOTTOM,False,7,2,6,6.5,15979,29164,18197,21,258,9.031505250875146
15,TIoqqZOTEp85Zs2JuwNZ1pg6qSRcLnnUZrYD21OK063g5Lr7ISoGr4fsuZstejVmn8moPz4uJhESZw,DIAMOND,DIAMOND,II,84,CHN Hei,EUW,EUW1_7887400599,2026-06-14 16:54:16.957000+00:00,420,CLASSIC,27.016666666666666,Jhin,BOTTOM,True,7,3,11,6.0,15486,21290,13549,10,242,8.957433682911784
15,TIoqqZOTEp85Zs2JuwNZ1pg6qSRcLnnUZrYD21OK063g5Lr7ISoGr4fsuZstejVmn8moPz4uJhESZw,DIAMOND,DIAMOND,II,84,CHN Hei,EUW,EUW1_7887466761,2026-06-14 17:46:31.813000+00:00,420,CLASSIC,32.95,Jhin,BOTTOM,False,9,8,6,1.875,16051,18835,23620,18,264,8.012139605462822
15,TIoqqZOTEp85Zs2JuwNZ1pg6qSRcLnnUZrYD21OK063g5Lr7ISoGr4fsuZstejVmn8moPz4uJhESZw,DIAMOND,DIAMOND,II,84,CHN Hei,EUW,EUW1_7887519488,2026-06-14 18:24:12.389000+00:00,420,CLASSIC,26.316666666666666,MissFortune,BOTTOM,True,3,4,6,2.25,10547,16423,11655,13,199,7.561747941735276
15,TIoqqZOTEp85Zs2JuwNZ1pg6qSRcLnnUZrYD21OK063g5Lr7ISoGr4fsuZstejVmn8moPz4uJhESZw,DIAMOND,DIAMOND,II,84,CHN Hei,EUW,EUW1_7887558982,2026-06-14 18:55:39.548000+00:00,420,CLASSIC,23.733333333333334,Sivir,BOTTOM,False,0,8,3,0.375,7588,8490,16553,13,151,6.362359550561798
15,TIoqqZOTEp85Zs2JuwNZ1pg6qSRcLnnUZrYD21OK063g5Lr7ISoGr4fsuZstejVmn8moPz4uJhESZw,DIAMOND,DIAMOND,II,84,CHN Hei,EUW,EUW1_7887669145,2026-06-14 20:06:09.539000+00:00,420,CLASSIC,30.1,Vayne,BOTTOM,True,9,3,11,6.666666666666667,15529,25253,20359,19,257,8.538205980066445
15,TIoqqZOTEp85Zs2JuwNZ1pg6qSRcLnnUZrYD21OK063g5Lr7ISoGr4fsuZstejVmn8moPz4uJhESZw,DIAMOND,DIAMOND,II,84,CHN Hei,EUW,EUW1_7887726868,2026-06-14 20:40:18.009000+00:00,420,CLASSIC,25.733333333333334,Twitch,BOTTOM,True,4,4,10,3.5,10877,13951,14233,10,187,7.266839378238342
15,TIoqqZOTEp85Zs2JuwNZ1pg6qSRcLnnUZrYD21OK063g5Lr7ISoGr4fsuZstejVmn8moPz4uJhESZw,DIAMOND,DIAMOND,II,84,CHN Hei,EUW,EUW1_7887770738,2026-06-14 21:11:03.881000+00:00,420,CLASSIC,29.783333333333335,Lucian,BOTTOM,False,3,6,3,1.0,11106,15738,20309,24,227,7.62171236709569
15,TIoqqZOTEp85Zs2JuwNZ1pg6qSRcLnnUZrYD21OK063g5Lr7ISoGr4fsuZstejVmn8moPz4uJhESZw,DIAMOND,DIAMOND,II,84,CHN Hei,EUW,EUW1_7887821544,2026-06-14 21:48:29.303000+00:00,420,CLASSIC,24.883333333333333,Kaisa,BOTTOM,True,7,4,4,2.75,12849,14622,14339,13,174,6.992632283991963
15,TIoqqZOTEp85Zs2JuwNZ1pg6qSRcLnnUZrYD21OK063g5Lr7ISoGr4fsuZstejVmn8moPz4uJhESZw,DIAMOND,DIAMOND,II,84,CHN Hei,EUW,EUW1_7887849029,2026-06-14 22:17:37.313000+00:00,420,CLASSIC,32.516666666666666,Caitlyn,BOTTOM,False,12,10,5,1.7,19388,39018,25539,23,260,7.9958995386981035
15,TIoqqZOTEp85Zs2JuwNZ1pg6qSRcLnnUZrYD21OK063g5Lr7ISoGr4fsuZstejVmn8moPz4uJhESZw,DIAMOND,DIAMOND,II,84,CHN Hei,EUW,EUW1_7894868780,2026-06-21 18:03:09.989000+00:00,420,CLASSIC,26.983333333333334,Aphelios,BOTTOM,False,7,12,0,0.5833333333333334,14530,18489,21142,22,203,7.523162445954292
15,TIoqqZOTEp85Zs2JuwNZ1pg6qSRcLnnUZrYD21OK063g5Lr7ISoGr4fsuZstejVmn8moPz4uJhESZw,DIAMOND,DIAMOND,II,84,CHN Hei,EUW,EUW1_7894914885,2026-06-21 18:33:44.812000+00:00,420,CLASSIC,33.266666666666666,Jhin,BOTTOM,False,5,4,11,4.0,16149,28722,17497,13,275,8.266533066132265
15,TIoqqZOTEp85Zs2JuwNZ1pg6qSRcLnnUZrYD21OK063g5Lr7ISoGr4fsuZstejVmn8moPz4uJhESZw,DIAMOND,DIAMOND,II,84,CHN Hei,EUW,EUW1_7894967384,2026-06-21 19:11:35.390000+00:00,420,CLASSIC,26.766666666666666,Twitch,BOTTOM,False,3,9,4,0.7777777777777778,9368,11380,21652,13,169,6.313823163138232
15,TIoqqZOTEp85Zs2JuwNZ1pg6qSRcLnnUZrYD21OK063g5Lr7ISoGr4fsuZstejVmn8moPz4uJhESZw,DIAMOND,DIAMOND,II,84,CHN Hei,EUW,EUW1_7895021837,2026-06-21 19:43:24.849000+00:00,420,CLASSIC,28.266666666666666,Yunara,BOTTOM,True,3,5,11,2.8,14257,14743,20574,21,244,8.632075471698114
15,TIoqqZOTEp85Zs2JuwNZ1pg6qSRcLnnUZrYD21OK063g5Lr7ISoGr4fsuZstejVmn8moPz4uJhESZw,DIAMOND,DIAMOND,II,84,CHN Hei,EUW,EUW1_7895089413,2026-06-21 20:31:53.781000+00:00,420,CLASSIC,28.866666666666667,Kalista,BOTTOM,True,8,10,6,1.4,13808,17324,27707,13,221,7.655889145496536
15,TIoqqZOTEp85Zs2JuwNZ1pg6qSRcLnnUZrYD21OK063g5Lr7ISoGr4fsuZstejVmn8moPz4uJhESZw,DIAMOND,DIAMOND,II,84,CHN Hei,EUW,EUW1_7898106905,2026-06-24 19:27:43.619000+00:00,420,CLASSIC,31.5,Briar,JUNGLE,True,8,2,8,8.0,15443,13712,25141,17,262,8.317460317460318
15,TIoqqZOTEp85Zs2JuwNZ1pg6qSRcLnnUZrYD21OK063g5Lr7ISoGr4fsuZstejVmn8moPz4uJhESZw,DIAMOND,DIAMOND,II,84,CHN Hei,EUW,EUW1_7898180739,2026-06-24 20:07:21.814000+00:00,420,CLASSIC,32.0,Vi,JUNGLE,True,6,4,6,3.0,14758,12627,17835,38,242,7.5625
15,TIoqqZOTEp85Zs2JuwNZ1pg6qSRcLnnUZrYD21OK063g5Lr7ISoGr4fsuZstejVmn8moPz4uJhESZw,DIAMOND,DIAMOND,II,84,CHN Hei,EUW,EUW1_7898249258,2026-06-24 20:44:43.236000+00:00,420,CLASSIC,26.116666666666667,RekSai,JUNGLE,False,5,5,5,2.0,10681,16686,31407,18,168,6.432673899170389
15,TIoqqZOTEp85Zs2JuwNZ1pg6qSRcLnnUZrYD21OK063g5Lr7ISoGr4fsuZstejVmn8moPz4uJhESZw,DIAMOND,DIAMOND,II,84,CHN Hei,EUW,EUW1_7898304913,2026-06-24 21:15:59.890000+00:00,420,CLASSIC,32.483333333333334,Kindred,JUNGLE,False,7,7,8,2.142857142857143,14597,34044,40179,23,265,8.158029758850692
15,TIoqqZOTEp85Zs2JuwNZ1pg6qSRcLnnUZrYD21OK063g5Lr7ISoGr4fsuZstejVmn8moPz4uJhESZw,DIAMOND,DIAMOND,II,84,CHN Hei,EUW,EUW1_7898363112,2026-06-24 21:53:48.052000+00:00,420,CLASSIC,22.916666666666668,Locke,MIDDLE,False,1,11,1,0.18181818181818182,6317,7631,28772,10,117,5.1054545454545455
15,TIoqqZOTEp85Zs2JuwNZ1pg6qSRcLnnUZrYD21OK063g5Lr7ISoGr4fsuZstejVmn8moPz4uJhESZw,DIAMOND,DIAMOND,II,84,CHN Hei,EUW,EUW1_7898397874,2026-06-24 22:20:25.607000+00:00,420,CLASSIC,21.9,Locke,JUNGLE,False,2,3,4,2.0,9016,7486,16143,10,170,7.762557077625571
15,TIoqqZOTEp85Zs2JuwNZ1pg6qSRcLnnUZrYD21OK063g5Lr7ISoGr4fsuZstejVmn8moPz4uJhESZw,DIAMOND,DIAMOND,II,84,CHN Hei,EUW,EUW1_7898433563,2026-06-24 22:51:27.995000+00:00,420,CLASSIC,26.016666666666666,Yunara,BOTTOM,False,7,9,3,1.1111111111111112,12051,20807,21148,9,164,6.303651505445227
15,TIoqqZOTEp85Zs2JuwNZ1pg6qSRcLnnUZrYD21OK063g5Lr7ISoGr4fsuZstejVmn8moPz4uJhESZw,DIAMOND,DIAMOND,II,84,CHN Hei,EUW,EUW1_7898455991,2026-06-24 23:22:58.816000+00:00,420,CLASSIC,22.383333333333333,MasterYi,JUNGLE,True,7,0,5,12.0,11315,7606,10233,16,189,8.443782576321668
15,TIoqqZOTEp85Zs2JuwNZ1pg6qSRcLnnUZrYD21OK063g5Lr7ISoGr4fsuZstejVmn8moPz4uJhESZw,DIAMOND,DIAMOND,II,84,CHN Hei,EUW,EUW1_7898481783,2026-06-24 23:55:09.543000+00:00,420,CLASSIC,21.95,Locke,MIDDLE,True,13,4,2,3.75,11339,27726,23959,10,161,7.334851936218679
15,TIoqqZOTEp85Zs2JuwNZ1pg6qSRcLnnUZrYD21OK063g5Lr7ISoGr4fsuZstejVmn8moPz4uJhESZw,DIAMOND,DIAMOND,II,84,CHN Hei,EUW,EUW1_7898495184,2026-06-25 00:26:57.884000+00:00,420,CLASSIC,26.65,Ezreal,MIDDLE,True,5,2,6,5.5,12762,20351,23211,13,223,8.367729831144466
15,TIoqqZOTEp85Zs2JuwNZ1pg6qSRcLnnUZrYD21OK063g5Lr7ISoGr4fsuZstejVmn8moPz4uJhESZw,DIAMOND,DIAMOND,II,84,CHN Hei,EUW,EUW1_7898514124,2026-06-25 01:01:38.936000+00:00,420,CLASSIC,25.55,Viego,JUNGLE,True,16,3,0,5.333333333333333,15453,17237,21989,17,194,7.592954990215264
15,TIoqqZOTEp85Zs2JuwNZ1pg6qSRcLnnUZrYD21OK063g5Lr7ISoGr4fsuZstejVmn8moPz4uJhESZw,DIAMOND,DIAMOND,II,84,CHN Hei,EUW,EUW1_7899052311,2026-06-25 16:39:39.287000+00:00,420,CLASSIC,26.016666666666666,Qiyana,JUNGLE,True,9,1,4,13.0,15428,14140,17331,15,209,8.03331197950032
15,TIoqqZOTEp85Zs2JuwNZ1pg6qSRcLnnUZrYD21OK063g5Lr7ISoGr4fsuZstejVmn8moPz4uJhESZw,DIAMOND,DIAMOND,II,84,CHN Hei,EUW,EUW1_7899134790,2026-06-25 17:41:35.393000+00:00,420,CLASSIC,28.633333333333333,MasterYi,JUNGLE,False,7,7,1,1.1428571428571428,13938,16121,27012,15,193,6.740395809080326
15,TIoqqZOTEp85Zs2JuwNZ1pg6qSRcLnnUZrYD21OK063g5Lr7ISoGr4fsuZstejVmn8moPz4uJhESZw,DIAMOND,DIAMOND,II,84,CHN Hei,EUW,EUW1_7899176270,2026-06-25 18:15:37.344000+00:00,420,CLASSIC,26.9,Malzahar,MIDDLE,True,2,6,10,2.0,11756,16450,18330,23,238,8.847583643122677
15,TIoqqZOTEp85Zs2JuwNZ1pg6qSRcLnnUZrYD21OK063g5Lr7ISoGr4fsuZstejVmn8moPz4uJhESZw,DIAMOND,DIAMOND,II,84,CHN Hei,EUW,EUW1_7899358622,2026-06-25 20:12:52.990000+00:00,420,CLASSIC,21.866666666666667,JarvanIV,JUNGLE,False,2,5,5,1.4,7613,9198,22432,12,117,5.350609756097561
15,TIoqqZOTEp85Zs2JuwNZ1pg6qSRcLnnUZrYD21OK063g5Lr7ISoGr4fsuZstejVmn8moPz4uJhESZw,DIAMOND,DIAMOND,II,84,CHN Hei,EUW,EUW1_7899398459,2026-06-25 20:39:52.371000+00:00,420,CLASSIC,32.166666666666664,Hecarim,JUNGLE,False,10,7,13,3.2857142857142856,14601,22754,38131,29,220,6.839378238341969
15,TIoqqZOTEp85Zs2JuwNZ1pg6qSRcLnnUZrYD21OK063g5Lr7ISoGr4fsuZstejVmn8moPz4uJhESZw,DIAMOND,DIAMOND,II,84,CHN Hei,EUW,EUW1_7899449900,2026-06-25 21:19:18.458000+00:00,420,CLASSIC,36.96666666666667,Sylas,MIDDLE,False,9,12,9,1.5,15739,35809,50927,12,217,5.870153291253381
15,TIoqqZOTEp85Zs2JuwNZ1pg6qSRcLnnUZrYD21OK063g5Lr7ISoGr4fsuZstejVmn8moPz4uJhESZw,DIAMOND,DIAMOND,II,84,CHN Hei,EUW,EUW1_7901884698,2026-06-28 04:58:18.022000+00:00,420,CLASSIC,15.25,Locke,BOTTOM,True,12,0,4,16.0,9707,15924,8986,5,112,7.344262295081967
15,TIoqqZOTEp85Zs2JuwNZ1pg6qSRcLnnUZrYD21OK063g5Lr7ISoGr4fsuZstejVmn8moPz4uJhESZw,DIAMOND,DIAMOND,II,84,CHN Hei,EUW,EUW1_7901886746,2026-06-28 05:19:31.084000+00:00,420,CLASSIC,25.716666666666665,Kalista,BOTTOM,True,4,8,8,1.5,11888,16732,19078,11,188,7.310434219053792
15,TIoqqZOTEp85Zs2JuwNZ1pg6qSRcLnnUZrYD21OK063g5Lr7ISoGr4fsuZstejVmn8moPz4uJhESZw,DIAMOND,DIAMOND,II,84,CHN Hei,EUW,EUW1_7901887221,2026-06-28 05:53:37.916000+00:00,420,CLASSIC,28.3,Malzahar,MIDDLE,True,14,3,12,8.666666666666666,14250,36088,15059,17,225,7.950530035335689
15,TIoqqZOTEp85Zs2JuwNZ1pg6qSRcLnnUZrYD21OK063g5Lr7ISoGr4fsuZstejVmn8moPz4uJhESZw,DIAMOND,DIAMOND,II,84,CHN Hei,EUW,EUW1_7901904725,2026-06-28 06:58:06.306000+00:00,420,CLASSIC,42.56666666666667,Kalista,BOTTOM,True,19,5,6,5.0,21881,39790,35018,31,294,6.906812842599843
15,TIoqqZOTEp85Zs2JuwNZ1pg6qSRcLnnUZrYD21OK063g5Lr7ISoGr4fsuZstejVmn8moPz4uJhESZw,DIAMOND,DIAMOND,II,84,CHN Hei,EUW,EUW1_7901920789,2026-06-28 07:54:50.675000+00:00,420,CLASSIC,24.866666666666667,Kaisa,BOTTOM,True,9,4,7,4.0,13326,20013,13593,9,166,6.6756032171581765
15,TIoqqZOTEp85Zs2JuwNZ1pg6qSRcLnnUZrYD21OK063g5Lr7ISoGr4fsuZstejVmn8moPz4uJhESZw,DIAMOND,DIAMOND,II,84,CHN Hei,EUW,EUW1_7901933859,2026-06-28 08:25:06.011000+00:00,420,CLASSIC,41.28333333333333,Locke,BOTTOM,True,17,9,12,3.2222222222222223,21975,46360,46818,33,250,6.0557125555106985
15,TIoqqZOTEp85Zs2JuwNZ1pg6qSRcLnnUZrYD21OK063g5Lr7ISoGr4fsuZstejVmn8moPz4uJhESZw,DIAMOND,DIAMOND,II,84,CHN Hei,EUW,EUW1_7901963534,2026-06-28 09:13:22.039000+00:00,420,CLASSIC,22.85,Caitlyn,BOTTOM,True,4,0,7,11.0,11093,14133,9325,14,203,8.884026258205688
15,TIoqqZOTEp85Zs2JuwNZ1pg6qSRcLnnUZrYD21OK063g5Lr7ISoGr4fsuZstejVmn8moPz4uJhESZw,DIAMOND,DIAMOND,II,84,CHN Hei,EUW,EUW1_7906652759,2026-07-02 18:37:23.890000+00:00,420,CLASSIC,15.233333333333333,KogMaw,BOTTOM,True,1,0,3,4.0,5805,6430,5530,1,121,7.943107221006565
15,TIoqqZOTEp85Zs2JuwNZ1pg6qSRcLnnUZrYD21OK063g5Lr7ISoGr4fsuZstejVmn8moPz4uJhESZw,DIAMOND,DIAMOND,II,84,CHN Hei,EUW,EUW1_7906677371,2026-07-02 19:00:37.491000+00:00,420,CLASSIC,25.3,Caitlyn,BOTTOM,False,1,5,5,1.2,10222,11497,14958,14,196,7.747035573122529
15,TIoqqZOTEp85Zs2JuwNZ1pg6qSRcLnnUZrYD21OK063g5Lr7ISoGr4fsuZstejVmn8moPz4uJhESZw,DIAMOND,DIAMOND,II,84,CHN Hei,EUW,EUW1_7906723743,2026-07-02 19:31:51.084000+00:00,420,CLASSIC,32.6,Kalista,BOTTOM,False,5,6,4,1.5,14738,15850,25074,20,274,8.404907975460123
15,TIoqqZOTEp85Zs2JuwNZ1pg6qSRcLnnUZrYD21OK063g5Lr7ISoGr4fsuZstejVmn8moPz4uJhESZw,DIAMOND,DIAMOND,II,84,CHN Hei,EUW,EUW1_7909029207,2026-07-05 00:13:50.686000+00:00,420,CLASSIC,28.45,Kalista,BOTTOM,False,8,11,3,1.0,12525,22292,26751,16,199,6.994727592267136
15,TIoqqZOTEp85Zs2JuwNZ1pg6qSRcLnnUZrYD21OK063g5Lr7ISoGr4fsuZstejVmn8moPz4uJhESZw,DIAMOND,DIAMOND,II,84,CHN Hei,EUW,EUW1_7909054607,2026-07-05 00:46:36.475000+00:00,420,CLASSIC,35.8,Lucian,BOTTOM,True,12,6,13,4.166666666666667,19551,35585,34212,26,289,8.072625698324023
15,TIoqqZOTEp85Zs2JuwNZ1pg6qSRcLnnUZrYD21OK063g5Lr7ISoGr4fsuZstejVmn8moPz4uJhESZw,DIAMOND,DIAMOND,II,84,CHN Hei,EUW,EUW1_7909155428,2026-07-05 08:38:04.392000+00:00,420,CLASSIC,22.933333333333334,Senna,BOTTOM,True,9,7,15,3.4285714285714284,11292,22091,17299,13,104,4.534883720930233
15,TIoqqZOTEp85Zs2JuwNZ1pg6qSRcLnnUZrYD21OK063g5Lr7ISoGr4fsuZstejVmn8moPz4uJhESZw,DIAMOND,DIAMOND,II,84,CHN Hei,EUW,EUW1_7909179522,2026-07-05 09:08:47.592000+00:00,420,CLASSIC,28.566666666666666,Locke,BOTTOM,False,3,7,3,0.8571428571428571,10673,13291,26581,16,221,7.736289381563594
15,TIoqqZOTEp85Zs2JuwNZ1pg6qSRcLnnUZrYD21OK063g5Lr7ISoGr4fsuZstejVmn8moPz4uJhESZw,DIAMOND,DIAMOND,II,84,CHN Hei,EUW,EUW1_7909197855,2026-07-05 09:42:16.326000+00:00,420,CLASSIC,27.883333333333333,Caitlyn,BOTTOM,True,15,2,4,9.5,18950,33147,16804,15,257,9.216975493126121
15,TIoqqZOTEp85Zs2JuwNZ1pg6qSRcLnnUZrYD21OK063g5Lr7ISoGr4fsuZstejVmn8moPz4uJhESZw,DIAMOND,DIAMOND,II,84,CHN Hei,EUW,EUW1_7909234333,2026-07-05 10:38:35.986000+00:00,420,CLASSIC,27.75,Ezreal,BOTTOM,True,8,3,7,5.0,15569,31129,19219,13,232,8.36036036036036
15,TIoqqZOTEp85Zs2JuwNZ1pg6qSRcLnnUZrYD21OK063g5Lr7ISoGr4fsuZstejVmn8moPz4uJhESZw,DIAMOND,DIAMOND,II,84,CHN Hei,EUW,EUW1_7917629894,2026-07-13 18:55:29.861000+00:00,420,CLASSIC,25.933333333333334,Caitlyn,BOTTOM,False,3,5,4,1.4,12427,11218,13282,7,231,8.90745501285347
15,TIoqqZOTEp85Zs2JuwNZ1pg6qSRcLnnUZrYD21OK063g5Lr7ISoGr4fsuZstejVmn8moPz4uJhESZw,DIAMOND,DIAMOND,II,84,CHN Hei,EUW,EUW1_7917677257,2026-07-13 19:34:28.974000+00:00,420,CLASSIC,21.783333333333335,Senna,BOTTOM,False,3,5,6,1.8,9241,11135,17313,4,128,5.876052027543993
15,TIoqqZOTEp85Zs2JuwNZ1pg6qSRcLnnUZrYD21OK063g5Lr7ISoGr4fsuZstejVmn8moPz4uJhESZw,DIAMOND,DIAMOND,II,84,CHN Hei,EUW,EUW1_7917719191,2026-07-13 20:01:43.710000+00:00,420,CLASSIC,22.833333333333332,Kalista,BOTTOM,True,15,3,9,8.0,15386,20477,17008,7,193,8.452554744525548
15,TIoqqZOTEp85Zs2JuwNZ1pg6qSRcLnnUZrYD21OK063g5Lr7ISoGr4fsuZstejVmn8moPz4uJhESZw,DIAMOND,DIAMOND,II,84,CHN Hei,EUW,EUW1_7918932935,2026-07-14 23:46:29.249000+00:00,420,CLASSIC,33.916666666666664,Jhin,BOTTOM,False,6,4,9,3.75,15747,39261,27156,11,239,7.0466830466830475
15,TIoqqZOTEp85Zs2JuwNZ1pg6qSRcLnnUZrYD21OK063g5Lr7ISoGr4fsuZstejVmn8moPz4uJhESZw,DIAMOND,DIAMOND,II,84,CHN Hei,EUW,EUW1_7924976336,2026-07-21 01:21:28.459000+00:00,420,CLASSIC,26.883333333333333,Ornn,TOP,False,3,6,4,1.1666666666666667,7721,15709,36422,11,106,3.9429634221946683
15,TIoqqZOTEp85Zs2JuwNZ1pg6qSRcLnnUZrYD21OK063g5Lr7ISoGr4fsuZstejVmn8moPz4uJhESZw,DIAMOND,DIAMOND,II,84,CHN Hei,EUW,EUW1_7924985179,2026-07-21 01:53:46.346000+00:00,420,CLASSIC,31.733333333333334,Tristana,BOTTOM,False,15,5,3,3.6,20229,34887,25750,20,239,7.531512605042017
15,TIoqqZOTEp85Zs2JuwNZ1pg6qSRcLnnUZrYD21OK063g5Lr7ISoGr4fsuZstejVmn8moPz4uJhESZw,DIAMOND,DIAMOND,II,84,CHN Hei,EUW,EUW1_7927986566,2026-07-24 01:37:19.027000+00:00,420,CLASSIC,27.016666666666666,Sion,BOTTOM,True,7,6,21,4.666666666666667,13165,22735,38542,11,138,5.107958050586058
15,TIoqqZOTEp85Zs2JuwNZ1pg6qSRcLnnUZrYD21OK063g5Lr7ISoGr4fsuZstejVmn8moPz4uJhESZw,DIAMOND,DIAMOND,II,84,CHN Hei,EUW,EUW1_7934141494,2026-07-29 23:08:19.765000+00:00,420,CLASSIC,22.266666666666666,Neeko,UTILITY,False,1,5,6,1.4,6543,14000,19174,26,42,1.8862275449101797
15,TIoqqZOTEp85Zs2JuwNZ1pg6qSRcLnnUZrYD21OK063g5Lr7ISoGr4fsuZstejVmn8moPz4uJhESZw,DIAMOND,DIAMOND,II,84,CHN Hei,EUW,EUW1_7934152007,2026-07-29 23:36:12.866000+00:00,420,CLASSIC,30.383333333333333,Nautilus,UTILITY,False,1,11,13,1.2727272727272727,8491,9910,36946,50,12,0.3949533735600658
15,TIoqqZOTEp85Zs2JuwNZ1pg6qSRcLnnUZrYD21OK063g5Lr7ISoGr4fsuZstejVmn8moPz4uJhESZw,DIAMOND,DIAMOND,II,84,CHN Hei,EUW,EUW1_7934175891,2026-07-30 00:12:28.191000+00:00,420,CLASSIC,24.416666666666668,Malzahar,MIDDLE,True,4,3,10,4.666666666666667,11518,17077,13780,11,223,9.133105802047782
15,TIoqqZOTEp85Zs2JuwNZ1pg6qSRcLnnUZrYD21OK063g5Lr7ISoGr4fsuZstejVmn8moPz4uJhESZw,DIAMOND,DIAMOND,II,84,CHN Hei,EUW,EUW1_7934205927,2026-07-30 01:21:10.588000+00:00,420,CLASSIC,28.3,Nami,UTILITY,False,1,7,15,2.2857142857142856,8364,7835,20348,64,19,0.6713780918727915
15,TIoqqZOTEp85Zs2JuwNZ1pg6qSRcLnnUZrYD21OK063g5Lr7ISoGr4fsuZstejVmn8moPz4uJhESZw,DIAMOND,DIAMOND,II,84,CHN Hei,EUW,EUW1_7934220636,2026-07-30 01:56:45.634000+00:00,420,CLASSIC,28.483333333333334,Syndra,BOTTOM,True,4,4,10,3.5,13628,16639,18905,7,201,7.056758338209479
15,TIoqqZOTEp85Zs2JuwNZ1pg6qSRcLnnUZrYD21OK063g5Lr7ISoGr4fsuZstejVmn8moPz4uJhESZw,DIAMOND,DIAMOND,II,84,CHN Hei,EUW,EUW1_7934253375,2026-07-30 06:25:29.694000+00:00,420,CLASSIC,23.85,Varus,BOTTOM,False,4,9,3,0.7777777777777778,9222,8862,19585,12,137,5.744234800838574
15,TIoqqZOTEp85Zs2JuwNZ1pg6qSRcLnnUZrYD21OK063g5Lr7ISoGr4fsuZstejVmn8moPz4uJhESZw,DIAMOND,DIAMOND,II,84,CHN Hei,EUW,EUW1_7934262341,2026-07-30 06:55:01.327000+00:00,420,CLASSIC,31.7,Sivir,BOTTOM,False,4,5,7,2.2,14886,28095,20948,22,309,9.74763406940063
15,TIoqqZOTEp85Zs2JuwNZ1pg6qSRcLnnUZrYD21OK063g5Lr7ISoGr4fsuZstejVmn8moPz4uJhESZw,DIAMOND,DIAMOND,II,84,CHN Hei,EUW,EUW1_7937475557,2026-08-02 01:27:10.923000+00:00,420,CLASSIC,15.183333333333334,KogMaw,BOTTOM,True,6,0,4,10.0,7533,11971,6900,7,104,6.849615806805708
15,TIoqqZOTEp85Zs2JuwNZ1pg6qSRcLnnUZrYD21OK063g5Lr7ISoGr4fsuZstejVmn8moPz4uJhESZw,DIAMOND,DIAMOND,II,84,CHN Hei,EUW,EUW1_7937467332,2026-08-02 01:50:27.776000+00:00,420,CLASSIC,26.183333333333334,Qiyana,JUNGLE,False,1,5,1,0.4,9565,8550,22376,12,184,7.027371101209421
15,TIoqqZOTEp85Zs2JuwNZ1pg6qSRcLnnUZrYD21OK063g5Lr7ISoGr4fsuZstejVmn8moPz4uJhESZw,DIAMOND,DIAMOND,II,84,CHN Hei,EUW,EUW1_7937483089,2026-08-02 02:24:44.551000+00:00,420,CLASSIC,23.8,KogMaw,BOTTOM,True,10,6,12,3.6666666666666665,15380,28688,17525,7,171,7.184873949579831
15,TIoqqZOTEp85Zs2JuwNZ1pg6qSRcLnnUZrYD21OK063g5Lr7ISoGr4fsuZstejVmn8moPz4uJhESZw,DIAMOND,DIAMOND,II,84,CHN Hei,EUW,EUW1_7937503020,2026-08-02 04:12:24.111000+00:00,420,CLASSIC,35.55,LeeSin,JUNGLE,False,7,14,17,1.7142857142857142,13312,24959,48108,34,169,4.753867791842476
15,TIoqqZOTEp85Zs2JuwNZ1pg6qSRcLnnUZrYD21OK063g5Lr7ISoGr4fsuZstejVmn8moPz4uJhESZw,DIAMOND,DIAMOND,II,84,CHN Hei,EUW,EUW1_7937514741,2026-08-02 04:53:39.120000+00:00,420,CLASSIC,21.116666666666667,Vi,JUNGLE,True,9,2,6,7.5,10918,14465,16881,13,163,7.719021310181531
15,TIoqqZOTEp85Zs2JuwNZ1pg6qSRcLnnUZrYD21OK063g5Lr7ISoGr4fsuZstejVmn8moPz4uJhESZw,DIAMOND,DIAMOND,II,84,CHN Hei,EUW,EUW1_7938660963,2026-08-03 04:18:14.268000+00:00,420,CLASSIC,39.78333333333333,Viktor,BOTTOM,False,2,9,15,1.8888888888888888,15806,39804,30067,22,258,6.485127775450357
15,TIoqqZOTEp85Zs2JuwNZ1pg6qSRcLnnUZrYD21OK063g5Lr7ISoGr4fsuZstejVmn8moPz4uJhESZw,DIAMOND,DIAMOND,II,84,CHN Hei,EUW,EUW1_7938659433,2026-08-03 05:04:49.519000+00:00,420,CLASSIC,26.05,Aphelios,BOTTOM,True,7,3,7,4.666666666666667,15688,15328,12552,15,230,8.829174664107486
16,i-gZg-9eWliHmRlDBwRFaSTaadF9QioIijrxwDztpHT9b9Mj3lbSeicKXpLogb404cH9emwx1WPtTw,DIAMOND,DIAMOND,III,13,Prostats,LECHE,EUW1_7748089391,2026-02-23 12:13:11.914000+00:00,420,CLASSIC,27.716666666666665,Teemo,JUNGLE,True,7,7,12,2.7142857142857144,12112,19832,27055,25,165,5.9530968129885755
16,i-gZg-9eWliHmRlDBwRFaSTaadF9QioIijrxwDztpHT9b9Mj3lbSeicKXpLogb404cH9emwx1WPtTw,DIAMOND,DIAMOND,III,13,Prostats,LECHE,EUW1_7748162866,2026-02-23 13:10:28.705000+00:00,420,CLASSIC,22.6,Graves,JUNGLE,False,5,7,1,0.8571428571428571,10761,14922,19145,8,161,7.123893805309734
16,i-gZg-9eWliHmRlDBwRFaSTaadF9QioIijrxwDztpHT9b9Mj3lbSeicKXpLogb404cH9emwx1WPtTw,DIAMOND,DIAMOND,III,13,Prostats,LECHE,EUW1_7748195290,2026-02-23 13:37:44.905000+00:00,420,CLASSIC,32.38333333333333,Skarner,JUNGLE,False,8,5,13,4.2,15604,37536,39469,20,231,7.133299022130726
16,i-gZg-9eWliHmRlDBwRFaSTaadF9QioIijrxwDztpHT9b9Mj3lbSeicKXpLogb404cH9emwx1WPtTw,DIAMOND,DIAMOND,III,13,Prostats,LECHE,EUW1_7748241333,2026-02-23 14:15:30.111000+00:00,420,CLASSIC,30.95,Belveth,JUNGLE,False,9,9,9,2.0,14272,24047,42676,19,210,6.78513731825525
16,i-gZg-9eWliHmRlDBwRFaSTaadF9QioIijrxwDztpHT9b9Mj3lbSeicKXpLogb404cH9emwx1WPtTw,DIAMOND,DIAMOND,III,13,Prostats,LECHE,EUW1_7753204143,2026-02-26 11:43:34.494000+00:00,420,CLASSIC,32.3,Skarner,JUNGLE,False,4,10,11,1.5,11321,17916,45173,27,198,6.130030959752323
16,i-gZg-9eWliHmRlDBwRFaSTaadF9QioIijrxwDztpHT9b9Mj3lbSeicKXpLogb404cH9emwx1WPtTw,DIAMOND,DIAMOND,III,13,Prostats,LECHE,EUW1_7753486238,2026-02-26 15:29:20.830000+00:00,420,CLASSIC,16.5,Sion,TOP,False,0,7,0,0.0,5000,13543,17682,15,134,8.121212121212121
16,i-gZg-9eWliHmRlDBwRFaSTaadF9QioIijrxwDztpHT9b9Mj3lbSeicKXpLogb404cH9emwx1WPtTw,DIAMOND,DIAMOND,III,13,Prostats,LECHE,EUW1_7763669788,2026-03-05 11:53:13.886000+00:00,420,CLASSIC,29.8,KogMaw,MIDDLE,False,8,4,8,4.0,17026,39671,24691,9,256,8.590604026845638
16,i-gZg-9eWliHmRlDBwRFaSTaadF9QioIijrxwDztpHT9b9Mj3lbSeicKXpLogb404cH9emwx1WPtTw,DIAMOND,DIAMOND,III,13,Prostats,LECHE,EUW1_7763836951,2026-03-05 14:48:42.242000+00:00,420,CLASSIC,19.85,LeeSin,JUNGLE,False,2,6,2,0.6666666666666666,6690,8239,18598,11,108,5.44080604534005
16,i-gZg-9eWliHmRlDBwRFaSTaadF9QioIijrxwDztpHT9b9Mj3lbSeicKXpLogb404cH9emwx1WPtTw,DIAMOND,DIAMOND,III,13,Prostats,LECHE,EUW1_7764975576,2026-03-06 07:46:52.455000+00:00,420,CLASSIC,31.716666666666665,Garen,TOP,True,10,6,6,2.6666666666666665,17914,46495,41546,36,308,9.710982658959539
16,i-gZg-9eWliHmRlDBwRFaSTaadF9QioIijrxwDztpHT9b9Mj3lbSeicKXpLogb404cH9emwx1WPtTw,DIAMOND,DIAMOND,III,13,Prostats,LECHE,EUW1_7765000811,2026-03-06 08:24:09.873000+00:00,420,CLASSIC,30.65,Hwei,MIDDLE,False,10,8,4,1.75,14388,31043,27663,21,210,6.851549755301795
16,i-gZg-9eWliHmRlDBwRFaSTaadF9QioIijrxwDztpHT9b9Mj3lbSeicKXpLogb404cH9emwx1WPtTw,DIAMOND,DIAMOND,III,13,Prostats,LECHE,EUW1_7765030951,2026-03-06 09:04:15.612000+00:00,420,CLASSIC,31.6,Ahri,MIDDLE,True,6,9,11,1.8888888888888888,13717,34226,29412,29,232,7.341772151898734
16,i-gZg-9eWliHmRlDBwRFaSTaadF9QioIijrxwDztpHT9b9Mj3lbSeicKXpLogb404cH9emwx1WPtTw,DIAMOND,DIAMOND,III,13,Prostats,LECHE,EUW1_7765062014,2026-03-06 09:41:35.562000+00:00,420,CLASSIC,25.966666666666665,Qiyana,MIDDLE,False,1,10,5,0.6,8109,10608,28426,17,163,6.2772785622593075
16,i-gZg-9eWliHmRlDBwRFaSTaadF9QioIijrxwDztpHT9b9Mj3lbSeicKXpLogb404cH9emwx1WPtTw,DIAMOND,DIAMOND,III,13,Prostats,LECHE,EUW1_7765094713,2026-03-06 10:13:13.913000+00:00,420,CLASSIC,30.316666666666666,DrMundo,JUNGLE,True,5,4,15,5.0,15619,25098,53814,21,273,9.004947773501923
16,i-gZg-9eWliHmRlDBwRFaSTaadF9QioIijrxwDztpHT9b9Mj3lbSeicKXpLogb404cH9emwx1WPtTw,DIAMOND,DIAMOND,III,13,Prostats,LECHE,EUW1_7765132697,2026-03-06 10:51:44.350000+00:00,420,CLASSIC,30.916666666666668,Senna,UTILITY,False,3,9,17,2.2222222222222223,10728,17329,29727,101,34,1.099730458221024
16,i-gZg-9eWliHmRlDBwRFaSTaadF9QioIijrxwDztpHT9b9Mj3lbSeicKXpLogb404cH9emwx1WPtTw,DIAMOND,DIAMOND,III,13,Prostats,LECHE,EUW1_7765393786,2026-03-06 14:33:54.732000+00:00,420,CLASSIC,26.533333333333335,Vladimir,MIDDLE,True,4,5,4,1.6,11826,21332,28890,29,216,8.140703517587939
16,i-gZg-9eWliHmRlDBwRFaSTaadF9QioIijrxwDztpHT9b9Mj3lbSeicKXpLogb404cH9emwx1WPtTw,DIAMOND,DIAMOND,III,13,Prostats,LECHE,EUW1_7765447463,2026-03-06 15:09:18.634000+00:00,420,CLASSIC,24.383333333333333,Graves,MIDDLE,True,3,4,4,1.75,10042,22423,17288,20,196,8.038277511961722
16,i-gZg-9eWliHmRlDBwRFaSTaadF9QioIijrxwDztpHT9b9Mj3lbSeicKXpLogb404cH9emwx1WPtTw,DIAMOND,DIAMOND,III,13,Prostats,LECHE,EUW1_7765701851,2026-03-06 17:55:41.139000+00:00,420,CLASSIC,41.46666666666667,Darius,TOP,False,13,8,4,2.125,20086,39658,55020,63,320,7.717041800643086
16,i-gZg-9eWliHmRlDBwRFaSTaadF9QioIijrxwDztpHT9b9Mj3lbSeicKXpLogb404cH9emwx1WPtTw,DIAMOND,DIAMOND,III,13,Prostats,LECHE,EUW1_7766952201,2026-03-07 12:26:46.781000+00:00,420,CLASSIC,29.566666666666666,Viktor,MIDDLE,True,7,4,7,3.5,13271,23836,19334,23,211,7.13641488162345
16,i-gZg-9eWliHmRlDBwRFaSTaadF9QioIijrxwDztpHT9b9Mj3lbSeicKXpLogb404cH9emwx1WPtTw,DIAMOND,DIAMOND,III,13,Prostats,LECHE,EUW1_7767007360,2026-03-07 13:11:52.093000+00:00,420,CLASSIC,33.55,Graves,MIDDLE,False,12,7,2,2.0,16995,35918,32191,26,271,8.077496274217586
16,i-gZg-9eWliHmRlDBwRFaSTaadF9QioIijrxwDztpHT9b9Mj3lbSeicKXpLogb404cH9emwx1WPtTw,DIAMOND,DIAMOND,III,13,Prostats,LECHE,EUW1_7767069929,2026-03-07 13:50:45.616000+00:00,420,CLASSIC,32.93333333333333,Graves,MIDDLE,True,14,6,6,3.3333333333333335,17757,59878,35239,21,302,9.17004048582996
16,i-gZg-9eWliHmRlDBwRFaSTaadF9QioIijrxwDztpHT9b9Mj3lbSeicKXpLogb404cH9emwx1WPtTw,DIAMOND,DIAMOND,III,13,Prostats,LECHE,EUW1_7767126424,2026-03-07 14:31:49.108000+00:00,420,CLASSIC,26.25,Zoe,MIDDLE,False,5,8,5,1.25,10956,21485,21386,19,187,7.123809523809523
16,i-gZg-9eWliHmRlDBwRFaSTaadF9QioIijrxwDztpHT9b9Mj3lbSeicKXpLogb404cH9emwx1WPtTw,DIAMOND,DIAMOND,III,13,Prostats,LECHE,EUW1_7767382406,2026-03-07 17:08:02.571000+00:00,420,CLASSIC,27.616666666666667,Mel,MIDDLE,True,6,3,2,2.6666666666666665,12568,21431,15654,15,257,9.305974652987326
16,i-gZg-9eWliHmRlDBwRFaSTaadF9QioIijrxwDztpHT9b9Mj3lbSeicKXpLogb404cH9emwx1WPtTw,DIAMOND,DIAMOND,III,13,Prostats,LECHE,EUW1_7767436216,2026-03-07 17:40:44.931000+00:00,420,CLASSIC,37.15,Sion,MIDDLE,True,11,6,6,2.8333333333333335,17913,34398,96582,32,268,7.21399730820996
16,i-gZg-9eWliHmRlDBwRFaSTaadF9QioIijrxwDztpHT9b9Mj3lbSeicKXpLogb404cH9emwx1WPtTw,DIAMOND,DIAMOND,III,13,Prostats,LECHE,EUW1_7767598561,2026-03-07 19:16:58.558000+00:00,420,CLASSIC,22.05,Ekko,MIDDLE,False,2,8,7,1.125,8858,13466,21394,13,137,6.213151927437641
16,i-gZg-9eWliHmRlDBwRFaSTaadF9QioIijrxwDztpHT9b9Mj3lbSeicKXpLogb404cH9emwx1WPtTw,DIAMOND,DIAMOND,III,13,Prostats,LECHE,EUW1_7768437295,2026-03-08 08:28:09.629000+00:00,420,CLASSIC,32.416666666666664,Graves,JUNGLE,True,17,6,9,4.333333333333333,19494,29319,36310,29,259,7.989717223650386
16,i-gZg-9eWliHmRlDBwRFaSTaadF9QioIijrxwDztpHT9b9Mj3lbSeicKXpLogb404cH9emwx1WPtTw,DIAMOND,DIAMOND,III,13,Prostats,LECHE,EUW1_7768462363,2026-03-08 09:05:10.530000+00:00,420,CLASSIC,18.333333333333332,Graves,JUNGLE,False,6,6,1,1.1666666666666667,9413,9292,16995,5,147,8.01818181818182
16,i-gZg-9eWliHmRlDBwRFaSTaadF9QioIijrxwDztpHT9b9Mj3lbSeicKXpLogb404cH9emwx1WPtTw,DIAMOND,DIAMOND,III,13,Prostats,LECHE,EUW1_7768486742,2026-03-08 09:29:07.061000+00:00,420,CLASSIC,36.68333333333333,DrMundo,JUNGLE,True,10,7,16,3.7142857142857144,17837,40676,115516,37,240,6.542480690595185
16,i-gZg-9eWliHmRlDBwRFaSTaadF9QioIijrxwDztpHT9b9Mj3lbSeicKXpLogb404cH9emwx1WPtTw,DIAMOND,DIAMOND,III,13,Prostats,LECHE,EUW1_7768837492,2026-03-08 13:59:59.330000+00:00,420,CLASSIC,18.766666666666666,Graves,JUNGLE,True,3,3,7,3.3333333333333335,8108,8537,15415,7,143,7.619893428063944
16,i-gZg-9eWliHmRlDBwRFaSTaadF9QioIijrxwDztpHT9b9Mj3lbSeicKXpLogb404cH9emwx1WPtTw,DIAMOND,DIAMOND,III,13,Prostats,LECHE,EUW1_7768877809,2026-03-08 14:24:52.967000+00:00,420,CLASSIC,33.2,Graves,JUNGLE,True,9,6,12,3.5,16496,37456,40748,23,255,7.680722891566265
16,i-gZg-9eWliHmRlDBwRFaSTaadF9QioIijrxwDztpHT9b9Mj3lbSeicKXpLogb404cH9emwx1WPtTw,DIAMOND,DIAMOND,III,13,Prostats,LECHE,EUW1_7770248938,2026-03-09 07:10:12.900000+00:00,420,CLASSIC,26.683333333333334,Graves,JUNGLE,False,4,6,5,1.5,11122,19072,32914,18,205,7.682698313554028
16,i-gZg-9eWliHmRlDBwRFaSTaadF9QioIijrxwDztpHT9b9Mj3lbSeicKXpLogb404cH9emwx1WPtTw,DIAMOND,DIAMOND,III,13,Prostats,LECHE,EUW1_7770272414,2026-03-09 08:00:16.961000+00:00,420,CLASSIC,19.283333333333335,Graves,JUNGLE,True,3,1,7,10.0,9181,8493,13729,14,153,7.9343128781331025
16,i-gZg-9eWliHmRlDBwRFaSTaadF9QioIijrxwDztpHT9b9Mj3lbSeicKXpLogb404cH9emwx1WPtTw,DIAMOND,DIAMOND,III,13,Prostats,LECHE,EUW1_7770308075,2026-03-09 08:48:35.461000+00:00,420,CLASSIC,43.916666666666664,Graves,JUNGLE,True,13,9,20,3.6666666666666665,24955,54109,69572,30,356,8.106261859582544
16,i-gZg-9eWliHmRlDBwRFaSTaadF9QioIijrxwDztpHT9b9Mj3lbSeicKXpLogb404cH9emwx1WPtTw,DIAMOND,DIAMOND,III,13,Prostats,LECHE,EUW1_7770353575,2026-03-09 09:38:22.832000+00:00,420,CLASSIC,32.15,Graves,JUNGLE,False,9,7,9,2.5714285714285716,15454,48189,41279,30,248,7.7138413685847596
16,i-gZg-9eWliHmRlDBwRFaSTaadF9QioIijrxwDztpHT9b9Mj3lbSeicKXpLogb404cH9emwx1WPtTw,DIAMOND,DIAMOND,III,13,Prostats,LECHE,EUW1_7770391707,2026-03-09 10:21:57.607000+00:00,420,CLASSIC,27.616666666666667,DrMundo,JUNGLE,True,6,1,14,20.0,13726,27424,61897,17,220,7.966203983101991
16,i-gZg-9eWliHmRlDBwRFaSTaadF9QioIijrxwDztpHT9b9Mj3lbSeicKXpLogb404cH9emwx1WPtTw,DIAMOND,DIAMOND,III,13,Prostats,LECHE,EUW1_7770481934,2026-03-09 11:53:36.537000+00:00,420,CLASSIC,33.5,DrMundo,JUNGLE,True,8,4,12,5.0,16158,31105,73267,25,240,7.164179104477612
16,i-gZg-9eWliHmRlDBwRFaSTaadF9QioIijrxwDztpHT9b9Mj3lbSeicKXpLogb404cH9emwx1WPtTw,DIAMOND,DIAMOND,III,13,Prostats,LECHE,EUW1_7772322194,2026-03-10 14:49:01.107000+00:00,420,CLASSIC,21.933333333333334,Graves,JUNGLE,True,4,2,5,4.5,10024,11820,15151,16,188,8.571428571428571
16,i-gZg-9eWliHmRlDBwRFaSTaadF9QioIijrxwDztpHT9b9Mj3lbSeicKXpLogb404cH9emwx1WPtTw,DIAMOND,DIAMOND,III,13,Prostats,LECHE,EUW1_7789362023,2026-03-20 14:45:56.704000+00:00,420,CLASSIC,15.266666666666667,Ambessa,TOP,False,0,2,0,0.0,4901,10658,9459,8,127,8.318777292576419
16,i-gZg-9eWliHmRlDBwRFaSTaadF9QioIijrxwDztpHT9b9Mj3lbSeicKXpLogb404cH9emwx1WPtTw,DIAMOND,DIAMOND,III,13,Prostats,LECHE,EUW1_7805308093,2026-03-31 12:59:33.121000+00:00,420,CLASSIC,32.68333333333333,Jayce,TOP,True,6,11,9,1.3636363636363635,11851,33606,36162,33,205,6.272310045894952
16,i-gZg-9eWliHmRlDBwRFaSTaadF9QioIijrxwDztpHT9b9Mj3lbSeicKXpLogb404cH9emwx1WPtTw,DIAMOND,DIAMOND,III,13,Prostats,LECHE,EUW1_7805347744,2026-03-31 13:42:04.777000+00:00,420,CLASSIC,26.966666666666665,Jayce,TOP,True,8,5,6,2.8,13088,29292,20881,21,248,9.19653893695921
16,i-gZg-9eWliHmRlDBwRFaSTaadF9QioIijrxwDztpHT9b9Mj3lbSeicKXpLogb404cH9emwx1WPtTw,DIAMOND,DIAMOND,III,13,Prostats,LECHE,EUW1_7806185962,2026-04-01 09:04:17.790000+00:00,420,CLASSIC,30.8,Talon,JUNGLE,True,12,4,10,5.5,16482,29877,32371,34,250,8.116883116883116
16,i-gZg-9eWliHmRlDBwRFaSTaadF9QioIijrxwDztpHT9b9Mj3lbSeicKXpLogb404cH9emwx1WPtTw,DIAMOND,DIAMOND,III,13,Prostats,LECHE,EUW1_7806202265,2026-04-01 09:43:41.919000+00:00,420,CLASSIC,10.833333333333334,Talon,JUNGLE,False,1,2,3,2.0,4387,2895,8096,4,68,6.276923076923077
16,i-gZg-9eWliHmRlDBwRFaSTaadF9QioIijrxwDztpHT9b9Mj3lbSeicKXpLogb404cH9emwx1WPtTw,DIAMOND,DIAMOND,III,13,Prostats,LECHE,EUW1_7806250804,2026-04-01 11:04:19.304000+00:00,420,CLASSIC,28.116666666666667,Hecarim,JUNGLE,True,9,5,8,3.4,13803,16653,34043,15,215,7.646710136336692
16,i-gZg-9eWliHmRlDBwRFaSTaadF9QioIijrxwDztpHT9b9Mj3lbSeicKXpLogb404cH9emwx1WPtTw,DIAMOND,DIAMOND,III,13,Prostats,LECHE,EUW1_7806270305,2026-04-01 11:43:05.491000+00:00,420,CLASSIC,31.733333333333334,Shyvana,JUNGLE,True,5,8,15,2.5,15057,27675,43881,35,248,7.815126050420168
16,i-gZg-9eWliHmRlDBwRFaSTaadF9QioIijrxwDztpHT9b9Mj3lbSeicKXpLogb404cH9emwx1WPtTw,DIAMOND,DIAMOND,III,13,Prostats,LECHE,EUW1_7806333770,2026-04-01 13:08:19.403000+00:00,420,CLASSIC,30.866666666666667,Briar,JUNGLE,False,4,14,8,0.8571428571428571,13781,18574,49669,14,177,5.734341252699784
16,i-gZg-9eWliHmRlDBwRFaSTaadF9QioIijrxwDztpHT9b9Mj3lbSeicKXpLogb404cH9emwx1WPtTw,DIAMOND,DIAMOND,III,13,Prostats,LECHE,EUW1_7806358430,2026-04-01 13:44:46.276000+00:00,420,CLASSIC,24.75,Talon,JUNGLE,True,1,2,10,5.5,10117,12895,23748,12,188,7.595959595959596
16,i-gZg-9eWliHmRlDBwRFaSTaadF9QioIijrxwDztpHT9b9Mj3lbSeicKXpLogb404cH9emwx1WPtTw,DIAMOND,DIAMOND,III,13,Prostats,LECHE,EUW1_7807185469,2026-04-02 06:34:04.497000+00:00,420,CLASSIC,37.43333333333333,Sion,TOP,False,9,6,10,3.1666666666666665,22029,37336,74905,35,365,9.7506678539626
16,i-gZg-9eWliHmRlDBwRFaSTaadF9QioIijrxwDztpHT9b9Mj3lbSeicKXpLogb404cH9emwx1WPtTw,DIAMOND,DIAMOND,III,13,Prostats,LECHE,EUW1_7807193821,2026-04-02 07:18:40.920000+00:00,420,CLASSIC,40.55,Talon,MIDDLE,False,4,17,2,0.35294117647058826,15358,23141,45960,25,285,7.028360049321825
16,i-gZg-9eWliHmRlDBwRFaSTaadF9QioIijrxwDztpHT9b9Mj3lbSeicKXpLogb404cH9emwx1WPtTw,DIAMOND,DIAMOND,III,13,Prostats,LECHE,EUW1_7807239697,2026-04-02 09:08:37.634000+00:00,420,CLASSIC,40.46666666666667,Sylas,JUNGLE,True,9,11,15,2.1818181818181817,16458,28137,55576,40,231,5.7084019769357495
16,i-gZg-9eWliHmRlDBwRFaSTaadF9QioIijrxwDztpHT9b9Mj3lbSeicKXpLogb404cH9emwx1WPtTw,DIAMOND,DIAMOND,III,13,Prostats,LECHE,EUW1_7808287808,2026-04-03 05:58:34.291000+00:00,420,CLASSIC,28.1,Viego,JUNGLE,False,6,10,2,0.8,11404,13767,28040,20,164,5.8362989323843415
16,i-gZg-9eWliHmRlDBwRFaSTaadF9QioIijrxwDztpHT9b9Mj3lbSeicKXpLogb404cH9emwx1WPtTw,DIAMOND,DIAMOND,III,13,Prostats,LECHE,EUW1_7808295834,2026-04-03 06:33:32.806000+00:00,420,CLASSIC,29.65,Kayn,JUNGLE,False,10,10,12,2.2,13881,30452,36304,19,182,6.138279932546375
16,i-gZg-9eWliHmRlDBwRFaSTaadF9QioIijrxwDztpHT9b9Mj3lbSeicKXpLogb404cH9emwx1WPtTw,DIAMOND,DIAMOND,III,13,Prostats,LECHE,EUW1_7808322986,2026-04-03 08:05:22.603000+00:00,420,CLASSIC,28.783333333333335,Aatrox,TOP,False,7,8,1,1.0,11456,25525,40005,28,192,6.670526925303995
16,i-gZg-9eWliHmRlDBwRFaSTaadF9QioIijrxwDztpHT9b9Mj3lbSeicKXpLogb404cH9emwx1WPtTw,DIAMOND,DIAMOND,III,13,Prostats,LECHE,EUW1_7819274661,2026-04-13 13:38:18.803000+00:00,420,CLASSIC,26.85,Kayn,JUNGLE,False,8,7,5,1.8571428571428572,12569,25433,30615,20,214,7.970204841713221
16,i-gZg-9eWliHmRlDBwRFaSTaadF9QioIijrxwDztpHT9b9Mj3lbSeicKXpLogb404cH9emwx1WPtTw,DIAMOND,DIAMOND,III,13,Prostats,LECHE,EUW1_7825824866,2026-04-19 13:08:10.474000+00:00,420,CLASSIC,17.416666666666668,Vi,JUNGLE,False,1,5,3,0.8,5608,5178,14739,15,100,5.741626794258373
16,i-gZg-9eWliHmRlDBwRFaSTaadF9QioIijrxwDztpHT9b9Mj3lbSeicKXpLogb404cH9emwx1WPtTw,DIAMOND,DIAMOND,III,13,Prostats,LECHE,EUW1_7893475905,2026-06-20 14:14:01.979000+00:00,420,CLASSIC,32.2,Ekko,MIDDLE,False,9,7,10,2.7142857142857144,15686,38137,41099,29,296,9.19254658385093
16,i-gZg-9eWliHmRlDBwRFaSTaadF9QioIijrxwDztpHT9b9Mj3lbSeicKXpLogb404cH9emwx1WPtTw,DIAMOND,DIAMOND,III,13,Prostats,LECHE,EUW1_7895511761,2026-06-22 11:44:05.821000+00:00,420,CLASSIC,26.583333333333332,Ekko,MIDDLE,True,13,3,4,5.666666666666667,14649,40511,27095,8,204,7.673981191222571
16,i-gZg-9eWliHmRlDBwRFaSTaadF9QioIijrxwDztpHT9b9Mj3lbSeicKXpLogb404cH9emwx1WPtTw,DIAMOND,DIAMOND,III,13,Prostats,LECHE,EUW1_7895540359,2026-06-22 12:27:58.393000+00:00,420,CLASSIC,40.81666666666667,Caitlyn,BOTTOM,True,16,11,13,2.6363636363636362,23484,65983,48822,28,303,7.423438138015516
16,i-gZg-9eWliHmRlDBwRFaSTaadF9QioIijrxwDztpHT9b9Mj3lbSeicKXpLogb404cH9emwx1WPtTw,DIAMOND,DIAMOND,III,13,Prostats,LECHE,EUW1_7897985405,2026-06-24 18:26:00.552000+00:00,420,CLASSIC,1.2,Locke,MIDDLE,False,0,0,0,0.0,560,41,55,0,2,1.6666666666666667
16,i-gZg-9eWliHmRlDBwRFaSTaadF9QioIijrxwDztpHT9b9Mj3lbSeicKXpLogb404cH9emwx1WPtTw,DIAMOND,DIAMOND,III,13,Prostats,LECHE,EUW1_7898655989,2026-06-25 09:45:00.186000+00:00,420,CLASSIC,28.083333333333332,Ahri,MIDDLE,False,0,6,7,1.1666666666666667,9342,18375,20973,20,234,8.332344213649852
16,i-gZg-9eWliHmRlDBwRFaSTaadF9QioIijrxwDztpHT9b9Mj3lbSeicKXpLogb404cH9emwx1WPtTw,DIAMOND,DIAMOND,III,13,Prostats,LECHE,EUW1_7898859275,2026-06-25 13:54:29.987000+00:00,420,CLASSIC,37.666666666666664,Locke,MIDDLE,True,10,15,7,1.1333333333333333,14304,28509,47698,26,175,4.646017699115045
16,i-gZg-9eWliHmRlDBwRFaSTaadF9QioIijrxwDztpHT9b9Mj3lbSeicKXpLogb404cH9emwx1WPtTw,DIAMOND,DIAMOND,III,13,Prostats,LECHE,EUW1_7899881197,2026-06-26 12:26:57.172000+00:00,420,CLASSIC,32.266666666666666,Pyke,UTILITY,True,6,15,13,1.2666666666666666,11169,14192,26258,115,33,1.0227272727272727
16,i-gZg-9eWliHmRlDBwRFaSTaadF9QioIijrxwDztpHT9b9Mj3lbSeicKXpLogb404cH9emwx1WPtTw,DIAMOND,DIAMOND,III,13,Prostats,LECHE,EUW1_7899917904,2026-06-26 13:03:47.763000+00:00,420,CLASSIC,20.483333333333334,Thresh,UTILITY,False,1,9,10,1.2222222222222223,6040,7690,21549,43,24,1.1716842961757525
16,i-gZg-9eWliHmRlDBwRFaSTaadF9QioIijrxwDztpHT9b9Mj3lbSeicKXpLogb404cH9emwx1WPtTw,DIAMOND,DIAMOND,III,13,Prostats,LECHE,EUW1_7899955494,2026-06-26 13:38:57.070000+00:00,420,CLASSIC,36.916666666666664,TwistedFate,MIDDLE,False,7,10,14,2.1,14463,31539,45662,36,208,5.63431151241535
16,i-gZg-9eWliHmRlDBwRFaSTaadF9QioIijrxwDztpHT9b9Mj3lbSeicKXpLogb404cH9emwx1WPtTw,DIAMOND,DIAMOND,III,13,Prostats,LECHE,EUW1_7903312562,2026-06-29 13:25:16.616000+00:00,420,CLASSIC,1.3666666666666667,MonkeyKing,JUNGLE,False,0,0,0,0.0,626,0,286,0,4,2.926829268292683
16,i-gZg-9eWliHmRlDBwRFaSTaadF9QioIijrxwDztpHT9b9Mj3lbSeicKXpLogb404cH9emwx1WPtTw,DIAMOND,DIAMOND,III,13,Prostats,LECHE,EUW1_7903321731,2026-06-29 13:36:19.230000+00:00,420,CLASSIC,40.4,LeeSin,JUNGLE,False,6,11,7,1.1818181818181819,15279,28024,70147,53,252,6.237623762376238
16,i-gZg-9eWliHmRlDBwRFaSTaadF9QioIijrxwDztpHT9b9Mj3lbSeicKXpLogb404cH9emwx1WPtTw,DIAMOND,DIAMOND,III,13,Prostats,LECHE,EUW1_7903363116,2026-06-29 14:26:00.034000+00:00,420,CLASSIC,31.633333333333333,Khazix,JUNGLE,False,6,7,8,2.0,13174,25580,33972,30,217,6.859852476290833
16,i-gZg-9eWliHmRlDBwRFaSTaadF9QioIijrxwDztpHT9b9Mj3lbSeicKXpLogb404cH9emwx1WPtTw,DIAMOND,DIAMOND,III,13,Prostats,LECHE,EUW1_7908151575,2026-07-04 09:05:17.796000+00:00,420,CLASSIC,30.65,Pantheon,JUNGLE,True,9,6,12,3.5,13689,23175,28056,17,180,5.8727569331158245
16,i-gZg-9eWliHmRlDBwRFaSTaadF9QioIijrxwDztpHT9b9Mj3lbSeicKXpLogb404cH9emwx1WPtTw,DIAMOND,DIAMOND,III,13,Prostats,LECHE,EUW1_7910272274,2026-07-06 08:28:33.429000+00:00,420,CLASSIC,19.4,Graves,JUNGLE,False,3,6,2,0.8333333333333334,7851,12307,15685,14,135,6.958762886597938
16,i-gZg-9eWliHmRlDBwRFaSTaadF9QioIijrxwDztpHT9b9Mj3lbSeicKXpLogb404cH9emwx1WPtTw,DIAMOND,DIAMOND,III,13,Prostats,LECHE,EUW1_7915041037,2026-07-11 07:33:37.712000+00:00,420,CLASSIC,15.35,Graves,JUNGLE,False,1,2,2,1.5,6092,5843,9688,9,125,8.143322475570033
16,i-gZg-9eWliHmRlDBwRFaSTaadF9QioIijrxwDztpHT9b9Mj3lbSeicKXpLogb404cH9emwx1WPtTw,DIAMOND,DIAMOND,III,13,Prostats,LECHE,EUW1_7917812855,2026-07-13 21:02:09.134000+00:00,420,CLASSIC,27.733333333333334,DrMundo,JUNGLE,True,7,5,16,4.6,13831,24929,49931,25,178,6.418269230769231
16,i-gZg-9eWliHmRlDBwRFaSTaadF9QioIijrxwDztpHT9b9Mj3lbSeicKXpLogb404cH9emwx1WPtTw,DIAMOND,DIAMOND,III,13,Prostats,LECHE,EUW1_7918297810,2026-07-14 13:34:33.434000+00:00,420,CLASSIC,31.5,Viktor,MIDDLE,True,5,7,11,2.2857142857142856,12915,39118,24479,28,231,7.333333333333333
16,i-gZg-9eWliHmRlDBwRFaSTaadF9QioIijrxwDztpHT9b9Mj3lbSeicKXpLogb404cH9emwx1WPtTw,DIAMOND,DIAMOND,III,13,Prostats,LECHE,EUW1_7919325680,2026-07-15 15:23:35.146000+00:00,420,CLASSIC,16.1,Naafiri,JUNGLE,False,1,5,3,0.8,5708,6210,13495,7,100,6.211180124223602
16,i-gZg-9eWliHmRlDBwRFaSTaadF9QioIijrxwDztpHT9b9Mj3lbSeicKXpLogb404cH9emwx1WPtTw,DIAMOND,DIAMOND,III,13,Prostats,LECHE,EUW1_7921137885,2026-07-17 12:53:56.791000+00:00,420,CLASSIC,40.016666666666666,Sion,JUNGLE,True,15,7,19,4.857142857142857,22097,59587,90500,42,265,6.622240733027906
16,i-gZg-9eWliHmRlDBwRFaSTaadF9QioIijrxwDztpHT9b9Mj3lbSeicKXpLogb404cH9emwx1WPtTw,DIAMOND,DIAMOND,III,13,Prostats,LECHE,EUW1_7921171179,2026-07-17 13:42:22.627000+00:00,420,CLASSIC,24.466666666666665,Malphite,JUNGLE,False,6,6,6,2.0,10789,20319,23407,13,141,5.762942779291554
16,i-gZg-9eWliHmRlDBwRFaSTaadF9QioIijrxwDztpHT9b9Mj3lbSeicKXpLogb404cH9emwx1WPtTw,DIAMOND,DIAMOND,III,13,Prostats,LECHE,EUW1_7925158585,2026-07-21 11:37:17.778000+00:00,420,CLASSIC,30.933333333333334,Aatrox,MIDDLE,False,6,8,3,1.125,12553,21215,30699,24,213,6.885775862068965
16,i-gZg-9eWliHmRlDBwRFaSTaadF9QioIijrxwDztpHT9b9Mj3lbSeicKXpLogb404cH9emwx1WPtTw,DIAMOND,DIAMOND,III,13,Prostats,LECHE,EUW1_7925173455,2026-07-21 12:12:35.753000+00:00,420,CLASSIC,39.21666666666667,Smolder,MIDDLE,True,15,9,8,2.5555555555555554,19369,48126,45609,24,320,8.159796005099873
16,i-gZg-9eWliHmRlDBwRFaSTaadF9QioIijrxwDztpHT9b9Mj3lbSeicKXpLogb404cH9emwx1WPtTw,DIAMOND,DIAMOND,III,13,Prostats,LECHE,EUW1_7926072864,2026-07-22 08:29:32.009000+00:00,420,CLASSIC,24.583333333333332,Ambessa,JUNGLE,True,8,4,9,4.25,14388,18099,22328,21,195,7.932203389830509
16,i-gZg-9eWliHmRlDBwRFaSTaadF9QioIijrxwDztpHT9b9Mj3lbSeicKXpLogb404cH9emwx1WPtTw,DIAMOND,DIAMOND,III,13,Prostats,LECHE,EUW1_7926090485,2026-07-22 09:06:43.933000+00:00,420,CLASSIC,28.283333333333335,Kayle,MIDDLE,True,3,5,3,1.2,12243,18258,24745,20,230,8.131997642899233
16,i-gZg-9eWliHmRlDBwRFaSTaadF9QioIijrxwDztpHT9b9Mj3lbSeicKXpLogb404cH9emwx1WPtTw,DIAMOND,DIAMOND,III,13,Prostats,LECHE,EUW1_7926118838,2026-07-22 10:11:39.272000+00:00,420,CLASSIC,29.116666666666667,Vex,MIDDLE,False,5,9,10,1.6666666666666667,11955,23648,24082,17,225,7.7275329135661135
16,i-gZg-9eWliHmRlDBwRFaSTaadF9QioIijrxwDztpHT9b9Mj3lbSeicKXpLogb404cH9emwx1WPtTw,DIAMOND,DIAMOND,III,13,Prostats,LECHE,EUW1_7927082146,2026-07-23 09:07:30.949000+00:00,420,CLASSIC,30.966666666666665,Vex,MIDDLE,True,18,4,6,6.0,17150,42722,22098,25,251,8.105489773950485
16,i-gZg-9eWliHmRlDBwRFaSTaadF9QioIijrxwDztpHT9b9Mj3lbSeicKXpLogb404cH9emwx1WPtTw,DIAMOND,DIAMOND,III,13,Prostats,LECHE,EUW1_7927175293,2026-07-23 11:56:11.291000+00:00,420,CLASSIC,25.8,Locke,MIDDLE,True,21,8,2,2.875,14403,32967,26685,22,161,6.240310077519379
16,i-gZg-9eWliHmRlDBwRFaSTaadF9QioIijrxwDztpHT9b9Mj3lbSeicKXpLogb404cH9emwx1WPtTw,DIAMOND,DIAMOND,III,13,Prostats,LECHE,EUW1_7927199923,2026-07-23 12:26:13.433000+00:00,420,CLASSIC,36.65,Jayce,MIDDLE,True,7,4,9,4.0,15062,38458,28335,31,284,7.748976807639837
16,i-gZg-9eWliHmRlDBwRFaSTaadF9QioIijrxwDztpHT9b9Mj3lbSeicKXpLogb404cH9emwx1WPtTw,DIAMOND,DIAMOND,III,13,Prostats,LECHE,EUW1_7928076325,2026-07-24 09:17:14.343000+00:00,420,CLASSIC,24.333333333333332,Azir,MIDDLE,False,1,5,4,1.0,8627,12645,17217,15,186,7.6438356164383565
16,i-gZg-9eWliHmRlDBwRFaSTaadF9QioIijrxwDztpHT9b9Mj3lbSeicKXpLogb404cH9emwx1WPtTw,DIAMOND,DIAMOND,III,13,Prostats,LECHE,EUW1_7928093344,2026-07-24 09:54:42.210000+00:00,420,CLASSIC,27.266666666666666,Ambessa,JUNGLE,False,2,10,4,0.6,10142,11849,26252,16,144,5.28117359413203
16,i-gZg-9eWliHmRlDBwRFaSTaadF9QioIijrxwDztpHT9b9Mj3lbSeicKXpLogb404cH9emwx1WPtTw,DIAMOND,DIAMOND,III,13,Prostats,LECHE,EUW1_7931170197,2026-07-27 07:18:14.129000+00:00,420,CLASSIC,22.2,Ziggs,MIDDLE,True,2,6,6,1.3333333333333333,8942,16302,16792,9,169,7.612612612612613
16,i-gZg-9eWliHmRlDBwRFaSTaadF9QioIijrxwDztpHT9b9Mj3lbSeicKXpLogb404cH9emwx1WPtTw,DIAMOND,DIAMOND,III,13,Prostats,LECHE,EUW1_7932178974,2026-07-28 06:41:42.861000+00:00,420,CLASSIC,36.31666666666667,Viktor,MIDDLE,False,7,9,7,1.5555555555555556,13886,36419,32413,33,273,7.517209729233593
16,i-gZg-9eWliHmRlDBwRFaSTaadF9QioIijrxwDztpHT9b9Mj3lbSeicKXpLogb404cH9emwx1WPtTw,DIAMOND,DIAMOND,III,13,Prostats,LECHE,EUW1_7932186260,2026-07-28 07:23:44.863000+00:00,420,CLASSIC,26.133333333333333,Aatrox,JUNGLE,True,9,3,6,5.0,12679,22269,31597,35,199,7.6147959183673475
16,i-gZg-9eWliHmRlDBwRFaSTaadF9QioIijrxwDztpHT9b9Mj3lbSeicKXpLogb404cH9emwx1WPtTw,DIAMOND,DIAMOND,III,13,Prostats,LECHE,EUW1_7932195094,2026-07-28 07:56:08.708000+00:00,420,CLASSIC,28.316666666666666,Aurora,MIDDLE,False,8,6,0,1.3333333333333333,13476,24197,18244,21,237,8.36962919364332
16,i-gZg-9eWliHmRlDBwRFaSTaadF9QioIijrxwDztpHT9b9Mj3lbSeicKXpLogb404cH9emwx1WPtTw,DIAMOND,DIAMOND,III,13,Prostats,LECHE,EUW1_7932204300,2026-07-28 08:30:18.346000+00:00,420,CLASSIC,21.933333333333334,Garen,MIDDLE,False,4,6,1,0.8333333333333334,7961,12207,26143,13,143,6.519756838905775
16,i-gZg-9eWliHmRlDBwRFaSTaadF9QioIijrxwDztpHT9b9Mj3lbSeicKXpLogb404cH9emwx1WPtTw,DIAMOND,DIAMOND,III,13,Prostats,LECHE,EUW1_7934310326,2026-07-30 09:17:40.645000+00:00,420,CLASSIC,35.13333333333333,Yasuo,MIDDLE,True,1,10,4,0.5,12052,21059,38028,30,273,7.770398481973435
16,i-gZg-9eWliHmRlDBwRFaSTaadF9QioIijrxwDztpHT9b9Mj3lbSeicKXpLogb404cH9emwx1WPtTw,DIAMOND,DIAMOND,III,13,Prostats,LECHE,EUW1_7936987787,2026-08-01 17:50:59.547000+00:00,420,CLASSIC,28.916666666666668,Velkoz,MIDDLE,False,0,12,4,0.3333333333333333,10186,21349,25481,18,246,8.507204610951009
16,i-gZg-9eWliHmRlDBwRFaSTaadF9QioIijrxwDztpHT9b9Mj3lbSeicKXpLogb404cH9emwx1WPtTw,DIAMOND,DIAMOND,III,13,Prostats,LECHE,EUW1_7937036406,2026-08-01 18:44:26.756000+00:00,420,CLASSIC,19.783333333333335,Velkoz,MIDDLE,False,4,7,0,0.5714285714285714,7908,13379,14365,9,152,7.683235046335298
16,i-gZg-9eWliHmRlDBwRFaSTaadF9QioIijrxwDztpHT9b9Mj3lbSeicKXpLogb404cH9emwx1WPtTw,DIAMOND,DIAMOND,III,13,Prostats,LECHE,EUW1_7937068312,2026-08-01 19:09:14.390000+00:00,420,CLASSIC,15.333333333333334,Pyke,UTILITY,True,3,4,4,1.75,5543,5152,8356,32,15,0.9782608695652174
16,i-gZg-9eWliHmRlDBwRFaSTaadF9QioIijrxwDztpHT9b9Mj3lbSeicKXpLogb404cH9emwx1WPtTw,DIAMOND,DIAMOND,III,13,Prostats,LECHE,EUW1_7937121542,2026-08-01 19:41:14.298000+00:00,420,CLASSIC,29.883333333333333,Nasus,TOP,True,11,4,5,4.0,15060,35808,59143,27,248,8.2989403234802
16,i-gZg-9eWliHmRlDBwRFaSTaadF9QioIijrxwDztpHT9b9Mj3lbSeicKXpLogb404cH9emwx1WPtTw,DIAMOND,DIAMOND,III,13,Prostats,LECHE,EUW1_7937558055,2026-08-02 08:32:31.228000+00:00,420,CLASSIC,26.75,Zeri,BOTTOM,True,9,2,5,7.0,14987,22271,14132,23,230,8.598130841121495
16,i-gZg-9eWliHmRlDBwRFaSTaadF9QioIijrxwDztpHT9b9Mj3lbSeicKXpLogb404cH9emwx1WPtTw,DIAMOND,DIAMOND,III,13,Prostats,LECHE,EUW1_7939305539,2026-08-03 19:12:46.103000+00:00,420,CLASSIC,28.65,Velkoz,MIDDLE,True,8,5,6,2.8,13235,26071,17600,21,214,7.469458987783596
16,i-gZg-9eWliHmRlDBwRFaSTaadF9QioIijrxwDztpHT9b9Mj3lbSeicKXpLogb404cH9emwx1WPtTw,DIAMOND,DIAMOND,III,13,Prostats,LECHE,EUW1_7942013612,2026-08-06 13:09:09.380000+00:00,420,CLASSIC,27.633333333333333,Sion,MIDDLE,True,10,2,11,10.5,14421,34549,36187,24,216,7.81664656212304
16,i-gZg-9eWliHmRlDBwRFaSTaadF9QioIijrxwDztpHT9b9Mj3lbSeicKXpLogb404cH9emwx1WPtTw,DIAMOND,DIAMOND,III,13,Prostats,LECHE,EUW1_7942869417,2026-08-07 09:15:48.789000+00:00,420,CLASSIC,34.166666666666664,Syndra,MIDDLE,True,7,7,21,4.0,15654,45206,24948,24,264,7.726829268292684
16,i-gZg-9eWliHmRlDBwRFaSTaadF9QioIijrxwDztpHT9b9Mj3lbSeicKXpLogb404cH9emwx1WPtTw,DIAMOND,DIAMOND,III,13,Prostats,LECHE,EUW1_7947061272,2026-08-11 08:04:28.530000+00:00,420,CLASSIC,28.3,Udyr,JUNGLE,True,5,6,18,3.8333333333333335,13510,23013,31917,30,192,6.784452296819788
16,i-gZg-9eWliHmRlDBwRFaSTaadF9QioIijrxwDztpHT9b9Mj3lbSeicKXpLogb404cH9emwx1WPtTw,DIAMOND,DIAMOND,III,13,Prostats,LECHE,EUW1_7947074345,2026-08-11 08:52:03.188000+00:00,420,CLASSIC,19.6,Diana,JUNGLE,False,5,3,1,2.0,9375,13044,17148,10,167,8.520408163265305
16,i-gZg-9eWliHmRlDBwRFaSTaadF9QioIijrxwDztpHT9b9Mj3lbSeicKXpLogb404cH9emwx1WPtTw,DIAMOND,DIAMOND,III,13,Prostats,LECHE,EUW1_7948064849,2026-08-12 07:53:07.835000+00:00,420,CLASSIC,3.65,Syndra,,False,0,1,0,0.0,890,0,857,1,4,1.095890410958904
17,5Yadqb7nwcviEzAqpBBeiVoXBwXj5z5pO12cV5yYhnKiIDoudPFslG-AyP4L2qS-Zg6gN19cIKnA-A,DIAMOND,DIAMOND,IV,10,just observing,9999,EUW1_7219488376,2024-12-08 10:06:04.507000+00:00,420,CLASSIC,25.2,Jayce,TOP,True,7,5,7,2.8,12476,26527,19722,14,178,7.063492063492063
17,5Yadqb7nwcviEzAqpBBeiVoXBwXj5z5pO12cV5yYhnKiIDoudPFslG-AyP4L2qS-Zg6gN19cIKnA-A,DIAMOND,DIAMOND,IV,10,just observing,9999,EUW1_7219514333,2024-12-08 10:38:28.879000+00:00,420,CLASSIC,31.95,Chogath,TOP,False,7,4,7,3.5,13839,33236,56689,10,224,7.010954616588419
17,5Yadqb7nwcviEzAqpBBeiVoXBwXj5z5pO12cV5yYhnKiIDoudPFslG-AyP4L2qS-Zg6gN19cIKnA-A,DIAMOND,DIAMOND,IV,10,just observing,9999,EUW1_7219555884,2024-12-08 11:18:21.788000+00:00,420,CLASSIC,23.816666666666666,Ryze,TOP,True,9,3,10,6.333333333333333,13829,30806,22942,15,221,9.27921623512946
17,5Yadqb7nwcviEzAqpBBeiVoXBwXj5z5pO12cV5yYhnKiIDoudPFslG-AyP4L2qS-Zg6gN19cIKnA-A,DIAMOND,DIAMOND,IV,10,just observing,9999,EUW1_7219591952,2024-12-08 11:54:54.075000+00:00,420,CLASSIC,25.583333333333332,Teemo,TOP,True,6,6,7,2.1666666666666665,12518,29687,22613,12,192,7.504885993485343
17,5Yadqb7nwcviEzAqpBBeiVoXBwXj5z5pO12cV5yYhnKiIDoudPFslG-AyP4L2qS-Zg6gN19cIKnA-A,DIAMOND,DIAMOND,IV,10,just observing,9999,EUW1_7219630133,2024-12-08 12:29:03.793000+00:00,420,CLASSIC,25.633333333333333,LeeSin,JUNGLE,True,14,4,9,5.75,13197,25865,39132,27,156,6.085825747724318
17,5Yadqb7nwcviEzAqpBBeiVoXBwXj5z5pO12cV5yYhnKiIDoudPFslG-AyP4L2qS-Zg6gN19cIKnA-A,DIAMOND,DIAMOND,IV,10,just observing,9999,EUW1_7227137066,2024-12-14 10:03:50.562000+00:00,420,CLASSIC,45.583333333333336,Viktor,TOP,False,9,9,9,2.0,17781,73777,46773,29,293,6.427787934186472
17,5Yadqb7nwcviEzAqpBBeiVoXBwXj5z5pO12cV5yYhnKiIDoudPFslG-AyP4L2qS-Zg6gN19cIKnA-A,DIAMOND,DIAMOND,IV,10,just observing,9999,EUW1_7227173447,2024-12-14 10:54:09.245000+00:00,420,CLASSIC,27.233333333333334,Viktor,TOP,True,5,4,9,3.5,12695,31713,19782,16,227,8.335373317013463
17,5Yadqb7nwcviEzAqpBBeiVoXBwXj5z5pO12cV5yYhnKiIDoudPFslG-AyP4L2qS-Zg6gN19cIKnA-A,DIAMOND,DIAMOND,IV,10,just observing,9999,EUW1_7227203313,2024-12-14 11:27:02.369000+00:00,420,CLASSIC,32.38333333333333,Camille,TOP,False,8,6,6,2.3333333333333335,15390,41502,48380,15,277,8.553782810087494
17,5Yadqb7nwcviEzAqpBBeiVoXBwXj5z5pO12cV5yYhnKiIDoudPFslG-AyP4L2qS-Zg6gN19cIKnA-A,DIAMOND,DIAMOND,IV,10,just observing,9999,EUW1_7228551726,2024-12-15 10:12:24.936000+00:00,420,CLASSIC,34.06666666666667,Viktor,MIDDLE,True,11,5,16,5.4,16655,59489,27285,17,264,7.7495107632093925
17,5Yadqb7nwcviEzAqpBBeiVoXBwXj5z5pO12cV5yYhnKiIDoudPFslG-AyP4L2qS-Zg6gN19cIKnA-A,DIAMOND,DIAMOND,IV,10,just observing,9999,EUW1_7228577448,2024-12-15 10:52:32.488000+00:00,420,CLASSIC,20.383333333333333,Sylas,MIDDLE,False,5,7,1,0.8571428571428571,8275,16364,28747,6,135,6.623058053965658
17,5Yadqb7nwcviEzAqpBBeiVoXBwXj5z5pO12cV5yYhnKiIDoudPFslG-AyP4L2qS-Zg6gN19cIKnA-A,DIAMOND,DIAMOND,IV,10,just observing,9999,EUW1_7229055990,2024-12-15 16:45:57.507000+00:00,420,CLASSIC,35.483333333333334,Ahri,MIDDLE,False,7,8,14,2.625,15578,46230,37387,16,278,7.834664161578205
17,5Yadqb7nwcviEzAqpBBeiVoXBwXj5z5pO12cV5yYhnKiIDoudPFslG-AyP4L2qS-Zg6gN19cIKnA-A,DIAMOND,DIAMOND,IV,10,just observing,9999,EUW1_7229134206,2024-12-15 17:28:59.824000+00:00,420,CLASSIC,26.433333333333334,Lillia,JUNGLE,True,14,3,7,7.0,14688,32918,51281,18,210,7.944514501891551
17,5Yadqb7nwcviEzAqpBBeiVoXBwXj5z5pO12cV5yYhnKiIDoudPFslG-AyP4L2qS-Zg6gN19cIKnA-A,DIAMOND,DIAMOND,IV,10,just observing,9999,EUW1_7229244646,2024-12-15 18:27:49.638000+00:00,420,CLASSIC,29.6,Shyvana,JUNGLE,False,10,9,2,1.3333333333333333,14590,40956,56621,19,231,7.8040540540540535
17,5Yadqb7nwcviEzAqpBBeiVoXBwXj5z5pO12cV5yYhnKiIDoudPFslG-AyP4L2qS-Zg6gN19cIKnA-A,DIAMOND,DIAMOND,IV,10,just observing,9999,EUW1_7229309136,2024-12-15 19:05:46.860000+00:00,420,CLASSIC,30.366666666666667,Rammus,JUNGLE,True,6,2,19,12.5,12762,27514,40080,22,186,6.125137211855105
17,5Yadqb7nwcviEzAqpBBeiVoXBwXj5z5pO12cV5yYhnKiIDoudPFslG-AyP4L2qS-Zg6gN19cIKnA-A,DIAMOND,DIAMOND,IV,10,just observing,9999,EUW1_7758545478,2026-03-01 13:42:09.029000+00:00,420,CLASSIC,33.8,Xayah,BOTTOM,True,9,10,9,1.8,19366,39186,37526,10,342,10.118343195266274
17,5Yadqb7nwcviEzAqpBBeiVoXBwXj5z5pO12cV5yYhnKiIDoudPFslG-AyP4L2qS-Zg6gN19cIKnA-A,DIAMOND,DIAMOND,IV,10,just observing,9999,EUW1_7758609100,2026-03-01 14:22:45.895000+00:00,420,CLASSIC,27.083333333333332,Sivir,BOTTOM,False,4,10,2,0.6,12624,23142,24076,12,251,9.267692307692307
17,5Yadqb7nwcviEzAqpBBeiVoXBwXj5z5pO12cV5yYhnKiIDoudPFslG-AyP4L2qS-Zg6gN19cIKnA-A,DIAMOND,DIAMOND,IV,10,just observing,9999,EUW1_7758700618,2026-03-01 15:13:45.179000+00:00,420,CLASSIC,21.816666666666666,Vayne,BOTTOM,True,10,6,7,2.8333333333333335,11663,26609,17280,11,171,7.838044308632544
17,5Yadqb7nwcviEzAqpBBeiVoXBwXj5z5pO12cV5yYhnKiIDoudPFslG-AyP4L2qS-Zg6gN19cIKnA-A,DIAMOND,DIAMOND,IV,10,just observing,9999,EUW1_7758746334,2026-03-01 15:41:06.127000+00:00,420,CLASSIC,32.06666666666667,Jinx,BOTTOM,True,11,10,10,2.1,18969,35564,33526,8,262,8.17047817047817
17,5Yadqb7nwcviEzAqpBBeiVoXBwXj5z5pO12cV5yYhnKiIDoudPFslG-AyP4L2qS-Zg6gN19cIKnA-A,DIAMOND,DIAMOND,IV,10,just observing,9999,EUW1_7758896191,2026-03-01 17:04:06.367000+00:00,420,CLASSIC,24.666666666666668,Caitlyn,BOTTOM,True,10,9,11,2.3333333333333335,17181,33763,18711,1,199,8.067567567567567
17,5Yadqb7nwcviEzAqpBBeiVoXBwXj5z5pO12cV5yYhnKiIDoudPFslG-AyP4L2qS-Zg6gN19cIKnA-A,DIAMOND,DIAMOND,IV,10,just observing,9999,EUW1_7758956194,2026-03-01 17:37:29.837000+00:00,420,CLASSIC,23.366666666666667,Viktor,MIDDLE,True,7,4,2,2.25,11537,22874,14287,11,230,9.843081312410842
17,5Yadqb7nwcviEzAqpBBeiVoXBwXj5z5pO12cV5yYhnKiIDoudPFslG-AyP4L2qS-Zg6gN19cIKnA-A,DIAMOND,DIAMOND,IV,10,just observing,9999,EUW1_7759023194,2026-03-01 18:13:56.733000+00:00,420,CLASSIC,35.666666666666664,Ezreal,BOTTOM,True,7,12,6,1.0833333333333333,17574,38248,45386,12,294,8.242990654205608
17,5Yadqb7nwcviEzAqpBBeiVoXBwXj5z5pO12cV5yYhnKiIDoudPFslG-AyP4L2qS-Zg6gN19cIKnA-A,DIAMOND,DIAMOND,IV,10,just observing,9999,EUW1_7759107521,2026-03-01 18:54:26.428000+00:00,420,CLASSIC,27.233333333333334,Sivir,BOTTOM,True,15,6,6,3.5,18659,36822,21392,13,261,9.583843329253366
17,5Yadqb7nwcviEzAqpBBeiVoXBwXj5z5pO12cV5yYhnKiIDoudPFslG-AyP4L2qS-Zg6gN19cIKnA-A,DIAMOND,DIAMOND,IV,10,just observing,9999,EUW1_7759191179,2026-03-01 19:40:56.390000+00:00,420,CLASSIC,27.183333333333334,Xayah,BOTTOM,False,6,11,3,0.8181818181818182,13345,26831,26692,13,208,7.651747394236665
17,5Yadqb7nwcviEzAqpBBeiVoXBwXj5z5pO12cV5yYhnKiIDoudPFslG-AyP4L2qS-Zg6gN19cIKnA-A,DIAMOND,DIAMOND,IV,10,just observing,9999,EUW1_7942390447,2026-08-06 19:11:10.413000+00:00,420,CLASSIC,15.5,Kayle,TOP,False,1,7,1,0.2857142857142857,4048,2286,13469,2,66,4.258064516129032
17,5Yadqb7nwcviEzAqpBBeiVoXBwXj5z5pO12cV5yYhnKiIDoudPFslG-AyP4L2qS-Zg6gN19cIKnA-A,DIAMOND,DIAMOND,IV,10,just observing,9999,EUW1_7942426138,2026-08-06 19:31:53.795000+00:00,420,CLASSIC,30.95,Darius,TOP,True,3,6,1,0.6666666666666666,12869,18978,32372,13,290,9.369951534733442
17,5Yadqb7nwcviEzAqpBBeiVoXBwXj5z5pO12cV5yYhnKiIDoudPFslG-AyP4L2qS-Zg6gN19cIKnA-A,DIAMOND,DIAMOND,IV,10,just observing,9999,EUW1_7942487590,2026-08-06 20:08:09.771000+00:00,420,CLASSIC,29.066666666666666,Jayce,TOP,False,3,12,3,0.5,10803,25521,41853,16,224,7.706422018348624
17,5Yadqb7nwcviEzAqpBBeiVoXBwXj5z5pO12cV5yYhnKiIDoudPFslG-AyP4L2qS-Zg6gN19cIKnA-A,DIAMOND,DIAMOND,IV,10,just observing,9999,EUW1_7942524351,2026-08-06 20:43:24.924000+00:00,420,CLASSIC,28.183333333333334,Anivia,TOP,True,10,8,6,2.0,12893,38011,35688,19,223,7.912477823772916
17,5Yadqb7nwcviEzAqpBBeiVoXBwXj5z5pO12cV5yYhnKiIDoudPFslG-AyP4L2qS-Zg6gN19cIKnA-A,DIAMOND,DIAMOND,IV,10,just observing,9999,EUW1_7943581820,2026-08-07 21:12:09.580000+00:00,420,CLASSIC,26.116666666666667,Ryze,MIDDLE,False,2,8,2,0.5,8678,16843,20134,27,200,7.657945118059987
17,5Yadqb7nwcviEzAqpBBeiVoXBwXj5z5pO12cV5yYhnKiIDoudPFslG-AyP4L2qS-Zg6gN19cIKnA-A,DIAMOND,DIAMOND,IV,10,just observing,9999,EUW1_7943632493,2026-08-07 21:46:53.430000+00:00,420,CLASSIC,20.033333333333335,Talon,MIDDLE,True,20,1,2,22.0,13718,28622,18576,7,173,8.635607321131447
17,5Yadqb7nwcviEzAqpBBeiVoXBwXj5z5pO12cV5yYhnKiIDoudPFslG-AyP4L2qS-Zg6gN19cIKnA-A,DIAMOND,DIAMOND,IV,10,just observing,9999,EUW1_7943659828,2026-08-07 22:13:08.711000+00:00,420,CLASSIC,24.833333333333332,Teemo,TOP,True,8,6,5,2.1666666666666665,13537,25525,20085,23,186,7.489932885906041
17,5Yadqb7nwcviEzAqpBBeiVoXBwXj5z5pO12cV5yYhnKiIDoudPFslG-AyP4L2qS-Zg6gN19cIKnA-A,DIAMOND,DIAMOND,IV,10,just observing,9999,EUW1_7943690179,2026-08-07 22:49:02.367000+00:00,420,CLASSIC,1.0833333333333333,Jayce,TOP,True,0,0,0,0.0,502,0,0,0,0,0.0
17,5Yadqb7nwcviEzAqpBBeiVoXBwXj5z5pO12cV5yYhnKiIDoudPFslG-AyP4L2qS-Zg6gN19cIKnA-A,DIAMOND,DIAMOND,IV,10,just observing,9999,EUW1_7943708792,2026-08-07 22:56:05.350000+00:00,420,CLASSIC,31.783333333333335,Jayce,TOP,False,8,8,9,2.125,14067,30106,34461,20,255,8.023072889355008
17,5Yadqb7nwcviEzAqpBBeiVoXBwXj5z5pO12cV5yYhnKiIDoudPFslG-AyP4L2qS-Zg6gN19cIKnA-A,DIAMOND,DIAMOND,IV,10,just observing,9999,EUW1_7944059073,2026-08-08 12:37:13.287000+00:00,420,CLASSIC,36.15,Jayce,TOP,True,10,11,7,1.5454545454545454,16964,51162,36738,34,299,8.27109266943292
17,5Yadqb7nwcviEzAqpBBeiVoXBwXj5z5pO12cV5yYhnKiIDoudPFslG-AyP4L2qS-Zg6gN19cIKnA-A,DIAMOND,DIAMOND,IV,10,just observing,9999,EUW1_7944106652,2026-08-08 13:19:32.614000+00:00,420,CLASSIC,23.0,Irelia,MIDDLE,True,5,7,2,1.0,10230,13872,25200,11,217,9.434782608695652
17,5Yadqb7nwcviEzAqpBBeiVoXBwXj5z5pO12cV5yYhnKiIDoudPFslG-AyP4L2qS-Zg6gN19cIKnA-A,DIAMOND,DIAMOND,IV,10,just observing,9999,EUW1_7944131715,2026-08-08 13:49:43.464000+00:00,420,CLASSIC,29.266666666666666,Vi,UTILITY,True,25,12,10,2.9166666666666665,17774,49422,29164,57,86,2.938496583143508
17,5Yadqb7nwcviEzAqpBBeiVoXBwXj5z5pO12cV5yYhnKiIDoudPFslG-AyP4L2qS-Zg6gN19cIKnA-A,DIAMOND,DIAMOND,IV,10,just observing,9999,EUW1_7944172632,2026-08-08 14:25:36.303000+00:00,420,CLASSIC,34.15,Vladimir,MIDDLE,True,10,8,11,2.625,16365,44598,54434,19,288,8.433382137628112
17,5Yadqb7nwcviEzAqpBBeiVoXBwXj5z5pO12cV5yYhnKiIDoudPFslG-AyP4L2qS-Zg6gN19cIKnA-A,DIAMOND,DIAMOND,IV,10,just observing,9999,EUW1_7944245064,2026-08-08 15:42:44.864000+00:00,420,CLASSIC,29.483333333333334,Anivia,MIDDLE,True,13,5,7,4.0,17818,48655,32042,25,239,8.106274731486716
17,5Yadqb7nwcviEzAqpBBeiVoXBwXj5z5pO12cV5yYhnKiIDoudPFslG-AyP4L2qS-Zg6gN19cIKnA-A,DIAMOND,DIAMOND,IV,10,just observing,9999,EUW1_7944282069,2026-08-08 16:16:48.665000+00:00,420,CLASSIC,31.383333333333333,Gragas,TOP,True,9,7,9,2.5714285714285716,16038,39440,41154,19,265,8.443972384492831
17,5Yadqb7nwcviEzAqpBBeiVoXBwXj5z5pO12cV5yYhnKiIDoudPFslG-AyP4L2qS-Zg6gN19cIKnA-A,DIAMOND,DIAMOND,IV,10,just observing,9999,EUW1_7944321214,2026-08-08 16:59:35.352000+00:00,420,CLASSIC,31.333333333333332,Yuumi,UTILITY,False,2,8,15,2.125,8674,10003,15249,41,12,0.3829787234042553
17,5Yadqb7nwcviEzAqpBBeiVoXBwXj5z5pO12cV5yYhnKiIDoudPFslG-AyP4L2qS-Zg6gN19cIKnA-A,DIAMOND,DIAMOND,IV,10,just observing,9999,EUW1_7944371808,2026-08-08 17:42:19.829000+00:00,420,CLASSIC,27.266666666666666,Malphite,TOP,False,3,7,1,0.5714285714285714,11250,24725,26421,13,247,9.058679706601467
17,5Yadqb7nwcviEzAqpBBeiVoXBwXj5z5pO12cV5yYhnKiIDoudPFslG-AyP4L2qS-Zg6gN19cIKnA-A,DIAMOND,DIAMOND,IV,10,just observing,9999,EUW1_7944423771,2026-08-08 18:30:56.171000+00:00,420,CLASSIC,29.666666666666668,Gragas,MIDDLE,True,9,9,4,1.4444444444444444,16133,33392,32079,15,253,8.52808988764045
17,5Yadqb7nwcviEzAqpBBeiVoXBwXj5z5pO12cV5yYhnKiIDoudPFslG-AyP4L2qS-Zg6gN19cIKnA-A,DIAMOND,DIAMOND,IV,10,just observing,9999,EUW1_7944466620,2026-08-08 19:04:53.007000+00:00,420,CLASSIC,26.966666666666665,Rammus,TOP,True,3,10,9,1.2,11313,23784,32465,10,208,7.713226205191595
17,5Yadqb7nwcviEzAqpBBeiVoXBwXj5z5pO12cV5yYhnKiIDoudPFslG-AyP4L2qS-Zg6gN19cIKnA-A,DIAMOND,DIAMOND,IV,10,just observing,9999,EUW1_7944493140,2026-08-08 19:38:18.070000+00:00,420,CLASSIC,39.88333333333333,Rammus,TOP,True,4,19,9,0.6842105263157895,13913,31765,62916,32,243,6.0927705808608446
17,5Yadqb7nwcviEzAqpBBeiVoXBwXj5z5pO12cV5yYhnKiIDoudPFslG-AyP4L2qS-Zg6gN19cIKnA-A,DIAMOND,DIAMOND,IV,10,just observing,9999,EUW1_7944566723,2026-08-08 20:26:54.353000+00:00,420,CLASSIC,27.766666666666666,Jax,TOP,True,12,9,4,1.7777777777777777,16924,41755,40347,21,252,9.07563025210084
17,5Yadqb7nwcviEzAqpBBeiVoXBwXj5z5pO12cV5yYhnKiIDoudPFslG-AyP4L2qS-Zg6gN19cIKnA-A,DIAMOND,DIAMOND,IV,10,just observing,9999,EUW1_7946290600,2026-08-10 14:19:34.756000+00:00,420,CLASSIC,28.566666666666666,Jayce,TOP,False,15,9,3,2.0,15420,37427,30465,25,229,8.016336056009335
17,5Yadqb7nwcviEzAqpBBeiVoXBwXj5z5pO12cV5yYhnKiIDoudPFslG-AyP4L2qS-Zg6gN19cIKnA-A,DIAMOND,DIAMOND,IV,10,just observing,9999,EUW1_7946328502,2026-08-10 14:54:06.850000+00:00,420,CLASSIC,27.433333333333334,Gragas,TOP,False,4,11,5,0.8181818181818182,11978,27282,32206,10,269,9.805589307411907
17,5Yadqb7nwcviEzAqpBBeiVoXBwXj5z5pO12cV5yYhnKiIDoudPFslG-AyP4L2qS-Zg6gN19cIKnA-A,DIAMOND,DIAMOND,IV,10,just observing,9999,EUW1_7946364634,2026-08-10 15:29:38.690000+00:00,420,CLASSIC,41.53333333333333,Jax,TOP,False,6,13,5,0.8461538461538461,21063,67568,73277,36,386,9.293739967897272
17,5Yadqb7nwcviEzAqpBBeiVoXBwXj5z5pO12cV5yYhnKiIDoudPFslG-AyP4L2qS-Zg6gN19cIKnA-A,DIAMOND,DIAMOND,IV,10,just observing,9999,EUW1_7946407141,2026-08-10 16:20:27.927000+00:00,420,CLASSIC,33.88333333333333,Sion,TOP,True,8,13,11,1.4615384615384615,18376,41748,97319,23,289,8.52926709296606
17,5Yadqb7nwcviEzAqpBBeiVoXBwXj5z5pO12cV5yYhnKiIDoudPFslG-AyP4L2qS-Zg6gN19cIKnA-A,DIAMOND,DIAMOND,IV,10,just observing,9999,EUW1_7946544031,2026-08-10 18:10:43.609000+00:00,420,CLASSIC,32.583333333333336,Jayce,TOP,True,12,8,12,3.0,16536,48439,37130,16,229,7.028132992327365
17,5Yadqb7nwcviEzAqpBBeiVoXBwXj5z5pO12cV5yYhnKiIDoudPFslG-AyP4L2qS-Zg6gN19cIKnA-A,DIAMOND,DIAMOND,IV,10,just observing,9999,EUW1_7946604582,2026-08-10 18:51:07.350000+00:00,420,CLASSIC,28.55,Galio,MIDDLE,False,3,12,1,0.3333333333333333,11561,22939,35027,12,234,8.196147110332749
17,5Yadqb7nwcviEzAqpBBeiVoXBwXj5z5pO12cV5yYhnKiIDoudPFslG-AyP4L2qS-Zg6gN19cIKnA-A,DIAMOND,DIAMOND,IV,10,just observing,9999,EUW1_7946797875,2026-08-10 21:07:09.973000+00:00,420,CLASSIC,29.116666666666667,Gragas,TOP,False,5,11,4,0.8181818181818182,13651,23446,33634,22,248,8.517458500286205
17,5Yadqb7nwcviEzAqpBBeiVoXBwXj5z5pO12cV5yYhnKiIDoudPFslG-AyP4L2qS-Zg6gN19cIKnA-A,DIAMOND,DIAMOND,IV,10,just observing,9999,EUW1_7946842120,2026-08-10 21:43:04.903000+00:00,420,CLASSIC,31.7,Orianna,MIDDLE,True,5,8,14,2.375,13109,33422,30571,18,228,7.1924290220820195
17,5Yadqb7nwcviEzAqpBBeiVoXBwXj5z5pO12cV5yYhnKiIDoudPFslG-AyP4L2qS-Zg6gN19cIKnA-A,DIAMOND,DIAMOND,IV,10,just observing,9999,EUW1_7946885793,2026-08-10 22:19:21.661000+00:00,420,CLASSIC,27.366666666666667,Gragas,MIDDLE,False,3,8,2,0.625,10275,16913,30806,6,214,7.81973203410475
17,5Yadqb7nwcviEzAqpBBeiVoXBwXj5z5pO12cV5yYhnKiIDoudPFslG-AyP4L2qS-Zg6gN19cIKnA-A,DIAMOND,DIAMOND,IV,10,just observing,9999,EUW1_7947229137,2026-08-11 13:01:05.224000+00:00,420,CLASSIC,22.566666666666666,Jayce,MIDDLE,True,18,2,1,9.5,15472,33104,12562,13,238,10.546528803545051
17,5Yadqb7nwcviEzAqpBBeiVoXBwXj5z5pO12cV5yYhnKiIDoudPFslG-AyP4L2qS-Zg6gN19cIKnA-A,DIAMOND,DIAMOND,IV,10,just observing,9999,EUW1_7947255079,2026-08-11 13:28:45.813000+00:00,420,CLASSIC,31.116666666666667,Jayce,MIDDLE,False,10,8,3,1.625,15356,34700,26182,21,258,8.291376539903588
17,5Yadqb7nwcviEzAqpBBeiVoXBwXj5z5pO12cV5yYhnKiIDoudPFslG-AyP4L2qS-Zg6gN19cIKnA-A,DIAMOND,DIAMOND,IV,10,just observing,9999,EUW1_7947292635,2026-08-11 14:03:55.700000+00:00,420,CLASSIC,22.183333333333334,Jayce,MIDDLE,True,1,7,1,0.2857142857142857,7967,11579,14323,11,167,7.528174305033809
18,40uBTnF5b8w6XcX6NT7QlbXcSAzBaU7pCaYnsqf_VhL56vvy8wAeHvtYlsR7DrJvNYDUheP4y6y0qg,DIAMOND,DIAMOND,I,41,firofr,ADR,EUW1_7715947014,2026-02-04 13:57:57.730000+00:00,420,CLASSIC,33.46666666666667,Caitlyn,BOTTOM,True,3,4,10,3.25,15842,28607,19930,13,296,8.844621513944222
18,40uBTnF5b8w6XcX6NT7QlbXcSAzBaU7pCaYnsqf_VhL56vvy8wAeHvtYlsR7DrJvNYDUheP4y6y0qg,DIAMOND,DIAMOND,I,41,firofr,ADR,EUW1_7715988237,2026-02-04 14:35:48.753000+00:00,420,CLASSIC,33.916666666666664,Caitlyn,BOTTOM,True,1,8,10,1.375,13286,14224,23309,17,238,7.017199017199018
18,40uBTnF5b8w6XcX6NT7QlbXcSAzBaU7pCaYnsqf_VhL56vvy8wAeHvtYlsR7DrJvNYDUheP4y6y0qg,DIAMOND,DIAMOND,I,41,firofr,ADR,EUW1_7716040846,2026-02-04 15:13:43.717000+00:00,420,CLASSIC,26.766666666666666,Jinx,BOTTOM,False,5,6,10,2.5,11877,31940,19682,12,191,7.13574097135741
18,40uBTnF5b8w6XcX6NT7QlbXcSAzBaU7pCaYnsqf_VhL56vvy8wAeHvtYlsR7DrJvNYDUheP4y6y0qg,DIAMOND,DIAMOND,I,41,firofr,ADR,EUW1_7716134365,2026-02-04 16:24:25.022000+00:00,420,CLASSIC,27.016666666666666,MissFortune,BOTTOM,True,14,7,8,3.142857142857143,16859,28637,20153,14,191,7.069710055521283
18,40uBTnF5b8w6XcX6NT7QlbXcSAzBaU7pCaYnsqf_VhL56vvy8wAeHvtYlsR7DrJvNYDUheP4y6y0qg,DIAMOND,DIAMOND,I,41,firofr,ADR,EUW1_7716182241,2026-02-04 16:56:03.481000+00:00,420,CLASSIC,15.366666666666667,Caitlyn,BOTTOM,True,9,1,5,14.0,8752,15153,7169,11,123,8.004338394793926
18,40uBTnF5b8w6XcX6NT7QlbXcSAzBaU7pCaYnsqf_VhL56vvy8wAeHvtYlsR7DrJvNYDUheP4y6y0qg,DIAMOND,DIAMOND,I,41,firofr,ADR,EUW1_7724129703,2026-02-09 14:36:15.792000+00:00,420,CLASSIC,28.383333333333333,MissFortune,BOTTOM,True,8,3,6,4.666666666666667,15173,26294,14922,22,240,8.455666470933647
18,40uBTnF5b8w6XcX6NT7QlbXcSAzBaU7pCaYnsqf_VhL56vvy8wAeHvtYlsR7DrJvNYDUheP4y6y0qg,DIAMOND,DIAMOND,I,41,firofr,ADR,EUW1_7725811433,2026-02-10 15:12:39.951000+00:00,420,CLASSIC,22.3,Jinx,BOTTOM,False,0,6,4,0.6666666666666666,7376,13035,14145,7,152,6.816143497757848
18,40uBTnF5b8w6XcX6NT7QlbXcSAzBaU7pCaYnsqf_VhL56vvy8wAeHvtYlsR7DrJvNYDUheP4y6y0qg,DIAMOND,DIAMOND,I,41,firofr,ADR,EUW1_7725858611,2026-02-10 15:40:34.994000+00:00,420,CLASSIC,23.316666666666666,Caitlyn,BOTTOM,True,3,4,4,1.75,9797,17010,13486,12,177,7.5911365260900645
18,40uBTnF5b8w6XcX6NT7QlbXcSAzBaU7pCaYnsqf_VhL56vvy8wAeHvtYlsR7DrJvNYDUheP4y6y0qg,DIAMOND,DIAMOND,I,41,firofr,ADR,EUW1_7725897738,2026-02-10 16:09:01.749000+00:00,420,CLASSIC,25.85,Jinx,BOTTOM,False,1,5,5,1.2,9509,10056,16143,14,189,7.311411992263055
18,40uBTnF5b8w6XcX6NT7QlbXcSAzBaU7pCaYnsqf_VhL56vvy8wAeHvtYlsR7DrJvNYDUheP4y6y0qg,DIAMOND,DIAMOND,I,41,firofr,ADR,EUW1_7737404736,2026-02-17 12:25:10.970000+00:00,420,CLASSIC,30.7,Caitlyn,BOTTOM,False,4,9,11,1.6666666666666667,12062,17783,27013,17,222,7.2312703583061895
18,40uBTnF5b8w6XcX6NT7QlbXcSAzBaU7pCaYnsqf_VhL56vvy8wAeHvtYlsR7DrJvNYDUheP4y6y0qg,DIAMOND,DIAMOND,I,41,firofr,ADR,EUW1_7737444987,2026-02-17 13:00:00.476000+00:00,420,CLASSIC,34.86666666666667,Caitlyn,BOTTOM,False,11,8,7,2.25,15781,21400,28273,14,231,6.625239005736137
18,40uBTnF5b8w6XcX6NT7QlbXcSAzBaU7pCaYnsqf_VhL56vvy8wAeHvtYlsR7DrJvNYDUheP4y6y0qg,DIAMOND,DIAMOND,I,41,firofr,ADR,EUW1_7737497564,2026-02-17 13:39:12.501000+00:00,420,CLASSIC,38.1,Caitlyn,BOTTOM,True,11,6,10,3.5,19184,50759,36206,25,287,7.532808398950131
18,40uBTnF5b8w6XcX6NT7QlbXcSAzBaU7pCaYnsqf_VhL56vvy8wAeHvtYlsR7DrJvNYDUheP4y6y0qg,DIAMOND,DIAMOND,I,41,firofr,ADR,EUW1_7741115343,2026-02-19 16:32:14.393000+00:00,420,CLASSIC,32.983333333333334,Sivir,BOTTOM,False,8,7,7,2.142857142857143,15287,24199,22524,25,275,8.33754421424962
18,40uBTnF5b8w6XcX6NT7QlbXcSAzBaU7pCaYnsqf_VhL56vvy8wAeHvtYlsR7DrJvNYDUheP4y6y0qg,DIAMOND,DIAMOND,I,41,firofr,ADR,EUW1_7741185687,2026-02-19 17:09:02.726000+00:00,420,CLASSIC,32.416666666666664,MissFortune,BOTTOM,True,11,3,13,8.0,20476,41963,18970,16,286,8.822622107969153
18,40uBTnF5b8w6XcX6NT7QlbXcSAzBaU7pCaYnsqf_VhL56vvy8wAeHvtYlsR7DrJvNYDUheP4y6y0qg,DIAMOND,DIAMOND,I,41,firofr,ADR,EUW1_7741245098,2026-02-19 17:45:31.985000+00:00,420,CLASSIC,30.883333333333333,Caitlyn,BOTTOM,False,1,10,3,0.4,10618,11857,21530,17,237,7.674042093901781
18,40uBTnF5b8w6XcX6NT7QlbXcSAzBaU7pCaYnsqf_VhL56vvy8wAeHvtYlsR7DrJvNYDUheP4y6y0qg,DIAMOND,DIAMOND,I,41,firofr,ADR,EUW1_7741651902,2026-02-19 21:00:47.965000+00:00,420,CLASSIC,29.7,Jinx,BOTTOM,True,6,4,12,4.5,14026,26870,17499,17,221,7.441077441077441
18,40uBTnF5b8w6XcX6NT7QlbXcSAzBaU7pCaYnsqf_VhL56vvy8wAeHvtYlsR7DrJvNYDUheP4y6y0qg,DIAMOND,DIAMOND,I,41,firofr,ADR,EUW1_7741743307,2026-02-19 21:43:30.590000+00:00,420,CLASSIC,25.433333333333334,Caitlyn,BOTTOM,True,18,5,7,5.0,16210,36058,10928,11,198,7.785058977719528
18,40uBTnF5b8w6XcX6NT7QlbXcSAzBaU7pCaYnsqf_VhL56vvy8wAeHvtYlsR7DrJvNYDUheP4y6y0qg,DIAMOND,DIAMOND,I,41,firofr,ADR,EUW1_7742818760,2026-02-20 15:08:56.733000+00:00,420,CLASSIC,28.95,Caitlyn,BOTTOM,False,9,4,7,4.0,14076,27400,19219,19,218,7.530224525043178
18,40uBTnF5b8w6XcX6NT7QlbXcSAzBaU7pCaYnsqf_VhL56vvy8wAeHvtYlsR7DrJvNYDUheP4y6y0qg,DIAMOND,DIAMOND,I,41,firofr,ADR,EUW1_7747483912,2026-02-22 22:54:25.045000+00:00,420,CLASSIC,15.666666666666666,MissFortune,BOTTOM,True,4,1,6,10.0,8377,12649,4844,13,148,9.446808510638299
18,40uBTnF5b8w6XcX6NT7QlbXcSAzBaU7pCaYnsqf_VhL56vvy8wAeHvtYlsR7DrJvNYDUheP4y6y0qg,DIAMOND,DIAMOND,I,41,firofr,ADR,EUW1_7747553637,2026-02-22 23:42:28.892000+00:00,420,CLASSIC,35.6,MissFortune,BOTTOM,True,9,9,15,2.6666666666666665,19345,25747,28184,26,241,6.769662921348314
18,40uBTnF5b8w6XcX6NT7QlbXcSAzBaU7pCaYnsqf_VhL56vvy8wAeHvtYlsR7DrJvNYDUheP4y6y0qg,DIAMOND,DIAMOND,I,41,firofr,ADR,EUW1_7749315119,2026-02-23 23:47:48.458000+00:00,420,CLASSIC,30.25,Caitlyn,BOTTOM,False,5,6,5,1.6666666666666667,12035,27450,17783,21,217,7.1735537190082646
18,40uBTnF5b8w6XcX6NT7QlbXcSAzBaU7pCaYnsqf_VhL56vvy8wAeHvtYlsR7DrJvNYDUheP4y6y0qg,DIAMOND,DIAMOND,I,41,firofr,ADR,EUW1_7749357128,2026-02-24 00:23:17.613000+00:00,420,CLASSIC,39.93333333333333,Caitlyn,BOTTOM,False,17,6,7,4.0,20521,55135,30588,19,262,6.56093489148581
18,40uBTnF5b8w6XcX6NT7QlbXcSAzBaU7pCaYnsqf_VhL56vvy8wAeHvtYlsR7DrJvNYDUheP4y6y0qg,DIAMOND,DIAMOND,I,41,firofr,ADR,EUW1_7749403084,2026-02-24 01:10:40.527000+00:00,420,CLASSIC,43.03333333333333,Sejuani,JUNGLE,False,8,11,11,1.7272727272727273,16587,29516,73624,46,198,4.601084430673897
18,40uBTnF5b8w6XcX6NT7QlbXcSAzBaU7pCaYnsqf_VhL56vvy8wAeHvtYlsR7DrJvNYDUheP4y6y0qg,DIAMOND,DIAMOND,I,41,firofr,ADR,EUW1_7760406021,2026-03-02 16:36:37.511000+00:00,420,CLASSIC,29.833333333333332,Caitlyn,BOTTOM,False,8,4,5,3.25,15902,21900,15309,21,258,8.64804469273743
18,40uBTnF5b8w6XcX6NT7QlbXcSAzBaU7pCaYnsqf_VhL56vvy8wAeHvtYlsR7DrJvNYDUheP4y6y0qg,DIAMOND,DIAMOND,I,41,firofr,ADR,EUW1_7760455238,2026-03-02 17:13:32.616000+00:00,420,CLASSIC,20.733333333333334,MissFortune,BOTTOM,False,6,2,1,3.5,9949,16761,7825,8,165,7.958199356913183
18,40uBTnF5b8w6XcX6NT7QlbXcSAzBaU7pCaYnsqf_VhL56vvy8wAeHvtYlsR7DrJvNYDUheP4y6y0qg,DIAMOND,DIAMOND,I,41,firofr,ADR,EUW1_7760497203,2026-03-02 17:39:44.083000+00:00,420,CLASSIC,44.516666666666666,Orianna,MIDDLE,True,7,8,24,3.875,16642,32486,31701,37,248,5.570947210782479
18,40uBTnF5b8w6XcX6NT7QlbXcSAzBaU7pCaYnsqf_VhL56vvy8wAeHvtYlsR7DrJvNYDUheP4y6y0qg,DIAMOND,DIAMOND,I,41,firofr,ADR,EUW1_7764081325,2026-03-05 17:46:53.801000+00:00,420,CLASSIC,39.13333333333333,Caitlyn,BOTTOM,True,15,8,10,3.125,21209,58624,33876,35,262,6.695059625212947
18,40uBTnF5b8w6XcX6NT7QlbXcSAzBaU7pCaYnsqf_VhL56vvy8wAeHvtYlsR7DrJvNYDUheP4y6y0qg,DIAMOND,DIAMOND,I,41,firofr,ADR,EUW1_7766273470,2026-03-06 23:11:09.547000+00:00,420,CLASSIC,27.383333333333333,MissFortune,BOTTOM,False,2,8,3,0.625,12157,21323,27304,15,231,8.435788192331103
18,40uBTnF5b8w6XcX6NT7QlbXcSAzBaU7pCaYnsqf_VhL56vvy8wAeHvtYlsR7DrJvNYDUheP4y6y0qg,DIAMOND,DIAMOND,I,41,firofr,ADR,EUW1_7766318968,2026-03-06 23:42:00.117000+00:00,420,CLASSIC,27.283333333333335,Caitlyn,BOTTOM,False,0,5,3,0.6,10261,15891,17569,23,243,8.906536346976175
18,40uBTnF5b8w6XcX6NT7QlbXcSAzBaU7pCaYnsqf_VhL56vvy8wAeHvtYlsR7DrJvNYDUheP4y6y0qg,DIAMOND,DIAMOND,I,41,firofr,ADR,EUW1_7775539390,2026-03-12 13:42:50.692000+00:00,420,CLASSIC,28.95,Caitlyn,BOTTOM,False,3,10,3,0.6,10062,11794,23005,11,172,5.941278065630398
18,40uBTnF5b8w6XcX6NT7QlbXcSAzBaU7pCaYnsqf_VhL56vvy8wAeHvtYlsR7DrJvNYDUheP4y6y0qg,DIAMOND,DIAMOND,I,41,firofr,ADR,EUW1_7775582385,2026-03-12 14:16:23.990000+00:00,420,CLASSIC,36.983333333333334,Caitlyn,BOTTOM,False,7,7,5,1.7142857142857142,16297,36024,32003,25,277,7.489860297431275
18,40uBTnF5b8w6XcX6NT7QlbXcSAzBaU7pCaYnsqf_VhL56vvy8wAeHvtYlsR7DrJvNYDUheP4y6y0qg,DIAMOND,DIAMOND,I,41,firofr,ADR,EUW1_7782561234,2026-03-16 11:55:58.707000+00:00,420,CLASSIC,33.61666666666667,Caitlyn,BOTTOM,True,5,4,14,4.75,16155,40307,21109,27,284,8.448190381755081
18,40uBTnF5b8w6XcX6NT7QlbXcSAzBaU7pCaYnsqf_VhL56vvy8wAeHvtYlsR7DrJvNYDUheP4y6y0qg,DIAMOND,DIAMOND,I,41,firofr,ADR,EUW1_7782611519,2026-03-16 12:35:21.731000+00:00,420,CLASSIC,34.166666666666664,Caitlyn,BOTTOM,True,8,7,15,3.2857142857142856,17377,39524,24668,31,283,8.282926829268293
18,40uBTnF5b8w6XcX6NT7QlbXcSAzBaU7pCaYnsqf_VhL56vvy8wAeHvtYlsR7DrJvNYDUheP4y6y0qg,DIAMOND,DIAMOND,I,41,firofr,ADR,EUW1_7787777952,2026-03-19 14:37:52.554000+00:00,420,CLASSIC,24.883333333333333,Caitlyn,BOTTOM,True,3,5,9,2.4,9315,12128,13087,13,147,5.907568653717347
18,40uBTnF5b8w6XcX6NT7QlbXcSAzBaU7pCaYnsqf_VhL56vvy8wAeHvtYlsR7DrJvNYDUheP4y6y0qg,DIAMOND,DIAMOND,I,41,firofr,ADR,EUW1_7787821543,2026-03-19 15:08:05.475000+00:00,420,CLASSIC,28.2,Caitlyn,BOTTOM,True,10,3,4,4.666666666666667,15405,27571,19766,25,287,10.177304964539008
18,40uBTnF5b8w6XcX6NT7QlbXcSAzBaU7pCaYnsqf_VhL56vvy8wAeHvtYlsR7DrJvNYDUheP4y6y0qg,DIAMOND,DIAMOND,I,41,firofr,ADR,EUW1_7787861156,2026-03-19 15:40:55.287000+00:00,420,CLASSIC,23.666666666666668,MissFortune,BOTTOM,False,4,6,2,1.0,11262,14359,18167,14,175,7.394366197183098
18,40uBTnF5b8w6XcX6NT7QlbXcSAzBaU7pCaYnsqf_VhL56vvy8wAeHvtYlsR7DrJvNYDUheP4y6y0qg,DIAMOND,DIAMOND,I,41,firofr,ADR,EUW1_7787907610,2026-03-19 16:10:00.141000+00:00,420,CLASSIC,36.11666666666667,Karma,UTILITY,False,0,13,17,1.3076923076923077,9387,10634,42228,92,18,0.49838486386709735
18,40uBTnF5b8w6XcX6NT7QlbXcSAzBaU7pCaYnsqf_VhL56vvy8wAeHvtYlsR7DrJvNYDUheP4y6y0qg,DIAMOND,DIAMOND,I,41,firofr,ADR,EUW1_7796639118,2026-03-24 14:33:13.877000+00:00,420,CLASSIC,35.88333333333333,Nautilus,UTILITY,False,0,11,15,1.3636363636363635,9477,11820,32773,111,32,0.8917789131444496
18,40uBTnF5b8w6XcX6NT7QlbXcSAzBaU7pCaYnsqf_VhL56vvy8wAeHvtYlsR7DrJvNYDUheP4y6y0qg,DIAMOND,DIAMOND,I,41,firofr,ADR,EUW1_7796707868,2026-03-24 15:18:44.349000+00:00,420,CLASSIC,35.35,Corki,BOTTOM,True,14,5,13,5.4,20656,52954,34190,25,268,7.581329561527581
18,40uBTnF5b8w6XcX6NT7QlbXcSAzBaU7pCaYnsqf_VhL56vvy8wAeHvtYlsR7DrJvNYDUheP4y6y0qg,DIAMOND,DIAMOND,I,41,firofr,ADR,EUW1_7796800996,2026-03-24 16:18:01.496000+00:00,420,CLASSIC,37.233333333333334,Caitlyn,BOTTOM,True,11,11,13,2.1818181818181817,19605,46724,34974,37,259,6.956132497761862
18,40uBTnF5b8w6XcX6NT7QlbXcSAzBaU7pCaYnsqf_VhL56vvy8wAeHvtYlsR7DrJvNYDUheP4y6y0qg,DIAMOND,DIAMOND,I,41,firofr,ADR,EUW1_7796900018,2026-03-24 17:16:23.648000+00:00,420,CLASSIC,30.933333333333334,Caitlyn,BOTTOM,True,11,5,6,3.4,18994,37873,21163,19,312,10.086206896551724
18,40uBTnF5b8w6XcX6NT7QlbXcSAzBaU7pCaYnsqf_VhL56vvy8wAeHvtYlsR7DrJvNYDUheP4y6y0qg,DIAMOND,DIAMOND,I,41,firofr,ADR,EUW1_7798275255,2026-03-25 16:10:08.564000+00:00,420,CLASSIC,15.95,Caitlyn,BOTTOM,True,4,2,3,3.5,7608,8135,6420,10,146,9.153605015673982
18,40uBTnF5b8w6XcX6NT7QlbXcSAzBaU7pCaYnsqf_VhL56vvy8wAeHvtYlsR7DrJvNYDUheP4y6y0qg,DIAMOND,DIAMOND,I,41,firofr,ADR,EUW1_7798364181,2026-03-25 17:15:24.566000+00:00,420,CLASSIC,26.45,Karma,UTILITY,False,0,6,7,1.1666666666666667,7023,8628,20621,81,32,1.2098298676748582
18,40uBTnF5b8w6XcX6NT7QlbXcSAzBaU7pCaYnsqf_VhL56vvy8wAeHvtYlsR7DrJvNYDUheP4y6y0qg,DIAMOND,DIAMOND,I,41,firofr,ADR,EUW1_7799979702,2026-03-26 22:22:09.931000+00:00,420,CLASSIC,30.833333333333332,Caitlyn,BOTTOM,True,10,6,9,3.1666666666666665,14846,28709,19195,22,207,6.713513513513513
18,40uBTnF5b8w6XcX6NT7QlbXcSAzBaU7pCaYnsqf_VhL56vvy8wAeHvtYlsR7DrJvNYDUheP4y6y0qg,DIAMOND,DIAMOND,I,41,firofr,ADR,EUW1_7800028688,2026-03-26 22:58:17.398000+00:00,420,CLASSIC,16.466666666666665,Caitlyn,BOTTOM,True,10,0,6,16.0,9459,11712,5985,6,129,7.8340080971659924
18,40uBTnF5b8w6XcX6NT7QlbXcSAzBaU7pCaYnsqf_VhL56vvy8wAeHvtYlsR7DrJvNYDUheP4y6y0qg,DIAMOND,DIAMOND,I,41,firofr,ADR,EUW1_7803676668,2026-03-29 19:45:13.235000+00:00,420,CLASSIC,29.466666666666665,Caitlyn,BOTTOM,True,16,4,8,6.0,17501,35490,15731,20,268,9.095022624434389
18,40uBTnF5b8w6XcX6NT7QlbXcSAzBaU7pCaYnsqf_VhL56vvy8wAeHvtYlsR7DrJvNYDUheP4y6y0qg,DIAMOND,DIAMOND,I,41,firofr,ADR,EUW1_7803738601,2026-03-29 20:22:56.502000+00:00,420,CLASSIC,37.78333333333333,Caitlyn,BOTTOM,False,7,8,7,1.75,15929,34436,28901,28,238,6.2990736656374064
18,40uBTnF5b8w6XcX6NT7QlbXcSAzBaU7pCaYnsqf_VhL56vvy8wAeHvtYlsR7DrJvNYDUheP4y6y0qg,DIAMOND,DIAMOND,I,41,firofr,ADR,EUW1_7803814370,2026-03-29 21:17:28.172000+00:00,420,CLASSIC,30.133333333333333,Sivir,BOTTOM,False,4,6,4,1.3333333333333333,12827,22922,21057,11,197,6.537610619469026
18,40uBTnF5b8w6XcX6NT7QlbXcSAzBaU7pCaYnsqf_VhL56vvy8wAeHvtYlsR7DrJvNYDUheP4y6y0qg,DIAMOND,DIAMOND,I,41,firofr,ADR,EUW1_7803865912,2026-03-29 21:52:48.595000+00:00,420,CLASSIC,26.483333333333334,MissFortune,BOTTOM,True,3,3,11,4.666666666666667,12551,17189,11743,27,212,8.005034612964128
18,40uBTnF5b8w6XcX6NT7QlbXcSAzBaU7pCaYnsqf_VhL56vvy8wAeHvtYlsR7DrJvNYDUheP4y6y0qg,DIAMOND,DIAMOND,I,41,firofr,ADR,EUW1_7803902638,2026-03-29 22:24:33.015000+00:00,420,CLASSIC,27.383333333333333,Milio,UTILITY,False,0,4,18,4.5,7708,5008,13725,86,19,0.6938527084601339
18,40uBTnF5b8w6XcX6NT7QlbXcSAzBaU7pCaYnsqf_VhL56vvy8wAeHvtYlsR7DrJvNYDUheP4y6y0qg,DIAMOND,DIAMOND,I,41,firofr,ADR,EUW1_7803937496,2026-03-29 22:58:07.447000+00:00,420,CLASSIC,35.266666666666666,Caitlyn,BOTTOM,True,11,3,6,5.666666666666667,18558,27443,15153,29,346,9.810964083175804
18,40uBTnF5b8w6XcX6NT7QlbXcSAzBaU7pCaYnsqf_VhL56vvy8wAeHvtYlsR7DrJvNYDUheP4y6y0qg,DIAMOND,DIAMOND,I,41,firofr,ADR,EUW1_7806542489,2026-04-01 16:44:16.181000+00:00,420,CLASSIC,33.916666666666664,MissFortune,BOTTOM,False,9,7,8,2.4285714285714284,16493,35673,29073,23,245,7.2235872235872245
18,40uBTnF5b8w6XcX6NT7QlbXcSAzBaU7pCaYnsqf_VhL56vvy8wAeHvtYlsR7DrJvNYDUheP4y6y0qg,DIAMOND,DIAMOND,I,41,firofr,ADR,EUW1_7807448580,2026-04-02 13:57:55.243000+00:00,420,CLASSIC,26.6,Janna,UTILITY,False,2,3,17,6.333333333333333,8515,11449,18388,63,19,0.7142857142857143
18,40uBTnF5b8w6XcX6NT7QlbXcSAzBaU7pCaYnsqf_VhL56vvy8wAeHvtYlsR7DrJvNYDUheP4y6y0qg,DIAMOND,DIAMOND,I,41,firofr,ADR,EUW1_7807772418,2026-04-02 18:50:06.925000+00:00,420,CLASSIC,26.066666666666666,Sona,UTILITY,True,1,7,27,4.0,8513,12568,22232,58,14,0.5370843989769821
18,40uBTnF5b8w6XcX6NT7QlbXcSAzBaU7pCaYnsqf_VhL56vvy8wAeHvtYlsR7DrJvNYDUheP4y6y0qg,DIAMOND,DIAMOND,I,41,firofr,ADR,EUW1_7807900688,2026-04-02 20:09:43.008000+00:00,420,CLASSIC,26.233333333333334,Caitlyn,BOTTOM,False,7,5,3,2.0,12102,24352,18004,14,208,7.928843710292249
18,40uBTnF5b8w6XcX6NT7QlbXcSAzBaU7pCaYnsqf_VhL56vvy8wAeHvtYlsR7DrJvNYDUheP4y6y0qg,DIAMOND,DIAMOND,I,41,firofr,ADR,EUW1_7808650292,2026-04-03 14:44:01.673000+00:00,420,CLASSIC,26.6,Caitlyn,BOTTOM,False,1,7,1,0.2857142857142857,9057,16000,18355,10,215,8.082706766917292
18,40uBTnF5b8w6XcX6NT7QlbXcSAzBaU7pCaYnsqf_VhL56vvy8wAeHvtYlsR7DrJvNYDUheP4y6y0qg,DIAMOND,DIAMOND,I,41,firofr,ADR,EUW1_7808691014,2026-04-03 15:17:54.706000+00:00,420,CLASSIC,25.866666666666667,Caitlyn,BOTTOM,True,7,1,4,11.0,13394,24774,11475,17,250,9.664948453608247
18,40uBTnF5b8w6XcX6NT7QlbXcSAzBaU7pCaYnsqf_VhL56vvy8wAeHvtYlsR7DrJvNYDUheP4y6y0qg,DIAMOND,DIAMOND,I,41,firofr,ADR,EUW1_7808726245,2026-04-03 15:50:16.366000+00:00,420,CLASSIC,28.816666666666666,Xayah,BOTTOM,True,11,4,19,7.5,16289,36188,25115,14,245,8.502024291497976
18,40uBTnF5b8w6XcX6NT7QlbXcSAzBaU7pCaYnsqf_VhL56vvy8wAeHvtYlsR7DrJvNYDUheP4y6y0qg,DIAMOND,DIAMOND,I,41,firofr,ADR,EUW1_7808929190,2026-04-03 18:34:41.858000+00:00,420,CLASSIC,16.933333333333334,Ashe,BOTTOM,False,1,5,3,0.8,5769,8849,14013,6,124,7.322834645669292
18,40uBTnF5b8w6XcX6NT7QlbXcSAzBaU7pCaYnsqf_VhL56vvy8wAeHvtYlsR7DrJvNYDUheP4y6y0qg,DIAMOND,DIAMOND,I,41,firofr,ADR,EUW1_7808958182,2026-04-03 18:56:07.509000+00:00,420,CLASSIC,35.71666666666667,Ashe,BOTTOM,True,6,6,19,4.166666666666667,14478,22865,24205,25,197,5.515632291180587
18,40uBTnF5b8w6XcX6NT7QlbXcSAzBaU7pCaYnsqf_VhL56vvy8wAeHvtYlsR7DrJvNYDUheP4y6y0qg,DIAMOND,DIAMOND,I,41,firofr,ADR,EUW1_7809040136,2026-04-03 19:52:24.795000+00:00,420,CLASSIC,26.5,Sivir,BOTTOM,False,3,9,2,0.5555555555555556,9625,16133,20533,17,173,6.528301886792453
18,40uBTnF5b8w6XcX6NT7QlbXcSAzBaU7pCaYnsqf_VhL56vvy8wAeHvtYlsR7DrJvNYDUheP4y6y0qg,DIAMOND,DIAMOND,I,41,firofr,ADR,EUW1_7809090002,2026-04-03 20:23:51.293000+00:00,420,CLASSIC,30.833333333333332,MissFortune,BOTTOM,False,7,7,3,1.4285714285714286,15270,22981,21303,21,246,7.978378378378379
18,40uBTnF5b8w6XcX6NT7QlbXcSAzBaU7pCaYnsqf_VhL56vvy8wAeHvtYlsR7DrJvNYDUheP4y6y0qg,DIAMOND,DIAMOND,I,41,firofr,ADR,EUW1_7837131789,2026-04-29 22:24:11.695000+00:00,420,CLASSIC,31.2,Caitlyn,BOTTOM,True,2,5,13,3.0,12209,22262,21909,9,207,6.634615384615385
18,40uBTnF5b8w6XcX6NT7QlbXcSAzBaU7pCaYnsqf_VhL56vvy8wAeHvtYlsR7DrJvNYDUheP4y6y0qg,DIAMOND,DIAMOND,I,41,firofr,ADR,EUW1_7846109178,2026-05-07 23:02:45.611000+00:00,420,CLASSIC,34.61666666666667,Nami,UTILITY,True,5,7,21,3.7142857142857144,11454,13059,29488,104,19,0.548868560423688
18,40uBTnF5b8w6XcX6NT7QlbXcSAzBaU7pCaYnsqf_VhL56vvy8wAeHvtYlsR7DrJvNYDUheP4y6y0qg,DIAMOND,DIAMOND,I,41,firofr,ADR,EUW1_7846134427,2026-05-07 23:44:03.102000+00:00,420,CLASSIC,26.35,MissFortune,BOTTOM,True,12,4,2,3.5,16172,30814,20070,9,225,8.538899430740038
18,40uBTnF5b8w6XcX6NT7QlbXcSAzBaU7pCaYnsqf_VhL56vvy8wAeHvtYlsR7DrJvNYDUheP4y6y0qg,DIAMOND,DIAMOND,I,41,firofr,ADR,EUW1_7848683921,2026-05-10 11:45:37.409000+00:00,420,CLASSIC,28.416666666666668,MissFortune,BOTTOM,True,3,9,7,1.1111111111111112,13243,11414,16908,13,189,6.651026392961876
18,40uBTnF5b8w6XcX6NT7QlbXcSAzBaU7pCaYnsqf_VhL56vvy8wAeHvtYlsR7DrJvNYDUheP4y6y0qg,DIAMOND,DIAMOND,I,41,firofr,ADR,EUW1_7848720967,2026-05-10 12:22:54.527000+00:00,420,CLASSIC,29.233333333333334,Xayah,BOTTOM,False,3,5,1,0.8,11314,14753,23481,22,236,8.07297605473204
18,40uBTnF5b8w6XcX6NT7QlbXcSAzBaU7pCaYnsqf_VhL56vvy8wAeHvtYlsR7DrJvNYDUheP4y6y0qg,DIAMOND,DIAMOND,I,41,firofr,ADR,EUW1_7848762470,2026-05-10 12:59:29.318000+00:00,420,CLASSIC,28.05,MissFortune,BOTTOM,True,13,6,4,2.8333333333333335,16563,33653,23373,20,223,7.950089126559715
18,40uBTnF5b8w6XcX6NT7QlbXcSAzBaU7pCaYnsqf_VhL56vvy8wAeHvtYlsR7DrJvNYDUheP4y6y0qg,DIAMOND,DIAMOND,I,41,firofr,ADR,EUW1_7848803536,2026-05-10 13:32:33.629000+00:00,420,CLASSIC,29.85,MissFortune,BOTTOM,True,12,8,5,2.125,17762,31793,19548,24,248,8.308207705192629
18,40uBTnF5b8w6XcX6NT7QlbXcSAzBaU7pCaYnsqf_VhL56vvy8wAeHvtYlsR7DrJvNYDUheP4y6y0qg,DIAMOND,DIAMOND,I,41,firofr,ADR,EUW1_7853168691,2026-05-14 12:01:40.418000+00:00,420,CLASSIC,39.53333333333333,MissFortune,BOTTOM,True,8,9,17,2.7777777777777777,20164,35882,29625,25,297,7.512647554806072
18,40uBTnF5b8w6XcX6NT7QlbXcSAzBaU7pCaYnsqf_VhL56vvy8wAeHvtYlsR7DrJvNYDUheP4y6y0qg,DIAMOND,DIAMOND,I,41,firofr,ADR,EUW1_7853213253,2026-05-14 12:48:22.514000+00:00,420,CLASSIC,31.966666666666665,Caitlyn,BOTTOM,False,2,9,10,1.3333333333333333,11394,22293,22830,30,205,6.412930135557873
18,40uBTnF5b8w6XcX6NT7QlbXcSAzBaU7pCaYnsqf_VhL56vvy8wAeHvtYlsR7DrJvNYDUheP4y6y0qg,DIAMOND,DIAMOND,I,41,firofr,ADR,EUW1_7854356273,2026-05-15 12:05:56.444000+00:00,420,CLASSIC,36.28333333333333,MissFortune,BOTTOM,True,13,13,15,2.1538461538461537,18495,45280,31029,29,197,5.429490124023887
18,40uBTnF5b8w6XcX6NT7QlbXcSAzBaU7pCaYnsqf_VhL56vvy8wAeHvtYlsR7DrJvNYDUheP4y6y0qg,DIAMOND,DIAMOND,I,41,firofr,ADR,EUW1_7854397012,2026-05-15 12:47:56.148000+00:00,420,CLASSIC,27.4,MissFortune,BOTTOM,False,2,7,4,0.8571428571428571,11133,18780,20744,19,184,6.715328467153285
18,40uBTnF5b8w6XcX6NT7QlbXcSAzBaU7pCaYnsqf_VhL56vvy8wAeHvtYlsR7DrJvNYDUheP4y6y0qg,DIAMOND,DIAMOND,I,41,firofr,ADR,EUW1_7861586842,2026-05-21 20:43:49.300000+00:00,420,CLASSIC,31.783333333333335,Nami,UTILITY,False,1,6,18,3.1666666666666665,8428,8793,18367,82,14,0.4404824331410592
18,40uBTnF5b8w6XcX6NT7QlbXcSAzBaU7pCaYnsqf_VhL56vvy8wAeHvtYlsR7DrJvNYDUheP4y6y0qg,DIAMOND,DIAMOND,I,41,firofr,ADR,EUW1_7861640966,2026-05-21 21:20:12.932000+00:00,420,CLASSIC,29.25,Jinx,BOTTOM,True,3,9,12,1.6666666666666667,12435,18531,19559,26,197,6.735042735042735
18,40uBTnF5b8w6XcX6NT7QlbXcSAzBaU7pCaYnsqf_VhL56vvy8wAeHvtYlsR7DrJvNYDUheP4y6y0qg,DIAMOND,DIAMOND,I,41,firofr,ADR,EUW1_7861686459,2026-05-21 21:53:51.787000+00:00,420,CLASSIC,24.9,Caitlyn,BOTTOM,False,4,6,2,1.0,10262,18087,20937,16,205,8.232931726907632
18,40uBTnF5b8w6XcX6NT7QlbXcSAzBaU7pCaYnsqf_VhL56vvy8wAeHvtYlsR7DrJvNYDUheP4y6y0qg,DIAMOND,DIAMOND,I,41,firofr,ADR,EUW1_7867448142,2026-05-27 12:24:55.011000+00:00,420,CLASSIC,30.433333333333334,Caitlyn,BOTTOM,False,4,8,6,1.25,11379,22394,25644,25,216,7.097480832420591
18,40uBTnF5b8w6XcX6NT7QlbXcSAzBaU7pCaYnsqf_VhL56vvy8wAeHvtYlsR7DrJvNYDUheP4y6y0qg,DIAMOND,DIAMOND,I,41,firofr,ADR,EUW1_7868435554,2026-05-28 11:40:03.513000+00:00,420,CLASSIC,21.55,MissFortune,BOTTOM,False,1,2,5,3.0,7634,10812,9394,12,163,7.5638051044083525
18,40uBTnF5b8w6XcX6NT7QlbXcSAzBaU7pCaYnsqf_VhL56vvy8wAeHvtYlsR7DrJvNYDUheP4y6y0qg,DIAMOND,DIAMOND,I,41,firofr,ADR,EUW1_7868446342,2026-05-28 12:06:07.067000+00:00,420,CLASSIC,21.583333333333332,MissFortune,BOTTOM,True,5,5,9,2.8,9110,13107,14694,17,122,5.652509652509653
18,40uBTnF5b8w6XcX6NT7QlbXcSAzBaU7pCaYnsqf_VhL56vvy8wAeHvtYlsR7DrJvNYDUheP4y6y0qg,DIAMOND,DIAMOND,I,41,firofr,ADR,EUW1_7868467252,2026-05-28 12:32:12.994000+00:00,420,CLASSIC,30.933333333333334,MissFortune,BOTTOM,False,1,9,9,1.1111111111111112,12062,20437,28189,19,251,8.114224137931034
18,40uBTnF5b8w6XcX6NT7QlbXcSAzBaU7pCaYnsqf_VhL56vvy8wAeHvtYlsR7DrJvNYDUheP4y6y0qg,DIAMOND,DIAMOND,I,41,firofr,ADR,EUW1_7896438657,2026-06-23 09:04:31.877000+00:00,420,CLASSIC,1.3666666666666667,Caitlyn,BOTTOM,True,0,0,0,0.0,556,457,170,0,1,0.7317073170731707
18,40uBTnF5b8w6XcX6NT7QlbXcSAzBaU7pCaYnsqf_VhL56vvy8wAeHvtYlsR7DrJvNYDUheP4y6y0qg,DIAMOND,DIAMOND,I,41,firofr,ADR,EUW1_7896437207,2026-06-23 09:11:41.647000+00:00,420,CLASSIC,38.983333333333334,Caitlyn,BOTTOM,True,8,7,13,3.0,16430,30383,24004,43,240,6.15647712697734
18,40uBTnF5b8w6XcX6NT7QlbXcSAzBaU7pCaYnsqf_VhL56vvy8wAeHvtYlsR7DrJvNYDUheP4y6y0qg,DIAMOND,DIAMOND,I,41,firofr,ADR,EUW1_7896459317,2026-06-23 09:54:48.552000+00:00,420,CLASSIC,26.516666666666666,Caitlyn,BOTTOM,False,2,9,1,0.3333333333333333,10511,10329,19119,14,214,8.070395977372721
18,40uBTnF5b8w6XcX6NT7QlbXcSAzBaU7pCaYnsqf_VhL56vvy8wAeHvtYlsR7DrJvNYDUheP4y6y0qg,DIAMOND,DIAMOND,I,41,firofr,ADR,EUW1_7899398110,2026-06-25 20:43:29.843000+00:00,420,CLASSIC,32.53333333333333,DrMundo,TOP,False,2,8,1,0.375,11279,23414,87188,34,230,7.0696721311475414
18,40uBTnF5b8w6XcX6NT7QlbXcSAzBaU7pCaYnsqf_VhL56vvy8wAeHvtYlsR7DrJvNYDUheP4y6y0qg,DIAMOND,DIAMOND,I,41,firofr,ADR,EUW1_7899448256,2026-06-25 21:20:51.257000+00:00,420,CLASSIC,27.816666666666666,Caitlyn,BOTTOM,True,5,6,6,1.8333333333333333,11535,24349,15790,13,211,7.585380467345716
18,40uBTnF5b8w6XcX6NT7QlbXcSAzBaU7pCaYnsqf_VhL56vvy8wAeHvtYlsR7DrJvNYDUheP4y6y0qg,DIAMOND,DIAMOND,I,41,firofr,ADR,EUW1_7899493841,2026-06-25 21:53:39.884000+00:00,420,CLASSIC,36.483333333333334,Caitlyn,BOTTOM,True,13,7,13,3.7142857142857144,20240,55021,27639,24,291,7.976244860666971
18,40uBTnF5b8w6XcX6NT7QlbXcSAzBaU7pCaYnsqf_VhL56vvy8wAeHvtYlsR7DrJvNYDUheP4y6y0qg,DIAMOND,DIAMOND,I,41,firofr,ADR,EUW1_7900075953,2026-06-26 15:34:47.883000+00:00,420,CLASSIC,25.7,Caitlyn,BOTTOM,False,7,5,8,3.0,12188,23632,16183,25,219,8.521400778210117
18,40uBTnF5b8w6XcX6NT7QlbXcSAzBaU7pCaYnsqf_VhL56vvy8wAeHvtYlsR7DrJvNYDUheP4y6y0qg,DIAMOND,DIAMOND,I,41,firofr,ADR,EUW1_7907260984,2026-07-03 12:29:48.423000+00:00,420,CLASSIC,22.35,Xayah,BOTTOM,True,4,5,7,2.2,10231,13924,13034,13,189,8.456375838926174
18,40uBTnF5b8w6XcX6NT7QlbXcSAzBaU7pCaYnsqf_VhL56vvy8wAeHvtYlsR7DrJvNYDUheP4y6y0qg,DIAMOND,DIAMOND,I,41,firofr,ADR,EUW1_7907283596,2026-07-03 12:57:41.007000+00:00,420,CLASSIC,33.56666666666667,Xayah,BOTTOM,True,7,3,12,6.333333333333333,16631,28222,25426,20,273,8.133068520357497
18,40uBTnF5b8w6XcX6NT7QlbXcSAzBaU7pCaYnsqf_VhL56vvy8wAeHvtYlsR7DrJvNYDUheP4y6y0qg,DIAMOND,DIAMOND,I,41,firofr,ADR,EUW1_7919790870,2026-07-15 22:14:16.772000+00:00,420,CLASSIC,25.3,Sona,UTILITY,False,1,10,12,1.3,7056,7507,22183,59,9,0.3557312252964427
18,40uBTnF5b8w6XcX6NT7QlbXcSAzBaU7pCaYnsqf_VhL56vvy8wAeHvtYlsR7DrJvNYDUheP4y6y0qg,DIAMOND,DIAMOND,I,41,firofr,ADR,EUW1_7920188141,2026-07-16 14:00:11.656000+00:00,420,CLASSIC,3.433333333333333,Caitlyn,BOTTOM,True,0,0,0,0.0,1311,1577,342,0,25,7.281553398058253
18,40uBTnF5b8w6XcX6NT7QlbXcSAzBaU7pCaYnsqf_VhL56vvy8wAeHvtYlsR7DrJvNYDUheP4y6y0qg,DIAMOND,DIAMOND,I,41,firofr,ADR,EUW1_7920201577,2026-07-16 14:08:23.120000+00:00,420,CLASSIC,15.266666666666667,Caitlyn,BOTTOM,True,5,1,4,9.0,6893,9679,6351,6,115,7.532751091703056
18,40uBTnF5b8w6XcX6NT7QlbXcSAzBaU7pCaYnsqf_VhL56vvy8wAeHvtYlsR7DrJvNYDUheP4y6y0qg,DIAMOND,DIAMOND,I,41,firofr,ADR,EUW1_7920216623,2026-07-16 14:28:44.389000+00:00,420,CLASSIC,34.78333333333333,Caitlyn,BOTTOM,True,7,6,11,3.0,15846,33411,21767,22,287,8.25107810253953
18,40uBTnF5b8w6XcX6NT7QlbXcSAzBaU7pCaYnsqf_VhL56vvy8wAeHvtYlsR7DrJvNYDUheP4y6y0qg,DIAMOND,DIAMOND,I,41,firofr,ADR,EUW1_7931529940,2026-07-27 16:11:24.008000+00:00,420,CLASSIC,32.516666666666666,DrMundo,TOP,False,4,7,9,1.8571428571428572,12823,35100,91560,26,211,6.4889800102511535
18,40uBTnF5b8w6XcX6NT7QlbXcSAzBaU7pCaYnsqf_VhL56vvy8wAeHvtYlsR7DrJvNYDUheP4y6y0qg,DIAMOND,DIAMOND,I,41,firofr,ADR,EUW1_7931580564,2026-07-27 16:53:41.028000+00:00,420,CLASSIC,21.766666666666666,MissFortune,BOTTOM,False,2,8,4,0.75,8517,14024,15788,16,152,6.983154670750383
18,40uBTnF5b8w6XcX6NT7QlbXcSAzBaU7pCaYnsqf_VhL56vvy8wAeHvtYlsR7DrJvNYDUheP4y6y0qg,DIAMOND,DIAMOND,I,41,firofr,ADR,EUW1_7947186604,2026-08-11 11:44:05.805000+00:00,420,CLASSIC,22.75,Caitlyn,BOTTOM,True,5,5,8,2.6,10104,16732,13657,19,169,7.428571428571429
18,40uBTnF5b8w6XcX6NT7QlbXcSAzBaU7pCaYnsqf_VhL56vvy8wAeHvtYlsR7DrJvNYDUheP4y6y0qg,DIAMOND,DIAMOND,I,41,firofr,ADR,EUW1_7947199897,2026-08-11 12:09:34.262000+00:00,420,CLASSIC,28.983333333333334,Caitlyn,BOTTOM,False,6,7,6,1.7142857142857142,11807,13367,16456,21,227,7.832087406555491
18,40uBTnF5b8w6XcX6NT7QlbXcSAzBaU7pCaYnsqf_VhL56vvy8wAeHvtYlsR7DrJvNYDUheP4y6y0qg,DIAMOND,DIAMOND,I,41,firofr,ADR,EUW1_7947221060,2026-08-11 12:44:33.672000+00:00,420,CLASSIC,25.783333333333335,Caitlyn,BOTTOM,False,2,9,1,0.3333333333333333,8210,14357,16523,12,165,6.399482870071105
18,40uBTnF5b8w6XcX6NT7QlbXcSAzBaU7pCaYnsqf_VhL56vvy8wAeHvtYlsR7DrJvNYDUheP4y6y0qg,DIAMOND,DIAMOND,I,41,firofr,ADR,EUW1_7960601839,2026-08-24 14:36:10.565000+00:00,420,CLASSIC,26.25,Caitlyn,BOTTOM,False,3,11,4,0.6363636363636364,8917,11806,18718,11,152,5.79047619047619
18,40uBTnF5b8w6XcX6NT7QlbXcSAzBaU7pCaYnsqf_VhL56vvy8wAeHvtYlsR7DrJvNYDUheP4y6y0qg,DIAMOND,DIAMOND,I,41,firofr,ADR,EUW1_7960624338,2026-08-24 15:08:21.371000+00:00,420,CLASSIC,26.183333333333334,Caitlyn,BOTTOM,False,2,9,6,0.8888888888888888,9280,12958,17853,18,163,6.22533418204965
19,FtobQmgxVCR_jRkWPdtlxKzEhKRFEocFKMXBVI1q1xQpyZvuAG-fSBxBVF96UYb54wpUNJX6WV37Rg,DIAMOND,DIAMOND,III,52,SeIah,EUW,EUW1_7719412183,2026-02-06 18:34:44.629000+00:00,420,CLASSIC,27.616666666666667,Kaisa,BOTTOM,False,24,7,6,4.285714285714286,19356,39747,24605,28,219,7.929993964996982
19,FtobQmgxVCR_jRkWPdtlxKzEhKRFEocFKMXBVI1q1xQpyZvuAG-fSBxBVF96UYb54wpUNJX6WV37Rg,DIAMOND,DIAMOND,III,52,SeIah,EUW,EUW1_7719484866,2026-02-06 19:14:07.213000+00:00,420,CLASSIC,22.533333333333335,Teemo,TOP,False,2,5,2,0.8,8561,14008,21640,8,167,7.411242603550296
19,FtobQmgxVCR_jRkWPdtlxKzEhKRFEocFKMXBVI1q1xQpyZvuAG-fSBxBVF96UYb54wpUNJX6WV37Rg,DIAMOND,DIAMOND,III,52,SeIah,EUW,EUW1_7745397437,2026-02-21 22:53:02.390000+00:00,420,CLASSIC,31.333333333333332,Kaisa,BOTTOM,True,4,4,8,3.0,15107,23877,24028,20,271,8.648936170212766
19,FtobQmgxVCR_jRkWPdtlxKzEhKRFEocFKMXBVI1q1xQpyZvuAG-fSBxBVF96UYb54wpUNJX6WV37Rg,DIAMOND,DIAMOND,III,52,SeIah,EUW,EUW1_7745473772,2026-02-21 23:29:48.204000+00:00,420,CLASSIC,33.733333333333334,Kaisa,BOTTOM,True,14,8,7,2.625,19778,29847,29931,32,305,9.041501976284584
19,FtobQmgxVCR_jRkWPdtlxKzEhKRFEocFKMXBVI1q1xQpyZvuAG-fSBxBVF96UYb54wpUNJX6WV37Rg,DIAMOND,DIAMOND,III,52,SeIah,EUW,EUW1_7745545570,2026-02-22 00:11:51.830000+00:00,420,CLASSIC,29.416666666666668,Kaisa,BOTTOM,False,8,5,2,2.0,13466,20492,24103,17,234,7.954674220963173
19,FtobQmgxVCR_jRkWPdtlxKzEhKRFEocFKMXBVI1q1xQpyZvuAG-fSBxBVF96UYb54wpUNJX6WV37Rg,DIAMOND,DIAMOND,III,52,SeIah,EUW,EUW1_7745598557,2026-02-22 00:47:57.887000+00:00,420,CLASSIC,30.75,Varus,TOP,False,4,12,6,0.8333333333333334,11096,19331,32859,21,213,6.926829268292683
19,FtobQmgxVCR_jRkWPdtlxKzEhKRFEocFKMXBVI1q1xQpyZvuAG-fSBxBVF96UYb54wpUNJX6WV37Rg,DIAMOND,DIAMOND,III,52,SeIah,EUW,EUW1_7747578815,2026-02-23 00:06:11.174000+00:00,420,CLASSIC,38.7,Kaisa,BOTTOM,False,8,10,4,1.2,16670,26402,33350,30,264,6.821705426356589
19,FtobQmgxVCR_jRkWPdtlxKzEhKRFEocFKMXBVI1q1xQpyZvuAG-fSBxBVF96UYb54wpUNJX6WV37Rg,DIAMOND,DIAMOND,III,52,SeIah,EUW,EUW1_7747624573,2026-02-23 00:48:57.144000+00:00,420,CLASSIC,32.0,Ezreal,BOTTOM,False,10,7,5,2.142857142857143,14518,41856,32868,19,245,7.65625
19,FtobQmgxVCR_jRkWPdtlxKzEhKRFEocFKMXBVI1q1xQpyZvuAG-fSBxBVF96UYb54wpUNJX6WV37Rg,DIAMOND,DIAMOND,III,52,SeIah,EUW,EUW1_7769013024,2026-03-08 15:39:07.818000+00:00,420,CLASSIC,18.683333333333334,Caitlyn,BOTTOM,True,1,2,6,3.5,7495,5976,9293,13,134,7.172167707404103
19,FtobQmgxVCR_jRkWPdtlxKzEhKRFEocFKMXBVI1q1xQpyZvuAG-fSBxBVF96UYb54wpUNJX6WV37Rg,DIAMOND,DIAMOND,III,52,SeIah,EUW,EUW1_7769066804,2026-03-08 16:09:18.121000+00:00,420,CLASSIC,35.1,Vayne,TOP,False,7,8,8,1.875,15363,35426,41501,24,278,7.92022792022792
19,FtobQmgxVCR_jRkWPdtlxKzEhKRFEocFKMXBVI1q1xQpyZvuAG-fSBxBVF96UYb54wpUNJX6WV37Rg,DIAMOND,DIAMOND,III,52,SeIah,EUW,EUW1_7769150737,2026-03-08 16:50:15.343000+00:00,420,CLASSIC,31.366666666666667,Jhin,BOTTOM,True,8,1,2,10.0,16913,27356,14025,19,333,10.616365568544103
19,FtobQmgxVCR_jRkWPdtlxKzEhKRFEocFKMXBVI1q1xQpyZvuAG-fSBxBVF96UYb54wpUNJX6WV37Rg,DIAMOND,DIAMOND,III,52,SeIah,EUW,EUW1_7769220793,2026-03-08 17:27:16.322000+00:00,420,CLASSIC,31.783333333333335,Jhin,BOTTOM,False,5,2,3,4.0,16008,25222,19905,30,331,10.414263240692186
19,FtobQmgxVCR_jRkWPdtlxKzEhKRFEocFKMXBVI1q1xQpyZvuAG-fSBxBVF96UYb54wpUNJX6WV37Rg,DIAMOND,DIAMOND,III,52,SeIah,EUW,EUW1_7769286295,2026-03-08 18:03:57.667000+00:00,420,CLASSIC,35.4,Kaisa,BOTTOM,True,21,8,6,3.375,21348,50359,35703,19,277,7.824858757062147
19,FtobQmgxVCR_jRkWPdtlxKzEhKRFEocFKMXBVI1q1xQpyZvuAG-fSBxBVF96UYb54wpUNJX6WV37Rg,DIAMOND,DIAMOND,III,52,SeIah,EUW,EUW1_7769574984,2026-03-08 20:22:28.307000+00:00,420,CLASSIC,37.583333333333336,Cassiopeia,TOP,False,5,11,9,1.2727272727272727,14755,33354,46063,30,294,7.822616407982261
19,FtobQmgxVCR_jRkWPdtlxKzEhKRFEocFKMXBVI1q1xQpyZvuAG-fSBxBVF96UYb54wpUNJX6WV37Rg,DIAMOND,DIAMOND,III,52,SeIah,EUW,EUW1_7769667280,2026-03-08 21:06:41.611000+00:00,420,CLASSIC,33.31666666666667,Jhin,BOTTOM,False,17,2,10,13.5,20595,53502,22800,14,291,8.734367183591795
19,FtobQmgxVCR_jRkWPdtlxKzEhKRFEocFKMXBVI1q1xQpyZvuAG-fSBxBVF96UYb54wpUNJX6WV37Rg,DIAMOND,DIAMOND,III,52,SeIah,EUW,EUW1_7772540101,2026-03-10 17:13:23.029000+00:00,420,CLASSIC,28.15,Caitlyn,BOTTOM,False,1,7,3,0.5714285714285714,10686,11091,23934,7,231,8.206039076376555
19,FtobQmgxVCR_jRkWPdtlxKzEhKRFEocFKMXBVI1q1xQpyZvuAG-fSBxBVF96UYb54wpUNJX6WV37Rg,DIAMOND,DIAMOND,III,52,SeIah,EUW,EUW1_7780050693,2026-03-15 00:01:58.686000+00:00,420,CLASSIC,7.083333333333333,Cassiopeia,MIDDLE,True,1,0,1,2.0,2633,2139,2150,3,56,7.905882352941177
19,FtobQmgxVCR_jRkWPdtlxKzEhKRFEocFKMXBVI1q1xQpyZvuAG-fSBxBVF96UYb54wpUNJX6WV37Rg,DIAMOND,DIAMOND,III,52,SeIah,EUW,EUW1_7780063212,2026-03-15 00:13:52.189000+00:00,420,CLASSIC,28.316666666666666,Jhin,BOTTOM,False,3,8,3,0.75,11533,14368,19797,25,232,8.193054738081225
19,FtobQmgxVCR_jRkWPdtlxKzEhKRFEocFKMXBVI1q1xQpyZvuAG-fSBxBVF96UYb54wpUNJX6WV37Rg,DIAMOND,DIAMOND,III,52,SeIah,EUW,EUW1_7780115484,2026-03-15 00:46:36.935000+00:00,420,CLASSIC,21.95,Caitlyn,BOTTOM,True,10,1,12,22.0,12769,17949,10727,14,179,8.154897494305239
19,FtobQmgxVCR_jRkWPdtlxKzEhKRFEocFKMXBVI1q1xQpyZvuAG-fSBxBVF96UYb54wpUNJX6WV37Rg,DIAMOND,DIAMOND,III,52,SeIah,EUW,EUW1_7780144839,2026-03-15 01:13:46.356000+00:00,420,CLASSIC,15.666666666666666,Vayne,BOTTOM,False,3,9,2,0.5555555555555556,6029,6495,15162,5,99,6.319148936170213
19,FtobQmgxVCR_jRkWPdtlxKzEhKRFEocFKMXBVI1q1xQpyZvuAG-fSBxBVF96UYb54wpUNJX6WV37Rg,DIAMOND,DIAMOND,III,52,SeIah,EUW,EUW1_7783719353,2026-03-16 23:47:24.235000+00:00,420,CLASSIC,20.3,Kaisa,BOTTOM,False,9,6,2,1.8333333333333333,10373,16185,17486,14,176,8.669950738916256
19,FtobQmgxVCR_jRkWPdtlxKzEhKRFEocFKMXBVI1q1xQpyZvuAG-fSBxBVF96UYb54wpUNJX6WV37Rg,DIAMOND,DIAMOND,III,52,SeIah,EUW,EUW1_7789643364,2026-03-20 17:53:48.129000+00:00,420,CLASSIC,29.0,Yunara,BOTTOM,False,11,9,6,1.8888888888888888,15746,31683,33949,15,206,7.103448275862069
19,FtobQmgxVCR_jRkWPdtlxKzEhKRFEocFKMXBVI1q1xQpyZvuAG-fSBxBVF96UYb54wpUNJX6WV37Rg,DIAMOND,DIAMOND,III,52,SeIah,EUW,EUW1_7789698296,2026-03-20 18:28:31.778000+00:00,420,CLASSIC,31.133333333333333,Kaisa,BOTTOM,True,8,6,5,2.1666666666666665,14993,29285,25664,14,236,7.580299785867238
19,FtobQmgxVCR_jRkWPdtlxKzEhKRFEocFKMXBVI1q1xQpyZvuAG-fSBxBVF96UYb54wpUNJX6WV37Rg,DIAMOND,DIAMOND,III,52,SeIah,EUW,EUW1_7789762701,2026-03-20 19:04:15.146000+00:00,420,CLASSIC,30.783333333333335,Ashe,BOTTOM,True,3,2,14,8.5,13479,26342,20075,25,229,7.439090416892257
19,FtobQmgxVCR_jRkWPdtlxKzEhKRFEocFKMXBVI1q1xQpyZvuAG-fSBxBVF96UYb54wpUNJX6WV37Rg,DIAMOND,DIAMOND,III,52,SeIah,EUW,EUW1_7790193386,2026-03-20 22:50:26.292000+00:00,420,CLASSIC,30.166666666666668,Tristana,BOTTOM,False,9,9,6,1.6666666666666667,17004,27343,25440,6,235,7.790055248618784
19,FtobQmgxVCR_jRkWPdtlxKzEhKRFEocFKMXBVI1q1xQpyZvuAG-fSBxBVF96UYb54wpUNJX6WV37Rg,DIAMOND,DIAMOND,III,52,SeIah,EUW,EUW1_7790260018,2026-03-20 23:26:00.075000+00:00,420,CLASSIC,25.533333333333335,Kaisa,BOTTOM,True,11,5,8,3.8,16467,25707,19703,23,224,8.77284595300261
19,FtobQmgxVCR_jRkWPdtlxKzEhKRFEocFKMXBVI1q1xQpyZvuAG-fSBxBVF96UYb54wpUNJX6WV37Rg,DIAMOND,DIAMOND,III,52,SeIah,EUW,EUW1_7790309211,2026-03-20 23:58:48.334000+00:00,420,CLASSIC,24.9,Yunara,BOTTOM,True,0,4,9,2.25,10600,15617,13972,30,192,7.710843373493977
19,FtobQmgxVCR_jRkWPdtlxKzEhKRFEocFKMXBVI1q1xQpyZvuAG-fSBxBVF96UYb54wpUNJX6WV37Rg,DIAMOND,DIAMOND,III,52,SeIah,EUW,EUW1_7790348193,2026-03-21 00:28:08.858000+00:00,420,CLASSIC,21.9,Kaisa,BOTTOM,False,2,5,2,0.8,9261,11831,14314,7,188,8.584474885844749
19,FtobQmgxVCR_jRkWPdtlxKzEhKRFEocFKMXBVI1q1xQpyZvuAG-fSBxBVF96UYb54wpUNJX6WV37Rg,DIAMOND,DIAMOND,III,52,SeIah,EUW,EUW1_7790382163,2026-03-21 00:54:43.407000+00:00,420,CLASSIC,24.366666666666667,Vayne,BOTTOM,False,1,10,0,0.1,8605,11006,20169,7,161,6.607387140902873
19,FtobQmgxVCR_jRkWPdtlxKzEhKRFEocFKMXBVI1q1xQpyZvuAG-fSBxBVF96UYb54wpUNJX6WV37Rg,DIAMOND,DIAMOND,III,52,SeIah,EUW,EUW1_7815051415,2026-04-09 15:03:20.093000+00:00,420,CLASSIC,36.3,Vayne,TOP,True,9,9,4,1.4444444444444444,14845,34632,38374,30,248,6.831955922865014
19,FtobQmgxVCR_jRkWPdtlxKzEhKRFEocFKMXBVI1q1xQpyZvuAG-fSBxBVF96UYb54wpUNJX6WV37Rg,DIAMOND,DIAMOND,III,52,SeIah,EUW,EUW1_7815093695,2026-04-09 15:44:17.510000+00:00,420,CLASSIC,35.81666666666667,Kalista,BOTTOM,False,19,5,6,5.0,21568,38900,30168,23,308,8.599348534201953
19,FtobQmgxVCR_jRkWPdtlxKzEhKRFEocFKMXBVI1q1xQpyZvuAG-fSBxBVF96UYb54wpUNJX6WV37Rg,DIAMOND,DIAMOND,III,52,SeIah,EUW,EUW1_7815133721,2026-04-09 16:25:01.471000+00:00,420,CLASSIC,28.833333333333332,Kalista,BOTTOM,False,9,15,3,0.8,13214,16240,33937,9,175,6.069364161849712
19,FtobQmgxVCR_jRkWPdtlxKzEhKRFEocFKMXBVI1q1xQpyZvuAG-fSBxBVF96UYb54wpUNJX6WV37Rg,DIAMOND,DIAMOND,III,52,SeIah,EUW,EUW1_7840548649,2026-05-02 22:58:11.120000+00:00,420,CLASSIC,37.666666666666664,Ezreal,BOTTOM,True,9,6,7,2.6666666666666665,18466,47052,33083,14,320,8.495575221238939
19,FtobQmgxVCR_jRkWPdtlxKzEhKRFEocFKMXBVI1q1xQpyZvuAG-fSBxBVF96UYb54wpUNJX6WV37Rg,DIAMOND,DIAMOND,III,52,SeIah,EUW,EUW1_7840584806,2026-05-02 23:41:14.573000+00:00,420,CLASSIC,39.03333333333333,Ezreal,BOTTOM,True,16,6,10,4.333333333333333,21409,57272,34644,31,321,8.223740392826643
19,FtobQmgxVCR_jRkWPdtlxKzEhKRFEocFKMXBVI1q1xQpyZvuAG-fSBxBVF96UYb54wpUNJX6WV37Rg,DIAMOND,DIAMOND,III,52,SeIah,EUW,EUW1_7841867084,2026-05-04 00:21:08.921000+00:00,420,CLASSIC,41.15,Kaisa,BOTTOM,True,14,12,20,2.8333333333333335,24813,54361,43906,17,334,8.116646415552855
19,FtobQmgxVCR_jRkWPdtlxKzEhKRFEocFKMXBVI1q1xQpyZvuAG-fSBxBVF96UYb54wpUNJX6WV37Rg,DIAMOND,DIAMOND,III,52,SeIah,EUW,EUW1_7842845505,2026-05-04 20:41:49.932000+00:00,420,CLASSIC,29.616666666666667,Jhin,BOTTOM,True,8,3,12,6.666666666666667,15674,28376,18349,11,268,9.048958919527292
19,FtobQmgxVCR_jRkWPdtlxKzEhKRFEocFKMXBVI1q1xQpyZvuAG-fSBxBVF96UYb54wpUNJX6WV37Rg,DIAMOND,DIAMOND,III,52,SeIah,EUW,EUW1_7842891704,2026-05-04 21:18:11.711000+00:00,420,CLASSIC,40.233333333333334,Yunara,BOTTOM,False,13,13,11,1.8461538461538463,23570,42177,37487,33,298,7.406793703396851
19,FtobQmgxVCR_jRkWPdtlxKzEhKRFEocFKMXBVI1q1xQpyZvuAG-fSBxBVF96UYb54wpUNJX6WV37Rg,DIAMOND,DIAMOND,III,52,SeIah,EUW,EUW1_7842952821,2026-05-04 22:03:14.872000+00:00,420,CLASSIC,36.516666666666666,Ezreal,BOTTOM,True,18,4,8,6.5,20827,73808,33964,35,304,8.324965769055225
19,FtobQmgxVCR_jRkWPdtlxKzEhKRFEocFKMXBVI1q1xQpyZvuAG-fSBxBVF96UYb54wpUNJX6WV37Rg,DIAMOND,DIAMOND,III,52,SeIah,EUW,EUW1_7842990958,2026-05-04 22:45:32.821000+00:00,420,CLASSIC,23.683333333333334,Jhin,BOTTOM,False,3,5,6,1.8,9127,11889,14316,21,171,7.220267417311752
19,FtobQmgxVCR_jRkWPdtlxKzEhKRFEocFKMXBVI1q1xQpyZvuAG-fSBxBVF96UYb54wpUNJX6WV37Rg,DIAMOND,DIAMOND,III,52,SeIah,EUW,EUW1_7843013792,2026-05-04 23:14:36.101000+00:00,420,CLASSIC,35.1,Vayne,TOP,False,9,10,3,1.2,15250,23952,36314,23,270,7.692307692307692
19,FtobQmgxVCR_jRkWPdtlxKzEhKRFEocFKMXBVI1q1xQpyZvuAG-fSBxBVF96UYb54wpUNJX6WV37Rg,DIAMOND,DIAMOND,III,52,SeIah,EUW,EUW1_7843037830,2026-05-04 23:55:33.371000+00:00,420,CLASSIC,34.46666666666667,Kalista,BOTTOM,False,14,2,2,8.0,19181,27454,22526,29,325,9.429400386847195
19,FtobQmgxVCR_jRkWPdtlxKzEhKRFEocFKMXBVI1q1xQpyZvuAG-fSBxBVF96UYb54wpUNJX6WV37Rg,DIAMOND,DIAMOND,III,52,SeIah,EUW,EUW1_7843060606,2026-05-05 00:44:14.339000+00:00,420,CLASSIC,43.1,Ezreal,BOTTOM,False,16,5,10,5.2,23590,82477,40452,25,357,8.2830626450116
19,FtobQmgxVCR_jRkWPdtlxKzEhKRFEocFKMXBVI1q1xQpyZvuAG-fSBxBVF96UYb54wpUNJX6WV37Rg,DIAMOND,DIAMOND,III,52,SeIah,EUW,EUW1_7946074711,2026-08-10 09:04:40.441000+00:00,420,CLASSIC,27.966666666666665,Kaisa,BOTTOM,False,8,7,5,1.8571428571428572,14596,23386,22363,17,234,8.367103694874851
19,FtobQmgxVCR_jRkWPdtlxKzEhKRFEocFKMXBVI1q1xQpyZvuAG-fSBxBVF96UYb54wpUNJX6WV37Rg,DIAMOND,DIAMOND,III,52,SeIah,EUW,EUW1_7946085813,2026-08-10 09:38:08.857000+00:00,420,CLASSIC,24.8,Kaisa,BOTTOM,False,2,9,1,0.3333333333333333,9939,17438,23808,13,186,7.5
19,FtobQmgxVCR_jRkWPdtlxKzEhKRFEocFKMXBVI1q1xQpyZvuAG-fSBxBVF96UYb54wpUNJX6WV37Rg,DIAMOND,DIAMOND,III,52,SeIah,EUW,EUW1_7946104899,2026-08-10 10:08:23.336000+00:00,420,CLASSIC,34.21666666666667,Ezreal,BOTTOM,True,5,5,4,1.8,15108,33423,30749,17,266,7.773989283974671
19,FtobQmgxVCR_jRkWPdtlxKzEhKRFEocFKMXBVI1q1xQpyZvuAG-fSBxBVF96UYb54wpUNJX6WV37Rg,DIAMOND,DIAMOND,III,52,SeIah,EUW,EUW1_7946249707,2026-08-10 13:38:20.736000+00:00,420,CLASSIC,37.166666666666664,Diana,JUNGLE,False,7,11,14,1.9090909090909092,16081,26926,52021,41,243,6.538116591928252
19,FtobQmgxVCR_jRkWPdtlxKzEhKRFEocFKMXBVI1q1xQpyZvuAG-fSBxBVF96UYb54wpUNJX6WV37Rg,DIAMOND,DIAMOND,III,52,SeIah,EUW,EUW1_7946299481,2026-08-10 14:20:35.517000+00:00,420,CLASSIC,32.916666666666664,Lucian,BOTTOM,True,12,8,11,2.875,16969,49624,42051,22,225,6.835443037974684
19,FtobQmgxVCR_jRkWPdtlxKzEhKRFEocFKMXBVI1q1xQpyZvuAG-fSBxBVF96UYb54wpUNJX6WV37Rg,DIAMOND,DIAMOND,III,52,SeIah,EUW,EUW1_7946677370,2026-08-10 19:48:55.011000+00:00,420,CLASSIC,26.95,Kalista,BOTTOM,False,8,6,5,2.1666666666666665,13094,32209,20300,33,221,8.200371057513914
19,FtobQmgxVCR_jRkWPdtlxKzEhKRFEocFKMXBVI1q1xQpyZvuAG-fSBxBVF96UYb54wpUNJX6WV37Rg,DIAMOND,DIAMOND,III,52,SeIah,EUW,EUW1_7946729879,2026-08-10 20:19:46.993000+00:00,420,CLASSIC,37.583333333333336,Ezreal,BOTTOM,False,6,8,10,2.0,16117,45818,38051,22,298,7.929046563192904
19,FtobQmgxVCR_jRkWPdtlxKzEhKRFEocFKMXBVI1q1xQpyZvuAG-fSBxBVF96UYb54wpUNJX6WV37Rg,DIAMOND,DIAMOND,III,52,SeIah,EUW,EUW1_7951398713,2026-08-15 17:03:43.659000+00:00,420,CLASSIC,35.416666666666664,Ezreal,BOTTOM,True,8,10,10,1.8,16670,37091,37196,14,249,7.030588235294118
19,FtobQmgxVCR_jRkWPdtlxKzEhKRFEocFKMXBVI1q1xQpyZvuAG-fSBxBVF96UYb54wpUNJX6WV37Rg,DIAMOND,DIAMOND,III,52,SeIah,EUW,EUW1_7951436955,2026-08-15 17:43:53.573000+00:00,420,CLASSIC,24.683333333333334,Ezreal,BOTTOM,True,10,1,5,15.0,13125,24809,17769,15,200,8.102633355840648
19,FtobQmgxVCR_jRkWPdtlxKzEhKRFEocFKMXBVI1q1xQpyZvuAG-fSBxBVF96UYb54wpUNJX6WV37Rg,DIAMOND,DIAMOND,III,52,SeIah,EUW,EUW1_7951674917,2026-08-15 20:57:11.800000+00:00,420,CLASSIC,18.65,Ezreal,BOTTOM,True,8,2,6,7.0,10966,22241,9405,16,162,8.68632707774799
19,FtobQmgxVCR_jRkWPdtlxKzEhKRFEocFKMXBVI1q1xQpyZvuAG-fSBxBVF96UYb54wpUNJX6WV37Rg,DIAMOND,DIAMOND,III,52,SeIah,EUW,EUW1_7951712569,2026-08-15 21:19:56.326000+00:00,420,CLASSIC,26.133333333333333,Ezreal,BOTTOM,True,16,3,5,7.0,15789,44050,20265,26,202,7.729591836734694
19,FtobQmgxVCR_jRkWPdtlxKzEhKRFEocFKMXBVI1q1xQpyZvuAG-fSBxBVF96UYb54wpUNJX6WV37Rg,DIAMOND,DIAMOND,III,52,SeIah,EUW,EUW1_7951755599,2026-08-15 21:53:37.310000+00:00,420,CLASSIC,24.9,Kalista,BOTTOM,True,13,7,6,2.7142857142857144,14669,27186,17579,15,189,7.590361445783133
19,FtobQmgxVCR_jRkWPdtlxKzEhKRFEocFKMXBVI1q1xQpyZvuAG-fSBxBVF96UYb54wpUNJX6WV37Rg,DIAMOND,DIAMOND,III,52,SeIah,EUW,EUW1_7951784024,2026-08-15 22:24:48.289000+00:00,420,CLASSIC,27.883333333333333,Ezreal,BOTTOM,False,3,8,2,0.625,11128,25829,22193,22,219,7.85415421398685
19,FtobQmgxVCR_jRkWPdtlxKzEhKRFEocFKMXBVI1q1xQpyZvuAG-fSBxBVF96UYb54wpUNJX6WV37Rg,DIAMOND,DIAMOND,III,52,SeIah,EUW,EUW1_7952217353,2026-08-16 13:04:06.929000+00:00,420,CLASSIC,35.833333333333336,Corki,MIDDLE,True,11,7,13,3.4285714285714284,19580,43709,32224,16,279,7.786046511627906
19,FtobQmgxVCR_jRkWPdtlxKzEhKRFEocFKMXBVI1q1xQpyZvuAG-fSBxBVF96UYb54wpUNJX6WV37Rg,DIAMOND,DIAMOND,III,52,SeIah,EUW,EUW1_7952265265,2026-08-16 13:45:27.766000+00:00,420,CLASSIC,31.866666666666667,Tristana,BOTTOM,False,17,9,4,2.3333333333333335,19761,33622,30143,22,224,7.02928870292887
19,FtobQmgxVCR_jRkWPdtlxKzEhKRFEocFKMXBVI1q1xQpyZvuAG-fSBxBVF96UYb54wpUNJX6WV37Rg,DIAMOND,DIAMOND,III,52,SeIah,EUW,EUW1_7952312941,2026-08-16 14:22:10.338000+00:00,420,CLASSIC,19.733333333333334,Kalista,BOTTOM,True,12,2,4,8.0,13061,16073,9184,12,190,9.628378378378377
19,FtobQmgxVCR_jRkWPdtlxKzEhKRFEocFKMXBVI1q1xQpyZvuAG-fSBxBVF96UYb54wpUNJX6WV37Rg,DIAMOND,DIAMOND,III,52,SeIah,EUW,EUW1_7952334386,2026-08-16 14:46:33.332000+00:00,420,CLASSIC,19.2,Ezreal,BOTTOM,False,4,9,1,0.5555555555555556,7667,13385,16272,4,120,6.25
19,FtobQmgxVCR_jRkWPdtlxKzEhKRFEocFKMXBVI1q1xQpyZvuAG-fSBxBVF96UYb54wpUNJX6WV37Rg,DIAMOND,DIAMOND,III,52,SeIah,EUW,EUW1_7952377904,2026-08-16 15:11:41.131000+00:00,420,CLASSIC,24.4,Kalista,BOTTOM,True,11,5,7,3.6,14369,20097,14841,8,203,8.319672131147541
19,FtobQmgxVCR_jRkWPdtlxKzEhKRFEocFKMXBVI1q1xQpyZvuAG-fSBxBVF96UYb54wpUNJX6WV37Rg,DIAMOND,DIAMOND,III,52,SeIah,EUW,EUW1_7952402355,2026-08-16 15:40:57.594000+00:00,420,CLASSIC,31.983333333333334,Tristana,BOTTOM,True,9,7,7,2.2857142857142856,15944,46677,31242,19,238,7.44137571651902
19,FtobQmgxVCR_jRkWPdtlxKzEhKRFEocFKMXBVI1q1xQpyZvuAG-fSBxBVF96UYb54wpUNJX6WV37Rg,DIAMOND,DIAMOND,III,52,SeIah,EUW,EUW1_7952689961,2026-08-16 19:15:16.321000+00:00,420,CLASSIC,36.55,Vayne,TOP,False,3,9,8,1.2222222222222223,13405,22063,32530,35,219,5.991792065663475
19,FtobQmgxVCR_jRkWPdtlxKzEhKRFEocFKMXBVI1q1xQpyZvuAG-fSBxBVF96UYb54wpUNJX6WV37Rg,DIAMOND,DIAMOND,III,52,SeIah,EUW,EUW1_7952750948,2026-08-16 19:56:55.237000+00:00,420,CLASSIC,33.266666666666666,Vayne,BOTTOM,True,8,5,7,3.0,15273,24589,30727,29,228,6.8537074148296595
19,FtobQmgxVCR_jRkWPdtlxKzEhKRFEocFKMXBVI1q1xQpyZvuAG-fSBxBVF96UYb54wpUNJX6WV37Rg,DIAMOND,DIAMOND,III,52,SeIah,EUW,EUW1_7952810976,2026-08-16 20:38:49.586000+00:00,420,CLASSIC,35.55,Xayah,BOTTOM,False,7,6,9,2.6666666666666665,16962,23672,31531,26,307,8.635724331926864
19,FtobQmgxVCR_jRkWPdtlxKzEhKRFEocFKMXBVI1q1xQpyZvuAG-fSBxBVF96UYb54wpUNJX6WV37Rg,DIAMOND,DIAMOND,III,52,SeIah,EUW,EUW1_7952876578,2026-08-16 21:18:40.081000+00:00,420,CLASSIC,33.45,Ezreal,BOTTOM,True,10,9,13,2.5555555555555554,16340,34726,26952,19,205,6.128550074738415
19,FtobQmgxVCR_jRkWPdtlxKzEhKRFEocFKMXBVI1q1xQpyZvuAG-fSBxBVF96UYb54wpUNJX6WV37Rg,DIAMOND,DIAMOND,III,52,SeIah,EUW,EUW1_7952918740,2026-08-16 21:57:46.315000+00:00,420,CLASSIC,29.65,Ezreal,BOTTOM,False,2,7,7,1.2857142857142858,10196,27440,23882,20,178,6.003372681281619
19,FtobQmgxVCR_jRkWPdtlxKzEhKRFEocFKMXBVI1q1xQpyZvuAG-fSBxBVF96UYb54wpUNJX6WV37Rg,DIAMOND,DIAMOND,III,52,SeIah,EUW,EUW1_7952959483,2026-08-16 22:34:00.975000+00:00,420,CLASSIC,40.6,Jhin,BOTTOM,False,8,5,11,3.8,19913,39349,22271,18,380,9.35960591133005
19,FtobQmgxVCR_jRkWPdtlxKzEhKRFEocFKMXBVI1q1xQpyZvuAG-fSBxBVF96UYb54wpUNJX6WV37Rg,DIAMOND,DIAMOND,III,52,SeIah,EUW,EUW1_7952988653,2026-08-16 23:18:58.033000+00:00,420,CLASSIC,28.5,Jinx,BOTTOM,True,15,2,11,13.0,17649,36864,14531,15,239,8.385964912280702
19,FtobQmgxVCR_jRkWPdtlxKzEhKRFEocFKMXBVI1q1xQpyZvuAG-fSBxBVF96UYb54wpUNJX6WV37Rg,DIAMOND,DIAMOND,III,52,SeIah,EUW,EUW1_7953326115,2026-08-17 13:56:08.289000+00:00,420,CLASSIC,30.9,Zeri,BOTTOM,True,9,5,18,5.4,19314,53451,21856,23,267,8.640776699029127
19,FtobQmgxVCR_jRkWPdtlxKzEhKRFEocFKMXBVI1q1xQpyZvuAG-fSBxBVF96UYb54wpUNJX6WV37Rg,DIAMOND,DIAMOND,III,52,SeIah,EUW,EUW1_7953356419,2026-08-17 14:33:22.211000+00:00,420,CLASSIC,15.183333333333334,Jinx,BOTTOM,False,2,5,0,0.4,5881,5208,7228,11,119,7.837541163556531
19,FtobQmgxVCR_jRkWPdtlxKzEhKRFEocFKMXBVI1q1xQpyZvuAG-fSBxBVF96UYb54wpUNJX6WV37Rg,DIAMOND,DIAMOND,III,52,SeIah,EUW,EUW1_7953388617,2026-08-17 14:52:13.442000+00:00,420,CLASSIC,33.61666666666667,Draven,BOTTOM,False,5,8,6,1.375,17764,27239,29440,17,260,7.734258800198314
19,FtobQmgxVCR_jRkWPdtlxKzEhKRFEocFKMXBVI1q1xQpyZvuAG-fSBxBVF96UYb54wpUNJX6WV37Rg,DIAMOND,DIAMOND,III,52,SeIah,EUW,EUW1_7953414411,2026-08-17 15:31:20.626000+00:00,420,CLASSIC,25.233333333333334,Zeri,BOTTOM,True,18,2,9,13.5,18235,38773,23749,17,236,9.352708058124174
19,FtobQmgxVCR_jRkWPdtlxKzEhKRFEocFKMXBVI1q1xQpyZvuAG-fSBxBVF96UYb54wpUNJX6WV37Rg,DIAMOND,DIAMOND,III,52,SeIah,EUW,EUW1_7953451278,2026-08-17 16:04:08.202000+00:00,420,CLASSIC,27.45,Zeri,BOTTOM,False,5,6,4,1.5,14896,16546,18248,26,257,9.36247723132969
19,FtobQmgxVCR_jRkWPdtlxKzEhKRFEocFKMXBVI1q1xQpyZvuAG-fSBxBVF96UYb54wpUNJX6WV37Rg,DIAMOND,DIAMOND,III,52,SeIah,EUW,EUW1_7953504502,2026-08-17 16:36:15.737000+00:00,420,CLASSIC,32.6,Zeri,BOTTOM,False,5,9,5,1.1111111111111112,15839,21785,29488,19,251,7.699386503067484
19,FtobQmgxVCR_jRkWPdtlxKzEhKRFEocFKMXBVI1q1xQpyZvuAG-fSBxBVF96UYb54wpUNJX6WV37Rg,DIAMOND,DIAMOND,III,52,SeIah,EUW,EUW1_7953542774,2026-08-17 17:13:55.261000+00:00,420,CLASSIC,25.966666666666665,Draven,BOTTOM,True,16,10,8,2.4,17402,38256,23802,19,180,6.931964056482671
19,FtobQmgxVCR_jRkWPdtlxKzEhKRFEocFKMXBVI1q1xQpyZvuAG-fSBxBVF96UYb54wpUNJX6WV37Rg,DIAMOND,DIAMOND,III,52,SeIah,EUW,EUW1_7953577211,2026-08-17 17:47:19.653000+00:00,420,CLASSIC,31.083333333333332,Ezreal,BOTTOM,True,8,5,7,3.0,15728,33465,22383,20,242,7.785522788203753
19,FtobQmgxVCR_jRkWPdtlxKzEhKRFEocFKMXBVI1q1xQpyZvuAG-fSBxBVF96UYb54wpUNJX6WV37Rg,DIAMOND,DIAMOND,III,52,SeIah,EUW,EUW1_7953818473,2026-08-17 20:29:02.995000+00:00,420,CLASSIC,27.766666666666666,Ezreal,BOTTOM,False,3,8,9,1.5,10843,23904,21887,9,188,6.770708283313326
19,FtobQmgxVCR_jRkWPdtlxKzEhKRFEocFKMXBVI1q1xQpyZvuAG-fSBxBVF96UYb54wpUNJX6WV37Rg,DIAMOND,DIAMOND,III,52,SeIah,EUW,EUW1_7953852197,2026-08-17 21:00:36.189000+00:00,420,CLASSIC,27.1,Ziggs,BOTTOM,False,6,5,7,2.6,12861,19763,17947,3,225,8.302583025830257
19,FtobQmgxVCR_jRkWPdtlxKzEhKRFEocFKMXBVI1q1xQpyZvuAG-fSBxBVF96UYb54wpUNJX6WV37Rg,DIAMOND,DIAMOND,III,52,SeIah,EUW,EUW1_7953891368,2026-08-17 21:33:09.122000+00:00,420,CLASSIC,32.766666666666666,Kalista,BOTTOM,False,7,9,3,1.1111111111111112,13963,25151,23150,32,239,7.293997965412005
19,FtobQmgxVCR_jRkWPdtlxKzEhKRFEocFKMXBVI1q1xQpyZvuAG-fSBxBVF96UYb54wpUNJX6WV37Rg,DIAMOND,DIAMOND,III,52,SeIah,EUW,EUW1_7953949499,2026-08-17 22:09:13.646000+00:00,420,CLASSIC,31.766666666666666,Jhin,BOTTOM,True,5,4,5,2.5,13803,26824,23930,7,239,7.523609653725079
19,FtobQmgxVCR_jRkWPdtlxKzEhKRFEocFKMXBVI1q1xQpyZvuAG-fSBxBVF96UYb54wpUNJX6WV37Rg,DIAMOND,DIAMOND,III,52,SeIah,EUW,EUW1_7953970181,2026-08-17 22:45:20.397000+00:00,420,CLASSIC,25.966666666666665,Ezreal,BOTTOM,False,5,4,0,1.25,11662,22657,13255,14,212,8.16431322207959
19,FtobQmgxVCR_jRkWPdtlxKzEhKRFEocFKMXBVI1q1xQpyZvuAG-fSBxBVF96UYb54wpUNJX6WV37Rg,DIAMOND,DIAMOND,III,52,SeIah,EUW,EUW1_7954007516,2026-08-17 23:17:24.052000+00:00,420,CLASSIC,24.25,Tristana,BOTTOM,True,14,3,5,6.333333333333333,16412,24855,13105,16,234,9.649484536082474
19,FtobQmgxVCR_jRkWPdtlxKzEhKRFEocFKMXBVI1q1xQpyZvuAG-fSBxBVF96UYb54wpUNJX6WV37Rg,DIAMOND,DIAMOND,III,52,SeIah,EUW,EUW1_7954415989,2026-08-18 15:05:33.633000+00:00,420,CLASSIC,22.733333333333334,Tristana,BOTTOM,False,2,8,2,0.5,9432,14361,17269,10,189,8.313782991202345
19,FtobQmgxVCR_jRkWPdtlxKzEhKRFEocFKMXBVI1q1xQpyZvuAG-fSBxBVF96UYb54wpUNJX6WV37Rg,DIAMOND,DIAMOND,III,52,SeIah,EUW,EUW1_7954437425,2026-08-18 15:35:31.641000+00:00,420,CLASSIC,32.766666666666666,Ryze,MIDDLE,False,4,9,6,1.1111111111111112,12795,26381,36729,24,212,6.4699898270600205
19,FtobQmgxVCR_jRkWPdtlxKzEhKRFEocFKMXBVI1q1xQpyZvuAG-fSBxBVF96UYb54wpUNJX6WV37Rg,DIAMOND,DIAMOND,III,52,SeIah,EUW,EUW1_7954481359,2026-08-18 16:13:44.670000+00:00,420,CLASSIC,28.333333333333332,Draven,BOTTOM,True,10,9,11,2.3333333333333335,16313,35800,27368,15,230,8.117647058823529
19,FtobQmgxVCR_jRkWPdtlxKzEhKRFEocFKMXBVI1q1xQpyZvuAG-fSBxBVF96UYb54wpUNJX6WV37Rg,DIAMOND,DIAMOND,III,52,SeIah,EUW,EUW1_7954525020,2026-08-18 16:46:57.924000+00:00,420,CLASSIC,29.333333333333332,Tristana,BOTTOM,True,20,5,12,6.4,19829,45331,19883,20,226,7.704545454545455
19,FtobQmgxVCR_jRkWPdtlxKzEhKRFEocFKMXBVI1q1xQpyZvuAG-fSBxBVF96UYb54wpUNJX6WV37Rg,DIAMOND,DIAMOND,III,52,SeIah,EUW,EUW1_7962624387,2026-08-26 14:17:35.431000+00:00,420,CLASSIC,39.05,Ezreal,BOTTOM,False,19,10,13,3.2,22339,65927,42403,21,260,6.658130601792574
19,FtobQmgxVCR_jRkWPdtlxKzEhKRFEocFKMXBVI1q1xQpyZvuAG-fSBxBVF96UYb54wpUNJX6WV37Rg,DIAMOND,DIAMOND,III,52,SeIah,EUW,EUW1_7962698633,2026-08-26 15:00:23.186000+00:00,420,CLASSIC,37.56666666666667,Tristana,MIDDLE,False,16,12,8,2.0,17555,45097,39583,18,206,5.483584738243123
19,FtobQmgxVCR_jRkWPdtlxKzEhKRFEocFKMXBVI1q1xQpyZvuAG-fSBxBVF96UYb54wpUNJX6WV37Rg,DIAMOND,DIAMOND,III,52,SeIah,EUW,EUW1_7962729237,2026-08-26 15:41:34.600000+00:00,420,CLASSIC,31.7,Lucian,BOTTOM,True,8,5,3,2.2,15512,24621,32203,35,268,8.454258675078865
19,FtobQmgxVCR_jRkWPdtlxKzEhKRFEocFKMXBVI1q1xQpyZvuAG-fSBxBVF96UYb54wpUNJX6WV37Rg,DIAMOND,DIAMOND,III,52,SeIah,EUW,EUW1_7962792814,2026-08-26 16:24:12.512000+00:00,420,CLASSIC,27.933333333333334,Tristana,BOTTOM,True,1,11,9,0.9090909090909091,12974,17618,23001,25,213,7.6252983293556085
19,FtobQmgxVCR_jRkWPdtlxKzEhKRFEocFKMXBVI1q1xQpyZvuAG-fSBxBVF96UYb54wpUNJX6WV37Rg,DIAMOND,DIAMOND,III,52,SeIah,EUW,EUW1_7962830934,2026-08-26 16:56:49.274000+00:00,420,CLASSIC,31.216666666666665,Ezreal,BOTTOM,False,6,5,4,2.0,15520,33248,28403,26,276,8.841430859583557
19,FtobQmgxVCR_jRkWPdtlxKzEhKRFEocFKMXBVI1q1xQpyZvuAG-fSBxBVF96UYb54wpUNJX6WV37Rg,DIAMOND,DIAMOND,III,52,SeIah,EUW,EUW1_7962883582,2026-08-26 17:32:55.874000+00:00,420,CLASSIC,28.85,Kalista,BOTTOM,False,8,6,4,2.0,15508,33429,19569,12,272,9.428076256499134
19,FtobQmgxVCR_jRkWPdtlxKzEhKRFEocFKMXBVI1q1xQpyZvuAG-fSBxBVF96UYb54wpUNJX6WV37Rg,DIAMOND,DIAMOND,III,52,SeIah,EUW,EUW1_7962922929,2026-08-26 18:05:47.401000+00:00,420,CLASSIC,39.65,Draven,BOTTOM,False,23,11,8,2.8181818181818183,26584,74877,41708,13,334,8.423707440100882
19,FtobQmgxVCR_jRkWPdtlxKzEhKRFEocFKMXBVI1q1xQpyZvuAG-fSBxBVF96UYb54wpUNJX6WV37Rg,DIAMOND,DIAMOND,III,52,SeIah,EUW,EUW1_7963004469,2026-08-26 18:52:37.453000+00:00,420,CLASSIC,31.716666666666665,Viktor,BOTTOM,True,4,6,16,3.3333333333333335,12399,25465,18677,25,200,6.305832895428272
19,FtobQmgxVCR_jRkWPdtlxKzEhKRFEocFKMXBVI1q1xQpyZvuAG-fSBxBVF96UYb54wpUNJX6WV37Rg,DIAMOND,DIAMOND,III,52,SeIah,EUW,EUW1_7963062459,2026-08-26 19:29:00.535000+00:00,420,CLASSIC,32.266666666666666,Kaisa,BOTTOM,True,12,5,11,4.6,17614,46764,24380,25,246,7.62396694214876
19,FtobQmgxVCR_jRkWPdtlxKzEhKRFEocFKMXBVI1q1xQpyZvuAG-fSBxBVF96UYb54wpUNJX6WV37Rg,DIAMOND,DIAMOND,III,52,SeIah,EUW,EUW1_7963121212,2026-08-26 20:07:25.394000+00:00,420,CLASSIC,28.466666666666665,Kaisa,BOTTOM,True,23,4,7,7.5,19121,41843,23184,24,272,9.55503512880562
19,FtobQmgxVCR_jRkWPdtlxKzEhKRFEocFKMXBVI1q1xQpyZvuAG-fSBxBVF96UYb54wpUNJX6WV37Rg,DIAMOND,DIAMOND,III,52,SeIah,EUW,EUW1_7963175942,2026-08-26 20:42:02.766000+00:00,420,CLASSIC,29.0,Kaisa,BOTTOM,True,11,4,13,6.0,16575,34164,20889,26,254,8.758620689655173
19,FtobQmgxVCR_jRkWPdtlxKzEhKRFEocFKMXBVI1q1xQpyZvuAG-fSBxBVF96UYb54wpUNJX6WV37Rg,DIAMOND,DIAMOND,III,52,SeIah,EUW,EUW1_7963240558,2026-08-26 21:18:27.306000+00:00,420,CLASSIC,15.366666666666667,Kaisa,BOTTOM,True,7,4,3,2.5,7287,10720,12484,4,110,7.158351409978308
19,FtobQmgxVCR_jRkWPdtlxKzEhKRFEocFKMXBVI1q1xQpyZvuAG-fSBxBVF96UYb54wpUNJX6WV37Rg,DIAMOND,DIAMOND,III,52,SeIah,EUW,EUW1_7963250163,2026-08-26 21:37:00.697000+00:00,420,CLASSIC,26.383333333333333,Kaisa,BOTTOM,True,14,3,8,7.333333333333333,16742,32820,22517,18,256,9.703095388502843
19,FtobQmgxVCR_jRkWPdtlxKzEhKRFEocFKMXBVI1q1xQpyZvuAG-fSBxBVF96UYb54wpUNJX6WV37Rg,DIAMOND,DIAMOND,III,52,SeIah,EUW,EUW1_7963300707,2026-08-26 22:07:32.368000+00:00,420,CLASSIC,28.933333333333334,Kaisa,BOTTOM,False,12,5,6,3.6,15952,32031,21648,22,274,9.470046082949308
20,2LZdXi6WRVmdhAgPbon0eAeIRLDK4IL7g3s0giOsLMCGQT_M_P9psjXmu1AAamePmaCn5cKp31yPZA,DIAMOND,DIAMOND,I,56,SaqMahDiq2,EUW,EUW1_7897801696,2026-06-24 16:01:51.300000+00:00,420,CLASSIC,22.15,Udyr,JUNGLE,False,1,5,5,1.2,8375,14834,21937,26,181,8.17155756207675
20,2LZdXi6WRVmdhAgPbon0eAeIRLDK4IL7g3s0giOsLMCGQT_M_P9psjXmu1AAamePmaCn5cKp31yPZA,DIAMOND,DIAMOND,I,56,SaqMahDiq2,EUW,EUW1_7897832734,2026-06-24 16:28:03.922000+00:00,420,CLASSIC,27.15,Udyr,JUNGLE,True,7,3,4,3.6666666666666665,12516,13601,20929,31,200,7.366482504604052
20,2LZdXi6WRVmdhAgPbon0eAeIRLDK4IL7g3s0giOsLMCGQT_M_P9psjXmu1AAamePmaCn5cKp31yPZA,DIAMOND,DIAMOND,I,56,SaqMahDiq2,EUW,EUW1_7898343341,2026-06-24 21:42:30.943000+00:00,420,CLASSIC,25.566666666666666,Udyr,JUNGLE,True,14,3,7,7.0,15468,24762,26221,33,242,9.465449804432856
20,2LZdXi6WRVmdhAgPbon0eAeIRLDK4IL7g3s0giOsLMCGQT_M_P9psjXmu1AAamePmaCn5cKp31yPZA,DIAMOND,DIAMOND,I,56,SaqMahDiq2,EUW,EUW1_7901005014,2026-06-27 12:41:00.961000+00:00,420,CLASSIC,15.316666666666666,Udyr,JUNGLE,True,1,3,6,2.3333333333333335,6424,4242,12940,9,125,8.161044613710555
20,2LZdXi6WRVmdhAgPbon0eAeIRLDK4IL7g3s0giOsLMCGQT_M_P9psjXmu1AAamePmaCn5cKp31yPZA,DIAMOND,DIAMOND,I,56,SaqMahDiq2,EUW,EUW1_7901028568,2026-06-27 13:00:38.941000+00:00,420,CLASSIC,30.183333333333334,Udyr,JUNGLE,True,13,3,7,6.666666666666667,17623,25129,30920,31,254,8.415240198785202
20,2LZdXi6WRVmdhAgPbon0eAeIRLDK4IL7g3s0giOsLMCGQT_M_P9psjXmu1AAamePmaCn5cKp31yPZA,DIAMOND,DIAMOND,I,56,SaqMahDiq2,EUW,EUW1_7901070331,2026-06-27 13:47:17.994000+00:00,420,CLASSIC,27.1,Udyr,JUNGLE,True,9,3,7,5.333333333333333,14127,15358,23135,33,252,9.29889298892989
20,2LZdXi6WRVmdhAgPbon0eAeIRLDK4IL7g3s0giOsLMCGQT_M_P9psjXmu1AAamePmaCn5cKp31yPZA,DIAMOND,DIAMOND,I,56,SaqMahDiq2,EUW,EUW1_7902135414,2026-06-28 12:35:32.782000+00:00,420,CLASSIC,22.75,Udyr,JUNGLE,False,2,10,4,0.6,8963,8823,28117,12,140,6.153846153846154
20,2LZdXi6WRVmdhAgPbon0eAeIRLDK4IL7g3s0giOsLMCGQT_M_P9psjXmu1AAamePmaCn5cKp31yPZA,DIAMOND,DIAMOND,I,56,SaqMahDiq2,EUW,EUW1_7902170804,2026-06-28 13:04:15.888000+00:00,420,CLASSIC,28.6,Udyr,JUNGLE,False,8,4,9,4.25,14117,28155,30209,30,224,7.832167832167832
20,2LZdXi6WRVmdhAgPbon0eAeIRLDK4IL7g3s0giOsLMCGQT_M_P9psjXmu1AAamePmaCn5cKp31yPZA,DIAMOND,DIAMOND,I,56,SaqMahDiq2,EUW,EUW1_7902357245,2026-06-28 15:30:53.121000+00:00,420,CLASSIC,32.61666666666667,Udyr,JUNGLE,True,4,7,7,1.5714285714285714,14289,17720,34078,39,254,7.787429739397036
20,2LZdXi6WRVmdhAgPbon0eAeIRLDK4IL7g3s0giOsLMCGQT_M_P9psjXmu1AAamePmaCn5cKp31yPZA,DIAMOND,DIAMOND,I,56,SaqMahDiq2,EUW,EUW1_7902844271,2026-06-28 21:10:06.511000+00:00,420,CLASSIC,16.15,Udyr,JUNGLE,True,4,1,3,7.0,7211,5081,11061,10,137,8.48297213622291
20,2LZdXi6WRVmdhAgPbon0eAeIRLDK4IL7g3s0giOsLMCGQT_M_P9psjXmu1AAamePmaCn5cKp31yPZA,DIAMOND,DIAMOND,I,56,SaqMahDiq2,EUW,EUW1_7902878647,2026-06-28 21:29:54.022000+00:00,420,CLASSIC,24.183333333333334,Udyr,JUNGLE,False,10,5,1,2.2,11961,18242,36745,25,209,8.642315644383183
20,2LZdXi6WRVmdhAgPbon0eAeIRLDK4IL7g3s0giOsLMCGQT_M_P9psjXmu1AAamePmaCn5cKp31yPZA,DIAMOND,DIAMOND,I,56,SaqMahDiq2,EUW,EUW1_7903252327,2026-06-29 12:16:48.968000+00:00,420,CLASSIC,38.45,Udyr,JUNGLE,True,9,5,8,3.4,18550,42269,46589,42,319,8.296488946684004
20,2LZdXi6WRVmdhAgPbon0eAeIRLDK4IL7g3s0giOsLMCGQT_M_P9psjXmu1AAamePmaCn5cKp31yPZA,DIAMOND,DIAMOND,I,56,SaqMahDiq2,EUW,EUW1_7903291695,2026-06-29 12:59:50.691000+00:00,420,CLASSIC,34.46666666666667,Udyr,JUNGLE,True,10,5,4,2.8,17078,24793,36837,47,281,8.152804642166345
20,2LZdXi6WRVmdhAgPbon0eAeIRLDK4IL7g3s0giOsLMCGQT_M_P9psjXmu1AAamePmaCn5cKp31yPZA,DIAMOND,DIAMOND,I,56,SaqMahDiq2,EUW,EUW1_7903326572,2026-06-29 13:39:21.955000+00:00,420,CLASSIC,26.933333333333334,Soraka,UTILITY,True,0,1,26,26.0,9424,6231,10315,50,22,0.8168316831683168
20,2LZdXi6WRVmdhAgPbon0eAeIRLDK4IL7g3s0giOsLMCGQT_M_P9psjXmu1AAamePmaCn5cKp31yPZA,DIAMOND,DIAMOND,I,56,SaqMahDiq2,EUW,EUW1_7903388303,2026-06-29 14:51:26.110000+00:00,420,CLASSIC,26.083333333333332,Udyr,JUNGLE,False,4,5,3,1.4,11020,8530,27564,18,207,7.936102236421726
20,2LZdXi6WRVmdhAgPbon0eAeIRLDK4IL7g3s0giOsLMCGQT_M_P9psjXmu1AAamePmaCn5cKp31yPZA,DIAMOND,DIAMOND,I,56,SaqMahDiq2,EUW,EUW1_7905690199,2026-07-01 19:07:49.777000+00:00,420,CLASSIC,28.6,Udyr,JUNGLE,False,4,7,2,0.8571428571428571,11025,15066,37133,17,232,8.111888111888112
20,2LZdXi6WRVmdhAgPbon0eAeIRLDK4IL7g3s0giOsLMCGQT_M_P9psjXmu1AAamePmaCn5cKp31yPZA,DIAMOND,DIAMOND,I,56,SaqMahDiq2,EUW,EUW1_7905740997,2026-07-01 19:40:19.614000+00:00,420,CLASSIC,29.566666666666666,Udyr,JUNGLE,False,7,9,8,1.6666666666666667,15390,32198,39154,20,221,7.474633596392334
20,2LZdXi6WRVmdhAgPbon0eAeIRLDK4IL7g3s0giOsLMCGQT_M_P9psjXmu1AAamePmaCn5cKp31yPZA,DIAMOND,DIAMOND,I,56,SaqMahDiq2,EUW,EUW1_7905804814,2026-07-01 20:23:26.911000+00:00,420,CLASSIC,22.416666666666668,Udyr,JUNGLE,True,5,1,6,11.0,11870,10075,18210,24,220,9.814126394052044
20,2LZdXi6WRVmdhAgPbon0eAeIRLDK4IL7g3s0giOsLMCGQT_M_P9psjXmu1AAamePmaCn5cKp31yPZA,DIAMOND,DIAMOND,I,56,SaqMahDiq2,EUW,EUW1_7905846502,2026-07-01 20:51:47.270000+00:00,420,CLASSIC,26.916666666666668,Rakan,UTILITY,True,5,3,18,7.666666666666667,10363,9676,20432,41,34,1.263157894736842
20,2LZdXi6WRVmdhAgPbon0eAeIRLDK4IL7g3s0giOsLMCGQT_M_P9psjXmu1AAamePmaCn5cKp31yPZA,DIAMOND,DIAMOND,I,56,SaqMahDiq2,EUW,EUW1_7911754592,2026-07-07 18:47:39.113000+00:00,420,CLASSIC,27.666666666666668,JarvanIV,JUNGLE,True,6,1,9,15.0,12515,9852,22229,33,216,7.80722891566265
20,2LZdXi6WRVmdhAgPbon0eAeIRLDK4IL7g3s0giOsLMCGQT_M_P9psjXmu1AAamePmaCn5cKp31yPZA,DIAMOND,DIAMOND,I,56,SaqMahDiq2,EUW,EUW1_7912706108,2026-07-08 18:37:17.246000+00:00,420,CLASSIC,44.25,Rakan,UTILITY,True,0,7,23,3.2857142857142856,12174,9155,38580,86,54,1.2203389830508475
20,2LZdXi6WRVmdhAgPbon0eAeIRLDK4IL7g3s0giOsLMCGQT_M_P9psjXmu1AAamePmaCn5cKp31yPZA,DIAMOND,DIAMOND,I,56,SaqMahDiq2,EUW,EUW1_7913321358,2026-07-09 12:38:19.907000+00:00,420,CLASSIC,23.266666666666666,Udyr,JUNGLE,True,6,2,13,9.5,11672,18443,24297,16,187,8.037249283667622
20,2LZdXi6WRVmdhAgPbon0eAeIRLDK4IL7g3s0giOsLMCGQT_M_P9psjXmu1AAamePmaCn5cKp31yPZA,DIAMOND,DIAMOND,I,56,SaqMahDiq2,EUW,EUW1_7913349459,2026-07-09 13:07:02.775000+00:00,420,CLASSIC,23.716666666666665,Udyr,JUNGLE,True,7,2,5,6.0,13332,17141,22512,19,223,9.402670414617006
20,2LZdXi6WRVmdhAgPbon0eAeIRLDK4IL7g3s0giOsLMCGQT_M_P9psjXmu1AAamePmaCn5cKp31yPZA,DIAMOND,DIAMOND,I,56,SaqMahDiq2,EUW,EUW1_7913368864,2026-07-09 13:37:00.591000+00:00,420,CLASSIC,30.266666666666666,Udyr,JUNGLE,False,6,6,1,1.1666666666666667,13157,14955,35804,22,220,7.2687224669603525
20,2LZdXi6WRVmdhAgPbon0eAeIRLDK4IL7g3s0giOsLMCGQT_M_P9psjXmu1AAamePmaCn5cKp31yPZA,DIAMOND,DIAMOND,I,56,SaqMahDiq2,EUW,EUW1_7913469082,2026-07-09 15:29:39.582000+00:00,420,CLASSIC,31.85,Udyr,JUNGLE,False,12,4,9,5.25,17240,38846,40031,41,287,9.010989010989011
20,2LZdXi6WRVmdhAgPbon0eAeIRLDK4IL7g3s0giOsLMCGQT_M_P9psjXmu1AAamePmaCn5cKp31yPZA,DIAMOND,DIAMOND,I,56,SaqMahDiq2,EUW,EUW1_7914262274,2026-07-10 13:01:33.177000+00:00,420,CLASSIC,32.016666666666666,Udyr,JUNGLE,False,7,7,7,2.0,16009,23786,40546,41,250,7.808433107756377
20,2LZdXi6WRVmdhAgPbon0eAeIRLDK4IL7g3s0giOsLMCGQT_M_P9psjXmu1AAamePmaCn5cKp31yPZA,DIAMOND,DIAMOND,I,56,SaqMahDiq2,EUW,EUW1_7914308533,2026-07-10 13:46:28.706000+00:00,420,CLASSIC,28.083333333333332,Blitzcrank,UTILITY,True,3,4,19,5.5,9538,10610,19344,58,15,0.5341246290801187
20,2LZdXi6WRVmdhAgPbon0eAeIRLDK4IL7g3s0giOsLMCGQT_M_P9psjXmu1AAamePmaCn5cKp31yPZA,DIAMOND,DIAMOND,I,56,SaqMahDiq2,EUW,EUW1_7914331267,2026-07-10 14:20:10.926000+00:00,420,CLASSIC,1.2333333333333334,Udyr,JUNGLE,True,0,0,0,0.0,525,0,291,0,0,0.0
20,2LZdXi6WRVmdhAgPbon0eAeIRLDK4IL7g3s0giOsLMCGQT_M_P9psjXmu1AAamePmaCn5cKp31yPZA,DIAMOND,DIAMOND,I,56,SaqMahDiq2,EUW,EUW1_7914332426,2026-07-10 14:25:01.688000+00:00,420,CLASSIC,29.55,Udyr,JUNGLE,False,13,5,12,5.0,17898,43656,42605,29,259,8.764805414551608
20,2LZdXi6WRVmdhAgPbon0eAeIRLDK4IL7g3s0giOsLMCGQT_M_P9psjXmu1AAamePmaCn5cKp31yPZA,DIAMOND,DIAMOND,I,56,SaqMahDiq2,EUW,EUW1_7914438722,2026-07-10 16:07:39.891000+00:00,420,CLASSIC,24.916666666666668,Udyr,JUNGLE,False,5,8,5,1.25,9593,16230,30186,18,163,6.54180602006689
20,2LZdXi6WRVmdhAgPbon0eAeIRLDK4IL7g3s0giOsLMCGQT_M_P9psjXmu1AAamePmaCn5cKp31yPZA,DIAMOND,DIAMOND,I,56,SaqMahDiq2,EUW,EUW1_7914752200,2026-07-10 21:08:26.619000+00:00,420,CLASSIC,15.4,Udyr,JUNGLE,True,5,0,2,7.0,6929,5335,9769,12,128,8.311688311688311
20,2LZdXi6WRVmdhAgPbon0eAeIRLDK4IL7g3s0giOsLMCGQT_M_P9psjXmu1AAamePmaCn5cKp31yPZA,DIAMOND,DIAMOND,I,56,SaqMahDiq2,EUW,EUW1_7914787718,2026-07-10 21:28:35.756000+00:00,420,CLASSIC,23.833333333333332,Udyr,JUNGLE,True,2,3,4,2.0,9675,6159,21203,31,191,8.013986013986015
20,2LZdXi6WRVmdhAgPbon0eAeIRLDK4IL7g3s0giOsLMCGQT_M_P9psjXmu1AAamePmaCn5cKp31yPZA,DIAMOND,DIAMOND,I,56,SaqMahDiq2,EUW,EUW1_7915092394,2026-07-11 09:39:16.979000+00:00,420,CLASSIC,21.4,Udyr,JUNGLE,False,0,6,0,0.0,6979,4187,23467,13,151,7.056074766355141
20,2LZdXi6WRVmdhAgPbon0eAeIRLDK4IL7g3s0giOsLMCGQT_M_P9psjXmu1AAamePmaCn5cKp31yPZA,DIAMOND,DIAMOND,I,56,SaqMahDiq2,EUW,EUW1_7915117469,2026-07-11 10:06:09.262000+00:00,420,CLASSIC,32.516666666666666,Udyr,JUNGLE,True,9,5,3,2.4,16474,21596,34340,36,262,8.05740645822655
20,2LZdXi6WRVmdhAgPbon0eAeIRLDK4IL7g3s0giOsLMCGQT_M_P9psjXmu1AAamePmaCn5cKp31yPZA,DIAMOND,DIAMOND,I,56,SaqMahDiq2,EUW,EUW1_7915146496,2026-07-11 10:52:59.162000+00:00,420,CLASSIC,44.06666666666667,Udyr,JUNGLE,False,18,6,13,5.166666666666667,25471,78909,69868,65,387,8.7821482602118
20,2LZdXi6WRVmdhAgPbon0eAeIRLDK4IL7g3s0giOsLMCGQT_M_P9psjXmu1AAamePmaCn5cKp31yPZA,DIAMOND,DIAMOND,I,56,SaqMahDiq2,EUW,EUW1_7915173363,2026-07-11 11:41:49.381000+00:00,420,CLASSIC,24.75,Yuumi,UTILITY,False,0,3,8,2.6666666666666665,6208,6082,7053,16,27,1.0909090909090908
20,2LZdXi6WRVmdhAgPbon0eAeIRLDK4IL7g3s0giOsLMCGQT_M_P9psjXmu1AAamePmaCn5cKp31yPZA,DIAMOND,DIAMOND,I,56,SaqMahDiq2,EUW,EUW1_7915241018,2026-07-11 12:59:08.230000+00:00,420,CLASSIC,32.4,Udyr,JUNGLE,True,3,9,8,1.2222222222222223,12890,6416,38635,26,230,7.098765432098766
20,2LZdXi6WRVmdhAgPbon0eAeIRLDK4IL7g3s0giOsLMCGQT_M_P9psjXmu1AAamePmaCn5cKp31yPZA,DIAMOND,DIAMOND,I,56,SaqMahDiq2,EUW,EUW1_7915450643,2026-07-11 16:30:33.119000+00:00,420,CLASSIC,8.05,Udyr,JUNGLE,False,2,1,2,4.0,3510,3380,5287,4,54,6.70807453416149
20,2LZdXi6WRVmdhAgPbon0eAeIRLDK4IL7g3s0giOsLMCGQT_M_P9psjXmu1AAamePmaCn5cKp31yPZA,DIAMOND,DIAMOND,I,56,SaqMahDiq2,EUW,EUW1_7915467570,2026-07-11 16:44:04.109000+00:00,420,CLASSIC,34.016666666666666,Udyr,JUNGLE,False,6,8,14,2.5,14756,32815,44373,35,243,7.143557079862813
20,2LZdXi6WRVmdhAgPbon0eAeIRLDK4IL7g3s0giOsLMCGQT_M_P9psjXmu1AAamePmaCn5cKp31yPZA,DIAMOND,DIAMOND,I,56,SaqMahDiq2,EUW,EUW1_7917738364,2026-07-13 20:14:34.048000+00:00,420,CLASSIC,23.183333333333334,Udyr,JUNGLE,True,3,0,8,11.0,10899,4937,20397,17,214,9.23076923076923
20,2LZdXi6WRVmdhAgPbon0eAeIRLDK4IL7g3s0giOsLMCGQT_M_P9psjXmu1AAamePmaCn5cKp31yPZA,DIAMOND,DIAMOND,I,56,SaqMahDiq2,EUW,EUW1_7918782297,2026-07-14 21:13:01.142000+00:00,420,CLASSIC,26.866666666666667,Rakan,UTILITY,False,2,10,12,1.4,7626,6427,25809,39,23,0.8560794044665012
20,2LZdXi6WRVmdhAgPbon0eAeIRLDK4IL7g3s0giOsLMCGQT_M_P9psjXmu1AAamePmaCn5cKp31yPZA,DIAMOND,DIAMOND,I,56,SaqMahDiq2,EUW,EUW1_7918823329,2026-07-14 21:48:58.816000+00:00,420,CLASSIC,1.1333333333333333,Udyr,JUNGLE,True,0,0,0,0.0,506,299,140,0,0,0.0
20,2LZdXi6WRVmdhAgPbon0eAeIRLDK4IL7g3s0giOsLMCGQT_M_P9psjXmu1AAamePmaCn5cKp31yPZA,DIAMOND,DIAMOND,I,56,SaqMahDiq2,EUW,EUW1_7921537771,2026-07-17 19:24:00.438000+00:00,420,CLASSIC,23.966666666666665,Udyr,JUNGLE,True,9,1,9,18.0,13330,14832,24595,19,236,9.84700973574409
20,2LZdXi6WRVmdhAgPbon0eAeIRLDK4IL7g3s0giOsLMCGQT_M_P9psjXmu1AAamePmaCn5cKp31yPZA,DIAMOND,DIAMOND,I,56,SaqMahDiq2,EUW,EUW1_7921570343,2026-07-17 19:53:17.772000+00:00,420,CLASSIC,32.68333333333333,Udyr,JUNGLE,False,8,5,3,2.2,16045,36109,33308,34,305,9.33197348291688
20,2LZdXi6WRVmdhAgPbon0eAeIRLDK4IL7g3s0giOsLMCGQT_M_P9psjXmu1AAamePmaCn5cKp31yPZA,DIAMOND,DIAMOND,I,56,SaqMahDiq2,EUW,EUW1_7921628039,2026-07-17 20:33:24.894000+00:00,420,CLASSIC,18.533333333333335,Udyr,JUNGLE,False,3,4,1,1.0,8385,4180,13341,22,175,9.442446043165466
20,2LZdXi6WRVmdhAgPbon0eAeIRLDK4IL7g3s0giOsLMCGQT_M_P9psjXmu1AAamePmaCn5cKp31yPZA,DIAMOND,DIAMOND,I,56,SaqMahDiq2,EUW,EUW1_7922188823,2026-07-18 12:57:56.710000+00:00,420,CLASSIC,1.1,Udyr,JUNGLE,True,0,0,0,0.0,504,0,149,0,0,0.0
20,2LZdXi6WRVmdhAgPbon0eAeIRLDK4IL7g3s0giOsLMCGQT_M_P9psjXmu1AAamePmaCn5cKp31yPZA,DIAMOND,DIAMOND,I,56,SaqMahDiq2,EUW,EUW1_7922195920,2026-07-18 13:06:13.536000+00:00,420,CLASSIC,28.65,Udyr,JUNGLE,True,10,4,6,4.0,15339,23215,31511,30,260,9.075043630017452
20,2LZdXi6WRVmdhAgPbon0eAeIRLDK4IL7g3s0giOsLMCGQT_M_P9psjXmu1AAamePmaCn5cKp31yPZA,DIAMOND,DIAMOND,I,56,SaqMahDiq2,EUW,EUW1_7922224425,2026-07-18 13:40:06.901000+00:00,420,CLASSIC,8.516666666666667,Udyr,JUNGLE,False,1,1,0,1.0,3196,1373,5027,3,64,7.514677103718199
20,2LZdXi6WRVmdhAgPbon0eAeIRLDK4IL7g3s0giOsLMCGQT_M_P9psjXmu1AAamePmaCn5cKp31yPZA,DIAMOND,DIAMOND,I,56,SaqMahDiq2,EUW,EUW1_7922248757,2026-07-18 14:00:47.652000+00:00,420,CLASSIC,1.1,Udyr,JUNGLE,False,0,0,0,0.0,503,0,149,0,0,0.0
20,2LZdXi6WRVmdhAgPbon0eAeIRLDK4IL7g3s0giOsLMCGQT_M_P9psjXmu1AAamePmaCn5cKp31yPZA,DIAMOND,DIAMOND,I,56,SaqMahDiq2,EUW,EUW1_7922282188,2026-07-18 14:33:53.683000+00:00,420,CLASSIC,24.933333333333334,Udyr,JUNGLE,False,0,5,6,1.2,8328,14115,28505,23,167,6.697860962566845
20,2LZdXi6WRVmdhAgPbon0eAeIRLDK4IL7g3s0giOsLMCGQT_M_P9psjXmu1AAamePmaCn5cKp31yPZA,DIAMOND,DIAMOND,I,56,SaqMahDiq2,EUW,EUW1_7922315109,2026-07-18 15:02:45.913000+00:00,420,CLASSIC,33.166666666666664,Udyr,JUNGLE,True,7,4,16,5.75,15509,27927,44428,30,246,7.417085427135679
20,2LZdXi6WRVmdhAgPbon0eAeIRLDK4IL7g3s0giOsLMCGQT_M_P9psjXmu1AAamePmaCn5cKp31yPZA,DIAMOND,DIAMOND,I,56,SaqMahDiq2,EUW,EUW1_7922361983,2026-07-18 15:46:29.935000+00:00,420,CLASSIC,29.8,Udyr,JUNGLE,True,18,0,5,23.0,18849,40985,29473,35,306,10.268456375838927
20,2LZdXi6WRVmdhAgPbon0eAeIRLDK4IL7g3s0giOsLMCGQT_M_P9psjXmu1AAamePmaCn5cKp31yPZA,DIAMOND,DIAMOND,I,56,SaqMahDiq2,EUW,EUW1_7922465216,2026-07-18 17:25:29.570000+00:00,420,CLASSIC,20.466666666666665,Rakan,UTILITY,False,0,7,6,0.8571428571428571,5237,2987,14653,31,29,1.4169381107491859
20,2LZdXi6WRVmdhAgPbon0eAeIRLDK4IL7g3s0giOsLMCGQT_M_P9psjXmu1AAamePmaCn5cKp31yPZA,DIAMOND,DIAMOND,I,56,SaqMahDiq2,EUW,EUW1_7922494866,2026-07-18 17:49:38+00:00,420,CLASSIC,30.316666666666666,Udyr,JUNGLE,True,8,1,6,14.0,15423,25537,33396,33,252,8.312259483232545
20,2LZdXi6WRVmdhAgPbon0eAeIRLDK4IL7g3s0giOsLMCGQT_M_P9psjXmu1AAamePmaCn5cKp31yPZA,DIAMOND,DIAMOND,I,56,SaqMahDiq2,EUW,EUW1_7922533678,2026-07-18 18:24:40.258000+00:00,420,CLASSIC,23.466666666666665,Udyr,JUNGLE,True,10,3,6,5.333333333333333,11962,13458,19801,4,169,7.201704545454546
20,2LZdXi6WRVmdhAgPbon0eAeIRLDK4IL7g3s0giOsLMCGQT_M_P9psjXmu1AAamePmaCn5cKp31yPZA,DIAMOND,DIAMOND,I,56,SaqMahDiq2,EUW,EUW1_7922598933,2026-07-18 19:18:49.904000+00:00,420,CLASSIC,34.516666666666666,Udyr,JUNGLE,False,14,8,13,3.375,21283,45647,51385,36,279,8.083051665861902
20,2LZdXi6WRVmdhAgPbon0eAeIRLDK4IL7g3s0giOsLMCGQT_M_P9psjXmu1AAamePmaCn5cKp31yPZA,DIAMOND,DIAMOND,I,56,SaqMahDiq2,EUW,EUW1_7923231640,2026-07-19 12:28:41.950000+00:00,420,CLASSIC,29.666666666666668,Udyr,JUNGLE,True,3,4,14,4.25,13417,16391,31192,35,245,8.258426966292134
20,2LZdXi6WRVmdhAgPbon0eAeIRLDK4IL7g3s0giOsLMCGQT_M_P9psjXmu1AAamePmaCn5cKp31yPZA,DIAMOND,DIAMOND,I,56,SaqMahDiq2,EUW,EUW1_7923335050,2026-07-19 14:11:28.363000+00:00,420,CLASSIC,30.016666666666666,Udyr,JUNGLE,False,2,6,4,1.0,11340,12270,28603,34,220,7.329261521377013
20,2LZdXi6WRVmdhAgPbon0eAeIRLDK4IL7g3s0giOsLMCGQT_M_P9psjXmu1AAamePmaCn5cKp31yPZA,DIAMOND,DIAMOND,I,56,SaqMahDiq2,EUW,EUW1_7923381664,2026-07-19 14:47:00.704000+00:00,420,CLASSIC,28.4,Udyr,JUNGLE,False,4,5,2,1.2,12157,16268,28154,26,224,7.887323943661972
20,2LZdXi6WRVmdhAgPbon0eAeIRLDK4IL7g3s0giOsLMCGQT_M_P9psjXmu1AAamePmaCn5cKp31yPZA,DIAMOND,DIAMOND,I,56,SaqMahDiq2,EUW,EUW1_7924540684,2026-07-20 18:19:30.352000+00:00,420,CLASSIC,35.6,Udyr,JUNGLE,True,8,4,2,2.5,17609,25725,37398,41,309,8.679775280898877
20,2LZdXi6WRVmdhAgPbon0eAeIRLDK4IL7g3s0giOsLMCGQT_M_P9psjXmu1AAamePmaCn5cKp31yPZA,DIAMOND,DIAMOND,I,56,SaqMahDiq2,EUW,EUW1_7924623584,2026-07-20 19:17:10.928000+00:00,420,CLASSIC,23.45,Udyr,JUNGLE,False,8,4,1,2.25,10624,11178,24562,24,172,7.334754797441365
20,2LZdXi6WRVmdhAgPbon0eAeIRLDK4IL7g3s0giOsLMCGQT_M_P9psjXmu1AAamePmaCn5cKp31yPZA,DIAMOND,DIAMOND,I,56,SaqMahDiq2,EUW,EUW1_7925491458,2026-07-21 17:36:49.694000+00:00,420,CLASSIC,29.716666666666665,Udyr,JUNGLE,False,4,10,4,0.8,10580,13955,37027,33,189,6.360067302299496
20,2LZdXi6WRVmdhAgPbon0eAeIRLDK4IL7g3s0giOsLMCGQT_M_P9psjXmu1AAamePmaCn5cKp31yPZA,DIAMOND,DIAMOND,I,56,SaqMahDiq2,EUW,EUW1_7925585972,2026-07-21 18:47:14.654000+00:00,420,CLASSIC,31.6,Udyr,JUNGLE,False,6,3,7,4.333333333333333,13541,22815,38514,35,232,7.341772151898734
20,2LZdXi6WRVmdhAgPbon0eAeIRLDK4IL7g3s0giOsLMCGQT_M_P9psjXmu1AAamePmaCn5cKp31yPZA,DIAMOND,DIAMOND,I,56,SaqMahDiq2,EUW,EUW1_7926511418,2026-07-22 17:48:14.279000+00:00,420,CLASSIC,21.483333333333334,Udyr,JUNGLE,False,1,4,3,1.0,8355,4251,20058,20,158,7.354538401861908
20,2LZdXi6WRVmdhAgPbon0eAeIRLDK4IL7g3s0giOsLMCGQT_M_P9psjXmu1AAamePmaCn5cKp31yPZA,DIAMOND,DIAMOND,I,56,SaqMahDiq2,EUW,EUW1_7926553679,2026-07-22 18:15:18.176000+00:00,420,CLASSIC,28.083333333333332,Pantheon,UTILITY,False,7,9,13,2.2222222222222223,9966,21630,26860,59,29,1.0326409495548963
20,2LZdXi6WRVmdhAgPbon0eAeIRLDK4IL7g3s0giOsLMCGQT_M_P9psjXmu1AAamePmaCn5cKp31yPZA,DIAMOND,DIAMOND,I,56,SaqMahDiq2,EUW,EUW1_7926594729,2026-07-22 18:49:28.815000+00:00,420,CLASSIC,24.766666666666666,Pantheon,UTILITY,True,8,5,8,3.2,9053,16346,15271,48,37,1.493943472409152
20,2LZdXi6WRVmdhAgPbon0eAeIRLDK4IL7g3s0giOsLMCGQT_M_P9psjXmu1AAamePmaCn5cKp31yPZA,DIAMOND,DIAMOND,I,56,SaqMahDiq2,EUW,EUW1_7928156266,2026-07-24 11:26:09.826000+00:00,420,CLASSIC,43.416666666666664,Pantheon,UTILITY,False,7,17,18,1.4705882352941178,14642,27379,48518,111,58,1.3358925143953935
20,2LZdXi6WRVmdhAgPbon0eAeIRLDK4IL7g3s0giOsLMCGQT_M_P9psjXmu1AAamePmaCn5cKp31yPZA,DIAMOND,DIAMOND,I,56,SaqMahDiq2,EUW,EUW1_7928191856,2026-07-24 12:13:58.601000+00:00,420,CLASSIC,15.916666666666666,Pantheon,UTILITY,True,3,3,3,2.0,5218,6168,7377,29,29,1.8219895287958117
20,2LZdXi6WRVmdhAgPbon0eAeIRLDK4IL7g3s0giOsLMCGQT_M_P9psjXmu1AAamePmaCn5cKp31yPZA,DIAMOND,DIAMOND,I,56,SaqMahDiq2,EUW,EUW1_7928208145,2026-07-24 12:33:50.022000+00:00,420,CLASSIC,20.75,Pantheon,UTILITY,False,2,8,7,1.125,5883,9096,17543,43,30,1.4457831325301205
20,2LZdXi6WRVmdhAgPbon0eAeIRLDK4IL7g3s0giOsLMCGQT_M_P9psjXmu1AAamePmaCn5cKp31yPZA,DIAMOND,DIAMOND,I,56,SaqMahDiq2,EUW,EUW1_7928229951,2026-07-24 13:01:01.104000+00:00,420,CLASSIC,26.866666666666667,Pantheon,UTILITY,True,6,7,20,3.7142857142857144,10748,25239,21350,75,32,1.1910669975186103
20,2LZdXi6WRVmdhAgPbon0eAeIRLDK4IL7g3s0giOsLMCGQT_M_P9psjXmu1AAamePmaCn5cKp31yPZA,DIAMOND,DIAMOND,I,56,SaqMahDiq2,EUW,EUW1_7928255984,2026-07-24 13:32:29.712000+00:00,420,CLASSIC,23.4,Pantheon,UTILITY,False,8,7,4,1.7142857142857142,8352,15216,18763,57,36,1.5384615384615385
20,2LZdXi6WRVmdhAgPbon0eAeIRLDK4IL7g3s0giOsLMCGQT_M_P9psjXmu1AAamePmaCn5cKp31yPZA,DIAMOND,DIAMOND,I,56,SaqMahDiq2,EUW,EUW1_7928317092,2026-07-24 14:39:17.116000+00:00,420,CLASSIC,29.7,Udyr,JUNGLE,False,9,6,4,2.1666666666666665,17334,29555,39651,35,261,8.787878787878789
20,2LZdXi6WRVmdhAgPbon0eAeIRLDK4IL7g3s0giOsLMCGQT_M_P9psjXmu1AAamePmaCn5cKp31yPZA,DIAMOND,DIAMOND,I,56,SaqMahDiq2,EUW,EUW1_7928346335,2026-07-24 15:13:08.960000+00:00,420,CLASSIC,19.733333333333334,Pantheon,UTILITY,False,3,5,2,1.0,5969,9710,12528,22,37,1.875
20,2LZdXi6WRVmdhAgPbon0eAeIRLDK4IL7g3s0giOsLMCGQT_M_P9psjXmu1AAamePmaCn5cKp31yPZA,DIAMOND,DIAMOND,I,56,SaqMahDiq2,EUW,EUW1_7928501842,2026-07-24 17:40:44.637000+00:00,420,CLASSIC,18.416666666666668,Pantheon,UTILITY,False,4,2,0,2.0,6123,4321,10808,21,29,1.5746606334841629
20,2LZdXi6WRVmdhAgPbon0eAeIRLDK4IL7g3s0giOsLMCGQT_M_P9psjXmu1AAamePmaCn5cKp31yPZA,DIAMOND,DIAMOND,I,56,SaqMahDiq2,EUW,EUW1_7928521441,2026-07-24 18:03:30.250000+00:00,420,CLASSIC,24.383333333333333,Soraka,UTILITY,True,1,2,17,9.0,7657,4311,8132,42,17,0.6971975393028025
20,2LZdXi6WRVmdhAgPbon0eAeIRLDK4IL7g3s0giOsLMCGQT_M_P9psjXmu1AAamePmaCn5cKp31yPZA,DIAMOND,DIAMOND,I,56,SaqMahDiq2,EUW,EUW1_7928557913,2026-07-24 18:33:29.430000+00:00,420,CLASSIC,35.25,Pantheon,UTILITY,False,6,11,14,1.8181818181818181,12300,22385,31374,98,46,1.3049645390070923
20,2LZdXi6WRVmdhAgPbon0eAeIRLDK4IL7g3s0giOsLMCGQT_M_P9psjXmu1AAamePmaCn5cKp31yPZA,DIAMOND,DIAMOND,I,56,SaqMahDiq2,EUW,EUW1_7928762491,2026-07-24 21:08:29.243000+00:00,420,CLASSIC,33.766666666666666,Udyr,JUNGLE,True,16,4,9,6.25,22330,40085,46443,37,309,9.151036525172755
20,2LZdXi6WRVmdhAgPbon0eAeIRLDK4IL7g3s0giOsLMCGQT_M_P9psjXmu1AAamePmaCn5cKp31yPZA,DIAMOND,DIAMOND,I,56,SaqMahDiq2,EUW,EUW1_7929257335,2026-07-25 13:06:50.315000+00:00,420,CLASSIC,24.85,Pantheon,UTILITY,False,3,5,4,1.4,7574,11574,16132,36,36,1.448692152917505
20,2LZdXi6WRVmdhAgPbon0eAeIRLDK4IL7g3s0giOsLMCGQT_M_P9psjXmu1AAamePmaCn5cKp31yPZA,DIAMOND,DIAMOND,I,56,SaqMahDiq2,EUW,EUW1_7929287056,2026-07-25 13:36:46.001000+00:00,420,CLASSIC,29.383333333333333,Pantheon,UTILITY,False,2,10,11,1.3,8478,13892,26329,53,37,1.259217243335224
20,2LZdXi6WRVmdhAgPbon0eAeIRLDK4IL7g3s0giOsLMCGQT_M_P9psjXmu1AAamePmaCn5cKp31yPZA,DIAMOND,DIAMOND,I,56,SaqMahDiq2,EUW,EUW1_7929448037,2026-07-25 16:15:55.849000+00:00,420,CLASSIC,29.766666666666666,Pantheon,UTILITY,True,9,7,9,2.5714285714285716,11407,16318,26121,68,45,1.5117581187010078
20,2LZdXi6WRVmdhAgPbon0eAeIRLDK4IL7g3s0giOsLMCGQT_M_P9psjXmu1AAamePmaCn5cKp31yPZA,DIAMOND,DIAMOND,I,56,SaqMahDiq2,EUW,EUW1_7929491575,2026-07-25 16:52:23.860000+00:00,420,CLASSIC,20.016666666666666,Udyr,JUNGLE,True,4,0,5,9.0,8639,10341,17137,21,157,7.843463780183181
20,2LZdXi6WRVmdhAgPbon0eAeIRLDK4IL7g3s0giOsLMCGQT_M_P9psjXmu1AAamePmaCn5cKp31yPZA,DIAMOND,DIAMOND,I,56,SaqMahDiq2,EUW,EUW1_7929511025,2026-07-25 17:16:22.713000+00:00,420,CLASSIC,28.85,Pantheon,UTILITY,False,4,8,9,1.625,9393,12193,22922,62,45,1.559792027729636
20,2LZdXi6WRVmdhAgPbon0eAeIRLDK4IL7g3s0giOsLMCGQT_M_P9psjXmu1AAamePmaCn5cKp31yPZA,DIAMOND,DIAMOND,I,56,SaqMahDiq2,EUW,EUW1_7929540288,2026-07-25 17:51:46.053000+00:00,420,CLASSIC,30.066666666666666,Rakan,UTILITY,True,1,7,27,4.0,9262,6551,27291,60,25,0.8314855875831486
20,2LZdXi6WRVmdhAgPbon0eAeIRLDK4IL7g3s0giOsLMCGQT_M_P9psjXmu1AAamePmaCn5cKp31yPZA,DIAMOND,DIAMOND,I,56,SaqMahDiq2,EUW,EUW1_7929597591,2026-07-25 18:39:54.883000+00:00,420,CLASSIC,41.2,Morgana,UTILITY,True,6,10,26,3.2,13955,27055,33567,84,49,1.1893203883495145
20,2LZdXi6WRVmdhAgPbon0eAeIRLDK4IL7g3s0giOsLMCGQT_M_P9psjXmu1AAamePmaCn5cKp31yPZA,DIAMOND,DIAMOND,I,56,SaqMahDiq2,EUW,EUW1_7929787966,2026-07-25 21:15:09.691000+00:00,420,CLASSIC,34.96666666666667,Udyr,JUNGLE,True,9,3,9,6.0,19640,30852,41182,45,331,9.466158245948522
20,2LZdXi6WRVmdhAgPbon0eAeIRLDK4IL7g3s0giOsLMCGQT_M_P9psjXmu1AAamePmaCn5cKp31yPZA,DIAMOND,DIAMOND,I,56,SaqMahDiq2,EUW,EUW1_7929839851,2026-07-25 21:56:21.601000+00:00,420,CLASSIC,27.8,Braum,UTILITY,True,2,3,25,9.0,9619,12572,23960,48,20,0.7194244604316546
20,2LZdXi6WRVmdhAgPbon0eAeIRLDK4IL7g3s0giOsLMCGQT_M_P9psjXmu1AAamePmaCn5cKp31yPZA,DIAMOND,DIAMOND,I,56,SaqMahDiq2,EUW,EUW1_7929877178,2026-07-25 22:31:22.152000+00:00,420,CLASSIC,23.5,Blitzcrank,UTILITY,True,2,1,20,22.0,9084,8935,12728,54,27,1.148936170212766
20,2LZdXi6WRVmdhAgPbon0eAeIRLDK4IL7g3s0giOsLMCGQT_M_P9psjXmu1AAamePmaCn5cKp31yPZA,DIAMOND,DIAMOND,I,56,SaqMahDiq2,EUW,EUW1_7937098193,2026-08-01 19:32:08.226000+00:00,420,CLASSIC,37.516666666666666,Udyr,JUNGLE,False,15,10,10,2.5,19038,33283,61351,32,275,7.330075521990227
20,2LZdXi6WRVmdhAgPbon0eAeIRLDK4IL7g3s0giOsLMCGQT_M_P9psjXmu1AAamePmaCn5cKp31yPZA,DIAMOND,DIAMOND,I,56,SaqMahDiq2,EUW,EUW1_7942276597,2026-08-06 17:29:08.242000+00:00,420,CLASSIC,33.0,Udyr,JUNGLE,False,3,7,8,1.5714285714285714,13304,15305,30274,51,286,8.666666666666666
20,2LZdXi6WRVmdhAgPbon0eAeIRLDK4IL7g3s0giOsLMCGQT_M_P9psjXmu1AAamePmaCn5cKp31yPZA,DIAMOND,DIAMOND,I,56,SaqMahDiq2,EUW,EUW1_7944156251,2026-08-08 14:21:33.312000+00:00,420,CLASSIC,24.483333333333334,Udyr,JUNGLE,True,6,2,7,6.5,12396,10757,24658,22,206,8.413886997957794
20,2LZdXi6WRVmdhAgPbon0eAeIRLDK4IL7g3s0giOsLMCGQT_M_P9psjXmu1AAamePmaCn5cKp31yPZA,DIAMOND,DIAMOND,I,56,SaqMahDiq2,EUW,EUW1_7948580476,2026-08-12 18:55:37.555000+00:00,420,CLASSIC,39.93333333333333,Soraka,UTILITY,False,1,11,22,2.090909090909091,11042,6717,31673,56,28,0.7011686143572622
20,2LZdXi6WRVmdhAgPbon0eAeIRLDK4IL7g3s0giOsLMCGQT_M_P9psjXmu1AAamePmaCn5cKp31yPZA,DIAMOND,DIAMOND,I,56,SaqMahDiq2,EUW,EUW1_7949507976,2026-08-13 18:26:29.785000+00:00,420,CLASSIC,26.516666666666666,Lulu,UTILITY,True,2,6,22,4.0,8377,7776,17816,42,17,0.6411062225015713
20,2LZdXi6WRVmdhAgPbon0eAeIRLDK4IL7g3s0giOsLMCGQT_M_P9psjXmu1AAamePmaCn5cKp31yPZA,DIAMOND,DIAMOND,I,56,SaqMahDiq2,EUW,EUW1_7950323015,2026-08-14 16:32:08.114000+00:00,420,CLASSIC,33.13333333333333,Soraka,UTILITY,True,1,7,27,4.0,9618,6977,15077,63,22,0.6639839034205232
20,2LZdXi6WRVmdhAgPbon0eAeIRLDK4IL7g3s0giOsLMCGQT_M_P9psjXmu1AAamePmaCn5cKp31yPZA,DIAMOND,DIAMOND,I,56,SaqMahDiq2,EUW,EUW1_7950360087,2026-08-14 17:11:04.652000+00:00,420,CLASSIC,33.81666666666667,Blitzcrank,UTILITY,False,4,8,9,1.625,9261,12190,31247,77,28,0.8279940857565302
20,2LZdXi6WRVmdhAgPbon0eAeIRLDK4IL7g3s0giOsLMCGQT_M_P9psjXmu1AAamePmaCn5cKp31yPZA,DIAMOND,DIAMOND,I,56,SaqMahDiq2,EUW,EUW1_7950431465,2026-08-14 18:06:25.774000+00:00,420,CLASSIC,41.28333333333333,Udyr,JUNGLE,False,15,8,14,3.625,21206,40456,62428,46,298,7.2184093661687525
20,2LZdXi6WRVmdhAgPbon0eAeIRLDK4IL7g3s0giOsLMCGQT_M_P9psjXmu1AAamePmaCn5cKp31yPZA,DIAMOND,DIAMOND,I,56,SaqMahDiq2,EUW,EUW1_7954563350,2026-08-18 17:22:56.805000+00:00,420,CLASSIC,27.233333333333334,Udyr,JUNGLE,True,12,1,8,20.0,15876,23478,21888,36,298,10.942472460220317
20,2LZdXi6WRVmdhAgPbon0eAeIRLDK4IL7g3s0giOsLMCGQT_M_P9psjXmu1AAamePmaCn5cKp31yPZA,DIAMOND,DIAMOND,I,56,SaqMahDiq2,EUW,EUW1_7954612736,2026-08-18 17:55:17.407000+00:00,420,CLASSIC,28.816666666666666,Udyr,JUNGLE,False,5,5,2,1.4,13471,10545,32984,31,256,8.883747831116253
20,2LZdXi6WRVmdhAgPbon0eAeIRLDK4IL7g3s0giOsLMCGQT_M_P9psjXmu1AAamePmaCn5cKp31yPZA,DIAMOND,DIAMOND,I,56,SaqMahDiq2,EUW,EUW1_7954758326,2026-08-18 19:39:42.267000+00:00,420,CLASSIC,24.066666666666666,Soraka,UTILITY,False,0,7,9,1.2857142857142858,6177,4979,16492,34,22,0.9141274238227147
20,2LZdXi6WRVmdhAgPbon0eAeIRLDK4IL7g3s0giOsLMCGQT_M_P9psjXmu1AAamePmaCn5cKp31yPZA,DIAMOND,DIAMOND,I,56,SaqMahDiq2,EUW,EUW1_7956682888,2026-08-20 18:45:21.257000+00:00,420,CLASSIC,26.683333333333334,Sona,UTILITY,False,1,9,14,1.6666666666666667,6787,5734,19483,39,17,0.637101811367895
20,2LZdXi6WRVmdhAgPbon0eAeIRLDK4IL7g3s0giOsLMCGQT_M_P9psjXmu1AAamePmaCn5cKp31yPZA,DIAMOND,DIAMOND,I,56,SaqMahDiq2,EUW,EUW1_7962785450,2026-08-26 16:31:28.984000+00:00,420,CLASSIC,30.6,Udyr,JUNGLE,False,6,6,5,1.8333333333333333,13978,14387,35000,31,253,8.26797385620915
21,8LRDQia-9ip8YHk8_ywOTkaN-hS5Ylp2PYFsngTgjX8dJoj1SpA74G9_Iv3j9gyeEc8vq_V0P5iJYQ,GOLD,GOLD,IV,72,Corpse,500,EUW1_7476988424,2025-07-30 11:23:46.560000+00:00,420,CLASSIC,25.366666666666667,Akali,MIDDLE,False,9,5,4,2.6,9566,19990,21471,11,128,5.045992115637319
21,8LRDQia-9ip8YHk8_ywOTkaN-hS5Ylp2PYFsngTgjX8dJoj1SpA74G9_Iv3j9gyeEc8vq_V0P5iJYQ,GOLD,GOLD,IV,72,Corpse,500,EUW1_7477057740,2025-07-30 12:35:57.334000+00:00,420,CLASSIC,32.11666666666667,Zed,MIDDLE,False,8,8,4,1.5,13575,33009,28816,24,218,6.787752983912818
21,8LRDQia-9ip8YHk8_ywOTkaN-hS5Ylp2PYFsngTgjX8dJoj1SpA74G9_Iv3j9gyeEc8vq_V0P5iJYQ,GOLD,GOLD,IV,72,Corpse,500,EUW1_7477086409,2025-07-30 13:13:55.513000+00:00,420,CLASSIC,32.43333333333333,Kayn,JUNGLE,False,14,11,10,2.1818181818181817,17645,50473,62653,25,214,6.598150051387462
21,8LRDQia-9ip8YHk8_ywOTkaN-hS5Ylp2PYFsngTgjX8dJoj1SpA74G9_Iv3j9gyeEc8vq_V0P5iJYQ,GOLD,GOLD,IV,72,Corpse,500,EUW1_7477125416,2025-07-30 13:52:53.737000+00:00,420,CLASSIC,23.366666666666667,Akshan,MIDDLE,True,14,2,5,9.5,14652,29311,14566,15,193,8.25962910128388
21,8LRDQia-9ip8YHk8_ywOTkaN-hS5Ylp2PYFsngTgjX8dJoj1SpA74G9_Iv3j9gyeEc8vq_V0P5iJYQ,GOLD,GOLD,IV,72,Corpse,500,EUW1_7477166568,2025-07-30 14:24:44.831000+00:00,420,CLASSIC,20.75,Yone,MIDDLE,False,5,5,1,1.2,8006,11849,18411,9,150,7.228915662650603
21,8LRDQia-9ip8YHk8_ywOTkaN-hS5Ylp2PYFsngTgjX8dJoj1SpA74G9_Iv3j9gyeEc8vq_V0P5iJYQ,GOLD,GOLD,IV,72,Corpse,500,EUW1_7477200491,2025-07-30 14:53:54.013000+00:00,420,CLASSIC,19.816666666666666,Tryndamere,TOP,False,9,4,1,2.5,10300,22603,29321,7,144,7.266610597140454
21,8LRDQia-9ip8YHk8_ywOTkaN-hS5Ylp2PYFsngTgjX8dJoj1SpA74G9_Iv3j9gyeEc8vq_V0P5iJYQ,GOLD,GOLD,IV,72,Corpse,500,EUW1_7582822178,2025-10-26 23:23:18.172000+00:00,420,CLASSIC,18.85,Leblanc,MIDDLE,False,3,3,0,1.0,6685,8574,12352,11,129,6.843501326259946
21,8LRDQia-9ip8YHk8_ywOTkaN-hS5Ylp2PYFsngTgjX8dJoj1SpA74G9_Iv3j9gyeEc8vq_V0P5iJYQ,GOLD,GOLD,IV,72,Corpse,500,EUW1_7582849980,2025-10-26 23:48:20.769000+00:00,420,CLASSIC,42.983333333333334,Darius,TOP,False,21,9,4,2.7777777777777777,21393,51075,70213,17,272,6.3280341217526175
21,8LRDQia-9ip8YHk8_ywOTkaN-hS5Ylp2PYFsngTgjX8dJoj1SpA74G9_Iv3j9gyeEc8vq_V0P5iJYQ,GOLD,GOLD,IV,72,Corpse,500,EUW1_7606206935,2025-11-16 18:12:44.553000+00:00,420,CLASSIC,38.6,Samira,BOTTOM,False,6,12,6,1.0,12985,18601,34216,21,150,3.8860103626943006
21,8LRDQia-9ip8YHk8_ywOTkaN-hS5Ylp2PYFsngTgjX8dJoj1SpA74G9_Iv3j9gyeEc8vq_V0P5iJYQ,GOLD,GOLD,IV,72,Corpse,500,EUW1_7608766113,2025-11-19 00:03:34.298000+00:00,420,CLASSIC,36.0,Yasuo,MIDDLE,False,2,15,1,0.2,10243,15157,39661,6,188,5.222222222222222
21,8LRDQia-9ip8YHk8_ywOTkaN-hS5Ylp2PYFsngTgjX8dJoj1SpA74G9_Iv3j9gyeEc8vq_V0P5iJYQ,GOLD,GOLD,IV,72,Corpse,500,EUW1_7609173123,2025-11-19 15:30:12.792000+00:00,420,CLASSIC,26.25,LeeSin,JUNGLE,False,2,13,3,0.38461538461538464,7207,7792,34104,8,103,3.9238095238095236
21,8LRDQia-9ip8YHk8_ywOTkaN-hS5Ylp2PYFsngTgjX8dJoj1SpA74G9_Iv3j9gyeEc8vq_V0P5iJYQ,GOLD,GOLD,IV,72,Corpse,500,EUW1_7612498214,2025-11-21 23:09:50.049000+00:00,420,CLASSIC,35.9,Zed,MIDDLE,True,4,7,7,1.5714285714285714,11790,17950,29103,7,183,5.0974930362116995
21,8LRDQia-9ip8YHk8_ywOTkaN-hS5Ylp2PYFsngTgjX8dJoj1SpA74G9_Iv3j9gyeEc8vq_V0P5iJYQ,GOLD,GOLD,IV,72,Corpse,500,EUW1_7616102323,2025-11-24 18:32:57.026000+00:00,420,CLASSIC,26.8,Kayn,JUNGLE,False,10,11,7,1.5454545454545454,12886,20387,40064,8,111,4.141791044776119
21,8LRDQia-9ip8YHk8_ywOTkaN-hS5Ylp2PYFsngTgjX8dJoj1SpA74G9_Iv3j9gyeEc8vq_V0P5iJYQ,GOLD,GOLD,IV,72,Corpse,500,EUW1_7616175531,2025-11-24 19:10:41.434000+00:00,420,CLASSIC,44.13333333333333,Nami,UTILITY,True,2,15,26,1.8666666666666667,13301,13323,39924,56,28,0.6344410876132931
21,8LRDQia-9ip8YHk8_ywOTkaN-hS5Ylp2PYFsngTgjX8dJoj1SpA74G9_Iv3j9gyeEc8vq_V0P5iJYQ,GOLD,GOLD,IV,72,Corpse,500,EUW1_7626213060,2025-12-03 15:34:28.695000+00:00,420,CLASSIC,42.71666666666667,Aatrox,TOP,False,1,10,5,0.6,8953,16407,50673,12,117,2.738977760436988
21,8LRDQia-9ip8YHk8_ywOTkaN-hS5Ylp2PYFsngTgjX8dJoj1SpA74G9_Iv3j9gyeEc8vq_V0P5iJYQ,GOLD,GOLD,IV,72,Corpse,500,EUW1_7868398376,2026-05-28 10:52:13.617000+00:00,420,CLASSIC,19.65,Yasuo,MIDDLE,False,0,3,0,0.0,4112,3862,7042,3,70,3.56234096692112
21,8LRDQia-9ip8YHk8_ywOTkaN-hS5Ylp2PYFsngTgjX8dJoj1SpA74G9_Iv3j9gyeEc8vq_V0P5iJYQ,GOLD,GOLD,IV,72,Corpse,500,EUW1_7878340196,2026-06-06 14:07:12.328000+00:00,420,CLASSIC,33.733333333333334,Yasuo,MIDDLE,False,6,10,11,1.7,13190,22341,37130,26,248,7.351778656126482
21,8LRDQia-9ip8YHk8_ywOTkaN-hS5Ylp2PYFsngTgjX8dJoj1SpA74G9_Iv3j9gyeEc8vq_V0P5iJYQ,GOLD,GOLD,IV,72,Corpse,500,EUW1_7878716346,2026-06-06 19:44:46.199000+00:00,420,CLASSIC,42.55,Yasuo,MIDDLE,False,17,13,14,2.3846153846153846,22213,60172,60472,26,305,7.168037602820212
21,8LRDQia-9ip8YHk8_ywOTkaN-hS5Ylp2PYFsngTgjX8dJoj1SpA74G9_Iv3j9gyeEc8vq_V0P5iJYQ,GOLD,GOLD,IV,72,Corpse,500,EUW1_7878789400,2026-06-06 20:39:19.361000+00:00,420,CLASSIC,25.566666666666666,Zed,MIDDLE,True,6,1,6,12.0,11614,24442,16689,18,206,8.05736636245111
21,8LRDQia-9ip8YHk8_ywOTkaN-hS5Ylp2PYFsngTgjX8dJoj1SpA74G9_Iv3j9gyeEc8vq_V0P5iJYQ,GOLD,GOLD,IV,72,Corpse,500,EUW1_7879363144,2026-06-07 12:42:10.896000+00:00,420,CLASSIC,17.233333333333334,Yone,TOP,False,3,4,1,1.0,6668,10523,11673,13,126,7.311411992263055
21,8LRDQia-9ip8YHk8_ywOTkaN-hS5Ylp2PYFsngTgjX8dJoj1SpA74G9_Iv3j9gyeEc8vq_V0P5iJYQ,GOLD,GOLD,IV,72,Corpse,500,EUW1_7879385356,2026-06-07 13:03:55.906000+00:00,420,CLASSIC,29.5,Yasuo,MIDDLE,False,2,8,4,0.75,10401,15164,24815,18,202,6.8474576271186445
21,8LRDQia-9ip8YHk8_ywOTkaN-hS5Ylp2PYFsngTgjX8dJoj1SpA74G9_Iv3j9gyeEc8vq_V0P5iJYQ,GOLD,GOLD,IV,72,Corpse,500,EUW1_7882386445,2026-06-10 10:32:44.625000+00:00,420,CLASSIC,27.383333333333333,Yasuo,MIDDLE,True,13,4,6,4.75,14261,28153,27839,18,227,8.289713937918442
21,8LRDQia-9ip8YHk8_ywOTkaN-hS5Ylp2PYFsngTgjX8dJoj1SpA74G9_Iv3j9gyeEc8vq_V0P5iJYQ,GOLD,GOLD,IV,72,Corpse,500,EUW1_7919681555,2026-07-15 20:38:13.048000+00:00,420,CLASSIC,32.43333333333333,Yasuo,MIDDLE,False,9,11,6,1.3636363636363635,14185,33207,46541,21,238,7.338129496402878
21,8LRDQia-9ip8YHk8_ywOTkaN-hS5Ylp2PYFsngTgjX8dJoj1SpA74G9_Iv3j9gyeEc8vq_V0P5iJYQ,GOLD,GOLD,IV,72,Corpse,500,EUW1_7922049341,2026-07-18 10:05:54.953000+00:00,420,CLASSIC,43.31666666666667,Kayle,MIDDLE,False,6,11,9,1.3636363636363635,15970,27355,43631,39,264,6.0946517891496725
21,8LRDQia-9ip8YHk8_ywOTkaN-hS5Ylp2PYFsngTgjX8dJoj1SpA74G9_Iv3j9gyeEc8vq_V0P5iJYQ,GOLD,GOLD,IV,72,Corpse,500,EUW1_7922098563,2026-07-18 11:03:51.314000+00:00,420,CLASSIC,33.63333333333333,Yasuo,MIDDLE,True,8,10,3,1.1,13225,33864,46055,27,204,6.065411298315164
21,8LRDQia-9ip8YHk8_ywOTkaN-hS5Ylp2PYFsngTgjX8dJoj1SpA74G9_Iv3j9gyeEc8vq_V0P5iJYQ,GOLD,GOLD,IV,72,Corpse,500,EUW1_7923037752,2026-07-19 08:06:44.689000+00:00,420,CLASSIC,40.9,Zed,MIDDLE,False,22,14,7,2.0714285714285716,19770,66103,45077,28,227,5.550122249388753
21,8LRDQia-9ip8YHk8_ywOTkaN-hS5Ylp2PYFsngTgjX8dJoj1SpA74G9_Iv3j9gyeEc8vq_V0P5iJYQ,GOLD,GOLD,IV,72,Corpse,500,EUW1_7923063697,2026-07-19 09:03:19.621000+00:00,420,CLASSIC,15.2,Yasuo,MIDDLE,False,2,5,0,0.4,5215,5545,11593,4,105,6.907894736842105
21,8LRDQia-9ip8YHk8_ywOTkaN-hS5Ylp2PYFsngTgjX8dJoj1SpA74G9_Iv3j9gyeEc8vq_V0P5iJYQ,GOLD,GOLD,IV,72,Corpse,500,EUW1_7923074084,2026-07-19 09:28:49.935000+00:00,420,CLASSIC,1.2,Yasuo,MIDDLE,False,0,0,0,0.0,535,0,28,0,1,0.8333333333333334
21,8LRDQia-9ip8YHk8_ywOTkaN-hS5Ylp2PYFsngTgjX8dJoj1SpA74G9_Iv3j9gyeEc8vq_V0P5iJYQ,GOLD,GOLD,IV,72,Corpse,500,EUW1_7924858178,2026-07-20 22:07:15.497000+00:00,420,CLASSIC,43.8,Yasuo,MIDDLE,True,16,13,6,1.6923076923076923,21163,52382,58045,36,305,6.963470319634704
21,8LRDQia-9ip8YHk8_ywOTkaN-hS5Ylp2PYFsngTgjX8dJoj1SpA74G9_Iv3j9gyeEc8vq_V0P5iJYQ,GOLD,GOLD,IV,72,Corpse,500,EUW1_7926887751,2026-07-22 22:27:08.308000+00:00,420,CLASSIC,20.266666666666666,Yasuo,MIDDLE,True,9,4,0,2.25,9159,14846,17107,10,151,7.4506578947368425
21,8LRDQia-9ip8YHk8_ywOTkaN-hS5Ylp2PYFsngTgjX8dJoj1SpA74G9_Iv3j9gyeEc8vq_V0P5iJYQ,GOLD,GOLD,IV,72,Corpse,500,EUW1_7926907126,2026-07-22 22:51:52.463000+00:00,420,CLASSIC,29.85,Yasuo,MIDDLE,True,16,4,10,6.5,16426,46123,31344,21,254,8.509212730318257
21,8LRDQia-9ip8YHk8_ywOTkaN-hS5Ylp2PYFsngTgjX8dJoj1SpA74G9_Iv3j9gyeEc8vq_V0P5iJYQ,GOLD,GOLD,IV,72,Corpse,500,EUW1_7927809865,2026-07-23 21:28:46.552000+00:00,420,CLASSIC,24.666666666666668,Yasuo,MIDDLE,True,19,7,7,3.7142857142857144,15586,37550,25179,15,195,7.905405405405405
21,8LRDQia-9ip8YHk8_ywOTkaN-hS5Ylp2PYFsngTgjX8dJoj1SpA74G9_Iv3j9gyeEc8vq_V0P5iJYQ,GOLD,GOLD,IV,72,Corpse,500,EUW1_7928931175,2026-07-24 23:49:23.026000+00:00,420,CLASSIC,27.0,Yasuo,MIDDLE,False,5,7,3,1.1428571428571428,10547,23552,25153,21,205,7.592592592592593
21,8LRDQia-9ip8YHk8_ywOTkaN-hS5Ylp2PYFsngTgjX8dJoj1SpA74G9_Iv3j9gyeEc8vq_V0P5iJYQ,GOLD,GOLD,IV,72,Corpse,500,EUW1_7929984387,2026-07-26 00:55:59.873000+00:00,420,CLASSIC,34.81666666666667,Yasuo,MIDDLE,True,7,12,14,1.75,13666,37976,38140,19,220,6.318812829104834
21,8LRDQia-9ip8YHk8_ywOTkaN-hS5Ylp2PYFsngTgjX8dJoj1SpA74G9_Iv3j9gyeEc8vq_V0P5iJYQ,GOLD,GOLD,IV,72,Corpse,500,EUW1_7931525759,2026-07-27 16:08:44.901000+00:00,420,CLASSIC,1.1,Yasuo,MIDDLE,False,0,0,0,0.0,544,0,0,0,2,1.8181818181818181
21,8LRDQia-9ip8YHk8_ywOTkaN-hS5Ylp2PYFsngTgjX8dJoj1SpA74G9_Iv3j9gyeEc8vq_V0P5iJYQ,GOLD,GOLD,IV,72,Corpse,500,EUW1_7931536723,2026-07-27 16:15:19.908000+00:00,420,CLASSIC,35.7,Yasuo,MIDDLE,True,17,10,7,2.4,21088,54987,45453,32,317,8.87955182072829
21,8LRDQia-9ip8YHk8_ywOTkaN-hS5Ylp2PYFsngTgjX8dJoj1SpA74G9_Iv3j9gyeEc8vq_V0P5iJYQ,GOLD,GOLD,IV,72,Corpse,500,EUW1_7931626063,2026-07-27 17:33:25.957000+00:00,420,CLASSIC,14.383333333333333,Yasuo,MIDDLE,True,3,1,0,3.0,6546,6831,7994,12,131,9.10776361529548
21,8LRDQia-9ip8YHk8_ywOTkaN-hS5Ylp2PYFsngTgjX8dJoj1SpA74G9_Iv3j9gyeEc8vq_V0P5iJYQ,GOLD,GOLD,IV,72,Corpse,500,EUW1_7932017676,2026-07-27 22:15:25.778000+00:00,420,CLASSIC,30.066666666666666,Yasuo,MIDDLE,False,6,10,2,0.8,12166,14433,33488,20,203,6.751662971175167
21,8LRDQia-9ip8YHk8_ywOTkaN-hS5Ylp2PYFsngTgjX8dJoj1SpA74G9_Iv3j9gyeEc8vq_V0P5iJYQ,GOLD,GOLD,IV,72,Corpse,500,EUW1_7932730951,2026-07-28 18:52:38.875000+00:00,420,CLASSIC,27.6,Yasuo,MIDDLE,False,3,2,1,2.0,9093,13968,13689,12,158,5.72463768115942
21,8LRDQia-9ip8YHk8_ywOTkaN-hS5Ylp2PYFsngTgjX8dJoj1SpA74G9_Iv3j9gyeEc8vq_V0P5iJYQ,GOLD,GOLD,IV,72,Corpse,500,EUW1_7939157575,2026-08-03 17:22:57.190000+00:00,420,CLASSIC,35.083333333333336,Yasuo,MIDDLE,False,8,8,2,1.25,14752,24706,28086,32,272,7.752969121140142
21,8LRDQia-9ip8YHk8_ywOTkaN-hS5Ylp2PYFsngTgjX8dJoj1SpA74G9_Iv3j9gyeEc8vq_V0P5iJYQ,GOLD,GOLD,IV,72,Corpse,500,EUW1_7949057956,2026-08-13 10:13:37.645000+00:00,420,CLASSIC,16.1,Yasuo,MIDDLE,True,3,2,1,2.0,7717,11817,9518,4,162,10.062111801242235
21,8LRDQia-9ip8YHk8_ywOTkaN-hS5Ylp2PYFsngTgjX8dJoj1SpA74G9_Iv3j9gyeEc8vq_V0P5iJYQ,GOLD,GOLD,IV,72,Corpse,500,EUW1_7949140769,2026-08-13 12:14:35.187000+00:00,420,CLASSIC,22.55,Yasuo,MIDDLE,False,2,6,0,0.3333333333333333,8369,14620,19273,8,202,8.957871396895786
21,8LRDQia-9ip8YHk8_ywOTkaN-hS5Ylp2PYFsngTgjX8dJoj1SpA74G9_Iv3j9gyeEc8vq_V0P5iJYQ,GOLD,GOLD,IV,72,Corpse,500,EUW1_7949284870,2026-08-13 15:03:24.935000+00:00,420,CLASSIC,15.316666666666666,Yasuo,MIDDLE,True,7,1,0,7.0,8154,12544,7602,8,134,8.748639825897715
21,8LRDQia-9ip8YHk8_ywOTkaN-hS5Ylp2PYFsngTgjX8dJoj1SpA74G9_Iv3j9gyeEc8vq_V0P5iJYQ,GOLD,GOLD,IV,72,Corpse,500,EUW1_7949350542,2026-08-13 15:58:52.011000+00:00,420,CLASSIC,31.883333333333333,Zed,MIDDLE,False,10,5,5,3.0,15268,29565,27063,22,263,8.248823836905384
21,8LRDQia-9ip8YHk8_ywOTkaN-hS5Ylp2PYFsngTgjX8dJoj1SpA74G9_Iv3j9gyeEc8vq_V0P5iJYQ,GOLD,GOLD,IV,72,Corpse,500,EUW1_7950086616,2026-08-14 12:18:02.319000+00:00,420,CLASSIC,31.1,Zed,MIDDLE,True,18,4,2,5.0,17267,35322,24651,27,251,8.070739549839228
21,8LRDQia-9ip8YHk8_ywOTkaN-hS5Ylp2PYFsngTgjX8dJoj1SpA74G9_Iv3j9gyeEc8vq_V0P5iJYQ,GOLD,GOLD,IV,72,Corpse,500,EUW1_7950113070,2026-08-14 12:59:59.426000+00:00,420,CLASSIC,27.266666666666666,Yasuo,MIDDLE,True,10,6,11,3.5,16654,43256,29031,16,231,8.471882640586797
21,8LRDQia-9ip8YHk8_ywOTkaN-hS5Ylp2PYFsngTgjX8dJoj1SpA74G9_Iv3j9gyeEc8vq_V0P5iJYQ,GOLD,GOLD,IV,72,Corpse,500,EUW1_7950228905,2026-08-14 14:59:54.945000+00:00,420,CLASSIC,38.28333333333333,Yasuo,MIDDLE,True,24,8,6,3.75,22910,85899,57414,30,282,7.366129734436221
21,8LRDQia-9ip8YHk8_ywOTkaN-hS5Ylp2PYFsngTgjX8dJoj1SpA74G9_Iv3j9gyeEc8vq_V0P5iJYQ,GOLD,GOLD,IV,72,Corpse,500,EUW1_7950284169,2026-08-14 15:58:11.070000+00:00,420,CLASSIC,29.933333333333334,Yasuo,MIDDLE,False,10,9,4,1.5555555555555556,14745,26606,29518,17,229,7.650334075723831
21,8LRDQia-9ip8YHk8_ywOTkaN-hS5Ylp2PYFsngTgjX8dJoj1SpA74G9_Iv3j9gyeEc8vq_V0P5iJYQ,GOLD,GOLD,IV,72,Corpse,500,EUW1_7950334723,2026-08-14 16:35:57.781000+00:00,420,CLASSIC,38.45,Zed,MIDDLE,True,18,3,9,9.0,19258,45204,30086,32,285,7.41222366710013
21,8LRDQia-9ip8YHk8_ywOTkaN-hS5Ylp2PYFsngTgjX8dJoj1SpA74G9_Iv3j9gyeEc8vq_V0P5iJYQ,GOLD,GOLD,IV,72,Corpse,500,EUW1_7951139604,2026-08-15 12:56:29.472000+00:00,420,CLASSIC,29.566666666666666,Yasuo,MIDDLE,True,16,8,4,2.5,17885,41000,36839,17,259,8.759864712514092
21,8LRDQia-9ip8YHk8_ywOTkaN-hS5Ylp2PYFsngTgjX8dJoj1SpA74G9_Iv3j9gyeEc8vq_V0P5iJYQ,GOLD,GOLD,IV,72,Corpse,500,EUW1_7951219021,2026-08-15 14:21:15.489000+00:00,420,CLASSIC,1.2,Trundle,TOP,True,0,0,0,0.0,516,0,0,0,0,0.0
21,8LRDQia-9ip8YHk8_ywOTkaN-hS5Ylp2PYFsngTgjX8dJoj1SpA74G9_Iv3j9gyeEc8vq_V0P5iJYQ,GOLD,GOLD,IV,72,Corpse,500,EUW1_7951226070,2026-08-15 14:27:22.405000+00:00,420,CLASSIC,26.6,Zed,MIDDLE,True,17,5,8,5.0,13874,37370,24223,23,191,7.180451127819548
21,8LRDQia-9ip8YHk8_ywOTkaN-hS5Ylp2PYFsngTgjX8dJoj1SpA74G9_Iv3j9gyeEc8vq_V0P5iJYQ,GOLD,GOLD,IV,72,Corpse,500,EUW1_7951261025,2026-08-15 15:00:08.009000+00:00,420,CLASSIC,28.666666666666668,Trundle,TOP,False,5,6,2,1.1666666666666667,12138,24403,31747,22,239,8.337209302325581
21,8LRDQia-9ip8YHk8_ywOTkaN-hS5Ylp2PYFsngTgjX8dJoj1SpA74G9_Iv3j9gyeEc8vq_V0P5iJYQ,GOLD,GOLD,IV,72,Corpse,500,EUW1_7951291399,2026-08-15 15:32:36.311000+00:00,420,CLASSIC,38.13333333333333,Yasuo,MIDDLE,False,5,14,5,0.7142857142857143,15310,43288,54824,27,288,7.5524475524475525
21,8LRDQia-9ip8YHk8_ywOTkaN-hS5Ylp2PYFsngTgjX8dJoj1SpA74G9_Iv3j9gyeEc8vq_V0P5iJYQ,GOLD,GOLD,IV,72,Corpse,500,EUW1_7951339067,2026-08-15 16:15:43.152000+00:00,420,CLASSIC,34.86666666666667,Naafiri,MIDDLE,False,11,9,4,1.6666666666666667,15468,34065,42264,21,242,6.940726577437858
21,8LRDQia-9ip8YHk8_ywOTkaN-hS5Ylp2PYFsngTgjX8dJoj1SpA74G9_Iv3j9gyeEc8vq_V0P5iJYQ,GOLD,GOLD,IV,72,Corpse,500,EUW1_7951392628,2026-08-15 16:54:04.487000+00:00,420,CLASSIC,17.35,Akali,MIDDLE,True,6,1,1,7.0,8765,13855,12835,9,134,7.723342939481268
21,8LRDQia-9ip8YHk8_ywOTkaN-hS5Ylp2PYFsngTgjX8dJoj1SpA74G9_Iv3j9gyeEc8vq_V0P5iJYQ,GOLD,GOLD,IV,72,Corpse,500,EUW1_7951423039,2026-08-15 17:31:46.460000+00:00,420,CLASSIC,17.933333333333334,Zoe,MIDDLE,True,7,3,3,3.3333333333333335,8381,14396,10090,5,122,6.802973977695167
21,8LRDQia-9ip8YHk8_ywOTkaN-hS5Ylp2PYFsngTgjX8dJoj1SpA74G9_Iv3j9gyeEc8vq_V0P5iJYQ,GOLD,GOLD,IV,72,Corpse,500,EUW1_7951454608,2026-08-15 17:56:24.274000+00:00,420,CLASSIC,51.75,Viktor,MIDDLE,True,16,17,10,1.5294117647058822,22909,84841,52830,35,295,5.700483091787439
21,8LRDQia-9ip8YHk8_ywOTkaN-hS5Ylp2PYFsngTgjX8dJoj1SpA74G9_Iv3j9gyeEc8vq_V0P5iJYQ,GOLD,GOLD,IV,72,Corpse,500,EUW1_7951515052,2026-08-15 18:55:29.291000+00:00,420,CLASSIC,24.95,Zed,MIDDLE,True,10,4,9,4.75,11463,27882,18337,12,177,7.094188376753507
21,8LRDQia-9ip8YHk8_ywOTkaN-hS5Ylp2PYFsngTgjX8dJoj1SpA74G9_Iv3j9gyeEc8vq_V0P5iJYQ,GOLD,GOLD,IV,72,Corpse,500,EUW1_7951549201,2026-08-15 19:26:35.856000+00:00,420,CLASSIC,38.016666666666666,Zed,MIDDLE,False,14,9,0,1.5555555555555556,18806,42562,37976,28,287,7.549320473476546
21,8LRDQia-9ip8YHk8_ywOTkaN-hS5Ylp2PYFsngTgjX8dJoj1SpA74G9_Iv3j9gyeEc8vq_V0P5iJYQ,GOLD,GOLD,IV,72,Corpse,500,EUW1_7951829918,2026-08-15 23:08:27.220000+00:00,420,CLASSIC,40.266666666666666,Vladimir,MIDDLE,True,3,5,13,3.2,15082,31926,52406,24,300,7.450331125827815
21,8LRDQia-9ip8YHk8_ywOTkaN-hS5Ylp2PYFsngTgjX8dJoj1SpA74G9_Iv3j9gyeEc8vq_V0P5iJYQ,GOLD,GOLD,IV,72,Corpse,500,EUW1_7951871755,2026-08-15 23:53:43.549000+00:00,420,CLASSIC,32.4,Veigar,MIDDLE,False,4,9,4,0.8888888888888888,11101,23133,31576,20,207,6.388888888888889
21,8LRDQia-9ip8YHk8_ywOTkaN-hS5Ylp2PYFsngTgjX8dJoj1SpA74G9_Iv3j9gyeEc8vq_V0P5iJYQ,GOLD,GOLD,IV,72,Corpse,500,EUW1_7952127926,2026-08-16 11:23:30.207000+00:00,420,CLASSIC,31.533333333333335,Akali,MIDDLE,False,10,9,5,1.6666666666666667,13369,40235,31536,23,198,6.27906976744186
21,8LRDQia-9ip8YHk8_ywOTkaN-hS5Ylp2PYFsngTgjX8dJoj1SpA74G9_Iv3j9gyeEc8vq_V0P5iJYQ,GOLD,GOLD,IV,72,Corpse,500,EUW1_7952161739,2026-08-16 11:58:41.708000+00:00,420,CLASSIC,28.75,Viktor,MIDDLE,True,14,6,12,4.333333333333333,16551,46681,21185,17,228,7.930434782608696
21,8LRDQia-9ip8YHk8_ywOTkaN-hS5Ylp2PYFsngTgjX8dJoj1SpA74G9_Iv3j9gyeEc8vq_V0P5iJYQ,GOLD,GOLD,IV,72,Corpse,500,EUW1_7952358784,2026-08-16 14:55:45.753000+00:00,420,CLASSIC,31.45,Sylas,MIDDLE,True,2,9,17,2.111111111111111,10894,21700,34559,31,146,4.642289348171701
21,8LRDQia-9ip8YHk8_ywOTkaN-hS5Ylp2PYFsngTgjX8dJoj1SpA74G9_Iv3j9gyeEc8vq_V0P5iJYQ,GOLD,GOLD,IV,72,Corpse,500,EUW1_7952392276,2026-08-16 15:32:09.085000+00:00,420,CLASSIC,24.633333333333333,Yasuo,MIDDLE,True,13,2,6,9.5,13369,32742,24385,17,222,9.012178619756428
21,8LRDQia-9ip8YHk8_ywOTkaN-hS5Ylp2PYFsngTgjX8dJoj1SpA74G9_Iv3j9gyeEc8vq_V0P5iJYQ,GOLD,GOLD,IV,72,Corpse,500,EUW1_7952431219,2026-08-16 16:02:53.634000+00:00,420,CLASSIC,32.86666666666667,Galio,MIDDLE,False,7,9,9,1.7777777777777777,12347,27568,36702,24,193,5.872210953346856
21,8LRDQia-9ip8YHk8_ywOTkaN-hS5Ylp2PYFsngTgjX8dJoj1SpA74G9_Iv3j9gyeEc8vq_V0P5iJYQ,GOLD,GOLD,IV,72,Corpse,500,EUW1_7952492500,2026-08-16 16:39:58.804000+00:00,420,CLASSIC,28.05,Viktor,MIDDLE,True,7,7,8,2.142857142857143,13144,32377,20953,18,197,7.023172905525847
21,8LRDQia-9ip8YHk8_ywOTkaN-hS5Ylp2PYFsngTgjX8dJoj1SpA74G9_Iv3j9gyeEc8vq_V0P5iJYQ,GOLD,GOLD,IV,72,Corpse,500,EUW1_7952534547,2026-08-16 17:13:04.950000+00:00,420,CLASSIC,19.116666666666667,Ekko,MIDDLE,True,5,2,5,5.0,8927,13995,15007,8,140,7.323452484742807
21,8LRDQia-9ip8YHk8_ywOTkaN-hS5Ylp2PYFsngTgjX8dJoj1SpA74G9_Iv3j9gyeEc8vq_V0P5iJYQ,GOLD,GOLD,IV,72,Corpse,500,EUW1_7952632575,2026-08-16 18:29:57.611000+00:00,420,CLASSIC,31.833333333333332,MasterYi,JUNGLE,False,15,10,3,1.8,16795,30116,35112,41,201,6.314136125654451
21,8LRDQia-9ip8YHk8_ywOTkaN-hS5Ylp2PYFsngTgjX8dJoj1SpA74G9_Iv3j9gyeEc8vq_V0P5iJYQ,GOLD,GOLD,IV,72,Corpse,500,EUW1_7952673132,2026-08-16 19:05:28.860000+00:00,420,CLASSIC,35.55,Viktor,MIDDLE,False,5,17,5,0.5882352941176471,11445,31661,35532,16,195,5.485232067510549
21,8LRDQia-9ip8YHk8_ywOTkaN-hS5Ylp2PYFsngTgjX8dJoj1SpA74G9_Iv3j9gyeEc8vq_V0P5iJYQ,GOLD,GOLD,IV,72,Corpse,500,EUW1_7952736044,2026-08-16 19:45:03.548000+00:00,420,CLASSIC,36.25,Zoe,MIDDLE,False,16,9,6,2.4444444444444446,18348,43037,40919,22,236,6.510344827586207
21,8LRDQia-9ip8YHk8_ywOTkaN-hS5Ylp2PYFsngTgjX8dJoj1SpA74G9_Iv3j9gyeEc8vq_V0P5iJYQ,GOLD,GOLD,IV,72,Corpse,500,EUW1_7952827525,2026-08-16 20:45:08.180000+00:00,420,CLASSIC,1.4,Vex,MIDDLE,True,0,0,0,0.0,593,204,126,0,3,2.142857142857143
21,8LRDQia-9ip8YHk8_ywOTkaN-hS5Ylp2PYFsngTgjX8dJoj1SpA74G9_Iv3j9gyeEc8vq_V0P5iJYQ,GOLD,GOLD,IV,72,Corpse,500,EUW1_7952844056,2026-08-16 21:00:40.184000+00:00,420,CLASSIC,18.883333333333333,Zed,MIDDLE,True,9,1,1,10.0,9723,16931,12142,9,170,9.002647837599294
21,8LRDQia-9ip8YHk8_ywOTkaN-hS5Ylp2PYFsngTgjX8dJoj1SpA74G9_Iv3j9gyeEc8vq_V0P5iJYQ,GOLD,GOLD,IV,72,Corpse,500,EUW1_7952887742,2026-08-16 21:33:45.336000+00:00,420,CLASSIC,15.433333333333334,Riven,TOP,False,2,6,0,0.3333333333333333,5001,7321,12026,10,103,6.6738660907127425
21,8LRDQia-9ip8YHk8_ywOTkaN-hS5Ylp2PYFsngTgjX8dJoj1SpA74G9_Iv3j9gyeEc8vq_V0P5iJYQ,GOLD,GOLD,IV,72,Corpse,500,EUW1_7953116445,2026-08-17 08:34:07.117000+00:00,420,CLASSIC,36.61666666666667,Yasuo,MIDDLE,False,9,12,3,1.0,14973,28526,41471,30,254,6.936731907146108
21,8LRDQia-9ip8YHk8_ywOTkaN-hS5Ylp2PYFsngTgjX8dJoj1SpA74G9_Iv3j9gyeEc8vq_V0P5iJYQ,GOLD,GOLD,IV,72,Corpse,500,EUW1_7953140986,2026-08-17 09:15:12.703000+00:00,420,CLASSIC,36.06666666666667,Zed,MIDDLE,False,20,10,4,2.4,18396,68061,37082,38,236,6.54343807763401
21,8LRDQia-9ip8YHk8_ywOTkaN-hS5Ylp2PYFsngTgjX8dJoj1SpA74G9_Iv3j9gyeEc8vq_V0P5iJYQ,GOLD,GOLD,IV,72,Corpse,500,EUW1_7953371941,2026-08-17 14:42:42.090000+00:00,420,CLASSIC,37.63333333333333,Yasuo,MIDDLE,True,19,10,7,2.6,19713,69797,48279,19,276,7.33392382639504
21,8LRDQia-9ip8YHk8_ywOTkaN-hS5Ylp2PYFsngTgjX8dJoj1SpA74G9_Iv3j9gyeEc8vq_V0P5iJYQ,GOLD,GOLD,IV,72,Corpse,500,EUW1_7953527094,2026-08-17 17:08:02.824000+00:00,420,CLASSIC,26.6,Sylas,MIDDLE,True,11,8,4,1.875,10697,23185,26207,23,144,5.413533834586466
21,8LRDQia-9ip8YHk8_ywOTkaN-hS5Ylp2PYFsngTgjX8dJoj1SpA74G9_Iv3j9gyeEc8vq_V0P5iJYQ,GOLD,GOLD,IV,72,Corpse,500,EUW1_7953575727,2026-08-17 17:39:28.358000+00:00,420,CLASSIC,28.883333333333333,Lissandra,MIDDLE,True,12,5,9,4.2,15006,38901,29905,25,238,8.240046162723601
21,8LRDQia-9ip8YHk8_ywOTkaN-hS5Ylp2PYFsngTgjX8dJoj1SpA74G9_Iv3j9gyeEc8vq_V0P5iJYQ,GOLD,GOLD,IV,72,Corpse,500,EUW1_7953608080,2026-08-17 18:12:26.569000+00:00,420,CLASSIC,15.266666666666667,Yone,MIDDLE,True,4,2,3,3.5,6800,6524,9628,6,127,8.318777292576419
21,8LRDQia-9ip8YHk8_ywOTkaN-hS5Ylp2PYFsngTgjX8dJoj1SpA74G9_Iv3j9gyeEc8vq_V0P5iJYQ,GOLD,GOLD,IV,72,Corpse,500,EUW1_7953642801,2026-08-17 18:32:50.823000+00:00,420,CLASSIC,31.216666666666665,Zed,MIDDLE,True,15,3,6,7.0,14446,37750,26197,27,211,6.759209823812067
21,8LRDQia-9ip8YHk8_ywOTkaN-hS5Ylp2PYFsngTgjX8dJoj1SpA74G9_Iv3j9gyeEc8vq_V0P5iJYQ,GOLD,GOLD,IV,72,Corpse,500,EUW1_7953734557,2026-08-17 19:30:39.927000+00:00,420,CLASSIC,25.666666666666668,Teemo,TOP,False,2,6,0,0.3333333333333333,8178,24065,35927,17,163,6.35064935064935
21,8LRDQia-9ip8YHk8_ywOTkaN-hS5Ylp2PYFsngTgjX8dJoj1SpA74G9_Iv3j9gyeEc8vq_V0P5iJYQ,GOLD,GOLD,IV,72,Corpse,500,EUW1_7953775764,2026-08-17 20:00:43.648000+00:00,420,CLASSIC,34.78333333333333,Akali,MIDDLE,False,16,10,3,1.9,15371,42291,43338,24,208,5.979875419262099
21,8LRDQia-9ip8YHk8_ywOTkaN-hS5Ylp2PYFsngTgjX8dJoj1SpA74G9_Iv3j9gyeEc8vq_V0P5iJYQ,GOLD,GOLD,IV,72,Corpse,500,EUW1_7953830077,2026-08-17 20:43:23.131000+00:00,420,CLASSIC,51.833333333333336,Mordekaiser,TOP,True,14,14,12,1.8571428571428572,21158,64145,100935,39,294,5.672025723472669
21,8LRDQia-9ip8YHk8_ywOTkaN-hS5Ylp2PYFsngTgjX8dJoj1SpA74G9_Iv3j9gyeEc8vq_V0P5iJYQ,GOLD,GOLD,IV,72,Corpse,500,EUW1_7953909764,2026-08-17 21:39:47.501000+00:00,420,CLASSIC,41.43333333333333,Darius,TOP,True,12,13,7,1.4615384615384615,17387,42593,74761,41,246,5.937248592115849
21,8LRDQia-9ip8YHk8_ywOTkaN-hS5Ylp2PYFsngTgjX8dJoj1SpA74G9_Iv3j9gyeEc8vq_V0P5iJYQ,GOLD,GOLD,IV,72,Corpse,500,EUW1_7954895058,2026-08-18 21:11:41.430000+00:00,420,CLASSIC,27.383333333333333,Yasuo,MIDDLE,True,17,9,6,2.5555555555555554,14150,47663,31558,12,188,6.86548995739501
21,8LRDQia-9ip8YHk8_ywOTkaN-hS5Ylp2PYFsngTgjX8dJoj1SpA74G9_Iv3j9gyeEc8vq_V0P5iJYQ,GOLD,GOLD,IV,72,Corpse,500,EUW1_7954954544,2026-08-18 21:54:17.610000+00:00,420,CLASSIC,32.666666666666664,Viktor,MIDDLE,True,9,9,4,1.4444444444444444,13430,33061,24442,22,207,6.336734693877552
21,8LRDQia-9ip8YHk8_ywOTkaN-hS5Ylp2PYFsngTgjX8dJoj1SpA74G9_Iv3j9gyeEc8vq_V0P5iJYQ,GOLD,GOLD,IV,72,Corpse,500,EUW1_7955014857,2026-08-18 23:02:16.470000+00:00,420,CLASSIC,13.35,Xerath,MIDDLE,True,3,1,0,3.0,5616,6677,4749,1,110,8.239700374531836
21,8LRDQia-9ip8YHk8_ywOTkaN-hS5Ylp2PYFsngTgjX8dJoj1SpA74G9_Iv3j9gyeEc8vq_V0P5iJYQ,GOLD,GOLD,IV,72,Corpse,500,EUW1_7955034664,2026-08-18 23:22:12.061000+00:00,420,CLASSIC,29.2,Leblanc,MIDDLE,True,8,3,7,5.0,12395,24406,23632,24,215,7.363013698630137
21,8LRDQia-9ip8YHk8_ywOTkaN-hS5Ylp2PYFsngTgjX8dJoj1SpA74G9_Iv3j9gyeEc8vq_V0P5iJYQ,GOLD,GOLD,IV,72,Corpse,500,EUW1_7955054949,2026-08-19 00:02:15.725000+00:00,420,CLASSIC,17.116666666666667,Akali,MIDDLE,True,7,3,3,3.3333333333333335,8467,16183,12255,6,136,7.945472249269717
21,8LRDQia-9ip8YHk8_ywOTkaN-hS5Ylp2PYFsngTgjX8dJoj1SpA74G9_Iv3j9gyeEc8vq_V0P5iJYQ,GOLD,GOLD,IV,72,Corpse,500,EUW1_7955058404,2026-08-19 00:24:35.176000+00:00,420,CLASSIC,49.333333333333336,Zed,MIDDLE,True,17,10,9,2.6,24632,79880,52552,30,305,6.1824324324324325
21,8LRDQia-9ip8YHk8_ywOTkaN-hS5Ylp2PYFsngTgjX8dJoj1SpA74G9_Iv3j9gyeEc8vq_V0P5iJYQ,GOLD,GOLD,IV,72,Corpse,500,EUW1_7955092664,2026-08-19 01:18:51.684000+00:00,420,CLASSIC,15.433333333333334,Yasuo,MIDDLE,False,1,4,0,0.25,5123,6468,10978,1,122,7.9049676025917925
21,8LRDQia-9ip8YHk8_ywOTkaN-hS5Ylp2PYFsngTgjX8dJoj1SpA74G9_Iv3j9gyeEc8vq_V0P5iJYQ,GOLD,GOLD,IV,72,Corpse,500,EUW1_7955101574,2026-08-19 01:38:34.262000+00:00,420,CLASSIC,26.316666666666666,Nasus,TOP,True,2,7,6,1.1428571428571428,10030,20491,37021,6,152,5.775807473084231
21,8LRDQia-9ip8YHk8_ywOTkaN-hS5Ylp2PYFsngTgjX8dJoj1SpA74G9_Iv3j9gyeEc8vq_V0P5iJYQ,GOLD,GOLD,IV,72,Corpse,500,EUW1_7955969010,2026-08-19 22:19:13.741000+00:00,420,CLASSIC,25.983333333333334,Zed,MIDDLE,True,10,4,6,4.0,12039,25033,19739,20,179,6.889031430404105
21,8LRDQia-9ip8YHk8_ywOTkaN-hS5Ylp2PYFsngTgjX8dJoj1SpA74G9_Iv3j9gyeEc8vq_V0P5iJYQ,GOLD,GOLD,IV,72,Corpse,500,EUW1_7956017356,2026-08-19 23:25:23.417000+00:00,420,CLASSIC,26.866666666666667,Yasuo,MIDDLE,True,13,5,2,3.0,14694,29615,29758,19,234,8.709677419354838
21,8LRDQia-9ip8YHk8_ywOTkaN-hS5Ylp2PYFsngTgjX8dJoj1SpA74G9_Iv3j9gyeEc8vq_V0P5iJYQ,GOLD,GOLD,IV,72,Corpse,500,EUW1_7957019197,2026-08-20 23:29:26.201000+00:00,420,CLASSIC,31.166666666666668,Aatrox,TOP,True,11,5,7,3.6,13421,28583,41635,18,181,5.807486631016043
21,8LRDQia-9ip8YHk8_ywOTkaN-hS5Ylp2PYFsngTgjX8dJoj1SpA74G9_Iv3j9gyeEc8vq_V0P5iJYQ,GOLD,GOLD,IV,72,Corpse,500,EUW1_7957474584,2026-08-21 15:14:04.499000+00:00,420,CLASSIC,30.183333333333334,Yasuo,MIDDLE,False,6,10,4,1.0,12201,23571,29715,16,215,7.123136388735505
21,8LRDQia-9ip8YHk8_ywOTkaN-hS5Ylp2PYFsngTgjX8dJoj1SpA74G9_Iv3j9gyeEc8vq_V0P5iJYQ,GOLD,GOLD,IV,72,Corpse,500,EUW1_7957586504,2026-08-21 16:55:28.976000+00:00,420,CLASSIC,36.416666666666664,Yasuo,MIDDLE,True,10,11,11,1.9090909090909092,18255,53713,40268,14,268,7.359267734553776
21,8LRDQia-9ip8YHk8_ywOTkaN-hS5Ylp2PYFsngTgjX8dJoj1SpA74G9_Iv3j9gyeEc8vq_V0P5iJYQ,GOLD,GOLD,IV,72,Corpse,500,EUW1_7960283262,2026-08-24 01:14:25.850000+00:00,420,CLASSIC,30.35,Renekton,TOP,False,4,9,4,0.8888888888888888,9747,27110,39866,28,169,5.56836902800659
22,JZzLzbecqoVW6LLiHz8UTW9QvFPf22U8qwPyxFYOizi0oouUGtK_GD_gDWuCaERjO938Gq7gFnS_Bw,GOLD,GOLD,IV,93,Paniuhinam Zoles,EUW,EUW1_7110856442,2024-09-08 18:39:07.934000+00:00,420,CLASSIC,37.11666666666667,Caitlyn,BOTTOM,True,1,5,7,1.6,13269,20123,21911,25,254,6.843286933093848
22,JZzLzbecqoVW6LLiHz8UTW9QvFPf22U8qwPyxFYOizi0oouUGtK_GD_gDWuCaERjO938Gq7gFnS_Bw,GOLD,GOLD,IV,93,Paniuhinam Zoles,EUW,EUW1_7724453972,2026-02-09 18:01:53.380000+00:00,420,CLASSIC,32.9,Caitlyn,BOTTOM,False,5,14,4,0.6428571428571429,10020,13941,25108,21,135,4.103343465045593
22,JZzLzbecqoVW6LLiHz8UTW9QvFPf22U8qwPyxFYOizi0oouUGtK_GD_gDWuCaERjO938Gq7gFnS_Bw,GOLD,GOLD,IV,93,Paniuhinam Zoles,EUW,EUW1_7724539680,2026-02-09 18:42:45.497000+00:00,420,CLASSIC,30.333333333333332,Nautilus,UTILITY,False,0,10,11,1.1,8259,10239,31841,58,42,1.3846153846153846
22,JZzLzbecqoVW6LLiHz8UTW9QvFPf22U8qwPyxFYOizi0oouUGtK_GD_gDWuCaERjO938Gq7gFnS_Bw,GOLD,GOLD,IV,93,Paniuhinam Zoles,EUW,EUW1_7741215949,2026-02-19 17:28:36.436000+00:00,420,CLASSIC,25.85,MissFortune,BOTTOM,True,14,1,2,16.0,15139,17130,10339,11,195,7.543520309477756
22,JZzLzbecqoVW6LLiHz8UTW9QvFPf22U8qwPyxFYOizi0oouUGtK_GD_gDWuCaERjO938Gq7gFnS_Bw,GOLD,GOLD,IV,93,Paniuhinam Zoles,EUW,EUW1_7741269361,2026-02-19 17:58:20.700000+00:00,420,CLASSIC,30.716666666666665,MissFortune,BOTTOM,False,11,11,6,1.5454545454545454,16634,22925,26554,20,212,6.901790558871406
22,JZzLzbecqoVW6LLiHz8UTW9QvFPf22U8qwPyxFYOizi0oouUGtK_GD_gDWuCaERjO938Gq7gFnS_Bw,GOLD,GOLD,IV,93,Paniuhinam Zoles,EUW,EUW1_7741338726,2026-02-19 18:33:07.863000+00:00,420,CLASSIC,37.56666666666667,Draven,BOTTOM,False,9,8,5,1.75,17319,25428,22552,25,202,5.377107364685004
22,JZzLzbecqoVW6LLiHz8UTW9QvFPf22U8qwPyxFYOizi0oouUGtK_GD_gDWuCaERjO938Gq7gFnS_Bw,GOLD,GOLD,IV,93,Paniuhinam Zoles,EUW,EUW1_7741816444,2026-02-19 22:18:43.803000+00:00,420,CLASSIC,17.866666666666667,Renekton,TOP,False,0,2,0,0.0,4810,2651,13900,15,112,6.26865671641791
22,JZzLzbecqoVW6LLiHz8UTW9QvFPf22U8qwPyxFYOizi0oouUGtK_GD_gDWuCaERjO938Gq7gFnS_Bw,GOLD,GOLD,IV,93,Paniuhinam Zoles,EUW,EUW1_7741864856,2026-02-19 22:40:34.733000+00:00,420,CLASSIC,35.18333333333333,Shen,TOP,True,10,5,13,4.6,13365,24814,36505,25,192,5.457129322595927
22,JZzLzbecqoVW6LLiHz8UTW9QvFPf22U8qwPyxFYOizi0oouUGtK_GD_gDWuCaERjO938Gq7gFnS_Bw,GOLD,GOLD,IV,93,Paniuhinam Zoles,EUW,EUW1_7741937491,2026-02-19 23:20:28.408000+00:00,420,CLASSIC,25.533333333333335,Shen,TOP,False,1,5,5,1.2,8405,11733,21763,18,181,7.088772845953002
22,JZzLzbecqoVW6LLiHz8UTW9QvFPf22U8qwPyxFYOizi0oouUGtK_GD_gDWuCaERjO938Gq7gFnS_Bw,GOLD,GOLD,IV,93,Dule2le,2le,EUW1_7742578430,2026-02-20 12:29:47.443000+00:00,420,CLASSIC,26.583333333333332,Shen,TOP,False,7,8,4,1.375,9497,21448,36893,7,125,4.702194357366771
22,JZzLzbecqoVW6LLiHz8UTW9QvFPf22U8qwPyxFYOizi0oouUGtK_GD_gDWuCaERjO938Gq7gFnS_Bw,GOLD,GOLD,IV,93,Dule2le,2le,EUW1_7743803894,2026-02-21 00:31:33.619000+00:00,420,CLASSIC,21.783333333333335,Malphite,TOP,True,2,3,5,2.3333333333333335,8466,10937,10051,19,158,7.253251721499617
22,JZzLzbecqoVW6LLiHz8UTW9QvFPf22U8qwPyxFYOizi0oouUGtK_GD_gDWuCaERjO938Gq7gFnS_Bw,GOLD,GOLD,IV,93,Dule2le,2le,EUW1_7743826051,2026-02-21 00:58:25.605000+00:00,420,CLASSIC,31.916666666666668,Olaf,TOP,False,2,11,1,0.2727272727272727,10179,10053,40834,28,198,6.203655352480418
22,JZzLzbecqoVW6LLiHz8UTW9QvFPf22U8qwPyxFYOizi0oouUGtK_GD_gDWuCaERjO938Gq7gFnS_Bw,GOLD,GOLD,IV,93,Dule2le,2le,EUW1_7745552960,2026-02-22 00:18:26.544000+00:00,420,CLASSIC,26.133333333333333,Tryndamere,TOP,False,2,8,0,0.25,7571,8501,20500,25,149,5.701530612244898
22,JZzLzbecqoVW6LLiHz8UTW9QvFPf22U8qwPyxFYOizi0oouUGtK_GD_gDWuCaERjO938Gq7gFnS_Bw,GOLD,GOLD,IV,93,Dule2le,2le,EUW1_7745593328,2026-02-22 00:50:16.164000+00:00,420,CLASSIC,27.633333333333333,Kayle,TOP,False,0,7,2,0.2857142857142857,8726,6110,21677,20,199,7.201447527141134
22,JZzLzbecqoVW6LLiHz8UTW9QvFPf22U8qwPyxFYOizi0oouUGtK_GD_gDWuCaERjO938Gq7gFnS_Bw,GOLD,GOLD,IV,93,Dule2le,2le,EUW1_7745640205,2026-02-22 01:28:20.143000+00:00,420,CLASSIC,29.083333333333332,Leona,UTILITY,True,4,9,19,2.5555555555555554,10737,11986,27813,58,41,1.4097421203438396
22,JZzLzbecqoVW6LLiHz8UTW9QvFPf22U8qwPyxFYOizi0oouUGtK_GD_gDWuCaERjO938Gq7gFnS_Bw,GOLD,GOLD,IV,93,Dule2le,2le,EUW1_7746826370,2026-02-22 17:52:46.149000+00:00,420,CLASSIC,45.31666666666667,Ahri,MIDDLE,True,16,12,20,3.0,21253,49328,43233,22,286,6.311143802868702
22,JZzLzbecqoVW6LLiHz8UTW9QvFPf22U8qwPyxFYOizi0oouUGtK_GD_gDWuCaERjO938Gq7gFnS_Bw,GOLD,GOLD,IV,93,Dule2le,2le,EUW1_7746970335,2026-02-22 19:00:06.468000+00:00,420,CLASSIC,37.81666666666667,Malzahar,MIDDLE,True,1,12,16,1.4166666666666667,10470,24176,29341,28,139,3.675628029969149
22,JZzLzbecqoVW6LLiHz8UTW9QvFPf22U8qwPyxFYOizi0oouUGtK_GD_gDWuCaERjO938Gq7gFnS_Bw,GOLD,GOLD,IV,93,Dule2le,2le,EUW1_7751044057,2026-02-24 23:20:44.087000+00:00,420,CLASSIC,15.533333333333333,Illaoi,TOP,True,1,1,1,2.0,5642,11427,9312,10,129,8.304721030042918
22,JZzLzbecqoVW6LLiHz8UTW9QvFPf22U8qwPyxFYOizi0oouUGtK_GD_gDWuCaERjO938Gq7gFnS_Bw,GOLD,GOLD,IV,93,Dule2le,2le,EUW1_7751072936,2026-02-24 23:40:24.450000+00:00,420,CLASSIC,29.45,Kayle,TOP,False,2,8,6,1.0,9627,21872,30228,15,169,5.738539898132428
22,JZzLzbecqoVW6LLiHz8UTW9QvFPf22U8qwPyxFYOizi0oouUGtK_GD_gDWuCaERjO938Gq7gFnS_Bw,GOLD,GOLD,IV,93,Dule2le,2le,EUW1_7751115172,2026-02-25 00:15:53.490000+00:00,420,CLASSIC,35.166666666666664,Ahri,MIDDLE,True,4,6,15,3.1666666666666665,12351,26555,29618,19,195,5.545023696682465
22,JZzLzbecqoVW6LLiHz8UTW9QvFPf22U8qwPyxFYOizi0oouUGtK_GD_gDWuCaERjO938Gq7gFnS_Bw,GOLD,GOLD,IV,93,Dule2le,2le,EUW1_7751164703,2026-02-25 01:00:05.220000+00:00,420,CLASSIC,25.716666666666665,Teemo,TOP,True,0,6,5,0.8333333333333334,7634,13781,17291,18,136,5.288399222294232
22,JZzLzbecqoVW6LLiHz8UTW9QvFPf22U8qwPyxFYOizi0oouUGtK_GD_gDWuCaERjO938Gq7gFnS_Bw,GOLD,GOLD,IV,93,Dule2le,2le,EUW1_7751194659,2026-02-25 01:32:44.423000+00:00,420,CLASSIC,27.85,Kayle,TOP,True,1,3,6,2.3333333333333335,9348,9269,19413,17,179,6.427289048473967
22,JZzLzbecqoVW6LLiHz8UTW9QvFPf22U8qwPyxFYOizi0oouUGtK_GD_gDWuCaERjO938Gq7gFnS_Bw,GOLD,GOLD,IV,93,Dule2le,2le,EUW1_7752594117,2026-02-25 21:44:22.269000+00:00,420,CLASSIC,27.866666666666667,Illaoi,TOP,False,1,7,3,0.5714285714285714,8718,12134,33808,19,185,6.6387559808612435
22,JZzLzbecqoVW6LLiHz8UTW9QvFPf22U8qwPyxFYOizi0oouUGtK_GD_gDWuCaERjO938Gq7gFnS_Bw,GOLD,GOLD,IV,93,Dule2le,2le,EUW1_7752659292,2026-02-25 22:21:32.134000+00:00,420,CLASSIC,25.966666666666665,Vi,JUNGLE,True,4,5,17,4.2,10902,14883,20388,36,143,5.507060333761233
22,JZzLzbecqoVW6LLiHz8UTW9QvFPf22U8qwPyxFYOizi0oouUGtK_GD_gDWuCaERjO938Gq7gFnS_Bw,GOLD,GOLD,IV,93,Dule2le,2le,EUW1_7752714187,2026-02-25 22:53:05.693000+00:00,420,CLASSIC,32.28333333333333,Vi,JUNGLE,False,3,6,8,1.8333333333333333,11013,13636,34727,25,173,5.35880227155395
22,JZzLzbecqoVW6LLiHz8UTW9QvFPf22U8qwPyxFYOizi0oouUGtK_GD_gDWuCaERjO938Gq7gFnS_Bw,GOLD,GOLD,IV,93,Dule2le,2le,EUW1_7752831031,2026-02-26 00:21:59.190000+00:00,420,CLASSIC,31.183333333333334,Cassiopeia,TOP,True,3,5,5,1.6,10889,10405,25333,16,177,5.676109032602886
22,JZzLzbecqoVW6LLiHz8UTW9QvFPf22U8qwPyxFYOizi0oouUGtK_GD_gDWuCaERjO938Gq7gFnS_Bw,GOLD,GOLD,IV,93,Dule2le,2le,EUW1_7752858400,2026-02-26 00:59:46.200000+00:00,420,CLASSIC,24.633333333333333,Cassiopeia,TOP,False,1,5,0,0.2,7809,9925,13563,9,165,6.698240866035182
22,JZzLzbecqoVW6LLiHz8UTW9QvFPf22U8qwPyxFYOizi0oouUGtK_GD_gDWuCaERjO938Gq7gFnS_Bw,GOLD,GOLD,IV,93,Dule2le,2le,EUW1_7754180917,2026-02-26 21:41:58.514000+00:00,420,CLASSIC,25.3,Nasus,TOP,True,7,3,5,4.0,10855,12431,23029,20,163,6.442687747035573
22,JZzLzbecqoVW6LLiHz8UTW9QvFPf22U8qwPyxFYOizi0oouUGtK_GD_gDWuCaERjO938Gq7gFnS_Bw,GOLD,GOLD,IV,93,Dule2le,2le,EUW1_7754242896,2026-02-26 22:11:31.743000+00:00,420,CLASSIC,38.95,Nasus,TOP,True,4,8,7,1.375,15446,28081,52926,21,254,6.521181001283696
22,JZzLzbecqoVW6LLiHz8UTW9QvFPf22U8qwPyxFYOizi0oouUGtK_GD_gDWuCaERjO938Gq7gFnS_Bw,GOLD,GOLD,IV,93,Dule2le,2le,EUW1_7754402513,2026-02-26 23:49:45.327000+00:00,420,CLASSIC,40.166666666666664,Nasus,TOP,True,6,5,16,4.4,16544,28695,57218,34,255,6.348547717842324
22,JZzLzbecqoVW6LLiHz8UTW9QvFPf22U8qwPyxFYOizi0oouUGtK_GD_gDWuCaERjO938Gq7gFnS_Bw,GOLD,GOLD,IV,93,Dule2le,2le,EUW1_7754456542,2026-02-27 00:33:34.062000+00:00,420,CLASSIC,15.333333333333334,Nasus,TOP,True,3,0,1,4.0,5788,7016,12197,6,112,7.304347826086956
22,JZzLzbecqoVW6LLiHz8UTW9QvFPf22U8qwPyxFYOizi0oouUGtK_GD_gDWuCaERjO938Gq7gFnS_Bw,GOLD,GOLD,IV,93,Dule2le,2le,EUW1_7760732528,2026-03-02 19:51:43.822000+00:00,420,CLASSIC,35.9,Cassiopeia,TOP,False,3,10,3,0.6,12759,11544,39278,27,207,5.766016713091922
22,JZzLzbecqoVW6LLiHz8UTW9QvFPf22U8qwPyxFYOizi0oouUGtK_GD_gDWuCaERjO938Gq7gFnS_Bw,GOLD,GOLD,IV,93,Dule2le,2le,EUW1_7927199215,2026-07-23 12:28:44.863000+00:00,420,CLASSIC,24.716666666666665,Kled,TOP,False,1,6,3,0.6666666666666666,7588,13245,30341,15,143,5.785569790964262
22,JZzLzbecqoVW6LLiHz8UTW9QvFPf22U8qwPyxFYOizi0oouUGtK_GD_gDWuCaERjO938Gq7gFnS_Bw,GOLD,GOLD,IV,93,Dule2le,2le,EUW1_7927227483,2026-07-23 12:59:06.008000+00:00,420,CLASSIC,27.783333333333335,Malphite,TOP,True,2,5,8,2.0,9097,20043,14367,23,140,5.0389922015596875
22,JZzLzbecqoVW6LLiHz8UTW9QvFPf22U8qwPyxFYOizi0oouUGtK_GD_gDWuCaERjO938Gq7gFnS_Bw,GOLD,GOLD,IV,93,Dule2le,2le,EUW1_7927251222,2026-07-23 13:34:42.002000+00:00,420,CLASSIC,50.666666666666664,Kled,TOP,True,8,6,22,5.0,19947,29195,66525,42,320,6.315789473684211
22,JZzLzbecqoVW6LLiHz8UTW9QvFPf22U8qwPyxFYOizi0oouUGtK_GD_gDWuCaERjO938Gq7gFnS_Bw,GOLD,GOLD,IV,93,Dule2le,2le,EUW1_7929657205,2026-07-25 19:35:22.596000+00:00,420,CLASSIC,28.966666666666665,Leona,UTILITY,True,1,4,6,1.75,8523,6081,19130,69,34,1.1737629459148446
22,JZzLzbecqoVW6LLiHz8UTW9QvFPf22U8qwPyxFYOizi0oouUGtK_GD_gDWuCaERjO938Gq7gFnS_Bw,GOLD,GOLD,IV,93,Dule2le,2le,EUW1_7929702035,2026-07-25 20:08:21.865000+00:00,420,CLASSIC,1.3166666666666667,Kled,TOP,True,0,0,0,0.0,549,200,231,0,1,0.759493670886076
22,JZzLzbecqoVW6LLiHz8UTW9QvFPf22U8qwPyxFYOizi0oouUGtK_GD_gDWuCaERjO938Gq7gFnS_Bw,GOLD,GOLD,IV,93,Dule2le,2le,EUW1_7929710890,2026-07-25 20:15:10.498000+00:00,420,CLASSIC,15.65,Garen,TOP,False,3,5,0,0.6,5472,4078,11994,12,79,5.047923322683706
22,JZzLzbecqoVW6LLiHz8UTW9QvFPf22U8qwPyxFYOizi0oouUGtK_GD_gDWuCaERjO938Gq7gFnS_Bw,GOLD,GOLD,IV,93,Dule2le,2le,EUW1_7929760322,2026-07-25 20:56:09.810000+00:00,420,CLASSIC,25.333333333333332,Kled,TOP,False,0,6,6,1.0,7485,9100,28876,21,157,6.197368421052632
22,JZzLzbecqoVW6LLiHz8UTW9QvFPf22U8qwPyxFYOizi0oouUGtK_GD_gDWuCaERjO938Gq7gFnS_Bw,GOLD,GOLD,IV,93,Dule2le,2le,EUW1_7930121058,2026-07-26 09:36:32.069000+00:00,420,CLASSIC,34.6,Senna,UTILITY,False,4,5,7,2.2,12328,16689,19445,48,85,2.4566473988439306
22,JZzLzbecqoVW6LLiHz8UTW9QvFPf22U8qwPyxFYOizi0oouUGtK_GD_gDWuCaERjO938Gq7gFnS_Bw,GOLD,GOLD,IV,93,Dule2le,2le,EUW1_7930153722,2026-07-26 10:17:42.478000+00:00,420,CLASSIC,29.266666666666666,Lux,UTILITY,False,4,4,11,3.75,10067,17755,17577,33,75,2.562642369020501
22,JZzLzbecqoVW6LLiHz8UTW9QvFPf22U8qwPyxFYOizi0oouUGtK_GD_gDWuCaERjO938Gq7gFnS_Bw,GOLD,GOLD,IV,93,Dule2le,2le,EUW1_7930497246,2026-07-26 15:53:22.364000+00:00,420,CLASSIC,28.05,Blitzcrank,UTILITY,False,1,4,18,4.75,8481,9447,25376,53,59,2.1033868092691623
22,JZzLzbecqoVW6LLiHz8UTW9QvFPf22U8qwPyxFYOizi0oouUGtK_GD_gDWuCaERjO938Gq7gFnS_Bw,GOLD,GOLD,IV,93,Dule2le,2le,EUW1_7930539201,2026-07-26 16:25:45.773000+00:00,420,CLASSIC,37.56666666666667,Nautilus,UTILITY,True,1,5,14,3.0,9802,14456,28689,89,39,1.0381543921916592
22,JZzLzbecqoVW6LLiHz8UTW9QvFPf22U8qwPyxFYOizi0oouUGtK_GD_gDWuCaERjO938Gq7gFnS_Bw,GOLD,GOLD,IV,93,Dule2le,2le,EUW1_7930596688,2026-07-26 17:08:10.589000+00:00,420,CLASSIC,33.083333333333336,Senna,UTILITY,True,1,4,14,3.75,10317,12063,16696,73,37,1.1183879093198992
22,JZzLzbecqoVW6LLiHz8UTW9QvFPf22U8qwPyxFYOizi0oouUGtK_GD_gDWuCaERjO938Gq7gFnS_Bw,GOLD,GOLD,IV,93,Dule2le,2le,EUW1_7931694548,2026-07-27 18:23:00.299000+00:00,420,CLASSIC,35.083333333333336,Blitzcrank,UTILITY,True,1,5,22,4.6,10777,12546,28809,104,59,1.681710213776722
23,o0WENnzt0W6IGvaGZcg7mZkx2x0cnnqa_aMDBz82eeEQ9BcZD29i7WM4qfN7lcZ1ZJQ05NGgXCgeDA,GOLD,GOLD,IV,12,Devine,EUWLD,EUW1_7811067157,2026-04-05 16:32:43.638000+00:00,420,CLASSIC,36.3,TahmKench,UTILITY,True,11,1,14,25.0,16155,47069,53222,104,97,2.672176308539945
23,o0WENnzt0W6IGvaGZcg7mZkx2x0cnnqa_aMDBz82eeEQ9BcZD29i7WM4qfN7lcZ1ZJQ05NGgXCgeDA,GOLD,GOLD,IV,12,Devine,EUWLD,EUW1_7811124406,2026-04-05 17:20:28.027000+00:00,420,CLASSIC,41.36666666666667,TahmKench,UTILITY,True,5,7,9,2.0,14918,22806,70454,129,124,2.9975825946817083
23,o0WENnzt0W6IGvaGZcg7mZkx2x0cnnqa_aMDBz82eeEQ9BcZD29i7WM4qfN7lcZ1ZJQ05NGgXCgeDA,GOLD,GOLD,IV,12,Devine,EUWLD,EUW1_7811362773,2026-04-05 20:05:08.191000+00:00,420,CLASSIC,27.683333333333334,TahmKench,UTILITY,False,0,2,7,3.5,9921,10199,20640,53,125,4.515352197471403
23,o0WENnzt0W6IGvaGZcg7mZkx2x0cnnqa_aMDBz82eeEQ9BcZD29i7WM4qfN7lcZ1ZJQ05NGgXCgeDA,GOLD,GOLD,IV,12,Devine,EUWLD,EUW1_7811412178,2026-04-05 20:40:45.440000+00:00,420,CLASSIC,1.2333333333333334,TahmKench,UTILITY,False,0,0,0,0.0,523,157,288,0,0,0.0
23,o0WENnzt0W6IGvaGZcg7mZkx2x0cnnqa_aMDBz82eeEQ9BcZD29i7WM4qfN7lcZ1ZJQ05NGgXCgeDA,GOLD,GOLD,IV,12,Devine,EUWLD,EUW1_7811423395,2026-04-05 20:47:41.967000+00:00,420,CLASSIC,34.86666666666667,TahmKench,UTILITY,True,13,6,10,3.8333333333333335,16979,37486,53126,82,116,3.3269598470363286
23,o0WENnzt0W6IGvaGZcg7mZkx2x0cnnqa_aMDBz82eeEQ9BcZD29i7WM4qfN7lcZ1ZJQ05NGgXCgeDA,GOLD,GOLD,IV,12,Devine,EUWLD,EUW1_7812175893,2026-04-06 15:30:34.423000+00:00,420,CLASSIC,36.8,TahmKench,UTILITY,True,18,3,17,11.666666666666666,17688,49124,44344,90,79,2.1467391304347827
23,o0WENnzt0W6IGvaGZcg7mZkx2x0cnnqa_aMDBz82eeEQ9BcZD29i7WM4qfN7lcZ1ZJQ05NGgXCgeDA,GOLD,GOLD,IV,12,Devine,EUWLD,EUW1_7812433470,2026-04-06 18:41:45.968000+00:00,420,CLASSIC,32.333333333333336,TahmKench,UTILITY,True,9,3,9,6.0,13735,17456,23763,87,94,2.9072164948453607
23,o0WENnzt0W6IGvaGZcg7mZkx2x0cnnqa_aMDBz82eeEQ9BcZD29i7WM4qfN7lcZ1ZJQ05NGgXCgeDA,GOLD,GOLD,IV,12,Devine,EUWLD,EUW1_7812483388,2026-04-06 19:19:21.116000+00:00,420,CLASSIC,34.31666666666667,TahmKench,UTILITY,True,5,4,10,3.75,13420,34615,39291,82,124,3.613404565322972
23,o0WENnzt0W6IGvaGZcg7mZkx2x0cnnqa_aMDBz82eeEQ9BcZD29i7WM4qfN7lcZ1ZJQ05NGgXCgeDA,GOLD,GOLD,IV,12,Devine,EUWLD,EUW1_7812555708,2026-04-06 20:02:34.366000+00:00,420,CLASSIC,10.083333333333334,TahmKench,UTILITY,True,4,0,0,4.0,3361,2238,4212,6,10,0.9917355371900826
23,o0WENnzt0W6IGvaGZcg7mZkx2x0cnnqa_aMDBz82eeEQ9BcZD29i7WM4qfN7lcZ1ZJQ05NGgXCgeDA,GOLD,GOLD,IV,12,Devine,EUWLD,EUW1_7812580744,2026-04-06 20:18:22.130000+00:00,420,CLASSIC,26.15,TahmKench,UTILITY,False,0,4,2,0.5,6571,9953,27597,38,58,2.217973231357553
23,o0WENnzt0W6IGvaGZcg7mZkx2x0cnnqa_aMDBz82eeEQ9BcZD29i7WM4qfN7lcZ1ZJQ05NGgXCgeDA,GOLD,GOLD,IV,12,Devine,EUWLD,EUW1_7812626311,2026-04-06 20:52:33.826000+00:00,420,CLASSIC,30.616666666666667,TahmKench,UTILITY,True,14,1,16,30.0,14330,30557,41988,85,63,2.0577027762656503
23,o0WENnzt0W6IGvaGZcg7mZkx2x0cnnqa_aMDBz82eeEQ9BcZD29i7WM4qfN7lcZ1ZJQ05NGgXCgeDA,GOLD,GOLD,IV,12,Devine,EUWLD,EUW1_7812683610,2026-04-06 21:27:57.330000+00:00,420,CLASSIC,43.2,TahmKench,UTILITY,True,12,3,14,8.666666666666666,17732,37966,55885,137,130,3.009259259259259
23,o0WENnzt0W6IGvaGZcg7mZkx2x0cnnqa_aMDBz82eeEQ9BcZD29i7WM4qfN7lcZ1ZJQ05NGgXCgeDA,GOLD,GOLD,IV,12,Devine,EUWLD,EUW1_7813398157,2026-04-07 18:28:26.756000+00:00,420,CLASSIC,15.25,TahmKench,UTILITY,False,1,3,3,1.3333333333333333,4244,5876,9545,25,32,2.098360655737705
23,o0WENnzt0W6IGvaGZcg7mZkx2x0cnnqa_aMDBz82eeEQ9BcZD29i7WM4qfN7lcZ1ZJQ05NGgXCgeDA,GOLD,GOLD,IV,12,Devine,EUWLD,EUW1_7813429030,2026-04-07 18:50:18.680000+00:00,420,CLASSIC,34.8,TahmKench,UTILITY,False,1,3,13,4.666666666666667,10194,22006,44154,83,73,2.0977011494252875
23,o0WENnzt0W6IGvaGZcg7mZkx2x0cnnqa_aMDBz82eeEQ9BcZD29i7WM4qfN7lcZ1ZJQ05NGgXCgeDA,GOLD,GOLD,IV,12,Devine,EUWLD,EUW1_7815056306,2026-04-09 15:10:50.689000+00:00,420,CLASSIC,27.8,Lux,MIDDLE,True,12,0,10,22.0,13043,31098,10523,9,213,7.661870503597122
23,o0WENnzt0W6IGvaGZcg7mZkx2x0cnnqa_aMDBz82eeEQ9BcZD29i7WM4qfN7lcZ1ZJQ05NGgXCgeDA,GOLD,GOLD,IV,12,Devine,EUWLD,EUW1_7815091220,2026-04-09 15:43:13.429000+00:00,420,CLASSIC,20.833333333333332,Morgana,MIDDLE,True,4,0,1,5.0,9045,6897,3505,15,182,8.736
23,o0WENnzt0W6IGvaGZcg7mZkx2x0cnnqa_aMDBz82eeEQ9BcZD29i7WM4qfN7lcZ1ZJQ05NGgXCgeDA,GOLD,GOLD,IV,12,Devine,EUWLD,EUW1_7815115424,2026-04-09 16:13:03.258000+00:00,420,CLASSIC,32.516666666666666,Morgana,MIDDLE,False,3,3,9,4.0,11223,17344,19520,23,224,6.888774987186059
23,o0WENnzt0W6IGvaGZcg7mZkx2x0cnnqa_aMDBz82eeEQ9BcZD29i7WM4qfN7lcZ1ZJQ05NGgXCgeDA,GOLD,GOLD,IV,12,Devine,EUWLD,EUW1_7815161854,2026-04-09 16:52:33.245000+00:00,420,CLASSIC,25.583333333333332,Morgana,MIDDLE,True,9,1,5,14.0,12857,22186,12045,23,201,7.856677524429967
23,o0WENnzt0W6IGvaGZcg7mZkx2x0cnnqa_aMDBz82eeEQ9BcZD29i7WM4qfN7lcZ1ZJQ05NGgXCgeDA,GOLD,GOLD,IV,12,Devine,EUWLD,EUW1_7816335190,2026-04-10 18:58:36.383000+00:00,420,CLASSIC,45.1,Morgana,MIDDLE,True,10,3,22,10.666666666666666,19263,43741,37274,33,308,6.829268292682927
23,o0WENnzt0W6IGvaGZcg7mZkx2x0cnnqa_aMDBz82eeEQ9BcZD29i7WM4qfN7lcZ1ZJQ05NGgXCgeDA,GOLD,GOLD,IV,12,Devine,EUWLD,EUW1_7817442497,2026-04-11 18:49:19.702000+00:00,420,CLASSIC,39.6,Morgana,MIDDLE,False,5,2,8,6.5,14878,34328,24823,53,302,7.626262626262626
23,o0WENnzt0W6IGvaGZcg7mZkx2x0cnnqa_aMDBz82eeEQ9BcZD29i7WM4qfN7lcZ1ZJQ05NGgXCgeDA,GOLD,GOLD,IV,12,Devine,EUWLD,EUW1_7817494250,2026-04-11 19:33:34.746000+00:00,420,CLASSIC,10.916666666666666,TahmKench,UTILITY,True,3,1,6,9.0,4698,4888,5468,9,21,1.9236641221374047
23,o0WENnzt0W6IGvaGZcg7mZkx2x0cnnqa_aMDBz82eeEQ9BcZD29i7WM4qfN7lcZ1ZJQ05NGgXCgeDA,GOLD,GOLD,IV,12,Devine,EUWLD,EUW1_7817521847,2026-04-11 19:50:39.742000+00:00,420,CLASSIC,33.68333333333333,TahmKench,UTILITY,False,11,4,8,4.75,13689,29695,48064,109,94,2.7906976744186047
23,o0WENnzt0W6IGvaGZcg7mZkx2x0cnnqa_aMDBz82eeEQ9BcZD29i7WM4qfN7lcZ1ZJQ05NGgXCgeDA,GOLD,GOLD,IV,12,Devine,EUWLD,EUW1_7817585755,2026-04-11 20:35:55.051000+00:00,420,CLASSIC,42.56666666666667,TahmKench,UTILITY,False,5,10,16,2.1,15738,28501,68503,95,95,2.2317932654659356
23,o0WENnzt0W6IGvaGZcg7mZkx2x0cnnqa_aMDBz82eeEQ9BcZD29i7WM4qfN7lcZ1ZJQ05NGgXCgeDA,GOLD,GOLD,IV,12,Devine,EUWLD,EUW1_7817655720,2026-04-11 21:23:33.157000+00:00,420,CLASSIC,38.03333333333333,Pyke,UTILITY,True,8,2,14,11.0,14947,14354,24597,91,82,2.1560035056967575
23,o0WENnzt0W6IGvaGZcg7mZkx2x0cnnqa_aMDBz82eeEQ9BcZD29i7WM4qfN7lcZ1ZJQ05NGgXCgeDA,GOLD,GOLD,IV,12,Devine,EUWLD,EUW1_7817712047,2026-04-11 22:06:17.646000+00:00,420,CLASSIC,25.233333333333334,Pantheon,UTILITY,True,6,2,8,7.0,9850,12801,15675,41,54,2.14002642007926
23,o0WENnzt0W6IGvaGZcg7mZkx2x0cnnqa_aMDBz82eeEQ9BcZD29i7WM4qfN7lcZ1ZJQ05NGgXCgeDA,GOLD,GOLD,IV,12,Devine,EUWLD,EUW1_7817757306,2026-04-11 22:48:06.338000+00:00,420,CLASSIC,23.133333333333333,Pantheon,UTILITY,False,6,6,4,1.6666666666666667,8633,18268,20420,28,28,1.2103746397694524
23,o0WENnzt0W6IGvaGZcg7mZkx2x0cnnqa_aMDBz82eeEQ9BcZD29i7WM4qfN7lcZ1ZJQ05NGgXCgeDA,GOLD,GOLD,IV,12,Devine,EUWLD,EUW1_7817784397,2026-04-11 23:15:59.935000+00:00,420,CLASSIC,15.366666666666667,Pyke,UTILITY,False,1,0,4,5.0,4527,3579,4377,33,24,1.561822125813449
23,o0WENnzt0W6IGvaGZcg7mZkx2x0cnnqa_aMDBz82eeEQ9BcZD29i7WM4qfN7lcZ1ZJQ05NGgXCgeDA,GOLD,GOLD,IV,12,Devine,EUWLD,EUW1_7817815786,2026-04-11 23:47:32.460000+00:00,420,CLASSIC,49.06666666666667,TahmKench,UTILITY,True,9,8,10,2.375,18429,29016,71444,113,165,3.3627717391304346
23,o0WENnzt0W6IGvaGZcg7mZkx2x0cnnqa_aMDBz82eeEQ9BcZD29i7WM4qfN7lcZ1ZJQ05NGgXCgeDA,GOLD,GOLD,IV,12,Devine,EUWLD,EUW1_7818500299,2026-04-12 17:09:31.295000+00:00,420,CLASSIC,38.483333333333334,TahmKench,UTILITY,True,16,1,16,32.0,16438,51981,56867,112,81,2.104807275877003
23,o0WENnzt0W6IGvaGZcg7mZkx2x0cnnqa_aMDBz82eeEQ9BcZD29i7WM4qfN7lcZ1ZJQ05NGgXCgeDA,GOLD,GOLD,IV,12,Devine,EUWLD,EUW1_7818564792,2026-04-12 17:53:55.220000+00:00,420,CLASSIC,38.25,Shen,UTILITY,True,5,11,20,2.272727272727273,12655,22307,54722,80,55,1.4379084967320261
23,o0WENnzt0W6IGvaGZcg7mZkx2x0cnnqa_aMDBz82eeEQ9BcZD29i7WM4qfN7lcZ1ZJQ05NGgXCgeDA,GOLD,GOLD,IV,12,Devine,EUWLD,EUW1_7818628080,2026-04-12 18:39:40.105000+00:00,420,CLASSIC,25.35,Pantheon,UTILITY,True,8,2,5,6.5,10134,10316,14447,60,36,1.4201183431952662
23,o0WENnzt0W6IGvaGZcg7mZkx2x0cnnqa_aMDBz82eeEQ9BcZD29i7WM4qfN7lcZ1ZJQ05NGgXCgeDA,GOLD,GOLD,IV,12,Devine,EUWLD,EUW1_7818682630,2026-04-12 19:11:34.951000+00:00,420,CLASSIC,37.483333333333334,Ashe,UTILITY,False,3,6,6,1.5,10342,24552,17335,120,47,1.2538906180524678
23,o0WENnzt0W6IGvaGZcg7mZkx2x0cnnqa_aMDBz82eeEQ9BcZD29i7WM4qfN7lcZ1ZJQ05NGgXCgeDA,GOLD,GOLD,IV,12,Devine,EUWLD,EUW1_7818745994,2026-04-12 19:54:55.481000+00:00,420,CLASSIC,30.716666666666665,TahmKench,UTILITY,True,6,3,8,4.666666666666667,12344,17899,29069,80,88,2.864894194248508
23,o0WENnzt0W6IGvaGZcg7mZkx2x0cnnqa_aMDBz82eeEQ9BcZD29i7WM4qfN7lcZ1ZJQ05NGgXCgeDA,GOLD,GOLD,IV,12,Devine,EUWLD,EUW1_7818801949,2026-04-12 20:30:51.969000+00:00,420,CLASSIC,15.25,TahmKench,UTILITY,False,3,2,0,1.5,4451,3523,10560,18,17,1.1147540983606556
23,o0WENnzt0W6IGvaGZcg7mZkx2x0cnnqa_aMDBz82eeEQ9BcZD29i7WM4qfN7lcZ1ZJQ05NGgXCgeDA,GOLD,GOLD,IV,12,Devine,EUWLD,EUW1_7818829366,2026-04-12 20:52:22.087000+00:00,420,CLASSIC,25.966666666666665,Pyke,UTILITY,True,7,1,8,15.0,9388,12753,14786,73,41,1.5789473684210527
23,o0WENnzt0W6IGvaGZcg7mZkx2x0cnnqa_aMDBz82eeEQ9BcZD29i7WM4qfN7lcZ1ZJQ05NGgXCgeDA,GOLD,GOLD,IV,12,Devine,EUWLD,EUW1_7819489104,2026-04-13 17:16:43.371000+00:00,420,CLASSIC,27.35,TahmKench,UTILITY,False,5,4,8,3.25,8841,15932,30203,72,40,1.4625228519195612
23,o0WENnzt0W6IGvaGZcg7mZkx2x0cnnqa_aMDBz82eeEQ9BcZD29i7WM4qfN7lcZ1ZJQ05NGgXCgeDA,GOLD,GOLD,IV,12,Devine,EUWLD,EUW1_7819538592,2026-04-13 17:51:35.426000+00:00,420,CLASSIC,27.6,Seraphine,UTILITY,False,1,0,5,6.0,7546,8291,9015,81,63,2.282608695652174
23,o0WENnzt0W6IGvaGZcg7mZkx2x0cnnqa_aMDBz82eeEQ9BcZD29i7WM4qfN7lcZ1ZJQ05NGgXCgeDA,GOLD,GOLD,IV,12,Devine,EUWLD,EUW1_7819583630,2026-04-13 18:23:19.142000+00:00,420,CLASSIC,15.766666666666667,TahmKench,UTILITY,False,3,4,6,2.25,5681,7554,12849,34,39,2.473572938689218
23,o0WENnzt0W6IGvaGZcg7mZkx2x0cnnqa_aMDBz82eeEQ9BcZD29i7WM4qfN7lcZ1ZJQ05NGgXCgeDA,GOLD,GOLD,IV,12,Devine,EUWLD,EUW1_7819607995,2026-04-13 18:43:49.202000+00:00,420,CLASSIC,35.016666666666666,Pantheon,UTILITY,True,5,6,10,2.5,11433,18494,27374,114,49,1.399333650642551
23,o0WENnzt0W6IGvaGZcg7mZkx2x0cnnqa_aMDBz82eeEQ9BcZD29i7WM4qfN7lcZ1ZJQ05NGgXCgeDA,GOLD,GOLD,IV,12,Devine,EUWLD,EUW1_7819668217,2026-04-13 19:24:19.494000+00:00,420,CLASSIC,42.96666666666667,TahmKench,UTILITY,False,11,8,8,2.375,17487,35910,84335,129,85,1.978277734678045
23,o0WENnzt0W6IGvaGZcg7mZkx2x0cnnqa_aMDBz82eeEQ9BcZD29i7WM4qfN7lcZ1ZJQ05NGgXCgeDA,GOLD,GOLD,IV,12,Devine,EUWLD,EUW1_7819744177,2026-04-13 20:13:27.824000+00:00,420,CLASSIC,28.75,Naafiri,UTILITY,False,7,4,5,3.0,10664,14052,17537,99,77,2.6782608695652175
23,o0WENnzt0W6IGvaGZcg7mZkx2x0cnnqa_aMDBz82eeEQ9BcZD29i7WM4qfN7lcZ1ZJQ05NGgXCgeDA,GOLD,GOLD,IV,12,Devine,EUWLD,EUW1_7819793273,2026-04-13 20:46:34.051000+00:00,420,CLASSIC,29.3,TahmKench,UTILITY,False,3,3,10,4.333333333333333,10232,13945,31901,67,59,2.0136518771331056
23,o0WENnzt0W6IGvaGZcg7mZkx2x0cnnqa_aMDBz82eeEQ9BcZD29i7WM4qfN7lcZ1ZJQ05NGgXCgeDA,GOLD,GOLD,IV,12,Devine,EUWLD,EUW1_7820524983,2026-04-14 18:30:39.537000+00:00,420,CLASSIC,16.266666666666666,Teemo,UTILITY,False,0,1,0,0.0,3826,1368,1572,32,42,2.5819672131147544
23,o0WENnzt0W6IGvaGZcg7mZkx2x0cnnqa_aMDBz82eeEQ9BcZD29i7WM4qfN7lcZ1ZJQ05NGgXCgeDA,GOLD,GOLD,IV,12,Devine,EUWLD,EUW1_7820557583,2026-04-14 18:53:05.375000+00:00,420,CLASSIC,33.53333333333333,Ashe,UTILITY,True,2,5,18,4.0,10664,23982,14388,85,55,1.6401590457256463
23,o0WENnzt0W6IGvaGZcg7mZkx2x0cnnqa_aMDBz82eeEQ9BcZD29i7WM4qfN7lcZ1ZJQ05NGgXCgeDA,GOLD,GOLD,IV,12,Devine,EUWLD,EUW1_7820651023,2026-04-14 20:03:02.669000+00:00,420,CLASSIC,36.93333333333333,TahmKench,TOP,True,10,1,8,18.0,14457,40176,44712,42,205,5.550541516245488
23,o0WENnzt0W6IGvaGZcg7mZkx2x0cnnqa_aMDBz82eeEQ9BcZD29i7WM4qfN7lcZ1ZJQ05NGgXCgeDA,GOLD,GOLD,IV,12,Devine,EUWLD,EUW1_7821559958,2026-04-15 18:36:57.558000+00:00,420,CLASSIC,27.583333333333332,Seraphine,UTILITY,True,1,0,20,21.0,9516,9778,8202,56,39,1.4138972809667674
23,o0WENnzt0W6IGvaGZcg7mZkx2x0cnnqa_aMDBz82eeEQ9BcZD29i7WM4qfN7lcZ1ZJQ05NGgXCgeDA,GOLD,GOLD,IV,12,Devine,EUWLD,EUW1_7821610142,2026-04-15 19:10:42.938000+00:00,420,CLASSIC,24.0,Pantheon,UTILITY,False,6,7,2,1.1428571428571428,8960,11506,20928,55,43,1.7916666666666667
23,o0WENnzt0W6IGvaGZcg7mZkx2x0cnnqa_aMDBz82eeEQ9BcZD29i7WM4qfN7lcZ1ZJQ05NGgXCgeDA,GOLD,GOLD,IV,12,Devine,EUWLD,EUW1_7821652043,2026-04-15 19:41:35.828000+00:00,420,CLASSIC,37.7,Morgana,UTILITY,True,10,8,16,3.25,15820,22949,31720,98,106,2.8116710875331563
23,o0WENnzt0W6IGvaGZcg7mZkx2x0cnnqa_aMDBz82eeEQ9BcZD29i7WM4qfN7lcZ1ZJQ05NGgXCgeDA,GOLD,GOLD,IV,12,Devine,EUWLD,EUW1_7822573468,2026-04-16 17:28:59.170000+00:00,420,CLASSIC,29.95,TahmKench,UTILITY,True,9,4,7,4.0,11928,21092,28537,75,63,2.1035058430717863
23,o0WENnzt0W6IGvaGZcg7mZkx2x0cnnqa_aMDBz82eeEQ9BcZD29i7WM4qfN7lcZ1ZJQ05NGgXCgeDA,GOLD,GOLD,IV,12,Devine,EUWLD,EUW1_7822618918,2026-04-16 18:05:40.460000+00:00,420,CLASSIC,28.983333333333334,TahmKench,UTILITY,True,6,3,8,4.666666666666667,10757,19387,27641,79,53,1.8286371477860839
23,o0WENnzt0W6IGvaGZcg7mZkx2x0cnnqa_aMDBz82eeEQ9BcZD29i7WM4qfN7lcZ1ZJQ05NGgXCgeDA,GOLD,GOLD,IV,12,Devine,EUWLD,EUW1_7822672751,2026-04-16 18:39:56.291000+00:00,420,CLASSIC,24.683333333333334,TahmKench,UTILITY,True,4,1,11,15.0,9336,14802,22742,49,29,1.174881836596894
23,o0WENnzt0W6IGvaGZcg7mZkx2x0cnnqa_aMDBz82eeEQ9BcZD29i7WM4qfN7lcZ1ZJQ05NGgXCgeDA,GOLD,GOLD,IV,12,Devine,EUWLD,EUW1_7824850730,2026-04-18 16:47:52.128000+00:00,420,CLASSIC,4.066666666666666,TahmKench,UTILITY,True,1,0,0,1.0,1549,465,1389,0,7,1.7213114754098362
23,o0WENnzt0W6IGvaGZcg7mZkx2x0cnnqa_aMDBz82eeEQ9BcZD29i7WM4qfN7lcZ1ZJQ05NGgXCgeDA,GOLD,GOLD,IV,12,Devine,EUWLD,EUW1_7824865709,2026-04-18 16:57:50.793000+00:00,420,CLASSIC,28.6,TahmKench,UTILITY,False,13,3,3,5.333333333333333,14122,15756,37005,56,114,3.986013986013986
23,o0WENnzt0W6IGvaGZcg7mZkx2x0cnnqa_aMDBz82eeEQ9BcZD29i7WM4qfN7lcZ1ZJQ05NGgXCgeDA,GOLD,GOLD,IV,12,Devine,EUWLD,EUW1_7824911312,2026-04-18 17:42:27.226000+00:00,420,CLASSIC,33.55,TahmKench,UTILITY,True,12,2,18,15.0,15892,48606,56003,62,71,2.1162444113263787
23,o0WENnzt0W6IGvaGZcg7mZkx2x0cnnqa_aMDBz82eeEQ9BcZD29i7WM4qfN7lcZ1ZJQ05NGgXCgeDA,GOLD,GOLD,IV,12,Devine,EUWLD,EUW1_7824966220,2026-04-18 18:21:56.192000+00:00,420,CLASSIC,15.45,TahmKench,UTILITY,True,3,1,7,10.0,5904,6845,6377,27,24,1.5533980582524272
23,o0WENnzt0W6IGvaGZcg7mZkx2x0cnnqa_aMDBz82eeEQ9BcZD29i7WM4qfN7lcZ1ZJQ05NGgXCgeDA,GOLD,GOLD,IV,12,Devine,EUWLD,EUW1_7826201748,2026-04-19 17:30:07.284000+00:00,420,CLASSIC,40.733333333333334,MissFortune,UTILITY,True,0,3,13,4.333333333333333,11661,21638,12965,142,85,2.0867430441898525
23,o0WENnzt0W6IGvaGZcg7mZkx2x0cnnqa_aMDBz82eeEQ9BcZD29i7WM4qfN7lcZ1ZJQ05NGgXCgeDA,GOLD,GOLD,IV,12,Devine,EUWLD,EUW1_7826270382,2026-04-19 18:17:25.979000+00:00,420,CLASSIC,32.53333333333333,Yuumi,UTILITY,False,2,4,14,4.0,10407,8698,10997,61,20,0.6147540983606558
23,o0WENnzt0W6IGvaGZcg7mZkx2x0cnnqa_aMDBz82eeEQ9BcZD29i7WM4qfN7lcZ1ZJQ05NGgXCgeDA,GOLD,GOLD,IV,12,Devine,EUWLD,EUW1_7826343158,2026-04-19 18:55:59.523000+00:00,420,CLASSIC,31.983333333333334,TahmKench,UTILITY,True,16,4,13,7.25,16310,46600,55599,75,100,3.126628452318916
24,kDXNc744I1TGHqKVal797NmAJGdRRyifCfz4NSPZUv61HwumtXjFe2wmcfpKELfz2Id594PbPG4ztQ,GOLD,GOLD,III,65,bodyzayed,EUW,EUW1_7721520295,2026-02-07 22:02:24.937000+00:00,420,CLASSIC,24.75,Tryndamere,MIDDLE,False,3,8,1,0.5,9039,14408,23318,16,142,5.737373737373737
24,kDXNc744I1TGHqKVal797NmAJGdRRyifCfz4NSPZUv61HwumtXjFe2wmcfpKELfz2Id594PbPG4ztQ,GOLD,GOLD,III,65,bodyzayed,EUW,EUW1_7721591519,2026-02-07 22:33:44.460000+00:00,420,CLASSIC,31.016666666666666,Tryndamere,TOP,False,7,5,6,2.6,14835,23451,34549,22,256,8.253627082213864
24,kDXNc744I1TGHqKVal797NmAJGdRRyifCfz4NSPZUv61HwumtXjFe2wmcfpKELfz2Id594PbPG4ztQ,GOLD,GOLD,III,65,bodyzayed,EUW,EUW1_7766193398,2026-03-06 22:32:04.016000+00:00,420,CLASSIC,32.15,Tryndamere,MIDDLE,False,4,8,8,1.5,12796,17797,38390,21,221,6.87402799377916
24,kDXNc744I1TGHqKVal797NmAJGdRRyifCfz4NSPZUv61HwumtXjFe2wmcfpKELfz2Id594PbPG4ztQ,GOLD,GOLD,III,65,bodyzayed,EUW,EUW1_7766280265,2026-03-06 23:18:31.961000+00:00,420,CLASSIC,1.3,Tryndamere,MIDDLE,False,0,0,0,0.0,527,0,0,0,0,0.0
24,kDXNc744I1TGHqKVal797NmAJGdRRyifCfz4NSPZUv61HwumtXjFe2wmcfpKELfz2Id594PbPG4ztQ,GOLD,GOLD,III,65,bodyzayed,EUW,EUW1_7768241890,2026-03-08 01:58:11.636000+00:00,420,CLASSIC,28.5,Tryndamere,MIDDLE,False,7,5,2,1.8,13741,21996,37654,16,217,7.614035087719298
24,kDXNc744I1TGHqKVal797NmAJGdRRyifCfz4NSPZUv61HwumtXjFe2wmcfpKELfz2Id594PbPG4ztQ,GOLD,GOLD,III,65,bodyzayed,EUW,EUW1_7768270672,2026-03-08 02:32:13.806000+00:00,420,CLASSIC,33.016666666666666,Tryndamere,MIDDLE,True,3,11,6,0.8181818181818182,13764,15466,36789,21,229,6.9358909641595154
24,kDXNc744I1TGHqKVal797NmAJGdRRyifCfz4NSPZUv61HwumtXjFe2wmcfpKELfz2Id594PbPG4ztQ,GOLD,GOLD,III,65,bodyzayed,EUW,EUW1_7771612386,2026-03-09 23:48:02.985000+00:00,420,CLASSIC,27.25,Tryndamere,MIDDLE,False,3,9,1,0.4444444444444444,10356,12417,32385,6,183,6.715596330275229
24,kDXNc744I1TGHqKVal797NmAJGdRRyifCfz4NSPZUv61HwumtXjFe2wmcfpKELfz2Id594PbPG4ztQ,GOLD,GOLD,III,65,bodyzayed,EUW,EUW1_7774910808,2026-03-12 00:07:15.161000+00:00,420,CLASSIC,24.1,Tryndamere,MIDDLE,False,2,6,0,0.3333333333333333,8558,6835,22944,12,175,7.261410788381743
24,kDXNc744I1TGHqKVal797NmAJGdRRyifCfz4NSPZUv61HwumtXjFe2wmcfpKELfz2Id594PbPG4ztQ,GOLD,GOLD,III,65,bodyzayed,EUW,EUW1_7776008972,2026-03-12 19:08:57.545000+00:00,420,CLASSIC,15.2,Tryndamere,MIDDLE,True,6,2,2,4.0,6685,8880,10880,6,83,5.460526315789474
24,kDXNc744I1TGHqKVal797NmAJGdRRyifCfz4NSPZUv61HwumtXjFe2wmcfpKELfz2Id594PbPG4ztQ,GOLD,GOLD,III,65,bodyzayed,EUW,EUW1_7776049273,2026-03-12 19:30:14.466000+00:00,420,CLASSIC,31.616666666666667,Tryndamere,MIDDLE,False,1,9,2,0.3333333333333333,11504,9513,40183,32,244,7.717448603057459
24,kDXNc744I1TGHqKVal797NmAJGdRRyifCfz4NSPZUv61HwumtXjFe2wmcfpKELfz2Id594PbPG4ztQ,GOLD,GOLD,III,65,bodyzayed,EUW,EUW1_7778213577,2026-03-14 00:10:32.966000+00:00,420,CLASSIC,29.483333333333334,Tryndamere,MIDDLE,False,2,11,2,0.36363636363636365,8387,8738,32720,21,139,4.714527981910684
24,kDXNc744I1TGHqKVal797NmAJGdRRyifCfz4NSPZUv61HwumtXjFe2wmcfpKELfz2Id594PbPG4ztQ,GOLD,GOLD,III,65,bodyzayed,EUW,EUW1_7800086600,2026-03-26 23:55:16.356000+00:00,420,CLASSIC,29.9,Tryndamere,MIDDLE,False,8,11,8,1.4545454545454546,13873,22867,42845,13,181,6.053511705685619
24,kDXNc744I1TGHqKVal797NmAJGdRRyifCfz4NSPZUv61HwumtXjFe2wmcfpKELfz2Id594PbPG4ztQ,GOLD,GOLD,III,65,bodyzayed,EUW,EUW1_7810174117,2026-04-04 19:50:48.487000+00:00,420,CLASSIC,4.516666666666667,Tryndamere,MIDDLE,False,0,2,0,0.0,1068,590,2459,0,8,1.7712177121771218
24,kDXNc744I1TGHqKVal797NmAJGdRRyifCfz4NSPZUv61HwumtXjFe2wmcfpKELfz2Id594PbPG4ztQ,GOLD,GOLD,III,65,bodyzayed,EUW,EUW1_7810194560,2026-04-04 20:01:46.574000+00:00,420,CLASSIC,37.25,Tryndamere,MIDDLE,False,12,7,7,2.7142857142857144,21044,29898,47025,27,297,7.973154362416107
24,kDXNc744I1TGHqKVal797NmAJGdRRyifCfz4NSPZUv61HwumtXjFe2wmcfpKELfz2Id594PbPG4ztQ,GOLD,GOLD,III,65,bodyzayed,EUW,EUW1_7810251127,2026-04-04 20:44:08.415000+00:00,420,CLASSIC,39.9,Tryndamere,MIDDLE,False,13,10,7,2.0,18988,43046,53869,18,289,7.243107769423559
24,kDXNc744I1TGHqKVal797NmAJGdRRyifCfz4NSPZUv61HwumtXjFe2wmcfpKELfz2Id594PbPG4ztQ,GOLD,GOLD,III,65,bodyzayed,EUW,EUW1_7811396974,2026-04-05 20:31:15.202000+00:00,420,CLASSIC,3.2333333333333334,Tryndamere,MIDDLE,False,1,0,0,1.0,1618,1548,1321,0,22,6.804123711340206
24,kDXNc744I1TGHqKVal797NmAJGdRRyifCfz4NSPZUv61HwumtXjFe2wmcfpKELfz2Id594PbPG4ztQ,GOLD,GOLD,III,65,bodyzayed,EUW,EUW1_7811434846,2026-04-05 20:49:38.170000+00:00,420,CLASSIC,1.5,Tryndamere,MIDDLE,True,0,0,0,0.0,630,763,443,0,4,2.6666666666666665
24,kDXNc744I1TGHqKVal797NmAJGdRRyifCfz4NSPZUv61HwumtXjFe2wmcfpKELfz2Id594PbPG4ztQ,GOLD,GOLD,III,65,bodyzayed,EUW,EUW1_7811553474,2026-04-05 22:05:19.904000+00:00,420,CLASSIC,29.35,Tryndamere,MIDDLE,False,4,5,3,1.4,11513,13842,32295,26,216,7.359454855195911
24,kDXNc744I1TGHqKVal797NmAJGdRRyifCfz4NSPZUv61HwumtXjFe2wmcfpKELfz2Id594PbPG4ztQ,GOLD,GOLD,III,65,bodyzayed,EUW,EUW1_7811600901,2026-04-05 22:46:06.596000+00:00,420,CLASSIC,32.86666666666667,Tryndamere,MIDDLE,False,10,7,3,1.8571428571428572,15688,23266,31453,10,251,7.636916835699797
24,kDXNc744I1TGHqKVal797NmAJGdRRyifCfz4NSPZUv61HwumtXjFe2wmcfpKELfz2Id594PbPG4ztQ,GOLD,GOLD,III,65,bodyzayed,EUW,EUW1_7812791455,2026-04-06 23:47:36.408000+00:00,420,CLASSIC,25.95,Tryndamere,MIDDLE,False,2,10,3,0.5,9013,8696,27990,7,174,6.705202312138728
24,kDXNc744I1TGHqKVal797NmAJGdRRyifCfz4NSPZUv61HwumtXjFe2wmcfpKELfz2Id594PbPG4ztQ,GOLD,GOLD,III,65,bodyzayed,EUW,EUW1_7812815800,2026-04-07 00:34:04.867000+00:00,420,CLASSIC,1.1666666666666667,Tryndamere,MIDDLE,True,0,0,0,0.0,551,0,187,0,2,1.7142857142857142
24,kDXNc744I1TGHqKVal797NmAJGdRRyifCfz4NSPZUv61HwumtXjFe2wmcfpKELfz2Id594PbPG4ztQ,GOLD,GOLD,III,65,bodyzayed,EUW,EUW1_7812817300,2026-04-07 00:46:26.841000+00:00,420,CLASSIC,36.3,Tryndamere,MIDDLE,True,8,7,9,2.4285714285714284,15817,20278,50589,1,234,6.446280991735538
24,kDXNc744I1TGHqKVal797NmAJGdRRyifCfz4NSPZUv61HwumtXjFe2wmcfpKELfz2Id594PbPG4ztQ,GOLD,GOLD,III,65,bodyzayed,EUW,EUW1_7813583469,2026-04-07 20:40:06.855000+00:00,420,CLASSIC,24.95,Tryndamere,TOP,False,1,4,2,0.75,10030,5708,26055,16,201,8.056112224448897
24,kDXNc744I1TGHqKVal797NmAJGdRRyifCfz4NSPZUv61HwumtXjFe2wmcfpKELfz2Id594PbPG4ztQ,GOLD,GOLD,III,65,bodyzayed,EUW,EUW1_7813622073,2026-04-07 21:09:00.096000+00:00,420,CLASSIC,30.05,Tryndamere,MIDDLE,False,4,3,3,2.3333333333333335,13558,16149,32289,9,238,7.920133111480865
24,kDXNc744I1TGHqKVal797NmAJGdRRyifCfz4NSPZUv61HwumtXjFe2wmcfpKELfz2Id594PbPG4ztQ,GOLD,GOLD,III,65,bodyzayed,EUW,EUW1_7813661406,2026-04-07 21:43:50.502000+00:00,420,CLASSIC,22.466666666666665,Tryndamere,MIDDLE,True,8,3,9,5.666666666666667,12045,25058,24977,5,157,6.9881305637982205
24,kDXNc744I1TGHqKVal797NmAJGdRRyifCfz4NSPZUv61HwumtXjFe2wmcfpKELfz2Id594PbPG4ztQ,GOLD,GOLD,III,65,bodyzayed,EUW,EUW1_7813694143,2026-04-07 22:14:34.806000+00:00,420,CLASSIC,1.5333333333333334,Tryndamere,MIDDLE,False,0,1,0,0.0,616,406,816,0,3,1.9565217391304346
24,kDXNc744I1TGHqKVal797NmAJGdRRyifCfz4NSPZUv61HwumtXjFe2wmcfpKELfz2Id594PbPG4ztQ,GOLD,GOLD,III,65,bodyzayed,EUW,EUW1_7813707753,2026-04-07 22:20:07.043000+00:00,420,CLASSIC,32.233333333333334,Tryndamere,MIDDLE,False,6,8,8,1.75,15389,30002,39301,13,265,8.221302998965873
24,kDXNc744I1TGHqKVal797NmAJGdRRyifCfz4NSPZUv61HwumtXjFe2wmcfpKELfz2Id594PbPG4ztQ,GOLD,GOLD,III,65,bodyzayed,EUW,EUW1_7814685157,2026-04-08 23:28:37.847000+00:00,420,CLASSIC,19.816666666666666,Tryndamere,MIDDLE,True,3,4,3,1.5,7221,10103,18495,0,110,5.550883095037847
24,kDXNc744I1TGHqKVal797NmAJGdRRyifCfz4NSPZUv61HwumtXjFe2wmcfpKELfz2Id594PbPG4ztQ,GOLD,GOLD,III,65,bodyzayed,EUW,EUW1_7814699425,2026-04-08 23:54:03.234000+00:00,420,CLASSIC,28.783333333333335,Tryndamere,MIDDLE,True,9,5,7,3.2,14740,24003,33871,10,215,7.469600463231036
24,kDXNc744I1TGHqKVal797NmAJGdRRyifCfz4NSPZUv61HwumtXjFe2wmcfpKELfz2Id594PbPG4ztQ,GOLD,GOLD,III,65,bodyzayed,EUW,EUW1_7814718056,2026-04-09 00:28:16.441000+00:00,420,CLASSIC,27.583333333333332,Tryndamere,MIDDLE,True,5,5,1,1.2,10833,10619,31135,8,164,5.945619335347432
24,kDXNc744I1TGHqKVal797NmAJGdRRyifCfz4NSPZUv61HwumtXjFe2wmcfpKELfz2Id594PbPG4ztQ,GOLD,GOLD,III,65,bodyzayed,EUW,EUW1_7814731515,2026-04-09 01:04:10.894000+00:00,420,CLASSIC,36.733333333333334,Tryndamere,MIDDLE,True,17,7,6,3.2857142857142856,18763,47961,54393,12,291,7.921960072595281
24,kDXNc744I1TGHqKVal797NmAJGdRRyifCfz4NSPZUv61HwumtXjFe2wmcfpKELfz2Id594PbPG4ztQ,GOLD,GOLD,III,65,bodyzayed,EUW,EUW1_7814742487,2026-04-09 01:46:20.529000+00:00,420,CLASSIC,27.666666666666668,Tryndamere,MIDDLE,True,4,6,11,2.5,10836,21946,32409,12,156,5.63855421686747
24,kDXNc744I1TGHqKVal797NmAJGdRRyifCfz4NSPZUv61HwumtXjFe2wmcfpKELfz2Id594PbPG4ztQ,GOLD,GOLD,III,65,bodyzayed,EUW,EUW1_7815425913,2026-04-09 20:17:23.892000+00:00,420,CLASSIC,5.3,Tryndamere,MIDDLE,True,1,0,0,1.0,2474,1252,1965,0,45,8.49056603773585
24,kDXNc744I1TGHqKVal797NmAJGdRRyifCfz4NSPZUv61HwumtXjFe2wmcfpKELfz2Id594PbPG4ztQ,GOLD,GOLD,III,65,bodyzayed,EUW,EUW1_7816513262,2026-04-10 21:02:18.467000+00:00,420,CLASSIC,28.966666666666665,Tryndamere,MIDDLE,False,7,8,1,1.0,13819,22962,37473,17,207,7.14614499424626
24,kDXNc744I1TGHqKVal797NmAJGdRRyifCfz4NSPZUv61HwumtXjFe2wmcfpKELfz2Id594PbPG4ztQ,GOLD,GOLD,III,65,bodyzayed,EUW,EUW1_7818891542,2026-04-12 21:37:45.341000+00:00,420,CLASSIC,37.516666666666666,Tryndamere,MIDDLE,False,12,13,4,1.2307692307692308,17867,33868,55997,25,247,6.583740559751222
24,kDXNc744I1TGHqKVal797NmAJGdRRyifCfz4NSPZUv61HwumtXjFe2wmcfpKELfz2Id594PbPG4ztQ,GOLD,GOLD,III,65,bodyzayed,EUW,EUW1_7818935836,2026-04-12 22:19:40.098000+00:00,420,CLASSIC,36.3,Tryndamere,MIDDLE,False,6,11,0,0.5454545454545454,14785,26508,43716,22,244,6.7217630853994494
24,kDXNc744I1TGHqKVal797NmAJGdRRyifCfz4NSPZUv61HwumtXjFe2wmcfpKELfz2Id594PbPG4ztQ,GOLD,GOLD,III,65,bodyzayed,EUW,EUW1_7819913088,2026-04-13 22:32:40.595000+00:00,420,CLASSIC,34.18333333333333,Tryndamere,MIDDLE,True,12,6,2,2.3333333333333335,17170,29969,48197,34,242,7.079473427596295
24,kDXNc744I1TGHqKVal797NmAJGdRRyifCfz4NSPZUv61HwumtXjFe2wmcfpKELfz2Id594PbPG4ztQ,GOLD,GOLD,III,65,bodyzayed,EUW,EUW1_7819948934,2026-04-13 23:20:30.710000+00:00,420,CLASSIC,1.2833333333333334,Tryndamere,MIDDLE,True,0,0,0,0.0,585,703,468,0,3,2.3376623376623376
24,kDXNc744I1TGHqKVal797NmAJGdRRyifCfz4NSPZUv61HwumtXjFe2wmcfpKELfz2Id594PbPG4ztQ,GOLD,GOLD,III,65,bodyzayed,EUW,EUW1_7820865908,2026-04-14 23:27:09.527000+00:00,420,CLASSIC,34.6,Tryndamere,MIDDLE,True,12,11,4,1.4545454545454546,16878,37746,47203,19,236,6.820809248554913
24,kDXNc744I1TGHqKVal797NmAJGdRRyifCfz4NSPZUv61HwumtXjFe2wmcfpKELfz2Id594PbPG4ztQ,GOLD,GOLD,III,65,bodyzayed,EUW,EUW1_7820888655,2026-04-15 00:09:21.807000+00:00,420,CLASSIC,19.366666666666667,Tryndamere,MIDDLE,True,6,1,6,12.0,8902,14562,16666,6,123,6.3511187607573145
24,kDXNc744I1TGHqKVal797NmAJGdRRyifCfz4NSPZUv61HwumtXjFe2wmcfpKELfz2Id594PbPG4ztQ,GOLD,GOLD,III,65,bodyzayed,EUW,EUW1_7820900521,2026-04-15 00:34:02.880000+00:00,420,CLASSIC,37.11666666666667,Tryndamere,MIDDLE,False,5,12,10,1.25,13487,24912,47789,25,208,5.6039515042658286
24,kDXNc744I1TGHqKVal797NmAJGdRRyifCfz4NSPZUv61HwumtXjFe2wmcfpKELfz2Id594PbPG4ztQ,GOLD,GOLD,III,65,bodyzayed,EUW,EUW1_7820905328,2026-04-15 01:16:09.791000+00:00,420,CLASSIC,45.45,Tryndamere,MIDDLE,False,6,11,17,2.090909090909091,21043,42102,72495,46,372,8.184818481848184
24,kDXNc744I1TGHqKVal797NmAJGdRRyifCfz4NSPZUv61HwumtXjFe2wmcfpKELfz2Id594PbPG4ztQ,GOLD,GOLD,III,65,bodyzayed,EUW,EUW1_7820918050,2026-04-15 02:09:47.478000+00:00,420,CLASSIC,30.433333333333334,Tryndamere,MIDDLE,True,7,7,1,1.1428571428571428,14389,21493,41679,9,225,7.3932092004381165
24,kDXNc744I1TGHqKVal797NmAJGdRRyifCfz4NSPZUv61HwumtXjFe2wmcfpKELfz2Id594PbPG4ztQ,GOLD,GOLD,III,65,bodyzayed,EUW,EUW1_7822002784,2026-04-16 02:34:57.952000+00:00,420,CLASSIC,26.766666666666666,Tryndamere,MIDDLE,False,3,10,3,0.6,10303,7694,29847,18,190,7.098381070983811
24,kDXNc744I1TGHqKVal797NmAJGdRRyifCfz4NSPZUv61HwumtXjFe2wmcfpKELfz2Id594PbPG4ztQ,GOLD,GOLD,III,65,bodyzayed,EUW,EUW1_7822009005,2026-04-16 03:12:14.900000+00:00,420,CLASSIC,29.816666666666666,Tryndamere,MIDDLE,True,8,6,7,2.5,14874,25915,35851,26,243,8.149804359977642
24,kDXNc744I1TGHqKVal797NmAJGdRRyifCfz4NSPZUv61HwumtXjFe2wmcfpKELfz2Id594PbPG4ztQ,GOLD,GOLD,III,65,bodyzayed,EUW,EUW1_7822016678,2026-04-16 03:51:55.430000+00:00,420,CLASSIC,30.95,Tryndamere,MIDDLE,False,6,11,1,0.6363636363636364,11935,17195,36245,16,203,6.558966074313409
24,kDXNc744I1TGHqKVal797NmAJGdRRyifCfz4NSPZUv61HwumtXjFe2wmcfpKELfz2Id594PbPG4ztQ,GOLD,GOLD,III,65,bodyzayed,EUW,EUW1_7822016279,2026-04-16 04:36:16.593000+00:00,420,CLASSIC,25.2,Tryndamere,MIDDLE,True,4,2,3,3.5,10951,9225,24010,7,187,7.420634920634921
24,kDXNc744I1TGHqKVal797NmAJGdRRyifCfz4NSPZUv61HwumtXjFe2wmcfpKELfz2Id594PbPG4ztQ,GOLD,GOLD,III,65,bodyzayed,EUW,EUW1_7822027590,2026-04-16 05:12:30.704000+00:00,420,CLASSIC,25.9,Tryndamere,MIDDLE,True,17,3,6,7.666666666666667,14958,31231,31104,10,199,7.683397683397684
24,kDXNc744I1TGHqKVal797NmAJGdRRyifCfz4NSPZUv61HwumtXjFe2wmcfpKELfz2Id594PbPG4ztQ,GOLD,GOLD,III,65,bodyzayed,EUW,EUW1_7822034017,2026-04-16 06:30:35.614000+00:00,420,CLASSIC,31.266666666666666,Tryndamere,MIDDLE,True,5,6,10,2.5,14157,28779,42761,24,259,8.283582089552239
24,kDXNc744I1TGHqKVal797NmAJGdRRyifCfz4NSPZUv61HwumtXjFe2wmcfpKELfz2Id594PbPG4ztQ,GOLD,GOLD,III,65,bodyzayed,EUW,EUW1_7822049549,2026-04-16 07:08:27.166000+00:00,420,CLASSIC,24.383333333333333,Tryndamere,MIDDLE,True,9,1,5,14.0,12227,21464,24234,23,185,7.587149692412851
24,kDXNc744I1TGHqKVal797NmAJGdRRyifCfz4NSPZUv61HwumtXjFe2wmcfpKELfz2Id594PbPG4ztQ,GOLD,GOLD,III,65,bodyzayed,EUW,EUW1_7822053931,2026-04-16 07:37:34.407000+00:00,420,CLASSIC,27.566666666666666,Tryndamere,MIDDLE,False,12,8,6,2.25,15028,27178,38936,16,249,9.032648125755744
24,kDXNc744I1TGHqKVal797NmAJGdRRyifCfz4NSPZUv61HwumtXjFe2wmcfpKELfz2Id594PbPG4ztQ,GOLD,GOLD,III,65,bodyzayed,EUW,EUW1_7822070539,2026-04-16 08:09:59.073000+00:00,420,CLASSIC,37.5,Tryndamere,MIDDLE,True,13,8,7,2.5,19369,56479,53641,29,308,8.213333333333333
24,kDXNc744I1TGHqKVal797NmAJGdRRyifCfz4NSPZUv61HwumtXjFe2wmcfpKELfz2Id594PbPG4ztQ,GOLD,GOLD,III,65,bodyzayed,EUW,EUW1_7822084275,2026-04-16 08:57:51.460000+00:00,420,CLASSIC,28.516666666666666,Lulu,UTILITY,False,0,5,13,2.6,7566,4437,18926,48,32,1.1221507890122735
24,kDXNc744I1TGHqKVal797NmAJGdRRyifCfz4NSPZUv61HwumtXjFe2wmcfpKELfz2Id594PbPG4ztQ,GOLD,GOLD,III,65,bodyzayed,EUW,EUW1_7822102249,2026-04-16 09:32:10.764000+00:00,420,CLASSIC,29.583333333333332,Tryndamere,MIDDLE,False,2,9,2,0.4444444444444444,10869,11843,38440,19,213,7.2
24,kDXNc744I1TGHqKVal797NmAJGdRRyifCfz4NSPZUv61HwumtXjFe2wmcfpKELfz2Id594PbPG4ztQ,GOLD,GOLD,III,65,bodyzayed,EUW,EUW1_7824000132,2026-04-17 21:09:40.396000+00:00,420,CLASSIC,32.46666666666667,Tryndamere,MIDDLE,False,1,9,5,0.6666666666666666,11270,11735,35451,30,202,6.2217659137577
24,kDXNc744I1TGHqKVal797NmAJGdRRyifCfz4NSPZUv61HwumtXjFe2wmcfpKELfz2Id594PbPG4ztQ,GOLD,GOLD,III,65,bodyzayed,EUW,EUW1_7824065007,2026-04-17 21:47:07.208000+00:00,420,CLASSIC,37.35,Tryndamere,TOP,True,8,10,14,2.2,15111,33738,49497,37,204,5.4618473895582325
24,kDXNc744I1TGHqKVal797NmAJGdRRyifCfz4NSPZUv61HwumtXjFe2wmcfpKELfz2Id594PbPG4ztQ,GOLD,GOLD,III,65,bodyzayed,EUW,EUW1_7825169625,2026-04-18 20:37:13.101000+00:00,420,CLASSIC,25.35,Tryndamere,MIDDLE,False,5,3,4,3.0,11053,14890,32270,15,182,7.179487179487179
24,kDXNc744I1TGHqKVal797NmAJGdRRyifCfz4NSPZUv61HwumtXjFe2wmcfpKELfz2Id594PbPG4ztQ,GOLD,GOLD,III,65,bodyzayed,EUW,EUW1_7825214090,2026-04-18 21:08:06.632000+00:00,420,CLASSIC,32.15,Tryndamere,MIDDLE,False,11,11,7,1.6363636363636365,17212,52318,49766,25,255,7.9315707620528775
24,kDXNc744I1TGHqKVal797NmAJGdRRyifCfz4NSPZUv61HwumtXjFe2wmcfpKELfz2Id594PbPG4ztQ,GOLD,GOLD,III,65,bodyzayed,EUW,EUW1_7825270093,2026-04-18 21:45:55.556000+00:00,420,CLASSIC,23.05,Tryndamere,MIDDLE,False,3,6,3,1.0,8035,9299,24580,7,119,5.162689804772234
24,kDXNc744I1TGHqKVal797NmAJGdRRyifCfz4NSPZUv61HwumtXjFe2wmcfpKELfz2Id594PbPG4ztQ,GOLD,GOLD,III,65,bodyzayed,EUW,EUW1_7825358269,2026-04-18 22:59:17.713000+00:00,420,CLASSIC,34.78333333333333,Tryndamere,MIDDLE,False,7,9,4,1.2222222222222223,17122,29596,49564,33,305,8.768567321514135
24,kDXNc744I1TGHqKVal797NmAJGdRRyifCfz4NSPZUv61HwumtXjFe2wmcfpKELfz2Id594PbPG4ztQ,GOLD,GOLD,III,65,bodyzayed,EUW,EUW1_7825630050,2026-04-19 10:10:20.874000+00:00,420,CLASSIC,33.483333333333334,Tryndamere,MIDDLE,False,13,9,1,1.5555555555555556,16509,34903,47803,25,264,7.884519661523146
24,kDXNc744I1TGHqKVal797NmAJGdRRyifCfz4NSPZUv61HwumtXjFe2wmcfpKELfz2Id594PbPG4ztQ,GOLD,GOLD,III,65,bodyzayed,EUW,EUW1_7825674462,2026-04-19 10:47:59.052000+00:00,420,CLASSIC,26.516666666666666,Tryndamere,MIDDLE,True,13,6,6,3.1666666666666665,14672,19151,34632,17,160,6.033940917661848
24,kDXNc744I1TGHqKVal797NmAJGdRRyifCfz4NSPZUv61HwumtXjFe2wmcfpKELfz2Id594PbPG4ztQ,GOLD,GOLD,III,65,bodyzayed,EUW,EUW1_7825730026,2026-04-19 11:48:57.590000+00:00,420,CLASSIC,15.233333333333333,Tryndamere,MIDDLE,True,2,3,3,1.6666666666666667,5437,6635,11587,5,92,6.039387308533917
24,kDXNc744I1TGHqKVal797NmAJGdRRyifCfz4NSPZUv61HwumtXjFe2wmcfpKELfz2Id594PbPG4ztQ,GOLD,GOLD,III,65,bodyzayed,EUW,EUW1_7825759250,2026-04-19 12:15:08.717000+00:00,420,CLASSIC,23.383333333333333,Tryndamere,TOP,True,11,1,1,12.0,12854,22437,22978,14,184,7.868852459016393
24,kDXNc744I1TGHqKVal797NmAJGdRRyifCfz4NSPZUv61HwumtXjFe2wmcfpKELfz2Id594PbPG4ztQ,GOLD,GOLD,III,65,bodyzayed,EUW,EUW1_7825795094,2026-04-19 12:44:53.914000+00:00,420,CLASSIC,26.466666666666665,Tryndamere,MIDDLE,False,4,7,6,1.4285714285714286,10556,15532,34148,19,154,5.8186397984886655
24,kDXNc744I1TGHqKVal797NmAJGdRRyifCfz4NSPZUv61HwumtXjFe2wmcfpKELfz2Id594PbPG4ztQ,GOLD,GOLD,III,65,bodyzayed,EUW,EUW1_7826044991,2026-04-19 15:49:16.791000+00:00,420,CLASSIC,29.083333333333332,Tryndamere,MIDDLE,True,13,2,6,9.5,16314,56770,46006,34,257,8.836676217765044
24,kDXNc744I1TGHqKVal797NmAJGdRRyifCfz4NSPZUv61HwumtXjFe2wmcfpKELfz2Id594PbPG4ztQ,GOLD,GOLD,III,65,bodyzayed,EUW,EUW1_7826510801,2026-04-19 20:33:01.479000+00:00,420,CLASSIC,39.56666666666667,Tryndamere,TOP,False,16,11,5,1.9090909090909092,19924,43824,55187,40,292,7.379949452401011
24,kDXNc744I1TGHqKVal797NmAJGdRRyifCfz4NSPZUv61HwumtXjFe2wmcfpKELfz2Id594PbPG4ztQ,GOLD,GOLD,III,65,bodyzayed,EUW,EUW1_7826658160,2026-04-19 22:26:52.501000+00:00,420,CLASSIC,27.566666666666666,Tryndamere,MIDDLE,True,4,6,5,1.5,11170,14962,32763,12,185,6.711003627569529
24,kDXNc744I1TGHqKVal797NmAJGdRRyifCfz4NSPZUv61HwumtXjFe2wmcfpKELfz2Id594PbPG4ztQ,GOLD,GOLD,III,65,bodyzayed,EUW,EUW1_7826899648,2026-04-20 10:40:47.499000+00:00,420,CLASSIC,6.816666666666666,Tryndamere,TOP,True,2,0,0,2.0,2980,2481,3313,1,55,8.068459657701712
24,kDXNc744I1TGHqKVal797NmAJGdRRyifCfz4NSPZUv61HwumtXjFe2wmcfpKELfz2Id594PbPG4ztQ,GOLD,GOLD,III,65,bodyzayed,EUW,EUW1_7826908072,2026-04-20 10:54:29.564000+00:00,420,CLASSIC,19.466666666666665,Tryndamere,MIDDLE,True,5,4,2,1.75,8539,11925,18900,10,138,7.089041095890412
24,kDXNc744I1TGHqKVal797NmAJGdRRyifCfz4NSPZUv61HwumtXjFe2wmcfpKELfz2Id594PbPG4ztQ,GOLD,GOLD,III,65,bodyzayed,EUW,EUW1_7826933702,2026-04-20 11:33:06.261000+00:00,420,CLASSIC,39.766666666666666,Tryndamere,MIDDLE,True,12,8,11,2.875,20553,44014,61141,41,331,8.323554065381392
24,kDXNc744I1TGHqKVal797NmAJGdRRyifCfz4NSPZUv61HwumtXjFe2wmcfpKELfz2Id594PbPG4ztQ,GOLD,GOLD,III,65,bodyzayed,EUW,EUW1_7826979977,2026-04-20 12:39:27.257000+00:00,420,CLASSIC,19.666666666666668,Tryndamere,MIDDLE,True,7,1,5,12.0,10335,16587,18094,5,154,7.830508474576271
24,kDXNc744I1TGHqKVal797NmAJGdRRyifCfz4NSPZUv61HwumtXjFe2wmcfpKELfz2Id594PbPG4ztQ,GOLD,GOLD,III,65,bodyzayed,EUW,EUW1_7827003745,2026-04-20 13:04:03.217000+00:00,420,CLASSIC,34.25,Tryndamere,MIDDLE,True,9,6,10,3.1666666666666665,17819,31702,35967,19,266,7.766423357664234
24,kDXNc744I1TGHqKVal797NmAJGdRRyifCfz4NSPZUv61HwumtXjFe2wmcfpKELfz2Id594PbPG4ztQ,GOLD,GOLD,III,65,bodyzayed,EUW,EUW1_7827036803,2026-04-20 13:43:19.006000+00:00,420,CLASSIC,28.566666666666666,Tryndamere,MIDDLE,False,5,7,6,1.5714285714285714,12330,18687,31624,23,228,7.981330221703617
24,kDXNc744I1TGHqKVal797NmAJGdRRyifCfz4NSPZUv61HwumtXjFe2wmcfpKELfz2Id594PbPG4ztQ,GOLD,GOLD,III,65,bodyzayed,EUW,EUW1_7827146189,2026-04-20 15:36:17.302000+00:00,420,CLASSIC,21.95,Tryndamere,MIDDLE,True,10,1,5,15.0,13185,17243,20737,14,203,9.248291571753986
24,kDXNc744I1TGHqKVal797NmAJGdRRyifCfz4NSPZUv61HwumtXjFe2wmcfpKELfz2Id594PbPG4ztQ,GOLD,GOLD,III,65,bodyzayed,EUW,EUW1_7827176392,2026-04-20 16:04:59.275000+00:00,420,CLASSIC,29.083333333333332,Tryndamere,MIDDLE,False,2,11,4,0.5454545454545454,10147,14370,32779,12,184,6.326647564469915
24,kDXNc744I1TGHqKVal797NmAJGdRRyifCfz4NSPZUv61HwumtXjFe2wmcfpKELfz2Id594PbPG4ztQ,GOLD,GOLD,III,65,bodyzayed,EUW,EUW1_7827732700,2026-04-20 22:35:24.291000+00:00,420,CLASSIC,29.733333333333334,Tryndamere,MIDDLE,True,5,1,5,10.0,12665,14669,34185,24,226,7.600896860986547
24,kDXNc744I1TGHqKVal797NmAJGdRRyifCfz4NSPZUv61HwumtXjFe2wmcfpKELfz2Id594PbPG4ztQ,GOLD,GOLD,III,65,bodyzayed,EUW,EUW1_7827790733,2026-04-21 00:09:30.321000+00:00,420,CLASSIC,31.633333333333333,Tryndamere,MIDDLE,False,10,7,10,2.857142857142857,15187,24822,38239,28,238,7.5237091675447845
24,kDXNc744I1TGHqKVal797NmAJGdRRyifCfz4NSPZUv61HwumtXjFe2wmcfpKELfz2Id594PbPG4ztQ,GOLD,GOLD,III,65,bodyzayed,EUW,EUW1_7827812846,2026-04-21 01:15:06.247000+00:00,420,CLASSIC,23.483333333333334,Tryndamere,TOP,False,4,3,3,2.3333333333333335,10216,11464,24794,15,173,7.366926898509581
24,kDXNc744I1TGHqKVal797NmAJGdRRyifCfz4NSPZUv61HwumtXjFe2wmcfpKELfz2Id594PbPG4ztQ,GOLD,GOLD,III,65,bodyzayed,EUW,EUW1_7827817325,2026-04-21 01:48:30.675000+00:00,420,CLASSIC,26.15,Tryndamere,MIDDLE,True,7,5,7,2.8,12422,14591,28687,14,171,6.539196940726578
24,kDXNc744I1TGHqKVal797NmAJGdRRyifCfz4NSPZUv61HwumtXjFe2wmcfpKELfz2Id594PbPG4ztQ,GOLD,GOLD,III,65,bodyzayed,EUW,EUW1_7828573403,2026-04-21 20:02:59.458000+00:00,420,CLASSIC,38.666666666666664,Tryndamere,MIDDLE,False,10,8,3,1.625,19805,35281,64234,34,316,8.172413793103448
24,kDXNc744I1TGHqKVal797NmAJGdRRyifCfz4NSPZUv61HwumtXjFe2wmcfpKELfz2Id594PbPG4ztQ,GOLD,GOLD,III,65,bodyzayed,EUW,EUW1_7828655524,2026-04-21 20:46:17.600000+00:00,420,CLASSIC,29.966666666666665,Tryndamere,MIDDLE,True,5,7,5,1.4285714285714286,12792,23938,35770,25,195,6.507230255839822
24,kDXNc744I1TGHqKVal797NmAJGdRRyifCfz4NSPZUv61HwumtXjFe2wmcfpKELfz2Id594PbPG4ztQ,GOLD,GOLD,III,65,bodyzayed,EUW,EUW1_7828705369,2026-04-21 21:28:19.646000+00:00,420,CLASSIC,38.36666666666667,Tryndamere,MIDDLE,False,9,6,11,3.3333333333333335,19050,29221,51329,30,314,8.184187662901824
24,kDXNc744I1TGHqKVal797NmAJGdRRyifCfz4NSPZUv61HwumtXjFe2wmcfpKELfz2Id594PbPG4ztQ,GOLD,GOLD,III,65,bodyzayed,EUW,EUW1_7829217331,2026-04-22 15:34:49.071000+00:00,420,CLASSIC,27.416666666666668,Tryndamere,MIDDLE,True,13,5,8,4.2,15943,40202,39553,20,223,8.133738601823708
24,kDXNc744I1TGHqKVal797NmAJGdRRyifCfz4NSPZUv61HwumtXjFe2wmcfpKELfz2Id594PbPG4ztQ,GOLD,GOLD,III,65,bodyzayed,EUW,EUW1_7829290908,2026-04-22 16:35:00.289000+00:00,420,CLASSIC,29.566666666666666,Tryndamere,TOP,False,7,8,2,1.125,12563,24638,37138,26,192,6.493799323562571
24,kDXNc744I1TGHqKVal797NmAJGdRRyifCfz4NSPZUv61HwumtXjFe2wmcfpKELfz2Id594PbPG4ztQ,GOLD,GOLD,III,65,bodyzayed,EUW,EUW1_7829338528,2026-04-22 17:11:37.727000+00:00,420,CLASSIC,41.43333333333333,Tryndamere,MIDDLE,True,9,10,5,1.4,20257,35154,66049,24,297,7.168141592920355
24,kDXNc744I1TGHqKVal797NmAJGdRRyifCfz4NSPZUv61HwumtXjFe2wmcfpKELfz2Id594PbPG4ztQ,GOLD,GOLD,III,65,bodyzayed,EUW,EUW1_7829501759,2026-04-22 19:12:48.206000+00:00,420,CLASSIC,29.333333333333332,Tryndamere,MIDDLE,True,8,5,10,3.6,13617,22058,30656,28,209,7.125
24,kDXNc744I1TGHqKVal797NmAJGdRRyifCfz4NSPZUv61HwumtXjFe2wmcfpKELfz2Id594PbPG4ztQ,GOLD,GOLD,III,65,bodyzayed,EUW,EUW1_7829708788,2026-04-22 21:38:33.017000+00:00,420,CLASSIC,34.28333333333333,Tryndamere,MIDDLE,True,7,9,13,2.2222222222222223,16014,26342,40898,24,211,6.154594069032572
24,kDXNc744I1TGHqKVal797NmAJGdRRyifCfz4NSPZUv61HwumtXjFe2wmcfpKELfz2Id594PbPG4ztQ,GOLD,GOLD,III,65,bodyzayed,EUW,EUW1_7830763690,2026-04-23 22:29:05.492000+00:00,420,CLASSIC,28.6,Tryndamere,MIDDLE,True,12,8,4,2.0,14016,23615,42298,9,196,6.8531468531468525
24,kDXNc744I1TGHqKVal797NmAJGdRRyifCfz4NSPZUv61HwumtXjFe2wmcfpKELfz2Id594PbPG4ztQ,GOLD,GOLD,III,65,bodyzayed,EUW,EUW1_7831684012,2026-04-24 21:15:37.920000+00:00,420,CLASSIC,21.483333333333334,Tryndamere,MIDDLE,False,1,8,0,0.125,6225,3750,23233,20,133,6.1908456167571755
24,kDXNc744I1TGHqKVal797NmAJGdRRyifCfz4NSPZUv61HwumtXjFe2wmcfpKELfz2Id594PbPG4ztQ,GOLD,GOLD,III,65,bodyzayed,EUW,EUW1_7831787846,2026-04-24 22:30:42.074000+00:00,420,CLASSIC,31.333333333333332,Tryndamere,MIDDLE,False,4,7,4,1.1428571428571428,12204,15530,40422,26,209,6.670212765957447
24,kDXNc744I1TGHqKVal797NmAJGdRRyifCfz4NSPZUv61HwumtXjFe2wmcfpKELfz2Id594PbPG4ztQ,GOLD,GOLD,III,65,bodyzayed,EUW,EUW1_7832547291,2026-04-25 18:17:22.863000+00:00,420,CLASSIC,26.016666666666666,Tryndamere,MIDDLE,True,18,2,7,12.5,14795,36323,28522,17,198,7.610506085842409
24,kDXNc744I1TGHqKVal797NmAJGdRRyifCfz4NSPZUv61HwumtXjFe2wmcfpKELfz2Id594PbPG4ztQ,GOLD,GOLD,III,65,bodyzayed,EUW,EUW1_7832666535,2026-04-25 19:46:10.508000+00:00,420,CLASSIC,29.5,Tryndamere,MIDDLE,False,7,10,4,1.1,12994,24026,39002,31,208,7.0508474576271185
24,kDXNc744I1TGHqKVal797NmAJGdRRyifCfz4NSPZUv61HwumtXjFe2wmcfpKELfz2Id594PbPG4ztQ,GOLD,GOLD,III,65,bodyzayed,EUW,EUW1_7832717975,2026-04-25 20:23:00.682000+00:00,420,CLASSIC,26.633333333333333,Tryndamere,MIDDLE,True,10,4,5,3.75,12442,18560,31679,21,203,7.622027534418023
24,kDXNc744I1TGHqKVal797NmAJGdRRyifCfz4NSPZUv61HwumtXjFe2wmcfpKELfz2Id594PbPG4ztQ,GOLD,GOLD,III,65,bodyzayed,EUW,EUW1_7832780921,2026-04-25 21:04:10.214000+00:00,420,CLASSIC,38.45,Tryndamere,MIDDLE,False,7,16,1,0.5,17526,33975,50072,35,280,7.282184655396619
24,kDXNc744I1TGHqKVal797NmAJGdRRyifCfz4NSPZUv61HwumtXjFe2wmcfpKELfz2Id594PbPG4ztQ,GOLD,GOLD,III,65,bodyzayed,EUW,EUW1_7835065062,2026-04-27 21:45:07.829000+00:00,420,CLASSIC,30.183333333333334,Tryndamere,MIDDLE,True,9,5,5,2.8,16060,21584,29952,19,274,9.077857537272225
24,kDXNc744I1TGHqKVal797NmAJGdRRyifCfz4NSPZUv61HwumtXjFe2wmcfpKELfz2Id594PbPG4ztQ,GOLD,GOLD,III,65,bodyzayed,EUW,EUW1_7839113621,2026-05-01 19:41:24.430000+00:00,420,CLASSIC,15.183333333333334,Tryndamere,MIDDLE,False,0,4,1,0.25,4419,3352,10332,5,96,6.322722283205269
24,kDXNc744I1TGHqKVal797NmAJGdRRyifCfz4NSPZUv61HwumtXjFe2wmcfpKELfz2Id594PbPG4ztQ,GOLD,GOLD,III,65,bodyzayed,EUW,EUW1_7839174004,2026-05-01 20:22:12.807000+00:00,420,CLASSIC,37.833333333333336,Tryndamere,TOP,False,1,5,4,1.0,13654,19400,38946,36,305,8.061674008810572
24,kDXNc744I1TGHqKVal797NmAJGdRRyifCfz4NSPZUv61HwumtXjFe2wmcfpKELfz2Id594PbPG4ztQ,GOLD,GOLD,III,65,bodyzayed,EUW,EUW1_7861238276,2026-05-21 16:31:40.315000+00:00,420,CLASSIC,47.983333333333334,Tryndamere,MIDDLE,True,20,13,8,2.1538461538461537,23659,50847,64901,44,307,6.3980548801667245
24,kDXNc744I1TGHqKVal797NmAJGdRRyifCfz4NSPZUv61HwumtXjFe2wmcfpKELfz2Id594PbPG4ztQ,GOLD,GOLD,III,65,bodyzayed,EUW,EUW1_7893139257,2026-06-20 05:22:13.475000+00:00,420,CLASSIC,31.083333333333332,Tryndamere,,False,1,7,1,0.2857142857142857,8143,7317,23373,19,120,3.86058981233244
25,arBBR19CT1jet9GdZYm32Ic5rWictrEINhGOq69wQnzE-uhC5-yAYowROUeWWtLhruw4hmd-674oyw,GOLD,GOLD,III,65,SaintSid,0001,EUW1_7108379644,2024-09-06 22:01:31.808000+00:00,420,CLASSIC,29.216666666666665,Jhin,BOTTOM,True,1,2,11,6.0,11360,16127,9791,13,212,7.256132344552197
25,arBBR19CT1jet9GdZYm32Ic5rWictrEINhGOq69wQnzE-uhC5-yAYowROUeWWtLhruw4hmd-674oyw,GOLD,GOLD,III,65,SaintSid,0001,EUW1_7108422855,2024-09-06 22:38:58.214000+00:00,420,CLASSIC,40.18333333333333,Viktor,MIDDLE,True,16,6,6,3.6666666666666665,17702,48701,22209,35,237,5.897967648278723
25,arBBR19CT1jet9GdZYm32Ic5rWictrEINhGOq69wQnzE-uhC5-yAYowROUeWWtLhruw4hmd-674oyw,GOLD,GOLD,III,65,SaintSid,0001,EUW1_7110387503,2024-09-08 13:44:41.023000+00:00,420,CLASSIC,28.516666666666666,Viktor,MIDDLE,True,3,3,13,5.333333333333333,10865,29147,12033,18,209,7.329047340736412
25,arBBR19CT1jet9GdZYm32Ic5rWictrEINhGOq69wQnzE-uhC5-yAYowROUeWWtLhruw4hmd-674oyw,GOLD,GOLD,III,65,SaintSid,0001,EUW1_7110429437,2024-09-08 14:21:08.074000+00:00,420,CLASSIC,28.85,Veigar,MIDDLE,True,7,3,7,4.666666666666667,12883,17702,13341,19,221,7.660311958405545
25,arBBR19CT1jet9GdZYm32Ic5rWictrEINhGOq69wQnzE-uhC5-yAYowROUeWWtLhruw4hmd-674oyw,GOLD,GOLD,III,65,SaintSid,0001,EUW1_7114692527,2024-09-11 19:54:10.956000+00:00,420,CLASSIC,36.03333333333333,Chogath,TOP,True,9,4,6,3.75,15017,31062,51546,23,245,6.799259944495837
25,arBBR19CT1jet9GdZYm32Ic5rWictrEINhGOq69wQnzE-uhC5-yAYowROUeWWtLhruw4hmd-674oyw,GOLD,GOLD,III,65,SaintSid,0001,EUW1_7114763712,2024-09-11 20:38:26.964000+00:00,420,CLASSIC,32.11666666666667,Ashe,BOTTOM,False,4,8,5,1.125,13148,22138,19877,32,241,7.503892060197198
25,arBBR19CT1jet9GdZYm32Ic5rWictrEINhGOq69wQnzE-uhC5-yAYowROUeWWtLhruw4hmd-674oyw,GOLD,GOLD,III,65,SaintSid,0001,EUW1_7130243594,2024-09-24 21:11:03.340000+00:00,420,CLASSIC,27.583333333333332,Mordekaiser,TOP,True,10,5,6,3.2,12141,23707,30084,9,141,5.11178247734139
25,arBBR19CT1jet9GdZYm32Ic5rWictrEINhGOq69wQnzE-uhC5-yAYowROUeWWtLhruw4hmd-674oyw,GOLD,GOLD,III,65,SaintSid,0001,EUW1_7132299529,2024-09-26 20:59:58.417000+00:00,420,CLASSIC,42.6,Yasuo,MIDDLE,False,4,13,7,0.8461538461538461,14918,31482,44851,30,295,6.924882629107981
25,arBBR19CT1jet9GdZYm32Ic5rWictrEINhGOq69wQnzE-uhC5-yAYowROUeWWtLhruw4hmd-674oyw,GOLD,GOLD,III,65,SaintSid,0001,EUW1_7134044670,2024-09-28 14:01:03.544000+00:00,420,CLASSIC,24.6,TwistedFate,MIDDLE,False,2,5,2,0.8,7956,12292,15119,13,143,5.8130081300813
25,arBBR19CT1jet9GdZYm32Ic5rWictrEINhGOq69wQnzE-uhC5-yAYowROUeWWtLhruw4hmd-674oyw,GOLD,GOLD,III,65,SaintSid,0001,EUW1_7134079842,2024-09-28 14:35:35.059000+00:00,420,CLASSIC,21.983333333333334,Syndra,MIDDLE,False,3,5,2,1.0,7942,12112,11835,14,155,7.050796057619408
25,arBBR19CT1jet9GdZYm32Ic5rWictrEINhGOq69wQnzE-uhC5-yAYowROUeWWtLhruw4hmd-674oyw,GOLD,GOLD,III,65,SaintSid,0001,EUW1_7134108314,2024-09-28 15:03:46.148000+00:00,420,CLASSIC,1.9333333333333333,Udyr,JUNGLE,True,0,0,0,0.0,603,0,643,1,4,2.0689655172413794
25,arBBR19CT1jet9GdZYm32Ic5rWictrEINhGOq69wQnzE-uhC5-yAYowROUeWWtLhruw4hmd-674oyw,GOLD,GOLD,III,65,SaintSid,0001,EUW1_7264134562,2025-01-11 21:33:03.784000+00:00,420,CLASSIC,19.116666666666667,Mordekaiser,JUNGLE,True,1,0,1,2.0,6113,3121,21324,15,116,6.068003487358326
25,arBBR19CT1jet9GdZYm32Ic5rWictrEINhGOq69wQnzE-uhC5-yAYowROUeWWtLhruw4hmd-674oyw,GOLD,GOLD,III,65,SaintSid,0001,EUW1_7292503167,2025-02-02 19:59:47.169000+00:00,420,CLASSIC,40.5,Elise,JUNGLE,True,9,6,10,3.1666666666666665,14674,18171,45494,26,206,5.08641975308642
25,arBBR19CT1jet9GdZYm32Ic5rWictrEINhGOq69wQnzE-uhC5-yAYowROUeWWtLhruw4hmd-674oyw,GOLD,GOLD,III,65,SaintSid,0001,EUW1_7292600734,2025-02-02 20:50:37.975000+00:00,420,CLASSIC,26.716666666666665,Nautilus,UTILITY,False,0,8,5,0.625,5786,5939,18585,41,29,1.0854647535870243
25,arBBR19CT1jet9GdZYm32Ic5rWictrEINhGOq69wQnzE-uhC5-yAYowROUeWWtLhruw4hmd-674oyw,GOLD,GOLD,III,65,SaintSid,0001,EUW1_7303946642,2025-02-12 16:54:56.206000+00:00,420,CLASSIC,29.716666666666665,AurelionSol,MIDDLE,False,7,6,6,2.1666666666666665,11457,19155,22345,17,211,7.100392596747056
25,arBBR19CT1jet9GdZYm32Ic5rWictrEINhGOq69wQnzE-uhC5-yAYowROUeWWtLhruw4hmd-674oyw,GOLD,GOLD,III,65,SaintSid,0001,EUW1_7315466768,2025-02-22 16:46:15.603000+00:00,420,CLASSIC,28.983333333333334,Gangplank,MIDDLE,False,1,3,8,3.0,10276,18901,22784,19,210,7.245543415756181
25,arBBR19CT1jet9GdZYm32Ic5rWictrEINhGOq69wQnzE-uhC5-yAYowROUeWWtLhruw4hmd-674oyw,GOLD,GOLD,III,65,SaintSid,0001,EUW1_7317905353,2025-02-24 18:46:05.068000+00:00,420,CLASSIC,36.03333333333333,Vladimir,MIDDLE,True,5,9,13,2.0,13068,32338,41846,20,206,5.7169287696577245
25,arBBR19CT1jet9GdZYm32Ic5rWictrEINhGOq69wQnzE-uhC5-yAYowROUeWWtLhruw4hmd-674oyw,GOLD,GOLD,III,65,SaintSid,0001,EUW1_7320064852,2025-02-26 19:39:16.114000+00:00,420,CLASSIC,39.6,Yasuo,MIDDLE,True,6,6,7,2.1666666666666665,15208,26218,43757,21,262,6.616161616161616
25,arBBR19CT1jet9GdZYm32Ic5rWictrEINhGOq69wQnzE-uhC5-yAYowROUeWWtLhruw4hmd-674oyw,GOLD,GOLD,III,65,SaintSid,0001,EUW1_7465736277,2025-07-18 21:29:10.510000+00:00,420,CLASSIC,19.566666666666666,Garen,TOP,True,5,2,0,2.5,7919,13620,11546,12,148,7.563884156729131
25,arBBR19CT1jet9GdZYm32Ic5rWictrEINhGOq69wQnzE-uhC5-yAYowROUeWWtLhruw4hmd-674oyw,GOLD,GOLD,III,65,SaintSid,0001,EUW1_7471676571,2025-07-24 19:31:38.450000+00:00,420,CLASSIC,28.166666666666668,Caitlyn,BOTTOM,True,8,2,9,8.5,10592,19816,11015,25,156,5.538461538461538
25,arBBR19CT1jet9GdZYm32Ic5rWictrEINhGOq69wQnzE-uhC5-yAYowROUeWWtLhruw4hmd-674oyw,GOLD,GOLD,III,65,SaintSid,0001,EUW1_7474877842,2025-07-27 23:50:12.835000+00:00,420,CLASSIC,30.2,Mel,MIDDLE,False,5,3,3,2.6666666666666665,12931,29480,17479,12,241,7.980132450331126
25,arBBR19CT1jet9GdZYm32Ic5rWictrEINhGOq69wQnzE-uhC5-yAYowROUeWWtLhruw4hmd-674oyw,GOLD,GOLD,III,65,SaintSid,0001,EUW1_7488104202,2025-08-08 16:47:28.115000+00:00,420,CLASSIC,30.316666666666666,Nami,UTILITY,True,2,2,25,13.5,10351,13153,17276,66,27,0.8905992303463441
25,arBBR19CT1jet9GdZYm32Ic5rWictrEINhGOq69wQnzE-uhC5-yAYowROUeWWtLhruw4hmd-674oyw,GOLD,GOLD,III,65,SaintSid,0001,EUW1_7488151939,2025-08-08 17:31:14.757000+00:00,420,CLASSIC,29.333333333333332,Mel,MIDDLE,True,5,5,8,2.6,10942,22528,14708,19,194,6.613636363636364
25,arBBR19CT1jet9GdZYm32Ic5rWictrEINhGOq69wQnzE-uhC5-yAYowROUeWWtLhruw4hmd-674oyw,GOLD,GOLD,III,65,SaintSid,0001,EUW1_7489720309,2025-08-10 00:20:41.902000+00:00,420,CLASSIC,34.65,Braum,UTILITY,True,1,7,26,3.857142857142857,10616,14650,27843,78,25,0.7215007215007215
25,arBBR19CT1jet9GdZYm32Ic5rWictrEINhGOq69wQnzE-uhC5-yAYowROUeWWtLhruw4hmd-674oyw,GOLD,GOLD,III,65,SaintSid,0001,EUW1_7490532991,2025-08-10 18:51:57.725000+00:00,420,CLASSIC,39.916666666666664,Aurora,MIDDLE,False,7,6,5,2.0,17245,32386,36510,35,266,6.663883089770355
25,arBBR19CT1jet9GdZYm32Ic5rWictrEINhGOq69wQnzE-uhC5-yAYowROUeWWtLhruw4hmd-674oyw,GOLD,GOLD,III,65,SaintSid,0001,EUW1_7514365148,2025-08-31 17:24:15.367000+00:00,420,CLASSIC,25.6,Thresh,UTILITY,True,4,5,12,3.2,8054,8944,17250,51,32,1.25
25,arBBR19CT1jet9GdZYm32Ic5rWictrEINhGOq69wQnzE-uhC5-yAYowROUeWWtLhruw4hmd-674oyw,GOLD,GOLD,III,65,SaintSid,0001,EUW1_7518616783,2025-09-04 18:30:33.878000+00:00,420,CLASSIC,32.06666666666667,Poppy,UTILITY,True,7,7,18,3.5714285714285716,11351,22666,25144,70,49,1.528066528066528
25,arBBR19CT1jet9GdZYm32Ic5rWictrEINhGOq69wQnzE-uhC5-yAYowROUeWWtLhruw4hmd-674oyw,GOLD,GOLD,III,65,SaintSid,0001,EUW1_7530203443,2025-09-16 10:43:49.152000+00:00,420,CLASSIC,27.966666666666665,Teemo,UTILITY,False,2,7,5,1.0,7267,23571,15903,67,36,1.2872467222884387
25,arBBR19CT1jet9GdZYm32Ic5rWictrEINhGOq69wQnzE-uhC5-yAYowROUeWWtLhruw4hmd-674oyw,GOLD,GOLD,III,65,SaintSid,0001,EUW1_7566896306,2025-10-13 16:32:25.351000+00:00,420,CLASSIC,51.1,Milio,UTILITY,False,2,4,28,7.5,13934,14337,31090,126,46,0.9001956947162426
25,arBBR19CT1jet9GdZYm32Ic5rWictrEINhGOq69wQnzE-uhC5-yAYowROUeWWtLhruw4hmd-674oyw,GOLD,GOLD,III,65,SaintSid,0001,EUW1_7566977413,2025-10-13 17:31:03.354000+00:00,420,CLASSIC,42.65,JarvanIV,JUNGLE,True,3,10,23,2.6,14509,20591,57694,33,190,4.4548651817116065
25,arBBR19CT1jet9GdZYm32Ic5rWictrEINhGOq69wQnzE-uhC5-yAYowROUeWWtLhruw4hmd-674oyw,GOLD,GOLD,III,65,SaintSid,0001,EUW1_7570921213,2025-10-17 10:59:53.005000+00:00,420,CLASSIC,24.683333333333334,Thresh,UTILITY,False,0,6,2,0.3333333333333333,5138,4385,17195,40,37,1.4989871708305198
25,arBBR19CT1jet9GdZYm32Ic5rWictrEINhGOq69wQnzE-uhC5-yAYowROUeWWtLhruw4hmd-674oyw,GOLD,GOLD,III,65,SaintSid,0001,EUW1_7570949818,2025-10-17 11:31:34.028000+00:00,420,CLASSIC,36.7,Senna,BOTTOM,False,9,8,19,3.5,15961,34186,35213,20,218,5.940054495912806
25,arBBR19CT1jet9GdZYm32Ic5rWictrEINhGOq69wQnzE-uhC5-yAYowROUeWWtLhruw4hmd-674oyw,GOLD,GOLD,III,65,SaintSid,0001,EUW1_7579564539,2025-10-24 17:03:41.918000+00:00,420,CLASSIC,35.166666666666664,Mel,MIDDLE,True,19,3,11,10.0,18846,47857,15311,44,223,6.3412322274881525
25,arBBR19CT1jet9GdZYm32Ic5rWictrEINhGOq69wQnzE-uhC5-yAYowROUeWWtLhruw4hmd-674oyw,GOLD,GOLD,III,65,SaintSid,0001,EUW1_7582181789,2025-10-26 16:38:17.768000+00:00,420,CLASSIC,26.683333333333334,Lissandra,MIDDLE,True,10,0,12,22.0,12341,23646,19132,25,164,6.146158650843223
25,arBBR19CT1jet9GdZYm32Ic5rWictrEINhGOq69wQnzE-uhC5-yAYowROUeWWtLhruw4hmd-674oyw,GOLD,GOLD,III,65,SaintSid,0001,EUW1_7583466840,2025-10-27 17:51:59.964000+00:00,420,CLASSIC,30.216666666666665,Veigar,MIDDLE,True,6,3,9,5.0,13890,25105,19623,23,219,7.2476558190843905
25,arBBR19CT1jet9GdZYm32Ic5rWictrEINhGOq69wQnzE-uhC5-yAYowROUeWWtLhruw4hmd-674oyw,GOLD,GOLD,III,65,SaintSid,0001,EUW1_7583537888,2025-10-27 18:40:00.027000+00:00,420,CLASSIC,15.333333333333334,Yone,MIDDLE,True,4,0,1,5.0,5848,7013,7585,9,105,6.8478260869565215
25,arBBR19CT1jet9GdZYm32Ic5rWictrEINhGOq69wQnzE-uhC5-yAYowROUeWWtLhruw4hmd-674oyw,GOLD,GOLD,III,65,SaintSid,0001,EUW1_7584508815,2025-10-28 16:48:27.217000+00:00,420,CLASSIC,30.133333333333333,Kassadin,MIDDLE,False,5,7,6,1.5714285714285714,9590,21304,32499,21,165,5.475663716814159
25,arBBR19CT1jet9GdZYm32Ic5rWictrEINhGOq69wQnzE-uhC5-yAYowROUeWWtLhruw4hmd-674oyw,GOLD,GOLD,III,65,SaintSid,0001,EUW1_7591063204,2025-11-03 15:38:51.688000+00:00,420,CLASSIC,30.633333333333333,Yasuo,MIDDLE,False,11,8,8,2.375,14575,25188,26708,20,220,7.181719260065289
25,arBBR19CT1jet9GdZYm32Ic5rWictrEINhGOq69wQnzE-uhC5-yAYowROUeWWtLhruw4hmd-674oyw,GOLD,GOLD,III,65,SaintSid,0001,EUW1_7601229267,2025-11-12 17:06:52.812000+00:00,420,CLASSIC,1.8,Morgana,MIDDLE,False,0,0,0,0.0,514,0,0,0,0,0.0
25,arBBR19CT1jet9GdZYm32Ic5rWictrEINhGOq69wQnzE-uhC5-yAYowROUeWWtLhruw4hmd-674oyw,GOLD,GOLD,III,65,SaintSid,0001,EUW1_7601290033,2025-11-12 17:48:01.567000+00:00,420,CLASSIC,33.95,Viktor,MIDDLE,True,11,3,11,7.333333333333333,15557,38754,18544,33,208,6.126656848306332
25,arBBR19CT1jet9GdZYm32Ic5rWictrEINhGOq69wQnzE-uhC5-yAYowROUeWWtLhruw4hmd-674oyw,GOLD,GOLD,III,65,SaintSid,0001,EUW1_7606428321,2025-11-16 20:24:13.690000+00:00,420,CLASSIC,26.566666666666666,Annie,MIDDLE,True,11,2,7,9.0,12376,25890,10739,33,158,5.947302383939774
25,arBBR19CT1jet9GdZYm32Ic5rWictrEINhGOq69wQnzE-uhC5-yAYowROUeWWtLhruw4hmd-674oyw,GOLD,GOLD,III,65,SaintSid,0001,EUW1_7608247123,2025-11-18 18:02:13.337000+00:00,420,CLASSIC,34.666666666666664,Malzahar,MIDDLE,True,4,5,14,3.6,14012,32548,20601,35,262,7.557692307692308
25,arBBR19CT1jet9GdZYm32Ic5rWictrEINhGOq69wQnzE-uhC5-yAYowROUeWWtLhruw4hmd-674oyw,GOLD,GOLD,III,65,SaintSid,0001,EUW1_7608322456,2025-11-18 18:49:19.114000+00:00,420,CLASSIC,28.433333333333334,TwistedFate,MIDDLE,True,4,7,11,2.142857142857143,10894,15866,19323,18,119,4.185228604923799
25,arBBR19CT1jet9GdZYm32Ic5rWictrEINhGOq69wQnzE-uhC5-yAYowROUeWWtLhruw4hmd-674oyw,GOLD,GOLD,III,65,SaintSid,0001,EUW1_7615934476,2025-11-24 16:23:17.808000+00:00,420,CLASSIC,24.35,Jhin,BOTTOM,True,8,3,6,4.666666666666667,10709,16147,11667,17,171,7.022587268993839
25,arBBR19CT1jet9GdZYm32Ic5rWictrEINhGOq69wQnzE-uhC5-yAYowROUeWWtLhruw4hmd-674oyw,GOLD,GOLD,III,65,SaintSid,0001,EUW1_7620458989,2025-11-28 17:50:08.217000+00:00,420,CLASSIC,31.1,Morgana,MIDDLE,True,6,2,17,11.5,13298,29549,17274,23,219,7.041800643086816
25,arBBR19CT1jet9GdZYm32Ic5rWictrEINhGOq69wQnzE-uhC5-yAYowROUeWWtLhruw4hmd-674oyw,GOLD,GOLD,III,65,SaintSid,0001,EUW1_7620515467,2025-11-28 18:38:54.162000+00:00,420,CLASSIC,1.75,Yasuo,MIDDLE,True,0,0,0,0.0,553,0,0,0,2,1.1428571428571428
25,arBBR19CT1jet9GdZYm32Ic5rWictrEINhGOq69wQnzE-uhC5-yAYowROUeWWtLhruw4hmd-674oyw,GOLD,GOLD,III,65,SaintSid,0001,EUW1_7620529646,2025-11-28 18:45:06.985000+00:00,420,CLASSIC,43.95,TwistedFate,MIDDLE,False,4,9,7,1.2222222222222223,18579,21936,35108,24,260,5.915813424345847
25,arBBR19CT1jet9GdZYm32Ic5rWictrEINhGOq69wQnzE-uhC5-yAYowROUeWWtLhruw4hmd-674oyw,GOLD,GOLD,III,65,SaintSid,0001,EUW1_7621385148,2025-11-29 13:43:20.061000+00:00,420,CLASSIC,28.983333333333334,Vi,JUNGLE,True,6,1,6,12.0,12174,13798,30704,20,196,6.762507188039103
25,arBBR19CT1jet9GdZYm32Ic5rWictrEINhGOq69wQnzE-uhC5-yAYowROUeWWtLhruw4hmd-674oyw,GOLD,GOLD,III,65,SaintSid,0001,EUW1_7621420418,2025-11-29 14:17:35.782000+00:00,420,CLASSIC,29.483333333333334,Thresh,UTILITY,False,7,5,13,4.0,11054,15833,23587,59,41,1.390616167326173
25,arBBR19CT1jet9GdZYm32Ic5rWictrEINhGOq69wQnzE-uhC5-yAYowROUeWWtLhruw4hmd-674oyw,GOLD,GOLD,III,65,SaintSid,0001,EUW1_7623894937,2025-12-01 15:49:04.857000+00:00,420,CLASSIC,27.333333333333332,Jax,TOP,False,0,8,0,0.0,8604,7889,20440,11,190,6.951219512195122
25,arBBR19CT1jet9GdZYm32Ic5rWictrEINhGOq69wQnzE-uhC5-yAYowROUeWWtLhruw4hmd-674oyw,GOLD,GOLD,III,65,SaintSid,0001,EUW1_7623931041,2025-12-01 16:24:41.241000+00:00,420,CLASSIC,29.0,Morgana,TOP,False,0,3,5,1.6666666666666667,8588,18533,16385,16,202,6.9655172413793105
25,arBBR19CT1jet9GdZYm32Ic5rWictrEINhGOq69wQnzE-uhC5-yAYowROUeWWtLhruw4hmd-674oyw,GOLD,GOLD,III,65,SaintSid,0001,EUW1_7623976642,2025-12-01 17:04:25.321000+00:00,420,CLASSIC,29.05,Gangplank,MIDDLE,False,1,5,2,0.6,9800,18828,21448,18,189,6.506024096385542
25,arBBR19CT1jet9GdZYm32Ic5rWictrEINhGOq69wQnzE-uhC5-yAYowROUeWWtLhruw4hmd-674oyw,GOLD,GOLD,III,65,SaintSid,0001,EUW1_7670725709,2026-01-04 15:04:09.279000+00:00,420,CLASSIC,1.75,Viktor,MIDDLE,True,0,0,0,0.0,511,0,0,0,0,0.0
25,arBBR19CT1jet9GdZYm32Ic5rWictrEINhGOq69wQnzE-uhC5-yAYowROUeWWtLhruw4hmd-674oyw,GOLD,GOLD,III,65,SaintSid,0001,EUW1_7670735423,2026-01-04 15:11:12.816000+00:00,420,CLASSIC,25.916666666666668,Malphite,MIDDLE,True,9,3,6,5.0,10257,17256,15198,21,146,5.633440514469453
25,arBBR19CT1jet9GdZYm32Ic5rWictrEINhGOq69wQnzE-uhC5-yAYowROUeWWtLhruw4hmd-674oyw,GOLD,GOLD,III,65,SaintSid,0001,EUW1_7670800161,2026-01-04 15:50:41.010000+00:00,420,CLASSIC,16.366666666666667,Viktor,MIDDLE,False,1,2,1,1.0,5300,5659,5648,10,114,6.965376782077393
25,arBBR19CT1jet9GdZYm32Ic5rWictrEINhGOq69wQnzE-uhC5-yAYowROUeWWtLhruw4hmd-674oyw,GOLD,GOLD,III,65,SaintSid,0001,EUW1_7670839799,2026-01-04 16:15:44.843000+00:00,420,CLASSIC,36.81666666666667,Veigar,MIDDLE,True,11,5,8,3.8,17843,33531,22609,28,243,6.600271616115889
25,arBBR19CT1jet9GdZYm32Ic5rWictrEINhGOq69wQnzE-uhC5-yAYowROUeWWtLhruw4hmd-674oyw,GOLD,GOLD,III,65,SaintSid,0001,EUW1_7677176749,2026-01-09 15:45:08.734000+00:00,420,CLASSIC,26.0,Teemo,UTILITY,True,6,5,18,4.8,9797,23950,12919,96,30,1.1538461538461537
25,arBBR19CT1jet9GdZYm32Ic5rWictrEINhGOq69wQnzE-uhC5-yAYowROUeWWtLhruw4hmd-674oyw,GOLD,GOLD,III,65,SaintSid,0001,EUW1_7680625617,2026-01-11 15:29:13.297000+00:00,420,CLASSIC,30.05,FiddleSticks,JUNGLE,False,6,9,9,1.6666666666666667,14255,26146,38076,76,180,5.990016638935108
25,arBBR19CT1jet9GdZYm32Ic5rWictrEINhGOq69wQnzE-uhC5-yAYowROUeWWtLhruw4hmd-674oyw,GOLD,GOLD,III,65,SaintSid,0001,EUW1_7686431663,2026-01-15 17:03:16.588000+00:00,420,CLASSIC,31.383333333333333,Rumble,TOP,False,2,6,2,0.6666666666666666,9669,25224,29531,21,210,6.691449814126394
25,arBBR19CT1jet9GdZYm32Ic5rWictrEINhGOq69wQnzE-uhC5-yAYowROUeWWtLhruw4hmd-674oyw,GOLD,GOLD,III,65,SaintSid,0001,EUW1_7687753254,2026-01-16 15:26:59.632000+00:00,420,CLASSIC,35.05,Morgana,UTILITY,False,1,7,16,2.4285714285714284,10048,26391,25691,125,54,1.5406562054208275
25,arBBR19CT1jet9GdZYm32Ic5rWictrEINhGOq69wQnzE-uhC5-yAYowROUeWWtLhruw4hmd-674oyw,GOLD,GOLD,III,65,SaintSid,0001,EUW1_7687810812,2026-01-16 16:07:16.109000+00:00,420,CLASSIC,25.316666666666666,Nami,UTILITY,False,1,7,7,1.1428571428571428,6084,6456,16457,50,12,0.4739960500329164
25,arBBR19CT1jet9GdZYm32Ic5rWictrEINhGOq69wQnzE-uhC5-yAYowROUeWWtLhruw4hmd-674oyw,GOLD,GOLD,III,65,SaintSid,0001,EUW1_7688003244,2026-01-16 18:14:34.135000+00:00,420,CLASSIC,24.333333333333332,Garen,TOP,False,3,7,0,0.42857142857142855,9216,16368,30981,22,185,7.602739726027398
25,arBBR19CT1jet9GdZYm32Ic5rWictrEINhGOq69wQnzE-uhC5-yAYowROUeWWtLhruw4hmd-674oyw,GOLD,GOLD,III,65,SaintSid,0001,EUW1_7688056754,2026-01-16 18:45:30.737000+00:00,420,CLASSIC,42.63333333333333,Lillia,JUNGLE,True,16,2,19,17.5,22775,52979,58659,41,335,7.857701329163409
25,arBBR19CT1jet9GdZYm32Ic5rWictrEINhGOq69wQnzE-uhC5-yAYowROUeWWtLhruw4hmd-674oyw,GOLD,GOLD,III,65,SaintSid,0001,EUW1_7688412910,2026-01-16 21:54:45.432000+00:00,420,CLASSIC,30.65,Morgana,UTILITY,True,2,1,7,9.0,9344,16553,12357,89,54,1.7618270799347473
25,arBBR19CT1jet9GdZYm32Ic5rWictrEINhGOq69wQnzE-uhC5-yAYowROUeWWtLhruw4hmd-674oyw,GOLD,GOLD,III,65,SaintSid,0001,EUW1_7688487569,2026-01-16 22:29:24.853000+00:00,420,CLASSIC,40.31666666666667,Warwick,JUNGLE,False,13,12,12,2.0833333333333335,17681,30889,72409,33,209,5.183960314179412
25,arBBR19CT1jet9GdZYm32Ic5rWictrEINhGOq69wQnzE-uhC5-yAYowROUeWWtLhruw4hmd-674oyw,GOLD,GOLD,III,65,SaintSid,0001,EUW1_7688569755,2026-01-16 23:16:04.428000+00:00,420,CLASSIC,30.583333333333332,Thresh,UTILITY,True,2,5,20,4.4,9757,8064,22549,107,31,1.013623978201635
25,arBBR19CT1jet9GdZYm32Ic5rWictrEINhGOq69wQnzE-uhC5-yAYowROUeWWtLhruw4hmd-674oyw,GOLD,GOLD,III,65,SaintSid,0001,EUW1_7689688384,2026-01-17 19:29:00.622000+00:00,420,CLASSIC,36.53333333333333,Nami,UTILITY,True,1,2,26,13.5,11325,11959,20068,111,25,0.6843065693430658
25,arBBR19CT1jet9GdZYm32Ic5rWictrEINhGOq69wQnzE-uhC5-yAYowROUeWWtLhruw4hmd-674oyw,GOLD,GOLD,III,65,SaintSid,0001,EUW1_7690063112,2026-01-17 22:50:57.693000+00:00,420,CLASSIC,36.5,Swain,UTILITY,True,3,5,18,4.2,11673,24175,34596,137,72,1.9726027397260273
25,arBBR19CT1jet9GdZYm32Ic5rWictrEINhGOq69wQnzE-uhC5-yAYowROUeWWtLhruw4hmd-674oyw,GOLD,GOLD,III,65,SaintSid,0001,EUW1_7690551729,2026-01-18 11:19:27.049000+00:00,420,CLASSIC,25.183333333333334,Senna,UTILITY,False,1,8,8,1.125,6458,7577,16935,58,18,0.71475843812045
25,arBBR19CT1jet9GdZYm32Ic5rWictrEINhGOq69wQnzE-uhC5-yAYowROUeWWtLhruw4hmd-674oyw,GOLD,GOLD,III,65,SaintSid,0001,EUW1_7690592464,2026-01-18 11:48:35.471000+00:00,420,CLASSIC,27.716666666666665,Gangplank,MIDDLE,True,7,3,6,4.333333333333333,15587,25586,19596,35,227,8.190018039687313
25,arBBR19CT1jet9GdZYm32Ic5rWictrEINhGOq69wQnzE-uhC5-yAYowROUeWWtLhruw4hmd-674oyw,GOLD,GOLD,III,65,SaintSid,0001,EUW1_7691295722,2026-01-18 18:49:10.866000+00:00,420,CLASSIC,30.416666666666668,Gangplank,MIDDLE,False,10,8,6,2.0,16337,29050,25873,35,233,7.66027397260274
25,arBBR19CT1jet9GdZYm32Ic5rWictrEINhGOq69wQnzE-uhC5-yAYowROUeWWtLhruw4hmd-674oyw,GOLD,GOLD,III,65,SaintSid,0001,EUW1_7695079289,2026-01-21 15:56:08.757000+00:00,420,CLASSIC,28.0,Gangplank,MIDDLE,False,4,6,3,1.1666666666666667,11362,19960,23948,40,197,7.035714285714286
25,arBBR19CT1jet9GdZYm32Ic5rWictrEINhGOq69wQnzE-uhC5-yAYowROUeWWtLhruw4hmd-674oyw,GOLD,GOLD,III,65,SaintSid,0001,EUW1_7695129800,2026-01-21 16:29:07.684000+00:00,420,CLASSIC,43.0,Braum,UTILITY,False,1,11,30,2.8181818181818183,13060,15776,49636,123,37,0.8604651162790697
25,arBBR19CT1jet9GdZYm32Ic5rWictrEINhGOq69wQnzE-uhC5-yAYowROUeWWtLhruw4hmd-674oyw,GOLD,GOLD,III,65,SaintSid,0001,EUW1_7701526334,2026-01-25 18:11:08.755000+00:00,420,CLASSIC,37.95,Mel,MIDDLE,True,13,4,5,4.5,16237,48425,28030,43,276,7.2727272727272725
25,arBBR19CT1jet9GdZYm32Ic5rWictrEINhGOq69wQnzE-uhC5-yAYowROUeWWtLhruw4hmd-674oyw,GOLD,GOLD,III,65,SaintSid,0001,EUW1_7778090567,2026-03-13 22:50:41.506000+00:00,420,CLASSIC,31.4,Sion,TOP,True,4,2,2,3.0,12644,13406,28608,28,234,7.452229299363058
25,arBBR19CT1jet9GdZYm32Ic5rWictrEINhGOq69wQnzE-uhC5-yAYowROUeWWtLhruw4hmd-674oyw,GOLD,GOLD,III,65,SaintSid,0001,EUW1_7864958115,2026-05-24 22:33:33.135000+00:00,420,CLASSIC,28.366666666666667,TahmKench,TOP,True,4,1,3,7.0,9746,15856,29817,30,169,5.957696827262045
25,arBBR19CT1jet9GdZYm32Ic5rWictrEINhGOq69wQnzE-uhC5-yAYowROUeWWtLhruw4hmd-674oyw,GOLD,GOLD,III,65,SaintSid,0001,EUW1_7889877084,2026-06-16 21:38:57.114000+00:00,420,CLASSIC,40.2,Yorick,TOP,False,3,3,5,2.6666666666666665,16605,31410,39085,50,343,8.53233830845771
25,arBBR19CT1jet9GdZYm32Ic5rWictrEINhGOq69wQnzE-uhC5-yAYowROUeWWtLhruw4hmd-674oyw,GOLD,GOLD,III,65,SaintSid,0001,EUW1_7892454962,2026-06-19 15:21:13.730000+00:00,420,CLASSIC,31.933333333333334,Shyvana,JUNGLE,False,3,6,4,1.1666666666666667,10842,20846,29339,31,192,6.012526096033403
25,arBBR19CT1jet9GdZYm32Ic5rWictrEINhGOq69wQnzE-uhC5-yAYowROUeWWtLhruw4hmd-674oyw,GOLD,GOLD,III,65,SaintSid,0001,EUW1_7892492986,2026-06-19 15:57:21.022000+00:00,420,CLASSIC,41.46666666666667,Lillia,JUNGLE,False,6,6,12,3.0,17694,24786,47280,33,299,7.210610932475884
25,arBBR19CT1jet9GdZYm32Ic5rWictrEINhGOq69wQnzE-uhC5-yAYowROUeWWtLhruw4hmd-674oyw,GOLD,GOLD,III,65,SaintSid,0001,EUW1_7908153449,2026-07-04 09:26:24.697000+00:00,420,CLASSIC,33.9,Mordekaiser,TOP,True,3,5,8,2.2,10605,13190,23444,34,173,5.103244837758112
25,arBBR19CT1jet9GdZYm32Ic5rWictrEINhGOq69wQnzE-uhC5-yAYowROUeWWtLhruw4hmd-674oyw,GOLD,GOLD,III,65,SaintSid,0001,EUW1_7909661385,2026-07-05 16:54:40.741000+00:00,420,CLASSIC,27.283333333333335,Zaahen,TOP,False,1,7,2,0.42857142857142855,8073,17602,32262,21,171,6.26756261453879
26,f5_wWz4KpP89iiZRleLcs8wCqDFRVwlUQThrYb8UsnrAzXDegFgJ59lB-xeBwt2L4JLEG8H940E-2A,GOLD,GOLD,II,95,ErVerdulero,EUW,EUW1_7842023931,2026-05-04 10:27:26.526000+00:00,420,CLASSIC,29.133333333333333,Fiora,TOP,False,8,9,4,1.3333333333333333,11498,22518,36626,19,158,5.423340961098399
26,f5_wWz4KpP89iiZRleLcs8wCqDFRVwlUQThrYb8UsnrAzXDegFgJ59lB-xeBwt2L4JLEG8H940E-2A,GOLD,GOLD,II,95,ErVerdulero,EUW,EUW1_7846259777,2026-05-08 07:56:29.729000+00:00,420,CLASSIC,25.3,Sion,TOP,True,1,3,3,1.3333333333333333,9229,26622,34203,23,193,7.628458498023715
26,f5_wWz4KpP89iiZRleLcs8wCqDFRVwlUQThrYb8UsnrAzXDegFgJ59lB-xeBwt2L4JLEG8H940E-2A,GOLD,GOLD,II,95,ErVerdulero,EUW,EUW1_7846271313,2026-05-08 08:33:56.371000+00:00,420,CLASSIC,29.416666666666668,Vladimir,TOP,True,3,9,8,1.2222222222222223,9266,25282,35115,23,143,4.861189801699717
26,f5_wWz4KpP89iiZRleLcs8wCqDFRVwlUQThrYb8UsnrAzXDegFgJ59lB-xeBwt2L4JLEG8H940E-2A,GOLD,GOLD,II,95,ErVerdulero,EUW,EUW1_7846289244,2026-05-08 09:12:56.386000+00:00,420,CLASSIC,6.183333333333334,Ornn,TOP,True,1,1,1,2.0,2486,1450,2465,0,42,6.792452830188679
26,f5_wWz4KpP89iiZRleLcs8wCqDFRVwlUQThrYb8UsnrAzXDegFgJ59lB-xeBwt2L4JLEG8H940E-2A,GOLD,GOLD,II,95,ErVerdulero,EUW,EUW1_7846351224,2026-05-08 10:52:07.694000+00:00,420,CLASSIC,29.733333333333334,Anivia,TOP,False,5,9,4,1.0,11623,26077,38575,23,194,6.524663677130045
26,f5_wWz4KpP89iiZRleLcs8wCqDFRVwlUQThrYb8UsnrAzXDegFgJ59lB-xeBwt2L4JLEG8H940E-2A,GOLD,GOLD,II,95,ErVerdulero,EUW,EUW1_7846679497,2026-05-08 16:31:41.395000+00:00,420,CLASSIC,33.46666666666667,Smolder,TOP,False,10,9,2,1.3333333333333333,17228,51362,31527,27,270,8.067729083665338
26,f5_wWz4KpP89iiZRleLcs8wCqDFRVwlUQThrYb8UsnrAzXDegFgJ59lB-xeBwt2L4JLEG8H940E-2A,GOLD,GOLD,II,95,ErVerdulero,EUW,EUW1_7848666397,2026-05-10 11:34:45.333000+00:00,420,CLASSIC,41.4,Smolder,TOP,False,3,13,9,0.9230769230769231,14598,42361,38112,36,268,6.473429951690822
26,f5_wWz4KpP89iiZRleLcs8wCqDFRVwlUQThrYb8UsnrAzXDegFgJ59lB-xeBwt2L4JLEG8H940E-2A,GOLD,GOLD,II,95,ErVerdulero,EUW,EUW1_7848827727,2026-05-10 13:54:12.525000+00:00,420,CLASSIC,42.083333333333336,Smolder,TOP,True,11,14,8,1.3571428571428572,19641,72584,41579,21,330,7.841584158415841
26,f5_wWz4KpP89iiZRleLcs8wCqDFRVwlUQThrYb8UsnrAzXDegFgJ59lB-xeBwt2L4JLEG8H940E-2A,GOLD,GOLD,II,95,ErVerdulero,EUW,EUW1_7848901561,2026-05-10 14:50:38.872000+00:00,420,CLASSIC,27.966666666666665,Vladimir,TOP,True,11,8,9,2.5,13747,37467,36456,26,195,6.972586412395709
26,f5_wWz4KpP89iiZRleLcs8wCqDFRVwlUQThrYb8UsnrAzXDegFgJ59lB-xeBwt2L4JLEG8H940E-2A,GOLD,GOLD,II,95,ErVerdulero,EUW,EUW1_7848953607,2026-05-10 15:28:58.251000+00:00,420,CLASSIC,22.916666666666668,Vladimir,TOP,True,5,5,5,2.0,8487,24604,25193,21,140,6.1090909090909085
26,f5_wWz4KpP89iiZRleLcs8wCqDFRVwlUQThrYb8UsnrAzXDegFgJ59lB-xeBwt2L4JLEG8H940E-2A,GOLD,GOLD,II,95,ErVerdulero,EUW,EUW1_7849003639,2026-05-10 16:03:19.931000+00:00,420,CLASSIC,28.4,Akali,TOP,False,14,7,5,2.7142857142857144,12404,31469,27667,25,144,5.070422535211268
26,f5_wWz4KpP89iiZRleLcs8wCqDFRVwlUQThrYb8UsnrAzXDegFgJ59lB-xeBwt2L4JLEG8H940E-2A,GOLD,GOLD,II,95,ErVerdulero,EUW,EUW1_7849649625,2026-05-11 01:27:06.067000+00:00,420,CLASSIC,26.833333333333332,Smolder,TOP,False,11,8,7,2.25,12127,30361,30064,23,162,6.037267080745342
26,f5_wWz4KpP89iiZRleLcs8wCqDFRVwlUQThrYb8UsnrAzXDegFgJ59lB-xeBwt2L4JLEG8H940E-2A,GOLD,GOLD,II,95,ErVerdulero,EUW,EUW1_7850771791,2026-05-12 07:14:57.348000+00:00,420,CLASSIC,38.86666666666667,Fiora,TOP,False,10,10,4,1.4,16480,63514,68639,41,236,6.072041166380789
26,f5_wWz4KpP89iiZRleLcs8wCqDFRVwlUQThrYb8UsnrAzXDegFgJ59lB-xeBwt2L4JLEG8H940E-2A,GOLD,GOLD,II,95,ErVerdulero,EUW,EUW1_7852648713,2026-05-13 21:02:17.468000+00:00,420,CLASSIC,31.25,Smolder,TOP,True,9,9,12,2.3333333333333335,16175,35061,30576,23,253,8.096
26,f5_wWz4KpP89iiZRleLcs8wCqDFRVwlUQThrYb8UsnrAzXDegFgJ59lB-xeBwt2L4JLEG8H940E-2A,GOLD,GOLD,II,95,ErVerdulero,EUW,EUW1_7852705951,2026-05-13 21:38:01.884000+00:00,420,CLASSIC,26.4,Ornn,TOP,False,6,9,8,1.5555555555555556,9489,21448,37637,21,126,4.772727272727273
26,f5_wWz4KpP89iiZRleLcs8wCqDFRVwlUQThrYb8UsnrAzXDegFgJ59lB-xeBwt2L4JLEG8H940E-2A,GOLD,GOLD,II,95,ErVerdulero,EUW,EUW1_7852999956,2026-05-14 08:32:13.671000+00:00,420,CLASSIC,33.766666666666666,Fiora,TOP,False,6,11,8,1.2727272727272727,14507,33338,56658,26,221,6.544916090819348
26,f5_wWz4KpP89iiZRleLcs8wCqDFRVwlUQThrYb8UsnrAzXDegFgJ59lB-xeBwt2L4JLEG8H940E-2A,GOLD,GOLD,II,95,ErVerdulero,EUW,EUW1_7854092633,2026-05-15 00:03:18.759000+00:00,420,CLASSIC,19.0,Fiora,TOP,False,3,6,1,0.6666666666666666,7540,10590,19153,17,119,6.2631578947368425
26,f5_wWz4KpP89iiZRleLcs8wCqDFRVwlUQThrYb8UsnrAzXDegFgJ59lB-xeBwt2L4JLEG8H940E-2A,GOLD,GOLD,II,95,ErVerdulero,EUW,EUW1_7854119591,2026-05-15 00:59:50.974000+00:00,420,CLASSIC,26.45,Gangplank,TOP,False,6,8,7,1.625,11978,21848,24794,24,191,7.221172022684311
26,f5_wWz4KpP89iiZRleLcs8wCqDFRVwlUQThrYb8UsnrAzXDegFgJ59lB-xeBwt2L4JLEG8H940E-2A,GOLD,GOLD,II,95,ErVerdulero,EUW,EUW1_7854233499,2026-05-15 09:08:37.329000+00:00,420,CLASSIC,17.366666666666667,Gangplank,TOP,False,1,2,1,1.0,5848,15713,12816,12,122,7.024952015355086
26,f5_wWz4KpP89iiZRleLcs8wCqDFRVwlUQThrYb8UsnrAzXDegFgJ59lB-xeBwt2L4JLEG8H940E-2A,GOLD,GOLD,II,95,ErVerdulero,EUW,EUW1_7856434834,2026-05-17 00:47:49.827000+00:00,420,CLASSIC,15.183333333333334,Gangplank,TOP,False,3,5,1,0.8,5037,8379,11277,4,72,4.742041712403951
26,f5_wWz4KpP89iiZRleLcs8wCqDFRVwlUQThrYb8UsnrAzXDegFgJ59lB-xeBwt2L4JLEG8H940E-2A,GOLD,GOLD,II,95,ErVerdulero,EUW,EUW1_7856701376,2026-05-17 11:54:03.272000+00:00,420,CLASSIC,28.383333333333333,Ornn,TOP,False,1,9,2,0.3333333333333333,8367,14366,34220,16,171,6.024662360540224
26,f5_wWz4KpP89iiZRleLcs8wCqDFRVwlUQThrYb8UsnrAzXDegFgJ59lB-xeBwt2L4JLEG8H940E-2A,GOLD,GOLD,II,95,ErVerdulero,EUW,EUW1_7857951343,2026-05-18 14:02:06.942000+00:00,420,CLASSIC,34.65,Kayn,TOP,False,2,15,11,0.8666666666666667,11065,26333,49208,25,170,4.9062049062049065
26,f5_wWz4KpP89iiZRleLcs8wCqDFRVwlUQThrYb8UsnrAzXDegFgJ59lB-xeBwt2L4JLEG8H940E-2A,GOLD,GOLD,II,95,ErVerdulero,EUW,EUW1_7859756433,2026-05-20 01:25:03.887000+00:00,420,CLASSIC,28.7,Chogath,TOP,True,8,4,1,2.25,10876,24146,33864,22,156,5.435540069686411
26,f5_wWz4KpP89iiZRleLcs8wCqDFRVwlUQThrYb8UsnrAzXDegFgJ59lB-xeBwt2L4JLEG8H940E-2A,GOLD,GOLD,II,95,ErVerdulero,EUW,EUW1_7859770769,2026-05-20 02:00:24.203000+00:00,420,CLASSIC,28.883333333333333,Vayne,TOP,False,9,10,3,1.2,11311,31821,41343,30,136,4.708597807270629
26,f5_wWz4KpP89iiZRleLcs8wCqDFRVwlUQThrYb8UsnrAzXDegFgJ59lB-xeBwt2L4JLEG8H940E-2A,GOLD,GOLD,II,95,ErVerdulero,EUW,EUW1_7859790934,2026-05-20 04:39:06.390000+00:00,420,CLASSIC,22.266666666666666,TwistedFate,MIDDLE,False,7,10,5,1.2,10238,21015,25167,17,143,6.422155688622754
26,f5_wWz4KpP89iiZRleLcs8wCqDFRVwlUQThrYb8UsnrAzXDegFgJ59lB-xeBwt2L4JLEG8H940E-2A,GOLD,GOLD,II,95,ErVerdulero,EUW,EUW1_7860811279,2026-05-21 06:14:06.490000+00:00,420,CLASSIC,35.166666666666664,Chogath,TOP,False,11,10,7,1.8,13773,31726,72553,35,170,4.834123222748816
26,f5_wWz4KpP89iiZRleLcs8wCqDFRVwlUQThrYb8UsnrAzXDegFgJ59lB-xeBwt2L4JLEG8H940E-2A,GOLD,GOLD,II,95,ErVerdulero,EUW,EUW1_7860835444,2026-05-21 07:54:17.635000+00:00,420,CLASSIC,35.833333333333336,Kalista,BOTTOM,False,9,12,9,1.5,16201,31794,31957,21,237,6.6139534883720925
26,f5_wWz4KpP89iiZRleLcs8wCqDFRVwlUQThrYb8UsnrAzXDegFgJ59lB-xeBwt2L4JLEG8H940E-2A,GOLD,GOLD,II,95,ErVerdulero,EUW,EUW1_7861787776,2026-05-22 00:03:42.493000+00:00,420,CLASSIC,1.3333333333333333,Kalista,BOTTOM,True,0,0,0,0.0,571,444,599,0,2,1.5
26,f5_wWz4KpP89iiZRleLcs8wCqDFRVwlUQThrYb8UsnrAzXDegFgJ59lB-xeBwt2L4JLEG8H940E-2A,GOLD,GOLD,II,95,ErVerdulero,EUW,EUW1_7861789954,2026-05-22 00:09:16.706000+00:00,420,CLASSIC,24.166666666666668,Ezreal,BOTTOM,True,13,5,8,4.2,13312,24062,21203,6,170,7.0344827586206895
26,f5_wWz4KpP89iiZRleLcs8wCqDFRVwlUQThrYb8UsnrAzXDegFgJ59lB-xeBwt2L4JLEG8H940E-2A,GOLD,GOLD,II,95,ErVerdulero,EUW,EUW1_7862885944,2026-05-23 03:25:39.937000+00:00,420,CLASSIC,29.45,Kalista,BOTTOM,True,19,7,5,3.4285714285714284,19042,38237,31728,22,221,7.504244482173175
26,f5_wWz4KpP89iiZRleLcs8wCqDFRVwlUQThrYb8UsnrAzXDegFgJ59lB-xeBwt2L4JLEG8H940E-2A,GOLD,GOLD,II,95,ErVerdulero,EUW,EUW1_7865880768,2026-05-25 19:37:15.988000+00:00,420,CLASSIC,32.25,Senna,BOTTOM,True,21,7,15,5.142857142857143,21112,51254,29623,27,224,6.945736434108527
26,f5_wWz4KpP89iiZRleLcs8wCqDFRVwlUQThrYb8UsnrAzXDegFgJ59lB-xeBwt2L4JLEG8H940E-2A,GOLD,GOLD,II,95,ErVerdulero,EUW,EUW1_7865950313,2026-05-25 20:24:03.200000+00:00,420,CLASSIC,31.65,Draven,BOTTOM,False,9,12,6,1.25,13012,22426,32343,16,153,4.834123222748816
26,f5_wWz4KpP89iiZRleLcs8wCqDFRVwlUQThrYb8UsnrAzXDegFgJ59lB-xeBwt2L4JLEG8H940E-2A,GOLD,GOLD,II,95,ErVerdulero,EUW,EUW1_7866251924,2026-05-26 05:40:19.433000+00:00,420,CLASSIC,25.366666666666667,Senna,BOTTOM,False,7,7,2,1.2857142857142858,11308,20814,20485,21,151,5.9526938239159
26,f5_wWz4KpP89iiZRleLcs8wCqDFRVwlUQThrYb8UsnrAzXDegFgJ59lB-xeBwt2L4JLEG8H940E-2A,GOLD,GOLD,II,95,ErVerdulero,EUW,EUW1_7866251372,2026-05-26 06:11:26.136000+00:00,420,CLASSIC,23.716666666666665,Senna,BOTTOM,False,2,8,5,0.875,9131,11849,18541,20,142,5.987350667603654
26,f5_wWz4KpP89iiZRleLcs8wCqDFRVwlUQThrYb8UsnrAzXDegFgJ59lB-xeBwt2L4JLEG8H940E-2A,GOLD,GOLD,II,95,ErVerdulero,EUW,EUW1_7868741368,2026-05-28 17:11:37.616000+00:00,420,CLASSIC,39.7,Senna,BOTTOM,True,8,6,16,4.0,18413,45634,30937,37,237,5.969773299748111
26,f5_wWz4KpP89iiZRleLcs8wCqDFRVwlUQThrYb8UsnrAzXDegFgJ59lB-xeBwt2L4JLEG8H940E-2A,GOLD,GOLD,II,95,ErVerdulero,EUW,EUW1_7868837530,2026-05-28 18:22:37.127000+00:00,420,CLASSIC,19.3,Senna,BOTTOM,True,5,3,8,4.333333333333333,8871,15663,13800,10,114,5.9067357512953365
26,f5_wWz4KpP89iiZRleLcs8wCqDFRVwlUQThrYb8UsnrAzXDegFgJ59lB-xeBwt2L4JLEG8H940E-2A,GOLD,GOLD,II,95,ErVerdulero,EUW,EUW1_7868912915,2026-05-28 19:20:33.959000+00:00,420,CLASSIC,29.2,Smolder,TOP,True,12,7,7,2.7142857142857144,15709,51782,26465,21,219,7.5
26,f5_wWz4KpP89iiZRleLcs8wCqDFRVwlUQThrYb8UsnrAzXDegFgJ59lB-xeBwt2L4JLEG8H940E-2A,GOLD,GOLD,II,95,ErVerdulero,EUW,EUW1_7869075206,2026-05-28 21:06:03.361000+00:00,420,CLASSIC,39.516666666666666,Garen,TOP,True,13,12,14,2.25,16995,51567,63662,45,185,4.6815689582454665
26,f5_wWz4KpP89iiZRleLcs8wCqDFRVwlUQThrYb8UsnrAzXDegFgJ59lB-xeBwt2L4JLEG8H940E-2A,GOLD,GOLD,II,95,ErVerdulero,EUW,EUW1_7869474877,2026-05-29 11:26:47.046000+00:00,420,CLASSIC,33.083333333333336,Fiora,TOP,True,7,8,10,2.125,13095,32673,43659,40,203,6.136020151133501
26,f5_wWz4KpP89iiZRleLcs8wCqDFRVwlUQThrYb8UsnrAzXDegFgJ59lB-xeBwt2L4JLEG8H940E-2A,GOLD,GOLD,II,95,ErVerdulero,EUW,EUW1_7869507840,2026-05-29 12:08:06.889000+00:00,420,CLASSIC,25.416666666666668,Smolder,TOP,False,7,9,2,1.0,9811,25693,29659,13,172,6.767213114754098
26,f5_wWz4KpP89iiZRleLcs8wCqDFRVwlUQThrYb8UsnrAzXDegFgJ59lB-xeBwt2L4JLEG8H940E-2A,GOLD,GOLD,II,95,ErVerdulero,EUW,EUW1_7869586809,2026-05-29 13:40:44.674000+00:00,420,CLASSIC,36.733333333333334,Quinn,TOP,False,10,10,10,2.0,13995,34301,38032,41,179,4.872958257713249
26,f5_wWz4KpP89iiZRleLcs8wCqDFRVwlUQThrYb8UsnrAzXDegFgJ59lB-xeBwt2L4JLEG8H940E-2A,GOLD,GOLD,II,95,ErVerdulero,EUW,EUW1_7872873157,2026-06-01 12:15:19.131000+00:00,420,CLASSIC,28.216666666666665,Chogath,TOP,True,10,5,5,3.0,12088,26952,41054,33,139,4.926166568222091
26,f5_wWz4KpP89iiZRleLcs8wCqDFRVwlUQThrYb8UsnrAzXDegFgJ59lB-xeBwt2L4JLEG8H940E-2A,GOLD,GOLD,II,95,ErVerdulero,EUW,EUW1_7873673240,2026-06-01 23:57:25.840000+00:00,420,CLASSIC,35.733333333333334,Chogath,TOP,False,7,11,7,1.2727272727272727,11429,21284,58483,24,118,3.3022388059701493
26,f5_wWz4KpP89iiZRleLcs8wCqDFRVwlUQThrYb8UsnrAzXDegFgJ59lB-xeBwt2L4JLEG8H940E-2A,GOLD,GOLD,II,95,ErVerdulero,EUW,EUW1_7873775822,2026-06-02 07:59:36.866000+00:00,420,CLASSIC,31.5,Fiora,TOP,True,18,4,4,5.5,18963,35896,44197,44,280,8.88888888888889
26,f5_wWz4KpP89iiZRleLcs8wCqDFRVwlUQThrYb8UsnrAzXDegFgJ59lB-xeBwt2L4JLEG8H940E-2A,GOLD,GOLD,II,95,ErVerdulero,EUW,EUW1_7874718880,2026-06-02 23:30:20.056000+00:00,420,CLASSIC,39.516666666666666,Aurora,TOP,True,9,15,16,1.6666666666666667,13331,38659,54486,31,151,3.8211725010544075
26,f5_wWz4KpP89iiZRleLcs8wCqDFRVwlUQThrYb8UsnrAzXDegFgJ59lB-xeBwt2L4JLEG8H940E-2A,GOLD,GOLD,II,95,ErVerdulero,EUW,EUW1_7874950078,2026-06-03 11:48:01.979000+00:00,420,CLASSIC,31.033333333333335,Sylas,MIDDLE,True,26,4,15,10.25,16659,61091,59363,37,137,4.4146079484425345
26,f5_wWz4KpP89iiZRleLcs8wCqDFRVwlUQThrYb8UsnrAzXDegFgJ59lB-xeBwt2L4JLEG8H940E-2A,GOLD,GOLD,II,95,ErVerdulero,EUW,EUW1_7874979112,2026-06-03 12:29:23.605000+00:00,420,CLASSIC,32.8,Vladimir,MIDDLE,True,5,10,13,1.8,10991,30882,41914,27,158,4.817073170731708
26,f5_wWz4KpP89iiZRleLcs8wCqDFRVwlUQThrYb8UsnrAzXDegFgJ59lB-xeBwt2L4JLEG8H940E-2A,GOLD,GOLD,II,95,ErVerdulero,EUW,EUW1_7875012976,2026-06-03 13:11:44.197000+00:00,420,CLASSIC,29.283333333333335,Orianna,MIDDLE,False,8,12,7,1.25,10683,20444,28763,19,160,5.463858850313033
26,f5_wWz4KpP89iiZRleLcs8wCqDFRVwlUQThrYb8UsnrAzXDegFgJ59lB-xeBwt2L4JLEG8H940E-2A,GOLD,GOLD,II,95,ErVerdulero,EUW,EUW1_7876870717,2026-06-04 23:55:53.472000+00:00,420,CLASSIC,23.783333333333335,Senna,BOTTOM,True,14,5,10,4.8,14656,37888,25148,17,183,7.694463910301331
26,f5_wWz4KpP89iiZRleLcs8wCqDFRVwlUQThrYb8UsnrAzXDegFgJ59lB-xeBwt2L4JLEG8H940E-2A,GOLD,GOLD,II,95,ErVerdulero,EUW,EUW1_7879585554,2026-06-07 15:43:09.429000+00:00,420,CLASSIC,33.166666666666664,Smolder,BOTTOM,True,11,6,5,2.6666666666666665,16887,67386,34936,21,262,7.899497487437187
26,f5_wWz4KpP89iiZRleLcs8wCqDFRVwlUQThrYb8UsnrAzXDegFgJ59lB-xeBwt2L4JLEG8H940E-2A,GOLD,GOLD,II,95,ErVerdulero,EUW,EUW1_7880518922,2026-06-08 14:17:33.727000+00:00,420,CLASSIC,33.88333333333333,Senna,BOTTOM,True,6,13,27,2.5384615384615383,15984,39085,31333,21,195,5.755041810132809
26,f5_wWz4KpP89iiZRleLcs8wCqDFRVwlUQThrYb8UsnrAzXDegFgJ59lB-xeBwt2L4JLEG8H940E-2A,GOLD,GOLD,II,95,ErVerdulero,EUW,EUW1_7880556935,2026-06-08 14:56:05.326000+00:00,420,CLASSIC,22.25,Senna,BOTTOM,True,5,2,7,6.0,9886,16981,9616,12,128,5.752808988764045
26,f5_wWz4KpP89iiZRleLcs8wCqDFRVwlUQThrYb8UsnrAzXDegFgJ59lB-xeBwt2L4JLEG8H940E-2A,GOLD,GOLD,II,95,ErVerdulero,EUW,EUW1_7881203101,2026-06-08 23:38:30.089000+00:00,420,CLASSIC,29.35,Senna,BOTTOM,False,5,10,17,2.2,12674,23917,24390,22,154,5.24701873935264
26,f5_wWz4KpP89iiZRleLcs8wCqDFRVwlUQThrYb8UsnrAzXDegFgJ59lB-xeBwt2L4JLEG8H940E-2A,GOLD,GOLD,II,95,ErVerdulero,EUW,EUW1_7881224985,2026-06-09 00:12:56.161000+00:00,420,CLASSIC,28.133333333333333,Senna,BOTTOM,False,4,13,6,0.7692307692307693,9245,20257,26761,15,107,3.8033175355450237
26,f5_wWz4KpP89iiZRleLcs8wCqDFRVwlUQThrYb8UsnrAzXDegFgJ59lB-xeBwt2L4JLEG8H940E-2A,GOLD,GOLD,II,95,ErVerdulero,EUW,EUW1_7881241628,2026-06-09 00:52:29.328000+00:00,420,CLASSIC,29.016666666666666,Senna,TOP,True,13,7,8,3.0,14960,27101,27586,32,175,6.031016657093624
26,f5_wWz4KpP89iiZRleLcs8wCqDFRVwlUQThrYb8UsnrAzXDegFgJ59lB-xeBwt2L4JLEG8H940E-2A,GOLD,GOLD,II,95,ErVerdulero,EUW,EUW1_7881526435,2026-06-09 14:00:00.259000+00:00,420,CLASSIC,40.75,Teemo,TOP,False,13,14,13,1.8571428571428572,18365,56850,52466,41,174,4.269938650306749
26,f5_wWz4KpP89iiZRleLcs8wCqDFRVwlUQThrYb8UsnrAzXDegFgJ59lB-xeBwt2L4JLEG8H940E-2A,GOLD,GOLD,II,95,ErVerdulero,EUW,EUW1_7881568288,2026-06-09 14:47:46.791000+00:00,420,CLASSIC,15.483333333333333,Smolder,TOP,True,2,3,1,1.0,5823,12406,8958,14,121,7.814854682454253
26,f5_wWz4KpP89iiZRleLcs8wCqDFRVwlUQThrYb8UsnrAzXDegFgJ59lB-xeBwt2L4JLEG8H940E-2A,GOLD,GOLD,II,95,ErVerdulero,EUW,EUW1_7881731164,2026-06-09 17:14:49.566000+00:00,420,CLASSIC,31.266666666666666,Teemo,TOP,True,23,7,4,3.857142857142857,17998,51887,30942,33,214,6.844349680170576
26,f5_wWz4KpP89iiZRleLcs8wCqDFRVwlUQThrYb8UsnrAzXDegFgJ59lB-xeBwt2L4JLEG8H940E-2A,GOLD,GOLD,II,95,ErVerdulero,EUW,EUW1_7882478763,2026-06-10 12:31:29.157000+00:00,420,CLASSIC,34.016666666666666,Teemo,TOP,False,8,13,10,1.3846153846153846,14871,46121,42462,21,207,6.085252327290544
26,f5_wWz4KpP89iiZRleLcs8wCqDFRVwlUQThrYb8UsnrAzXDegFgJ59lB-xeBwt2L4JLEG8H940E-2A,GOLD,GOLD,II,95,ErVerdulero,EUW,EUW1_7883312170,2026-06-10 23:40:26.415000+00:00,420,CLASSIC,30.666666666666668,Teemo,TOP,True,8,7,4,1.7142857142857142,13280,28394,21921,35,222,7.239130434782608
26,f5_wWz4KpP89iiZRleLcs8wCqDFRVwlUQThrYb8UsnrAzXDegFgJ59lB-xeBwt2L4JLEG8H940E-2A,GOLD,GOLD,II,95,ErVerdulero,EUW,EUW1_7885544833,2026-06-12 23:52:34.284000+00:00,420,CLASSIC,29.283333333333335,Fiora,TOP,True,9,5,11,4.0,14899,21617,36685,23,216,7.376209447922595
26,f5_wWz4KpP89iiZRleLcs8wCqDFRVwlUQThrYb8UsnrAzXDegFgJ59lB-xeBwt2L4JLEG8H940E-2A,GOLD,GOLD,II,95,ErVerdulero,EUW,EUW1_7886686307,2026-06-13 23:40:03.235000+00:00,420,CLASSIC,29.533333333333335,Riven,TOP,False,7,13,8,1.1538461538461537,10838,24661,41308,17,135,4.571106094808126
26,f5_wWz4KpP89iiZRleLcs8wCqDFRVwlUQThrYb8UsnrAzXDegFgJ59lB-xeBwt2L4JLEG8H940E-2A,GOLD,GOLD,II,95,ErVerdulero,EUW,EUW1_7888028621,2026-06-15 07:43:30.456000+00:00,420,CLASSIC,27.466666666666665,Darius,TOP,False,9,9,4,1.4444444444444444,11340,29831,35466,26,175,6.3713592233009715
26,f5_wWz4KpP89iiZRleLcs8wCqDFRVwlUQThrYb8UsnrAzXDegFgJ59lB-xeBwt2L4JLEG8H940E-2A,GOLD,GOLD,II,95,ErVerdulero,EUW,EUW1_7888038744,2026-06-15 08:22:42.046000+00:00,420,CLASSIC,31.966666666666665,Teemo,TOP,True,10,10,12,2.2,13953,50888,35690,30,188,5.881126173096976
26,f5_wWz4KpP89iiZRleLcs8wCqDFRVwlUQThrYb8UsnrAzXDegFgJ59lB-xeBwt2L4JLEG8H940E-2A,GOLD,GOLD,II,95,ErVerdulero,EUW,EUW1_7888053136,2026-06-15 09:06:07.821000+00:00,420,CLASSIC,38.28333333333333,Chogath,TOP,True,10,14,13,1.6428571428571428,14046,34108,78430,31,158,4.12712233347845
26,f5_wWz4KpP89iiZRleLcs8wCqDFRVwlUQThrYb8UsnrAzXDegFgJ59lB-xeBwt2L4JLEG8H940E-2A,GOLD,GOLD,II,95,ErVerdulero,EUW,EUW1_7889943285,2026-06-16 22:44:19.813000+00:00,420,CLASSIC,37.233333333333334,Sylas,MIDDLE,False,16,15,11,1.8,14822,51677,71404,21,122,3.2766338406445836
26,f5_wWz4KpP89iiZRleLcs8wCqDFRVwlUQThrYb8UsnrAzXDegFgJ59lB-xeBwt2L4JLEG8H940E-2A,GOLD,GOLD,II,95,ErVerdulero,EUW,EUW1_7891115658,2026-06-18 08:32:26.882000+00:00,420,CLASSIC,35.5,Sylas,MIDDLE,True,11,11,16,2.4545454545454546,11567,29088,54248,24,85,2.3943661971830985
26,f5_wWz4KpP89iiZRleLcs8wCqDFRVwlUQThrYb8UsnrAzXDegFgJ59lB-xeBwt2L4JLEG8H940E-2A,GOLD,GOLD,II,95,ErVerdulero,EUW,EUW1_7892069725,2026-06-19 01:34:50.697000+00:00,420,CLASSIC,38.7,Sylas,MIDDLE,False,17,11,11,2.5454545454545454,13976,47576,66950,39,111,2.8682170542635657
26,f5_wWz4KpP89iiZRleLcs8wCqDFRVwlUQThrYb8UsnrAzXDegFgJ59lB-xeBwt2L4JLEG8H940E-2A,GOLD,GOLD,II,95,ErVerdulero,EUW,EUW1_7892261742,2026-06-19 11:43:22.054000+00:00,420,CLASSIC,23.866666666666667,Sylas,MIDDLE,True,26,2,6,16.0,13530,38609,34114,20,122,5.111731843575419
26,f5_wWz4KpP89iiZRleLcs8wCqDFRVwlUQThrYb8UsnrAzXDegFgJ59lB-xeBwt2L4JLEG8H940E-2A,GOLD,GOLD,II,95,ErVerdulero,EUW,EUW1_7892985910,2026-06-19 22:40:16.170000+00:00,420,CLASSIC,21.716666666666665,Viktor,MIDDLE,True,4,5,11,3.0,8228,18022,14999,6,129,5.940138142747506
26,f5_wWz4KpP89iiZRleLcs8wCqDFRVwlUQThrYb8UsnrAzXDegFgJ59lB-xeBwt2L4JLEG8H940E-2A,GOLD,GOLD,II,95,ErVerdulero,EUW,EUW1_7893015006,2026-06-19 23:10:04.060000+00:00,420,CLASSIC,18.65,Gwen,MIDDLE,False,2,9,2,0.4444444444444444,5732,9441,18296,11,94,5.040214477211797
26,f5_wWz4KpP89iiZRleLcs8wCqDFRVwlUQThrYb8UsnrAzXDegFgJ59lB-xeBwt2L4JLEG8H940E-2A,GOLD,GOLD,II,95,ErVerdulero,EUW,EUW1_7896422959,2026-06-23 08:37:23.875000+00:00,420,CLASSIC,40.21666666666667,Ekko,MIDDLE,True,14,12,10,2.0,16144,53475,47897,46,191,4.749274761707418
26,f5_wWz4KpP89iiZRleLcs8wCqDFRVwlUQThrYb8UsnrAzXDegFgJ59lB-xeBwt2L4JLEG8H940E-2A,GOLD,GOLD,II,95,ErVerdulero,EUW,EUW1_7896507903,2026-06-23 11:11:58.207000+00:00,420,CLASSIC,54.0,Sylas,MIDDLE,True,28,12,10,3.1666666666666665,23093,67927,96297,52,185,3.425925925925926
26,f5_wWz4KpP89iiZRleLcs8wCqDFRVwlUQThrYb8UsnrAzXDegFgJ59lB-xeBwt2L4JLEG8H940E-2A,GOLD,GOLD,II,95,ErVerdulero,EUW,EUW1_7898657525,2026-06-25 09:39:54.642000+00:00,420,CLASSIC,15.416666666666666,Ekko,MIDDLE,False,4,6,2,1.0,6056,11296,14349,3,83,5.383783783783784
26,f5_wWz4KpP89iiZRleLcs8wCqDFRVwlUQThrYb8UsnrAzXDegFgJ59lB-xeBwt2L4JLEG8H940E-2A,GOLD,GOLD,II,95,ErVerdulero,EUW,EUW1_7899700726,2026-06-26 06:58:34.963000+00:00,420,CLASSIC,27.35,Sylas,MIDDLE,False,6,9,3,1.0,9760,27585,44809,19,146,5.338208409506398
26,f5_wWz4KpP89iiZRleLcs8wCqDFRVwlUQThrYb8UsnrAzXDegFgJ59lB-xeBwt2L4JLEG8H940E-2A,GOLD,GOLD,II,95,ErVerdulero,EUW,EUW1_7899794408,2026-06-26 10:35:20.555000+00:00,420,CLASSIC,28.65,Kalista,BOTTOM,True,21,8,9,3.75,19968,60025,33580,17,228,7.958115183246074
26,f5_wWz4KpP89iiZRleLcs8wCqDFRVwlUQThrYb8UsnrAzXDegFgJ59lB-xeBwt2L4JLEG8H940E-2A,GOLD,GOLD,II,95,ErVerdulero,EUW,EUW1_7902049786,2026-06-28 11:06:31.921000+00:00,420,CLASSIC,34.15,Kalista,BOTTOM,False,19,11,2,1.9090909090909092,19017,56089,41624,34,228,6.676427525622255
26,f5_wWz4KpP89iiZRleLcs8wCqDFRVwlUQThrYb8UsnrAzXDegFgJ59lB-xeBwt2L4JLEG8H940E-2A,GOLD,GOLD,II,95,ErVerdulero,EUW,EUW1_7902129028,2026-06-28 12:28:21.357000+00:00,420,CLASSIC,38.86666666666667,Kalista,TOP,True,13,10,8,2.1,19836,42762,43901,46,299,7.692967409948542
26,f5_wWz4KpP89iiZRleLcs8wCqDFRVwlUQThrYb8UsnrAzXDegFgJ59lB-xeBwt2L4JLEG8H940E-2A,GOLD,GOLD,II,95,ErVerdulero,EUW,EUW1_7902182030,2026-06-28 13:13:11.162000+00:00,420,CLASSIC,32.18333333333333,Renekton,TOP,False,9,11,6,1.3636363636363635,12990,31680,47689,29,165,5.126877265665459
26,f5_wWz4KpP89iiZRleLcs8wCqDFRVwlUQThrYb8UsnrAzXDegFgJ59lB-xeBwt2L4JLEG8H940E-2A,GOLD,GOLD,II,95,ErVerdulero,EUW,EUW1_7902979699,2026-06-28 23:07:22.739000+00:00,420,CLASSIC,26.066666666666666,Darius,TOP,False,3,10,2,0.5,8283,15759,26846,19,140,5.370843989769821
26,f5_wWz4KpP89iiZRleLcs8wCqDFRVwlUQThrYb8UsnrAzXDegFgJ59lB-xeBwt2L4JLEG8H940E-2A,GOLD,GOLD,II,95,ErVerdulero,EUW,EUW1_7903160673,2026-06-29 09:40:45.825000+00:00,420,CLASSIC,27.333333333333332,Garen,TOP,False,5,7,2,1.0,9395,17655,30022,16,174,6.365853658536586
26,f5_wWz4KpP89iiZRleLcs8wCqDFRVwlUQThrYb8UsnrAzXDegFgJ59lB-xeBwt2L4JLEG8H940E-2A,GOLD,GOLD,II,95,ErVerdulero,EUW,EUW1_7903216983,2026-06-29 11:22:22.094000+00:00,420,CLASSIC,29.316666666666666,Kalista,BOTTOM,False,15,8,5,2.5,16951,28722,25478,35,232,7.913587265491757
26,f5_wWz4KpP89iiZRleLcs8wCqDFRVwlUQThrYb8UsnrAzXDegFgJ59lB-xeBwt2L4JLEG8H940E-2A,GOLD,GOLD,II,95,ErVerdulero,EUW,EUW1_7904489264,2026-06-30 16:17:16.729000+00:00,420,CLASSIC,30.616666666666667,Kalista,BOTTOM,True,10,13,7,1.3076923076923077,14726,26161,30605,28,200,6.5323897659227
26,f5_wWz4KpP89iiZRleLcs8wCqDFRVwlUQThrYb8UsnrAzXDegFgJ59lB-xeBwt2L4JLEG8H940E-2A,GOLD,GOLD,II,95,ErVerdulero,EUW,EUW1_7906198705,2026-07-02 10:33:13.150000+00:00,420,CLASSIC,32.28333333333333,Kalista,TOP,False,11,11,6,1.5454545454545454,14293,33970,36733,39,173,5.35880227155395
26,f5_wWz4KpP89iiZRleLcs8wCqDFRVwlUQThrYb8UsnrAzXDegFgJ59lB-xeBwt2L4JLEG8H940E-2A,GOLD,GOLD,II,95,ErVerdulero,EUW,EUW1_7911281007,2026-07-07 10:01:40.280000+00:00,420,CLASSIC,30.133333333333333,Garen,TOP,False,13,8,2,1.875,13310,37354,45418,30,193,6.404867256637168
26,f5_wWz4KpP89iiZRleLcs8wCqDFRVwlUQThrYb8UsnrAzXDegFgJ59lB-xeBwt2L4JLEG8H940E-2A,GOLD,GOLD,II,95,ErVerdulero,EUW,EUW1_7911318133,2026-07-07 11:11:11.407000+00:00,420,CLASSIC,24.75,Teemo,TOP,False,3,8,4,0.875,8617,21246,23220,18,149,6.02020202020202
26,f5_wWz4KpP89iiZRleLcs8wCqDFRVwlUQThrYb8UsnrAzXDegFgJ59lB-xeBwt2L4JLEG8H940E-2A,GOLD,GOLD,II,95,ErVerdulero,EUW,EUW1_7913945114,2026-07-09 22:42:03.604000+00:00,420,CLASSIC,31.4,Kalista,TOP,True,6,9,2,0.8888888888888888,12371,31110,23819,26,204,6.496815286624204
26,f5_wWz4KpP89iiZRleLcs8wCqDFRVwlUQThrYb8UsnrAzXDegFgJ59lB-xeBwt2L4JLEG8H940E-2A,GOLD,GOLD,II,95,ErVerdulero,EUW,EUW1_7914118334,2026-07-10 08:56:16.343000+00:00,420,CLASSIC,29.25,Gangplank,TOP,False,1,11,7,0.7272727272727273,8644,18510,31453,6,117,4.0
26,f5_wWz4KpP89iiZRleLcs8wCqDFRVwlUQThrYb8UsnrAzXDegFgJ59lB-xeBwt2L4JLEG8H940E-2A,GOLD,GOLD,II,95,ErVerdulero,EUW,EUW1_7914173807,2026-07-10 10:44:30.868000+00:00,420,CLASSIC,26.7,Aurora,TOP,True,3,5,6,1.8,8783,16805,28331,8,150,5.617977528089888
26,f5_wWz4KpP89iiZRleLcs8wCqDFRVwlUQThrYb8UsnrAzXDegFgJ59lB-xeBwt2L4JLEG8H940E-2A,GOLD,GOLD,II,95,ErVerdulero,EUW,EUW1_7917060252,2026-07-13 06:00:53.553000+00:00,420,CLASSIC,23.033333333333335,Sylas,TOP,False,9,3,7,5.333333333333333,10130,20063,27022,22,124,5.383502170767004
26,f5_wWz4KpP89iiZRleLcs8wCqDFRVwlUQThrYb8UsnrAzXDegFgJ59lB-xeBwt2L4JLEG8H940E-2A,GOLD,GOLD,II,95,ErVerdulero,EUW,EUW1_7917087635,2026-07-13 07:50:07.247000+00:00,420,CLASSIC,28.55,Garen,TOP,True,10,7,5,2.142857142857143,12923,33100,41025,30,192,6.725043782837128
26,f5_wWz4KpP89iiZRleLcs8wCqDFRVwlUQThrYb8UsnrAzXDegFgJ59lB-xeBwt2L4JLEG8H940E-2A,GOLD,GOLD,II,95,ErVerdulero,EUW,EUW1_7918088231,2026-07-14 08:19:29.275000+00:00,420,CLASSIC,27.45,TahmKench,TOP,True,14,7,11,3.5714285714285716,12800,40835,49221,13,116,4.225865209471767
26,f5_wWz4KpP89iiZRleLcs8wCqDFRVwlUQThrYb8UsnrAzXDegFgJ59lB-xeBwt2L4JLEG8H940E-2A,GOLD,GOLD,II,95,ErVerdulero,EUW,EUW1_7918109525,2026-07-14 08:52:45.898000+00:00,420,CLASSIC,27.366666666666667,TahmKench,TOP,False,8,9,5,1.4444444444444444,10154,28248,42573,16,99,3.617539585870889
26,f5_wWz4KpP89iiZRleLcs8wCqDFRVwlUQThrYb8UsnrAzXDegFgJ59lB-xeBwt2L4JLEG8H940E-2A,GOLD,GOLD,II,95,ErVerdulero,EUW,EUW1_7919026586,2026-07-15 06:42:41.937000+00:00,420,CLASSIC,44.56666666666667,Aurora,TOP,True,14,14,10,1.7142857142857142,20396,62454,61841,42,289,6.484667165295437
26,f5_wWz4KpP89iiZRleLcs8wCqDFRVwlUQThrYb8UsnrAzXDegFgJ59lB-xeBwt2L4JLEG8H940E-2A,GOLD,GOLD,II,95,ErVerdulero,EUW,EUW1_7919963470,2026-07-16 06:36:16.890000+00:00,420,CLASSIC,24.783333333333335,Sylas,TOP,True,14,3,7,7.0,11515,26655,37892,17,136,5.487558843308674
26,f5_wWz4KpP89iiZRleLcs8wCqDFRVwlUQThrYb8UsnrAzXDegFgJ59lB-xeBwt2L4JLEG8H940E-2A,GOLD,GOLD,II,95,ErVerdulero,EUW,EUW1_7919967539,2026-07-16 07:10:23.471000+00:00,420,CLASSIC,7.1,Urgot,TOP,True,0,1,0,0.0,2101,1429,2845,0,47,6.619718309859155
26,f5_wWz4KpP89iiZRleLcs8wCqDFRVwlUQThrYb8UsnrAzXDegFgJ59lB-xeBwt2L4JLEG8H940E-2A,GOLD,GOLD,II,95,ErVerdulero,EUW,EUW1_7919979771,2026-07-16 08:06:32.693000+00:00,420,CLASSIC,39.81666666666667,TahmKench,TOP,True,11,8,15,3.25,14267,41941,73513,28,141,3.5412306404353284
26,f5_wWz4KpP89iiZRleLcs8wCqDFRVwlUQThrYb8UsnrAzXDegFgJ59lB-xeBwt2L4JLEG8H940E-2A,GOLD,GOLD,II,95,ErVerdulero,EUW,EUW1_7928091330,2026-07-24 09:45:21.628000+00:00,420,CLASSIC,32.233333333333334,Smolder,TOP,False,5,12,4,0.75,11214,29778,31964,36,192,5.956566701137539
26,f5_wWz4KpP89iiZRleLcs8wCqDFRVwlUQThrYb8UsnrAzXDegFgJ59lB-xeBwt2L4JLEG8H940E-2A,GOLD,GOLD,II,95,ErVerdulero,EUW,EUW1_7936585899,2026-08-01 11:18:12.757000+00:00,420,CLASSIC,30.583333333333332,Garen,TOP,False,10,8,9,2.375,13687,25772,40164,30,175,5.722070844686649
26,f5_wWz4KpP89iiZRleLcs8wCqDFRVwlUQThrYb8UsnrAzXDegFgJ59lB-xeBwt2L4JLEG8H940E-2A,GOLD,GOLD,II,95,ErVerdulero,EUW,EUW1_7936625570,2026-08-01 11:56:54.597000+00:00,420,CLASSIC,42.28333333333333,Sylas,TOP,True,6,16,8,0.875,12326,31162,66495,26,144,3.405597162002365
27,an8TEdjNJUm09qqnxIZtlqWaYilrgRa6wXnsDi51T2r4LKQAZTb_NHT0m4cYWAvn6pC3giRaX8rtUg,GOLD,GOLD,III,52,JHlNlUS,4514,EUW1_7847730267,2026-05-09 15:06:07.898000+00:00,420,CLASSIC,30.9,Renekton,TOP,True,6,4,3,2.25,12808,27035,41204,29,258,8.349514563106796
27,an8TEdjNJUm09qqnxIZtlqWaYilrgRa6wXnsDi51T2r4LKQAZTb_NHT0m4cYWAvn6pC3giRaX8rtUg,GOLD,GOLD,III,52,JHlNlUS,4514,EUW1_7848654665,2026-05-10 11:14:34.132000+00:00,420,CLASSIC,32.233333333333334,Illaoi,TOP,False,6,6,3,1.5,15006,41062,44524,22,308,9.555325749741469
27,an8TEdjNJUm09qqnxIZtlqWaYilrgRa6wXnsDi51T2r4LKQAZTb_NHT0m4cYWAvn6pC3giRaX8rtUg,GOLD,GOLD,III,52,JHlNlUS,4514,EUW1_7850394204,2026-05-11 19:52:30.520000+00:00,420,CLASSIC,32.8,Illaoi,TOP,True,14,6,7,3.5,19477,53148,60961,32,311,9.481707317073171
27,an8TEdjNJUm09qqnxIZtlqWaYilrgRa6wXnsDi51T2r4LKQAZTb_NHT0m4cYWAvn6pC3giRaX8rtUg,GOLD,GOLD,III,52,JHlNlUS,4514,EUW1_7850972939,2026-05-12 13:19:23.016000+00:00,420,CLASSIC,24.9,Illaoi,TOP,True,10,7,0,1.4285714285714286,12853,29569,32922,17,221,8.875502008032129
27,an8TEdjNJUm09qqnxIZtlqWaYilrgRa6wXnsDi51T2r4LKQAZTb_NHT0m4cYWAvn6pC3giRaX8rtUg,GOLD,GOLD,III,52,JHlNlUS,4514,EUW1_7852512605,2026-05-13 19:42:55.467000+00:00,420,CLASSIC,34.75,Illaoi,TOP,False,2,11,4,0.5454545454545454,13605,19791,40279,33,294,8.46043165467626
27,an8TEdjNJUm09qqnxIZtlqWaYilrgRa6wXnsDi51T2r4LKQAZTb_NHT0m4cYWAvn6pC3giRaX8rtUg,GOLD,GOLD,III,52,JHlNlUS,4514,EUW1_7853053700,2026-05-14 09:51:58.298000+00:00,420,CLASSIC,30.433333333333334,Sett,TOP,True,3,7,3,0.8571428571428571,10701,12658,32388,19,193,6.341730558598028
27,an8TEdjNJUm09qqnxIZtlqWaYilrgRa6wXnsDi51T2r4LKQAZTb_NHT0m4cYWAvn6pC3giRaX8rtUg,GOLD,GOLD,III,52,JHlNlUS,4514,EUW1_7855399233,2026-05-16 09:23:06.089000+00:00,420,CLASSIC,25.283333333333335,Illaoi,TOP,True,8,6,2,1.6666666666666667,11861,16278,28889,17,208,8.226763348714568
27,an8TEdjNJUm09qqnxIZtlqWaYilrgRa6wXnsDi51T2r4LKQAZTb_NHT0m4cYWAvn6pC3giRaX8rtUg,GOLD,GOLD,III,52,JHlNlUS,4514,EUW1_7856588736,2026-05-17 09:41:10.436000+00:00,420,CLASSIC,39.6,Illaoi,TOP,False,9,8,3,1.5,19743,38601,57769,24,392,9.898989898989898
27,an8TEdjNJUm09qqnxIZtlqWaYilrgRa6wXnsDi51T2r4LKQAZTb_NHT0m4cYWAvn6pC3giRaX8rtUg,GOLD,GOLD,III,52,JHlNlUS,4514,EUW1_7858383499,2026-05-18 19:31:52.797000+00:00,420,CLASSIC,35.06666666666667,Illaoi,TOP,True,12,5,5,3.4,20188,65855,68458,33,385,10.979087452471482
27,an8TEdjNJUm09qqnxIZtlqWaYilrgRa6wXnsDi51T2r4LKQAZTb_NHT0m4cYWAvn6pC3giRaX8rtUg,GOLD,GOLD,III,52,JHlNlUS,4514,EUW1_7861152204,2026-05-21 15:06:03.500000+00:00,420,CLASSIC,32.53333333333333,Jax,TOP,True,7,8,4,1.375,14197,26061,33852,35,246,7.561475409836066
27,an8TEdjNJUm09qqnxIZtlqWaYilrgRa6wXnsDi51T2r4LKQAZTb_NHT0m4cYWAvn6pC3giRaX8rtUg,GOLD,GOLD,III,52,JHlNlUS,4514,EUW1_7862435823,2026-05-22 19:01:08.573000+00:00,420,CLASSIC,33.55,Illaoi,TOP,False,6,7,2,1.1428571428571428,15373,62709,66489,27,352,10.491803278688526
27,an8TEdjNJUm09qqnxIZtlqWaYilrgRa6wXnsDi51T2r4LKQAZTb_NHT0m4cYWAvn6pC3giRaX8rtUg,GOLD,GOLD,III,52,JHlNlUS,4514,EUW1_7867787800,2026-05-27 18:02:50.675000+00:00,420,CLASSIC,24.7,Illaoi,TOP,True,2,4,5,1.75,12116,18559,25515,15,215,8.704453441295547
27,an8TEdjNJUm09qqnxIZtlqWaYilrgRa6wXnsDi51T2r4LKQAZTb_NHT0m4cYWAvn6pC3giRaX8rtUg,GOLD,GOLD,III,52,JHlNlUS,4514,EUW1_7873801093,2026-06-02 09:06:50.760000+00:00,420,CLASSIC,28.883333333333333,Aatrox,TOP,False,1,11,4,0.45454545454545453,9601,13381,31434,19,186,6.4396999422965955
27,an8TEdjNJUm09qqnxIZtlqWaYilrgRa6wXnsDi51T2r4LKQAZTb_NHT0m4cYWAvn6pC3giRaX8rtUg,GOLD,GOLD,III,52,JHlNlUS,4514,EUW1_7878155823,2026-06-06 10:48:12.858000+00:00,420,CLASSIC,16.533333333333335,Fiora,TOP,False,1,1,1,2.0,5721,9078,12232,9,114,6.89516129032258
27,an8TEdjNJUm09qqnxIZtlqWaYilrgRa6wXnsDi51T2r4LKQAZTb_NHT0m4cYWAvn6pC3giRaX8rtUg,GOLD,GOLD,III,52,JHlNlUS,4514,EUW1_7878390953,2026-06-06 14:55:03.501000+00:00,420,CLASSIC,37.7,Jhin,BOTTOM,False,11,8,20,3.875,19118,43589,36854,32,306,8.116710875331565
27,an8TEdjNJUm09qqnxIZtlqWaYilrgRa6wXnsDi51T2r4LKQAZTb_NHT0m4cYWAvn6pC3giRaX8rtUg,GOLD,GOLD,III,52,JHlNlUS,4514,EUW1_7879208674,2026-06-07 09:42:12.732000+00:00,420,CLASSIC,29.266666666666666,Illaoi,TOP,False,8,4,2,2.5,14859,35521,49022,20,287,9.806378132118452
27,an8TEdjNJUm09qqnxIZtlqWaYilrgRa6wXnsDi51T2r4LKQAZTb_NHT0m4cYWAvn6pC3giRaX8rtUg,GOLD,GOLD,III,52,JHlNlUS,4514,EUW1_7879483387,2026-06-07 14:27:05.766000+00:00,420,CLASSIC,26.566666666666666,Fizz,MIDDLE,True,10,2,7,8.5,12260,23068,14398,22,200,7.52823086574655
27,an8TEdjNJUm09qqnxIZtlqWaYilrgRa6wXnsDi51T2r4LKQAZTb_NHT0m4cYWAvn6pC3giRaX8rtUg,GOLD,GOLD,III,52,JHlNlUS,4514,EUW1_7879735975,2026-06-07 17:46:27.990000+00:00,420,CLASSIC,1.1666666666666667,Diana,MIDDLE,True,0,0,0,0.0,550,185,50,0,2,1.7142857142857142
27,an8TEdjNJUm09qqnxIZtlqWaYilrgRa6wXnsDi51T2r4LKQAZTb_NHT0m4cYWAvn6pC3giRaX8rtUg,GOLD,GOLD,III,52,JHlNlUS,4514,EUW1_7880669486,2026-06-08 16:38:19.027000+00:00,420,CLASSIC,32.86666666666667,Akali,MIDDLE,False,2,10,7,0.9,9202,18623,31129,17,169,5.141987829614604
27,an8TEdjNJUm09qqnxIZtlqWaYilrgRa6wXnsDi51T2r4LKQAZTb_NHT0m4cYWAvn6pC3giRaX8rtUg,GOLD,GOLD,III,52,JHlNlUS,4514,EUW1_7883590487,2026-06-11 12:08:14.633000+00:00,420,CLASSIC,36.55,Illaoi,TOP,True,10,10,4,1.4,17152,52680,65084,29,293,8.016415868673052
27,an8TEdjNJUm09qqnxIZtlqWaYilrgRa6wXnsDi51T2r4LKQAZTb_NHT0m4cYWAvn6pC3giRaX8rtUg,GOLD,GOLD,III,52,JHlNlUS,4514,EUW1_7885028833,2026-06-12 17:31:01.609000+00:00,420,CLASSIC,15.25,Malphite,TOP,False,0,2,4,2.0,4711,5598,7860,1,83,5.442622950819672
27,an8TEdjNJUm09qqnxIZtlqWaYilrgRa6wXnsDi51T2r4LKQAZTb_NHT0m4cYWAvn6pC3giRaX8rtUg,GOLD,GOLD,III,52,JHlNlUS,4514,EUW1_7885050184,2026-06-12 17:50:51.467000+00:00,420,CLASSIC,25.016666666666666,Jayce,TOP,False,1,5,2,0.6,7589,9985,19527,4,155,6.195869420386409
27,an8TEdjNJUm09qqnxIZtlqWaYilrgRa6wXnsDi51T2r4LKQAZTb_NHT0m4cYWAvn6pC3giRaX8rtUg,GOLD,GOLD,III,52,JHlNlUS,4514,EUW1_7885094674,2026-06-12 18:20:05.296000+00:00,420,CLASSIC,15.833333333333334,Pantheon,TOP,False,0,5,0,0.0,3156,1639,7088,1,40,2.526315789473684
27,an8TEdjNJUm09qqnxIZtlqWaYilrgRa6wXnsDi51T2r4LKQAZTb_NHT0m4cYWAvn6pC3giRaX8rtUg,GOLD,GOLD,III,52,JHlNlUS,4514,EUW1_7885120261,2026-06-12 18:45:07.720000+00:00,420,CLASSIC,25.766666666666666,Rumble,TOP,False,2,6,1,0.5,7150,9120,22556,10,128,4.967658473479949
27,an8TEdjNJUm09qqnxIZtlqWaYilrgRa6wXnsDi51T2r4LKQAZTb_NHT0m4cYWAvn6pC3giRaX8rtUg,GOLD,GOLD,III,52,JHlNlUS,4514,EUW1_7885160422,2026-06-12 19:15:15.023000+00:00,420,CLASSIC,33.333333333333336,Vi,JUNGLE,True,7,6,6,2.1666666666666665,13742,12338,37654,28,172,5.159999999999999
27,an8TEdjNJUm09qqnxIZtlqWaYilrgRa6wXnsDi51T2r4LKQAZTb_NHT0m4cYWAvn6pC3giRaX8rtUg,GOLD,GOLD,III,52,JHlNlUS,4514,EUW1_7885491426,2026-06-12 23:03:24.502000+00:00,420,CLASSIC,13.033333333333333,Jhin,BOTTOM,False,1,2,2,1.5,3307,1619,3410,0,44,3.3759590792838874
27,an8TEdjNJUm09qqnxIZtlqWaYilrgRa6wXnsDi51T2r4LKQAZTb_NHT0m4cYWAvn6pC3giRaX8rtUg,GOLD,GOLD,III,52,JHlNlUS,4514,EUW1_7885921507,2026-06-13 13:07:28.857000+00:00,420,CLASSIC,30.05,MissFortune,BOTTOM,False,8,10,4,1.2,12465,18130,25205,21,168,5.590682196339434
27,an8TEdjNJUm09qqnxIZtlqWaYilrgRa6wXnsDi51T2r4LKQAZTb_NHT0m4cYWAvn6pC3giRaX8rtUg,GOLD,GOLD,III,52,JHlNlUS,4514,EUW1_7885961315,2026-06-13 13:52:25.049000+00:00,420,CLASSIC,32.733333333333334,Nocturne,JUNGLE,False,1,7,2,0.42857142857142855,8293,5437,29948,20,112,3.421588594704684
27,an8TEdjNJUm09qqnxIZtlqWaYilrgRa6wXnsDi51T2r4LKQAZTb_NHT0m4cYWAvn6pC3giRaX8rtUg,GOLD,GOLD,III,52,JHlNlUS,4514,EUW1_7891732295,2026-06-18 19:43:27.351000+00:00,420,CLASSIC,35.28333333333333,Yasuo,MIDDLE,False,3,12,4,0.5833333333333334,12390,20989,41944,27,267,7.567312234293812
27,an8TEdjNJUm09qqnxIZtlqWaYilrgRa6wXnsDi51T2r4LKQAZTb_NHT0m4cYWAvn6pC3giRaX8rtUg,GOLD,GOLD,III,52,JHlNlUS,4514,EUW1_7893243459,2026-06-20 09:53:43.908000+00:00,420,CLASSIC,33.53333333333333,Illaoi,TOP,False,10,7,2,1.7142857142857142,18503,59587,66803,32,315,9.393638170974155
27,an8TEdjNJUm09qqnxIZtlqWaYilrgRa6wXnsDi51T2r4LKQAZTb_NHT0m4cYWAvn6pC3giRaX8rtUg,GOLD,GOLD,III,52,JHlNlUS,4514,EUW1_7894362638,2026-06-21 10:44:05.413000+00:00,420,CLASSIC,15.683333333333334,Illaoi,TOP,False,0,3,1,0.3333333333333333,4472,3742,9519,7,100,6.376195536663125
27,an8TEdjNJUm09qqnxIZtlqWaYilrgRa6wXnsDi51T2r4LKQAZTb_NHT0m4cYWAvn6pC3giRaX8rtUg,GOLD,GOLD,III,52,JHlNlUS,4514,EUW1_7895425897,2026-06-22 09:14:01.338000+00:00,420,CLASSIC,35.06666666666667,MissFortune,BOTTOM,False,5,7,12,2.4285714285714284,17698,22209,19890,29,263,7.499999999999999
27,an8TEdjNJUm09qqnxIZtlqWaYilrgRa6wXnsDi51T2r4LKQAZTb_NHT0m4cYWAvn6pC3giRaX8rtUg,GOLD,GOLD,III,52,JHlNlUS,4514,EUW1_7896454365,2026-06-23 09:50:41.460000+00:00,420,CLASSIC,28.45,Gangplank,TOP,True,10,6,7,2.8333333333333335,15327,26465,25102,20,235,8.260105448154658
27,an8TEdjNJUm09qqnxIZtlqWaYilrgRa6wXnsDi51T2r4LKQAZTb_NHT0m4cYWAvn6pC3giRaX8rtUg,GOLD,GOLD,III,52,JHlNlUS,4514,EUW1_7896853463,2026-06-23 17:22:37.092000+00:00,420,CLASSIC,15.4,Ekko,MIDDLE,False,2,3,0,0.6666666666666666,5970,5001,8762,8,123,7.987012987012987
27,an8TEdjNJUm09qqnxIZtlqWaYilrgRa6wXnsDi51T2r4LKQAZTb_NHT0m4cYWAvn6pC3giRaX8rtUg,GOLD,GOLD,III,52,JHlNlUS,4514,EUW1_7897488779,2026-06-24 10:16:15.555000+00:00,420,CLASSIC,46.35,Graves,JUNGLE,True,17,10,12,2.9,23423,35188,44293,40,296,6.386192017259979
27,an8TEdjNJUm09qqnxIZtlqWaYilrgRa6wXnsDi51T2r4LKQAZTb_NHT0m4cYWAvn6pC3giRaX8rtUg,GOLD,GOLD,III,52,JHlNlUS,4514,EUW1_7898721053,2026-06-25 11:18:46.669000+00:00,420,CLASSIC,18.933333333333334,Irelia,TOP,False,0,7,0,0.0,5393,5910,13571,11,136,7.183098591549296
27,an8TEdjNJUm09qqnxIZtlqWaYilrgRa6wXnsDi51T2r4LKQAZTb_NHT0m4cYWAvn6pC3giRaX8rtUg,GOLD,GOLD,III,52,JHlNlUS,4514,EUW1_7899120794,2026-06-25 17:29:02.633000+00:00,420,CLASSIC,38.833333333333336,Illaoi,TOP,False,7,10,3,1.0,17525,39025,64743,33,325,8.369098712446352
27,an8TEdjNJUm09qqnxIZtlqWaYilrgRa6wXnsDi51T2r4LKQAZTb_NHT0m4cYWAvn6pC3giRaX8rtUg,GOLD,GOLD,III,52,JHlNlUS,4514,EUW1_7899782899,2026-06-26 10:08:33.706000+00:00,420,CLASSIC,32.3,Illaoi,TOP,True,5,9,6,1.2222222222222223,14540,35011,46534,20,287,8.88544891640867
27,an8TEdjNJUm09qqnxIZtlqWaYilrgRa6wXnsDi51T2r4LKQAZTb_NHT0m4cYWAvn6pC3giRaX8rtUg,GOLD,GOLD,III,52,JHlNlUS,4514,EUW1_7901288203,2026-06-27 16:54:47.730000+00:00,420,CLASSIC,34.03333333333333,Darius,TOP,False,11,9,6,1.8888888888888888,17890,39972,51265,30,283,8.315377081292851
27,an8TEdjNJUm09qqnxIZtlqWaYilrgRa6wXnsDi51T2r4LKQAZTb_NHT0m4cYWAvn6pC3giRaX8rtUg,GOLD,GOLD,III,52,JHlNlUS,4514,EUW1_7903452919,2026-06-29 15:49:23.249000+00:00,420,CLASSIC,40.53333333333333,Xerath,MIDDLE,True,19,4,6,6.25,21343,65929,24338,22,300,7.401315789473685
27,an8TEdjNJUm09qqnxIZtlqWaYilrgRa6wXnsDi51T2r4LKQAZTb_NHT0m4cYWAvn6pC3giRaX8rtUg,GOLD,GOLD,III,52,JHlNlUS,4514,EUW1_7903764919,2026-06-29 19:54:09.765000+00:00,420,CLASSIC,35.3,Vex,MIDDLE,True,11,3,6,5.666666666666667,15233,32582,25393,34,258,7.308781869688386
27,an8TEdjNJUm09qqnxIZtlqWaYilrgRa6wXnsDi51T2r4LKQAZTb_NHT0m4cYWAvn6pC3giRaX8rtUg,GOLD,GOLD,III,52,JHlNlUS,4514,EUW1_7904477432,2026-06-30 16:06:47.548000+00:00,420,CLASSIC,31.65,Veigar,MIDDLE,True,5,5,11,3.2,11324,21916,23893,10,165,5.213270142180095
27,an8TEdjNJUm09qqnxIZtlqWaYilrgRa6wXnsDi51T2r4LKQAZTb_NHT0m4cYWAvn6pC3giRaX8rtUg,GOLD,GOLD,III,52,JHlNlUS,4514,EUW1_7905493860,2026-07-01 16:27:00.594000+00:00,420,CLASSIC,31.566666666666666,Xerath,MIDDLE,False,10,5,4,2.8,15015,25626,18082,26,263,8.331573389651531
27,an8TEdjNJUm09qqnxIZtlqWaYilrgRa6wXnsDi51T2r4LKQAZTb_NHT0m4cYWAvn6pC3giRaX8rtUg,GOLD,GOLD,III,52,JHlNlUS,4514,EUW1_7908319448,2026-07-04 13:04:38.170000+00:00,420,CLASSIC,32.35,Yorick,TOP,False,2,8,2,0.5,13586,25550,34718,20,269,8.315301391035549
27,an8TEdjNJUm09qqnxIZtlqWaYilrgRa6wXnsDi51T2r4LKQAZTb_NHT0m4cYWAvn6pC3giRaX8rtUg,GOLD,GOLD,III,52,JHlNlUS,4514,EUW1_7908497862,2026-07-04 15:51:09.906000+00:00,420,CLASSIC,23.216666666666665,Caitlyn,BOTTOM,True,12,5,8,4.0,15093,28832,17101,14,229,9.863603732950468
27,an8TEdjNJUm09qqnxIZtlqWaYilrgRa6wXnsDi51T2r4LKQAZTb_NHT0m4cYWAvn6pC3giRaX8rtUg,GOLD,GOLD,III,52,JHlNlUS,4514,EUW1_7909217164,2026-07-05 10:14:35.199000+00:00,420,CLASSIC,26.75,Jinx,BOTTOM,False,8,8,4,1.5,10530,19307,16764,14,140,5.233644859813084
27,an8TEdjNJUm09qqnxIZtlqWaYilrgRa6wXnsDi51T2r4LKQAZTb_NHT0m4cYWAvn6pC3giRaX8rtUg,GOLD,GOLD,III,52,JHlNlUS,4514,EUW1_7910716006,2026-07-06 17:42:26.183000+00:00,420,CLASSIC,28.933333333333334,Xerath,MIDDLE,True,10,2,5,7.5,13622,27040,17984,23,247,8.536866359447005
27,an8TEdjNJUm09qqnxIZtlqWaYilrgRa6wXnsDi51T2r4LKQAZTb_NHT0m4cYWAvn6pC3giRaX8rtUg,GOLD,GOLD,III,52,JHlNlUS,4514,EUW1_7913596031,2026-07-09 17:29:57.988000+00:00,420,CLASSIC,28.8,Irelia,MIDDLE,True,19,9,3,2.4444444444444446,17486,32881,34819,24,260,9.027777777777777
27,an8TEdjNJUm09qqnxIZtlqWaYilrgRa6wXnsDi51T2r4LKQAZTb_NHT0m4cYWAvn6pC3giRaX8rtUg,GOLD,GOLD,III,52,JHlNlUS,4514,EUW1_7914487344,2026-07-10 17:02:08.711000+00:00,420,CLASSIC,37.43333333333333,Mel,MIDDLE,True,24,8,9,4.125,24199,59857,28675,26,332,8.869100623330366
27,an8TEdjNJUm09qqnxIZtlqWaYilrgRa6wXnsDi51T2r4LKQAZTb_NHT0m4cYWAvn6pC3giRaX8rtUg,GOLD,GOLD,III,52,JHlNlUS,4514,EUW1_7914785789,2026-07-10 21:28:26.149000+00:00,420,CLASSIC,34.38333333333333,Zed,MIDDLE,False,4,9,4,0.8888888888888888,11488,19548,25887,29,238,6.9219583131362095
27,an8TEdjNJUm09qqnxIZtlqWaYilrgRa6wXnsDi51T2r4LKQAZTb_NHT0m4cYWAvn6pC3giRaX8rtUg,GOLD,GOLD,III,52,JHlNlUS,4514,EUW1_7916436699,2026-07-12 16:07:02.979000+00:00,420,CLASSIC,43.61666666666667,Aurora,MIDDLE,False,9,11,9,1.6363636363636365,16569,37091,42355,25,286,6.557126480703095
27,an8TEdjNJUm09qqnxIZtlqWaYilrgRa6wXnsDi51T2r4LKQAZTb_NHT0m4cYWAvn6pC3giRaX8rtUg,GOLD,GOLD,III,52,JHlNlUS,4514,EUW1_7916567203,2026-07-12 17:58:24.518000+00:00,420,CLASSIC,28.2,Renekton,TOP,False,5,7,4,1.2857142857142858,10767,19162,39392,13,214,7.588652482269504
27,an8TEdjNJUm09qqnxIZtlqWaYilrgRa6wXnsDi51T2r4LKQAZTb_NHT0m4cYWAvn6pC3giRaX8rtUg,GOLD,GOLD,III,52,JHlNlUS,4514,EUW1_7917862657,2026-07-13 21:39:36.020000+00:00,420,CLASSIC,43.916666666666664,Kaisa,BOTTOM,True,20,13,12,2.4615384615384617,22592,49269,42639,35,265,6.03415559772296
27,an8TEdjNJUm09qqnxIZtlqWaYilrgRa6wXnsDi51T2r4LKQAZTb_NHT0m4cYWAvn6pC3giRaX8rtUg,GOLD,GOLD,III,52,JHlNlUS,4514,EUW1_7918445713,2026-07-14 15:59:31.596000+00:00,420,CLASSIC,25.516666666666666,Jinx,BOTTOM,False,4,10,3,0.7,9460,10154,16611,15,164,6.427171783148269
27,an8TEdjNJUm09qqnxIZtlqWaYilrgRa6wXnsDi51T2r4LKQAZTb_NHT0m4cYWAvn6pC3giRaX8rtUg,GOLD,GOLD,III,52,JHlNlUS,4514,EUW1_7918505702,2026-07-14 16:54:37.289000+00:00,420,CLASSIC,35.21666666666667,Xerath,MIDDLE,False,12,5,10,4.4,16065,52437,20346,27,228,6.474207288215807
27,an8TEdjNJUm09qqnxIZtlqWaYilrgRa6wXnsDi51T2r4LKQAZTb_NHT0m4cYWAvn6pC3giRaX8rtUg,GOLD,GOLD,III,52,JHlNlUS,4514,EUW1_7918545357,2026-07-14 17:34:22.065000+00:00,420,CLASSIC,21.416666666666668,Illaoi,TOP,False,3,6,1,0.6666666666666666,7121,8316,19344,9,125,5.836575875486381
27,an8TEdjNJUm09qqnxIZtlqWaYilrgRa6wXnsDi51T2r4LKQAZTb_NHT0m4cYWAvn6pC3giRaX8rtUg,GOLD,GOLD,III,52,JHlNlUS,4514,EUW1_7920376439,2026-07-16 17:13:35.390000+00:00,420,CLASSIC,1.1166666666666667,Viego,JUNGLE,False,0,0,0,0.0,504,0,72,0,0,0.0
27,an8TEdjNJUm09qqnxIZtlqWaYilrgRa6wXnsDi51T2r4LKQAZTb_NHT0m4cYWAvn6pC3giRaX8rtUg,GOLD,GOLD,III,52,JHlNlUS,4514,EUW1_7920734890,2026-07-16 21:35:12.829000+00:00,420,CLASSIC,27.833333333333332,Evelynn,JUNGLE,False,4,4,3,1.75,10290,15531,20502,14,132,4.74251497005988
27,an8TEdjNJUm09qqnxIZtlqWaYilrgRa6wXnsDi51T2r4LKQAZTb_NHT0m4cYWAvn6pC3giRaX8rtUg,GOLD,GOLD,III,52,JHlNlUS,4514,EUW1_7920777120,2026-07-16 22:12:17.350000+00:00,420,CLASSIC,32.9,Anivia,MIDDLE,False,4,6,6,1.6666666666666667,14088,18498,35585,35,267,8.115501519756839
27,an8TEdjNJUm09qqnxIZtlqWaYilrgRa6wXnsDi51T2r4LKQAZTb_NHT0m4cYWAvn6pC3giRaX8rtUg,GOLD,GOLD,III,52,JHlNlUS,4514,EUW1_7921191589,2026-07-17 13:55:15.333000+00:00,420,CLASSIC,36.6,Xerath,MIDDLE,True,16,6,19,5.833333333333333,17610,42138,27254,36,254,6.939890710382514
27,an8TEdjNJUm09qqnxIZtlqWaYilrgRa6wXnsDi51T2r4LKQAZTb_NHT0m4cYWAvn6pC3giRaX8rtUg,GOLD,GOLD,III,52,JHlNlUS,4514,EUW1_7921347553,2026-07-17 16:32:47.246000+00:00,420,CLASSIC,28.183333333333334,Irelia,MIDDLE,False,1,8,0,0.125,9674,11238,24943,15,219,7.770549970431698
27,an8TEdjNJUm09qqnxIZtlqWaYilrgRa6wXnsDi51T2r4LKQAZTb_NHT0m4cYWAvn6pC3giRaX8rtUg,GOLD,GOLD,III,52,JHlNlUS,4514,EUW1_7922030195,2026-07-18 09:32:33.708000+00:00,420,CLASSIC,1.1833333333333333,Jhin,BOTTOM,False,0,0,0,0.0,512,59,0,0,0,0.0
27,an8TEdjNJUm09qqnxIZtlqWaYilrgRa6wXnsDi51T2r4LKQAZTb_NHT0m4cYWAvn6pC3giRaX8rtUg,GOLD,GOLD,III,52,JHlNlUS,4514,EUW1_7922032361,2026-07-18 09:38:21.704000+00:00,420,CLASSIC,32.25,Jhin,BOTTOM,True,17,4,11,7.0,19248,41563,26382,18,266,8.248062015503876
27,an8TEdjNJUm09qqnxIZtlqWaYilrgRa6wXnsDi51T2r4LKQAZTb_NHT0m4cYWAvn6pC3giRaX8rtUg,GOLD,GOLD,III,52,JHlNlUS,4514,EUW1_7922057160,2026-07-18 10:16:55.979000+00:00,420,CLASSIC,33.05,Jinx,BOTTOM,False,8,5,8,3.2,17105,24904,18552,28,302,9.13767019667171
27,an8TEdjNJUm09qqnxIZtlqWaYilrgRa6wXnsDi51T2r4LKQAZTb_NHT0m4cYWAvn6pC3giRaX8rtUg,GOLD,GOLD,III,52,JHlNlUS,4514,EUW1_7923578458,2026-07-19 17:20:29.867000+00:00,420,CLASSIC,26.1,Shen,TOP,False,0,8,2,0.25,5305,3904,22327,4,88,3.371647509578544
27,an8TEdjNJUm09qqnxIZtlqWaYilrgRa6wXnsDi51T2r4LKQAZTb_NHT0m4cYWAvn6pC3giRaX8rtUg,GOLD,GOLD,III,52,JHlNlUS,4514,EUW1_7924410748,2026-07-20 16:33:50.733000+00:00,420,CLASSIC,28.55,Xerath,MIDDLE,False,2,5,1,0.6,10062,15102,15068,15,240,8.40630472854641
27,an8TEdjNJUm09qqnxIZtlqWaYilrgRa6wXnsDi51T2r4LKQAZTb_NHT0m4cYWAvn6pC3giRaX8rtUg,GOLD,GOLD,III,52,JHlNlUS,4514,EUW1_7925121065,2026-07-21 10:45:44.235000+00:00,420,CLASSIC,24.616666666666667,Viego,JUNGLE,False,10,4,3,3.25,14519,24389,22976,27,186,7.5558564658090726
27,an8TEdjNJUm09qqnxIZtlqWaYilrgRa6wXnsDi51T2r4LKQAZTb_NHT0m4cYWAvn6pC3giRaX8rtUg,GOLD,GOLD,III,52,JHlNlUS,4514,EUW1_7926488757,2026-07-22 17:24:18.468000+00:00,420,CLASSIC,35.7,Jhin,BOTTOM,True,16,5,10,5.2,19976,38099,23547,27,319,8.935574229691875
27,an8TEdjNJUm09qqnxIZtlqWaYilrgRa6wXnsDi51T2r4LKQAZTb_NHT0m4cYWAvn6pC3giRaX8rtUg,GOLD,GOLD,III,52,JHlNlUS,4514,EUW1_7927497707,2026-07-23 17:37:13.249000+00:00,420,CLASSIC,26.166666666666668,Aatrox,TOP,False,1,9,3,0.4444444444444444,8538,14634,29460,20,167,6.382165605095541
27,an8TEdjNJUm09qqnxIZtlqWaYilrgRa6wXnsDi51T2r4LKQAZTb_NHT0m4cYWAvn6pC3giRaX8rtUg,GOLD,GOLD,III,52,JHlNlUS,4514,EUW1_7928481828,2026-07-24 17:22:26.366000+00:00,420,CLASSIC,26.733333333333334,Pyke,UTILITY,True,9,2,11,10.0,10854,15687,15274,66,35,1.3092269326683292
27,an8TEdjNJUm09qqnxIZtlqWaYilrgRa6wXnsDi51T2r4LKQAZTb_NHT0m4cYWAvn6pC3giRaX8rtUg,GOLD,GOLD,III,52,JHlNlUS,4514,EUW1_7928519493,2026-07-24 17:54:02.712000+00:00,420,CLASSIC,39.61666666666667,Mel,UTILITY,True,10,9,14,2.6666666666666665,14811,34698,34522,70,97,2.448464450988641
27,an8TEdjNJUm09qqnxIZtlqWaYilrgRa6wXnsDi51T2r4LKQAZTb_NHT0m4cYWAvn6pC3giRaX8rtUg,GOLD,GOLD,III,52,JHlNlUS,4514,EUW1_7929130504,2026-07-25 10:18:35.445000+00:00,420,CLASSIC,36.28333333333333,Chogath,TOP,False,3,8,4,0.875,13320,21132,48994,28,279,7.689480937069362
27,an8TEdjNJUm09qqnxIZtlqWaYilrgRa6wXnsDi51T2r4LKQAZTb_NHT0m4cYWAvn6pC3giRaX8rtUg,GOLD,GOLD,III,52,JHlNlUS,4514,EUW1_7929493570,2026-07-25 16:54:50.086000+00:00,420,CLASSIC,28.283333333333335,Vex,MIDDLE,False,15,5,3,3.6,13994,34775,17405,16,197,6.965232763700648
27,an8TEdjNJUm09qqnxIZtlqWaYilrgRa6wXnsDi51T2r4LKQAZTb_NHT0m4cYWAvn6pC3giRaX8rtUg,GOLD,GOLD,III,52,JHlNlUS,4514,EUW1_7929530625,2026-07-25 17:35:31.114000+00:00,420,CLASSIC,28.633333333333333,Vladimir,TOP,True,12,7,7,2.7142857142857144,13643,30144,33791,19,234,8.172293364377182
27,an8TEdjNJUm09qqnxIZtlqWaYilrgRa6wXnsDi51T2r4LKQAZTb_NHT0m4cYWAvn6pC3giRaX8rtUg,GOLD,GOLD,III,52,JHlNlUS,4514,EUW1_7930154092,2026-07-26 10:22:30.302000+00:00,420,CLASSIC,27.433333333333334,Illaoi,TOP,True,11,3,1,4.0,15395,36903,40156,16,265,9.659781287970839
27,an8TEdjNJUm09qqnxIZtlqWaYilrgRa6wXnsDi51T2r4LKQAZTb_NHT0m4cYWAvn6pC3giRaX8rtUg,GOLD,GOLD,III,52,JHlNlUS,4514,EUW1_7931220510,2026-07-27 09:28:02.433000+00:00,420,CLASSIC,25.45,Sion,TOP,True,4,3,6,3.3333333333333335,10710,26182,25950,20,204,8.015717092337917
27,an8TEdjNJUm09qqnxIZtlqWaYilrgRa6wXnsDi51T2r4LKQAZTb_NHT0m4cYWAvn6pC3giRaX8rtUg,GOLD,GOLD,III,52,JHlNlUS,4514,EUW1_7931234674,2026-07-27 09:58:09.721000+00:00,420,CLASSIC,30.15,Illaoi,TOP,True,9,3,6,5.0,16259,39883,48830,12,343,11.376451077943615
27,an8TEdjNJUm09qqnxIZtlqWaYilrgRa6wXnsDi51T2r4LKQAZTb_NHT0m4cYWAvn6pC3giRaX8rtUg,GOLD,GOLD,III,52,JHlNlUS,4514,EUW1_7931513310,2026-07-27 15:57:45.065000+00:00,420,CLASSIC,47.43333333333333,Nasus,TOP,False,9,11,6,1.3636363636363635,23439,50201,90166,39,347,7.315530569219958
27,an8TEdjNJUm09qqnxIZtlqWaYilrgRa6wXnsDi51T2r4LKQAZTb_NHT0m4cYWAvn6pC3giRaX8rtUg,GOLD,GOLD,III,52,JHlNlUS,4514,EUW1_7932531613,2026-07-28 15:59:39.207000+00:00,420,CLASSIC,28.683333333333334,Irelia,MIDDLE,True,11,9,0,1.2222222222222223,14634,19696,29693,13,238,8.297501452643811
27,an8TEdjNJUm09qqnxIZtlqWaYilrgRa6wXnsDi51T2r4LKQAZTb_NHT0m4cYWAvn6pC3giRaX8rtUg,GOLD,GOLD,III,52,JHlNlUS,4514,EUW1_7933536369,2026-07-29 16:25:23.130000+00:00,420,CLASSIC,29.766666666666666,Irelia,MIDDLE,False,8,10,6,1.4,14186,23935,28893,25,258,8.667413213885778
27,an8TEdjNJUm09qqnxIZtlqWaYilrgRa6wXnsDi51T2r4LKQAZTb_NHT0m4cYWAvn6pC3giRaX8rtUg,GOLD,GOLD,III,52,JHlNlUS,4514,EUW1_7934674213,2026-07-30 16:17:36.475000+00:00,420,CLASSIC,25.116666666666667,Illaoi,TOP,True,13,1,5,18.0,15873,31053,33294,12,281,11.187790311877903
27,an8TEdjNJUm09qqnxIZtlqWaYilrgRa6wXnsDi51T2r4LKQAZTb_NHT0m4cYWAvn6pC3giRaX8rtUg,GOLD,GOLD,III,52,JHlNlUS,4514,EUW1_7935796938,2026-07-31 16:40:22.800000+00:00,420,CLASSIC,25.633333333333333,Riven,TOP,False,3,7,0,0.42857142857142855,9235,11423,17785,18,165,6.436931079323797
27,an8TEdjNJUm09qqnxIZtlqWaYilrgRa6wXnsDi51T2r4LKQAZTb_NHT0m4cYWAvn6pC3giRaX8rtUg,GOLD,GOLD,III,52,JHlNlUS,4514,EUW1_7937601398,2026-08-02 09:54:55.146000+00:00,420,CLASSIC,24.716666666666665,Illaoi,TOP,True,14,5,4,3.6,14940,50530,36261,17,246,9.9527983816588
27,an8TEdjNJUm09qqnxIZtlqWaYilrgRa6wXnsDi51T2r4LKQAZTb_NHT0m4cYWAvn6pC3giRaX8rtUg,GOLD,GOLD,III,52,JHlNlUS,4514,EUW1_7938765204,2026-08-03 10:33:48.381000+00:00,420,CLASSIC,31.25,Illaoi,TOP,True,7,6,4,1.8333333333333333,15477,36230,40955,21,291,9.312
27,an8TEdjNJUm09qqnxIZtlqWaYilrgRa6wXnsDi51T2r4LKQAZTb_NHT0m4cYWAvn6pC3giRaX8rtUg,GOLD,GOLD,III,52,JHlNlUS,4514,EUW1_7941209154,2026-08-05 16:57:13.360000+00:00,420,CLASSIC,18.516666666666666,Illaoi,TOP,True,10,2,0,5.0,11096,21517,19835,8,187,10.099009900990099
27,an8TEdjNJUm09qqnxIZtlqWaYilrgRa6wXnsDi51T2r4LKQAZTb_NHT0m4cYWAvn6pC3giRaX8rtUg,GOLD,GOLD,III,52,JHlNlUS,4514,EUW1_7941894264,2026-08-06 10:37:46.652000+00:00,420,CLASSIC,33.35,Gangplank,TOP,True,8,7,4,1.7142857142857142,16395,22327,24519,29,264,7.916041979010495
27,an8TEdjNJUm09qqnxIZtlqWaYilrgRa6wXnsDi51T2r4LKQAZTb_NHT0m4cYWAvn6pC3giRaX8rtUg,GOLD,GOLD,III,52,JHlNlUS,4514,EUW1_7942030683,2026-08-06 13:32:40.291000+00:00,420,CLASSIC,34.46666666666667,Darius,TOP,False,13,9,0,1.4444444444444444,15689,44671,46490,31,239,6.934235976789168
27,an8TEdjNJUm09qqnxIZtlqWaYilrgRa6wXnsDi51T2r4LKQAZTb_NHT0m4cYWAvn6pC3giRaX8rtUg,GOLD,GOLD,III,52,JHlNlUS,4514,EUW1_7942896013,2026-08-07 09:57:31.973000+00:00,420,CLASSIC,29.916666666666668,Illaoi,TOP,True,11,6,2,2.1666666666666665,17360,36832,42663,22,273,9.12534818941504
27,an8TEdjNJUm09qqnxIZtlqWaYilrgRa6wXnsDi51T2r4LKQAZTb_NHT0m4cYWAvn6pC3giRaX8rtUg,GOLD,GOLD,III,52,JHlNlUS,4514,EUW1_7943924212,2026-08-08 09:37:56.214000+00:00,420,CLASSIC,35.25,Illaoi,TOP,False,10,10,2,1.2,17317,29986,55873,11,314,8.907801418439716
27,an8TEdjNJUm09qqnxIZtlqWaYilrgRa6wXnsDi51T2r4LKQAZTb_NHT0m4cYWAvn6pC3giRaX8rtUg,GOLD,GOLD,III,52,JHlNlUS,4514,EUW1_7944080796,2026-08-08 12:53:41.796000+00:00,420,CLASSIC,35.95,Illaoi,TOP,True,17,6,14,5.166666666666667,18527,67386,71761,26,290,8.066759388038943
27,an8TEdjNJUm09qqnxIZtlqWaYilrgRa6wXnsDi51T2r4LKQAZTb_NHT0m4cYWAvn6pC3giRaX8rtUg,GOLD,GOLD,III,52,JHlNlUS,4514,EUW1_7944288607,2026-08-08 16:16:59.614000+00:00,420,CLASSIC,31.85,Chogath,TOP,True,1,5,4,1.0,10166,5368,35162,10,193,6.059654631083203
27,an8TEdjNJUm09qqnxIZtlqWaYilrgRa6wXnsDi51T2r4LKQAZTb_NHT0m4cYWAvn6pC3giRaX8rtUg,GOLD,GOLD,III,52,JHlNlUS,4514,EUW1_7944319998,2026-08-08 16:54:10.842000+00:00,420,CLASSIC,28.8,Illaoi,TOP,True,3,7,3,0.8571428571428571,9697,14622,31186,3,181,6.284722222222222
27,an8TEdjNJUm09qqnxIZtlqWaYilrgRa6wXnsDi51T2r4LKQAZTb_NHT0m4cYWAvn6pC3giRaX8rtUg,GOLD,GOLD,III,52,JHlNlUS,4514,EUW1_7945611484,2026-08-09 19:05:54.527000+00:00,420,CLASSIC,29.6,Illaoi,TOP,True,9,7,5,2.0,13808,47867,46707,21,268,9.054054054054054
27,an8TEdjNJUm09qqnxIZtlqWaYilrgRa6wXnsDi51T2r4LKQAZTb_NHT0m4cYWAvn6pC3giRaX8rtUg,GOLD,GOLD,III,52,JHlNlUS,4514,EUW1_7947518401,2026-08-11 17:49:28.483000+00:00,420,CLASSIC,39.6,Viego,JUNGLE,True,19,11,9,2.5454545454545454,22202,59094,54237,29,272,6.8686868686868685
27,an8TEdjNJUm09qqnxIZtlqWaYilrgRa6wXnsDi51T2r4LKQAZTb_NHT0m4cYWAvn6pC3giRaX8rtUg,GOLD,GOLD,III,52,JHlNlUS,4514,EUW1_7948451647,2026-08-12 16:44:31.955000+00:00,420,CLASSIC,23.25,Illaoi,TOP,True,14,0,4,18.0,14491,39893,32952,14,247,10.623655913978494
27,an8TEdjNJUm09qqnxIZtlqWaYilrgRa6wXnsDi51T2r4LKQAZTb_NHT0m4cYWAvn6pC3giRaX8rtUg,GOLD,GOLD,III,52,JHlNlUS,4514,EUW1_7948764890,2026-08-12 21:22:44.741000+00:00,420,CLASSIC,34.0,Sion,TOP,True,6,6,11,2.8333333333333335,14519,19962,32477,11,235,6.911764705882353
27,an8TEdjNJUm09qqnxIZtlqWaYilrgRa6wXnsDi51T2r4LKQAZTb_NHT0m4cYWAvn6pC3giRaX8rtUg,GOLD,GOLD,III,52,JHlNlUS,4514,EUW1_7948812997,2026-08-12 22:06:04.625000+00:00,420,CLASSIC,1.1833333333333333,Ornn,TOP,True,0,0,0,0.0,513,120,182,0,0,0.0
27,an8TEdjNJUm09qqnxIZtlqWaYilrgRa6wXnsDi51T2r4LKQAZTb_NHT0m4cYWAvn6pC3giRaX8rtUg,GOLD,GOLD,III,52,JHlNlUS,4514,EUW1_7948820614,2026-08-12 22:11:22.178000+00:00,420,CLASSIC,39.983333333333334,Nasus,TOP,False,2,15,8,0.6666666666666666,12747,19526,60101,6,226,5.652355147978324
27,an8TEdjNJUm09qqnxIZtlqWaYilrgRa6wXnsDi51T2r4LKQAZTb_NHT0m4cYWAvn6pC3giRaX8rtUg,GOLD,GOLD,III,52,JHlNlUS,4514,EUW1_7952464281,2026-08-16 16:29:39.056000+00:00,420,CLASSIC,34.2,Illaoi,TOP,True,5,13,3,0.6153846153846154,14542,35951,53900,24,260,7.602339181286549
27,an8TEdjNJUm09qqnxIZtlqWaYilrgRa6wXnsDi51T2r4LKQAZTb_NHT0m4cYWAvn6pC3giRaX8rtUg,GOLD,GOLD,III,52,JHlNlUS,4514,EUW1_7958217965,2026-08-22 08:53:11.850000+00:00,420,CLASSIC,27.366666666666667,Illaoi,TOP,False,1,7,2,0.42857142857142855,10125,17750,26404,22,230,8.404384896467722
28,xbDPjzN4Ux-ZGv3Wmq3kOPTyPI5S7l_DpKdgxvggOMM3d-H3MQt3QPCVWdzgb9Cbl166M45sSy1EHg,GOLD,GOLD,III,62,Nınetails,EUW,EUW1_7926376710,2026-07-22 15:42:16.328000+00:00,420,CLASSIC,29.316666666666666,Morgana,UTILITY,False,3,6,6,1.5,10144,9687,16874,54,83,2.831154064809551
28,xbDPjzN4Ux-ZGv3Wmq3kOPTyPI5S7l_DpKdgxvggOMM3d-H3MQt3QPCVWdzgb9Cbl166M45sSy1EHg,GOLD,GOLD,III,62,Nınetails,EUW,EUW1_7926410422,2026-07-22 16:20:42.014000+00:00,420,CLASSIC,41.93333333333333,Morgana,UTILITY,False,4,7,22,3.7142857142857144,14981,19953,29731,117,93,2.2178060413354532
28,xbDPjzN4Ux-ZGv3Wmq3kOPTyPI5S7l_DpKdgxvggOMM3d-H3MQt3QPCVWdzgb9Cbl166M45sSy1EHg,GOLD,GOLD,III,62,Nınetails,EUW,EUW1_7928099931,2026-07-24 09:55:56.799000+00:00,420,CLASSIC,15.85,Ahri,MIDDLE,True,4,2,1,2.5,6535,5905,7493,4,126,7.9495268138801265
28,xbDPjzN4Ux-ZGv3Wmq3kOPTyPI5S7l_DpKdgxvggOMM3d-H3MQt3QPCVWdzgb9Cbl166M45sSy1EHg,GOLD,GOLD,III,62,Nınetails,EUW,EUW1_7929146205,2026-07-25 10:47:56.537000+00:00,420,CLASSIC,34.15,Ahri,MIDDLE,False,4,3,10,4.666666666666667,14081,24396,22003,32,262,7.67203513909224
28,xbDPjzN4Ux-ZGv3Wmq3kOPTyPI5S7l_DpKdgxvggOMM3d-H3MQt3QPCVWdzgb9Cbl166M45sSy1EHg,GOLD,GOLD,III,62,Nınetails,EUW,EUW1_7929179571,2026-07-25 11:27:50.574000+00:00,420,CLASSIC,36.7,Galio,MIDDLE,False,2,4,21,5.75,12745,22795,37029,17,209,5.694822888283379
28,xbDPjzN4Ux-ZGv3Wmq3kOPTyPI5S7l_DpKdgxvggOMM3d-H3MQt3QPCVWdzgb9Cbl166M45sSy1EHg,GOLD,GOLD,III,62,Nınetails,EUW,EUW1_7929321593,2026-07-25 14:06:10.101000+00:00,420,CLASSIC,30.916666666666668,Galio,MIDDLE,False,1,7,12,1.8571428571428572,8863,13263,29079,19,171,5.53099730458221
28,xbDPjzN4Ux-ZGv3Wmq3kOPTyPI5S7l_DpKdgxvggOMM3d-H3MQt3QPCVWdzgb9Cbl166M45sSy1EHg,GOLD,GOLD,III,62,Nınetails,EUW,EUW1_7929356638,2026-07-25 14:41:45.093000+00:00,420,CLASSIC,33.46666666666667,Ahri,MIDDLE,False,8,5,8,3.2,13570,29458,23699,31,220,6.573705179282868
28,xbDPjzN4Ux-ZGv3Wmq3kOPTyPI5S7l_DpKdgxvggOMM3d-H3MQt3QPCVWdzgb9Cbl166M45sSy1EHg,GOLD,GOLD,III,62,Nınetails,EUW,EUW1_7929411650,2026-07-25 15:34:52.720000+00:00,420,CLASSIC,21.816666666666666,Morgana,UTILITY,False,1,2,0,0.5,6181,4101,9654,48,62,2.8418640183346064
28,xbDPjzN4Ux-ZGv3Wmq3kOPTyPI5S7l_DpKdgxvggOMM3d-H3MQt3QPCVWdzgb9Cbl166M45sSy1EHg,GOLD,GOLD,III,62,Nınetails,EUW,EUW1_7929430442,2026-07-25 16:00:57.316000+00:00,420,CLASSIC,33.55,Nami,UTILITY,False,2,8,18,2.5,11034,12166,26433,71,52,1.549925484351714
28,xbDPjzN4Ux-ZGv3Wmq3kOPTyPI5S7l_DpKdgxvggOMM3d-H3MQt3QPCVWdzgb9Cbl166M45sSy1EHg,GOLD,GOLD,III,62,Nınetails,EUW,EUW1_7929484577,2026-07-25 16:45:36.884000+00:00,420,CLASSIC,28.483333333333334,Morgana,UTILITY,True,0,1,11,11.0,8606,11395,18143,85,45,1.5798712697483908
28,xbDPjzN4Ux-ZGv3Wmq3kOPTyPI5S7l_DpKdgxvggOMM3d-H3MQt3QPCVWdzgb9Cbl166M45sSy1EHg,GOLD,GOLD,III,62,Nınetails,EUW,EUW1_7929530348,2026-07-25 17:39:39.878000+00:00,420,CLASSIC,24.75,Swain,UTILITY,False,3,3,11,4.666666666666667,8204,16502,23427,50,50,2.0202020202020203
28,xbDPjzN4Ux-ZGv3Wmq3kOPTyPI5S7l_DpKdgxvggOMM3d-H3MQt3QPCVWdzgb9Cbl166M45sSy1EHg,GOLD,GOLD,III,62,Nınetails,EUW,EUW1_7929560263,2026-07-25 18:09:27.908000+00:00,420,CLASSIC,28.583333333333332,Lulu,UTILITY,True,3,3,17,6.666666666666667,8527,6157,15165,44,23,0.80466472303207
28,xbDPjzN4Ux-ZGv3Wmq3kOPTyPI5S7l_DpKdgxvggOMM3d-H3MQt3QPCVWdzgb9Cbl166M45sSy1EHg,GOLD,GOLD,III,62,Nınetails,EUW,EUW1_7930623760,2026-07-26 17:29:17.385000+00:00,420,CLASSIC,25.533333333333335,Seraphine,UTILITY,True,9,4,10,4.75,10162,12489,16460,50,48,1.8798955613577022
28,xbDPjzN4Ux-ZGv3Wmq3kOPTyPI5S7l_DpKdgxvggOMM3d-H3MQt3QPCVWdzgb9Cbl166M45sSy1EHg,GOLD,GOLD,III,62,Nınetails,EUW,EUW1_7930698941,2026-07-26 18:29:00.608000+00:00,420,CLASSIC,32.95,Brand,UTILITY,False,1,6,20,3.5,10637,30053,19586,89,71,2.154779969650986
28,xbDPjzN4Ux-ZGv3Wmq3kOPTyPI5S7l_DpKdgxvggOMM3d-H3MQt3QPCVWdzgb9Cbl166M45sSy1EHg,GOLD,GOLD,III,62,Nınetails,EUW,EUW1_7930751046,2026-07-26 19:06:58.448000+00:00,420,CLASSIC,24.516666666666666,Lulu,UTILITY,False,0,6,4,0.6666666666666666,5839,3921,15693,25,32,1.3052345343303875
28,xbDPjzN4Ux-ZGv3Wmq3kOPTyPI5S7l_DpKdgxvggOMM3d-H3MQt3QPCVWdzgb9Cbl166M45sSy1EHg,GOLD,GOLD,III,62,Nınetails,EUW,EUW1_7930793138,2026-07-26 19:36:17.690000+00:00,420,CLASSIC,26.833333333333332,Seraphine,UTILITY,False,2,6,13,2.5,7889,13771,19179,36,37,1.37888198757764
28,xbDPjzN4Ux-ZGv3Wmq3kOPTyPI5S7l_DpKdgxvggOMM3d-H3MQt3QPCVWdzgb9Cbl166M45sSy1EHg,GOLD,GOLD,III,62,Nınetails,EUW,EUW1_7930839045,2026-07-26 20:07:32.129000+00:00,420,CLASSIC,19.916666666666668,Seraphine,UTILITY,False,3,7,6,1.2857142857142858,5967,8366,15547,27,28,1.405857740585774
28,xbDPjzN4Ux-ZGv3Wmq3kOPTyPI5S7l_DpKdgxvggOMM3d-H3MQt3QPCVWdzgb9Cbl166M45sSy1EHg,GOLD,GOLD,III,62,Nınetails,EUW,EUW1_7930870442,2026-07-26 20:32:49.306000+00:00,420,CLASSIC,28.45,Ahri,MIDDLE,True,17,2,5,11.0,14476,26655,22490,19,227,7.978910369068542
28,xbDPjzN4Ux-ZGv3Wmq3kOPTyPI5S7l_DpKdgxvggOMM3d-H3MQt3QPCVWdzgb9Cbl166M45sSy1EHg,GOLD,GOLD,III,62,Nınetails,EUW,EUW1_7930962274,2026-07-26 21:38:26.259000+00:00,420,CLASSIC,39.266666666666666,Morgana,UTILITY,True,2,3,21,7.666666666666667,14382,25653,25085,102,106,2.699490662139219
28,xbDPjzN4Ux-ZGv3Wmq3kOPTyPI5S7l_DpKdgxvggOMM3d-H3MQt3QPCVWdzgb9Cbl166M45sSy1EHg,GOLD,GOLD,III,62,Nınetails,EUW,EUW1_7931306727,2026-07-27 11:58:46.961000+00:00,420,CLASSIC,27.333333333333332,Ahri,MIDDLE,False,5,4,4,2.25,9743,22586,16438,8,207,7.573170731707317
28,xbDPjzN4Ux-ZGv3Wmq3kOPTyPI5S7l_DpKdgxvggOMM3d-H3MQt3QPCVWdzgb9Cbl166M45sSy1EHg,GOLD,GOLD,III,62,Nınetails,EUW,EUW1_7931331480,2026-07-27 12:34:13.446000+00:00,420,CLASSIC,32.11666666666667,Viktor,MIDDLE,False,7,4,9,4.0,13515,31743,18475,21,247,7.690710949662688
28,xbDPjzN4Ux-ZGv3Wmq3kOPTyPI5S7l_DpKdgxvggOMM3d-H3MQt3QPCVWdzgb9Cbl166M45sSy1EHg,GOLD,GOLD,III,62,Nınetails,EUW,EUW1_7931413073,2026-07-27 14:17:54.323000+00:00,420,CLASSIC,32.583333333333336,Neeko,UTILITY,False,2,11,10,1.0909090909090908,9922,20745,26729,86,45,1.381074168797954
28,xbDPjzN4Ux-ZGv3Wmq3kOPTyPI5S7l_DpKdgxvggOMM3d-H3MQt3QPCVWdzgb9Cbl166M45sSy1EHg,GOLD,GOLD,III,62,Nınetails,EUW,EUW1_7931451707,2026-07-27 14:54:14.483000+00:00,420,CLASSIC,22.566666666666666,Malzahar,MIDDLE,True,8,2,6,7.0,12303,22969,10865,20,219,9.704579025110784
28,xbDPjzN4Ux-ZGv3Wmq3kOPTyPI5S7l_DpKdgxvggOMM3d-H3MQt3QPCVWdzgb9Cbl166M45sSy1EHg,GOLD,GOLD,III,62,Nınetails,EUW,EUW1_7931513052,2026-07-27 15:55:55.370000+00:00,420,CLASSIC,35.11666666666667,Malzahar,MIDDLE,True,11,4,10,5.25,18509,33919,18547,29,323,9.197911722828666
28,xbDPjzN4Ux-ZGv3Wmq3kOPTyPI5S7l_DpKdgxvggOMM3d-H3MQt3QPCVWdzgb9Cbl166M45sSy1EHg,GOLD,GOLD,III,62,Nınetails,EUW,EUW1_7932270594,2026-07-28 10:35:58.719000+00:00,420,CLASSIC,23.233333333333334,Malzahar,MIDDLE,False,3,8,1,0.5,9881,16915,18195,9,190,8.17790530846485
28,xbDPjzN4Ux-ZGv3Wmq3kOPTyPI5S7l_DpKdgxvggOMM3d-H3MQt3QPCVWdzgb9Cbl166M45sSy1EHg,GOLD,GOLD,III,62,Nınetails,EUW,EUW1_7932282109,2026-07-28 11:06:38.921000+00:00,420,CLASSIC,26.916666666666668,Viktor,MIDDLE,True,8,4,11,4.75,11410,28169,13740,19,176,6.538699690402477
28,xbDPjzN4Ux-ZGv3Wmq3kOPTyPI5S7l_DpKdgxvggOMM3d-H3MQt3QPCVWdzgb9Cbl166M45sSy1EHg,GOLD,GOLD,III,62,Nınetails,EUW,EUW1_7932318608,2026-07-28 11:55:29.293000+00:00,420,CLASSIC,36.53333333333333,Malzahar,MIDDLE,False,6,8,5,1.375,15584,34013,28396,35,320,8.75912408759124
28,xbDPjzN4Ux-ZGv3Wmq3kOPTyPI5S7l_DpKdgxvggOMM3d-H3MQt3QPCVWdzgb9Cbl166M45sSy1EHg,GOLD,GOLD,III,62,Nınetails,EUW,EUW1_7932406531,2026-07-28 13:47:46.184000+00:00,420,CLASSIC,30.533333333333335,Lulu,UTILITY,True,0,4,23,5.75,10200,4592,19682,77,39,1.277292576419214
28,xbDPjzN4Ux-ZGv3Wmq3kOPTyPI5S7l_DpKdgxvggOMM3d-H3MQt3QPCVWdzgb9Cbl166M45sSy1EHg,GOLD,GOLD,III,62,Nınetails,EUW,EUW1_7932446155,2026-07-28 14:39:20.330000+00:00,420,CLASSIC,31.1,Xerath,UTILITY,True,3,4,12,3.75,9493,19649,14407,57,44,1.4147909967845658
28,xbDPjzN4Ux-ZGv3Wmq3kOPTyPI5S7l_DpKdgxvggOMM3d-H3MQt3QPCVWdzgb9Cbl166M45sSy1EHg,GOLD,GOLD,III,62,Nınetails,EUW,EUW1_7932898825,2026-07-28 20:48:37.174000+00:00,420,CLASSIC,31.516666666666666,Morgana,UTILITY,False,3,5,8,2.2,10653,20559,18275,80,77,2.4431517715494446
28,xbDPjzN4Ux-ZGv3Wmq3kOPTyPI5S7l_DpKdgxvggOMM3d-H3MQt3QPCVWdzgb9Cbl166M45sSy1EHg,GOLD,GOLD,III,62,Nınetails,EUW,EUW1_7932951778,2026-07-28 21:26:54.779000+00:00,420,CLASSIC,43.8,Malzahar,MIDDLE,True,7,9,10,1.8888888888888888,18220,57402,33531,19,311,7.100456621004566
28,xbDPjzN4Ux-ZGv3Wmq3kOPTyPI5S7l_DpKdgxvggOMM3d-H3MQt3QPCVWdzgb9Cbl166M45sSy1EHg,GOLD,GOLD,III,62,Nınetails,EUW,EUW1_7933341323,2026-07-29 12:55:19.725000+00:00,420,CLASSIC,41.86666666666667,Malzahar,MIDDLE,True,11,5,13,4.8,19283,54234,32723,25,324,7.738853503184713
28,xbDPjzN4Ux-ZGv3Wmq3kOPTyPI5S7l_DpKdgxvggOMM3d-H3MQt3QPCVWdzgb9Cbl166M45sSy1EHg,GOLD,GOLD,III,62,Nınetails,EUW,EUW1_7933412708,2026-07-29 14:15:28.831000+00:00,420,CLASSIC,36.9,Viktor,MIDDLE,True,13,7,18,4.428571428571429,16478,52073,23451,40,261,7.073170731707317
28,xbDPjzN4Ux-ZGv3Wmq3kOPTyPI5S7l_DpKdgxvggOMM3d-H3MQt3QPCVWdzgb9Cbl166M45sSy1EHg,GOLD,GOLD,III,62,Nınetails,EUW,EUW1_7933515501,2026-07-29 15:58:12.524000+00:00,420,CLASSIC,1.2,Malzahar,MIDDLE,False,0,0,0,0.0,535,0,0,0,1,0.8333333333333334
28,xbDPjzN4Ux-ZGv3Wmq3kOPTyPI5S7l_DpKdgxvggOMM3d-H3MQt3QPCVWdzgb9Cbl166M45sSy1EHg,GOLD,GOLD,III,62,Nınetails,EUW,EUW1_7933520020,2026-07-29 16:05:34.915000+00:00,420,CLASSIC,41.516666666666666,Malzahar,MIDDLE,False,4,8,6,1.25,16346,27000,22827,29,338,8.1413087113609
28,xbDPjzN4Ux-ZGv3Wmq3kOPTyPI5S7l_DpKdgxvggOMM3d-H3MQt3QPCVWdzgb9Cbl166M45sSy1EHg,GOLD,GOLD,III,62,Nınetails,EUW,EUW1_7933578094,2026-07-29 17:02:51.038000+00:00,420,CLASSIC,1.2166666666666666,Nami,UTILITY,True,0,0,0,0.0,538,139,228,0,0,0.0
28,xbDPjzN4Ux-ZGv3Wmq3kOPTyPI5S7l_DpKdgxvggOMM3d-H3MQt3QPCVWdzgb9Cbl166M45sSy1EHg,GOLD,GOLD,III,62,Nınetails,EUW,EUW1_7933584220,2026-07-29 17:08:05.109000+00:00,420,CLASSIC,23.516666666666666,Mel,UTILITY,False,4,5,2,1.2,7843,9441,11476,46,68,2.891566265060241
28,xbDPjzN4Ux-ZGv3Wmq3kOPTyPI5S7l_DpKdgxvggOMM3d-H3MQt3QPCVWdzgb9Cbl166M45sSy1EHg,GOLD,GOLD,III,62,Nınetails,EUW,EUW1_7933736114,2026-07-29 18:46:20.057000+00:00,420,CLASSIC,33.016666666666666,Lulu,UTILITY,False,0,5,16,3.2,9252,5965,22781,87,40,1.2115093387178193
28,xbDPjzN4Ux-ZGv3Wmq3kOPTyPI5S7l_DpKdgxvggOMM3d-H3MQt3QPCVWdzgb9Cbl166M45sSy1EHg,GOLD,GOLD,III,62,Nınetails,EUW,EUW1_7933964864,2026-07-29 20:59:40.050000+00:00,420,CLASSIC,35.2,Viktor,MIDDLE,False,7,11,5,1.0909090909090908,14394,28648,28813,19,230,6.534090909090908
28,xbDPjzN4Ux-ZGv3Wmq3kOPTyPI5S7l_DpKdgxvggOMM3d-H3MQt3QPCVWdzgb9Cbl166M45sSy1EHg,GOLD,GOLD,III,62,Nınetails,EUW,EUW1_7934026932,2026-07-29 21:40:17.415000+00:00,420,CLASSIC,40.65,Hwei,MIDDLE,False,9,5,6,3.0,17684,33129,27672,22,269,6.617466174661747
28,xbDPjzN4Ux-ZGv3Wmq3kOPTyPI5S7l_DpKdgxvggOMM3d-H3MQt3QPCVWdzgb9Cbl166M45sSy1EHg,GOLD,GOLD,III,62,Nınetails,EUW,EUW1_7934561689,2026-07-30 14:27:41.401000+00:00,420,CLASSIC,30.166666666666668,Ahri,MIDDLE,False,6,8,5,1.375,11357,23693,22009,15,189,6.265193370165745
28,xbDPjzN4Ux-ZGv3Wmq3kOPTyPI5S7l_DpKdgxvggOMM3d-H3MQt3QPCVWdzgb9Cbl166M45sSy1EHg,GOLD,GOLD,III,62,Nınetails,EUW,EUW1_7934592362,2026-07-30 15:03:43.898000+00:00,420,CLASSIC,1.1833333333333333,Hwei,MIDDLE,True,0,0,0,0.0,554,0,0,0,2,1.6901408450704225
28,xbDPjzN4Ux-ZGv3Wmq3kOPTyPI5S7l_DpKdgxvggOMM3d-H3MQt3QPCVWdzgb9Cbl166M45sSy1EHg,GOLD,GOLD,III,62,Nınetails,EUW,EUW1_7934598160,2026-07-30 15:09:56.479000+00:00,420,CLASSIC,21.433333333333334,Hwei,MIDDLE,False,2,4,7,2.25,7483,23246,13997,8,147,6.858475894245723
28,xbDPjzN4Ux-ZGv3Wmq3kOPTyPI5S7l_DpKdgxvggOMM3d-H3MQt3QPCVWdzgb9Cbl166M45sSy1EHg,GOLD,GOLD,III,62,Nınetails,EUW,EUW1_7934765410,2026-07-30 17:34:21.153000+00:00,420,CLASSIC,31.183333333333334,Jhin,BOTTOM,True,14,3,11,8.333333333333334,17567,37638,27899,16,203,6.509887760555852
28,xbDPjzN4Ux-ZGv3Wmq3kOPTyPI5S7l_DpKdgxvggOMM3d-H3MQt3QPCVWdzgb9Cbl166M45sSy1EHg,GOLD,GOLD,III,62,Nınetails,EUW,EUW1_7934918105,2026-07-30 19:20:58.063000+00:00,420,CLASSIC,35.3,Viktor,MIDDLE,True,6,7,7,1.8571428571428572,13892,33279,25108,11,240,6.798866855524079
28,xbDPjzN4Ux-ZGv3Wmq3kOPTyPI5S7l_DpKdgxvggOMM3d-H3MQt3QPCVWdzgb9Cbl166M45sSy1EHg,GOLD,GOLD,III,62,Nınetails,EUW,EUW1_7935065822,2026-07-30 20:55:14.791000+00:00,420,CLASSIC,35.53333333333333,Hwei,MIDDLE,True,8,9,5,1.4444444444444444,14300,30804,25651,25,255,7.176360225140713
28,xbDPjzN4Ux-ZGv3Wmq3kOPTyPI5S7l_DpKdgxvggOMM3d-H3MQt3QPCVWdzgb9Cbl166M45sSy1EHg,GOLD,GOLD,III,62,Nınetails,EUW,EUW1_7935129140,2026-07-30 21:35:58.529000+00:00,420,CLASSIC,37.05,Hwei,MIDDLE,True,1,9,20,2.3333333333333335,11472,27386,24811,25,203,5.479082321187585
28,xbDPjzN4Ux-ZGv3Wmq3kOPTyPI5S7l_DpKdgxvggOMM3d-H3MQt3QPCVWdzgb9Cbl166M45sSy1EHg,GOLD,GOLD,III,62,Nınetails,EUW,EUW1_7935180275,2026-07-30 22:20:00.428000+00:00,420,CLASSIC,19.75,Hwei,MIDDLE,False,0,5,2,0.4,5905,6267,12274,9,133,6.734177215189874
28,xbDPjzN4Ux-ZGv3Wmq3kOPTyPI5S7l_DpKdgxvggOMM3d-H3MQt3QPCVWdzgb9Cbl166M45sSy1EHg,GOLD,GOLD,III,62,Nınetails,EUW,EUW1_7935720415,2026-07-31 15:37:17.123000+00:00,420,CLASSIC,34.0,Brand,UTILITY,False,7,8,11,2.25,14544,49854,29290,82,94,2.764705882352941
28,xbDPjzN4Ux-ZGv3Wmq3kOPTyPI5S7l_DpKdgxvggOMM3d-H3MQt3QPCVWdzgb9Cbl166M45sSy1EHg,GOLD,GOLD,III,62,Nınetails,EUW,EUW1_7935977755,2026-07-31 19:11:51.494000+00:00,420,CLASSIC,24.366666666666667,Ahri,MIDDLE,True,10,3,8,6.0,11629,27404,17871,12,182,7.46922024623803
28,xbDPjzN4Ux-ZGv3Wmq3kOPTyPI5S7l_DpKdgxvggOMM3d-H3MQt3QPCVWdzgb9Cbl166M45sSy1EHg,GOLD,GOLD,III,62,Nınetails,EUW,EUW1_7936010255,2026-07-31 19:40:02.508000+00:00,420,CLASSIC,22.233333333333334,Malzahar,MIDDLE,True,4,4,2,1.5,10593,10189,9101,11,210,9.44527736131934
28,xbDPjzN4Ux-ZGv3Wmq3kOPTyPI5S7l_DpKdgxvggOMM3d-H3MQt3QPCVWdzgb9Cbl166M45sSy1EHg,GOLD,GOLD,III,62,Nınetails,EUW,EUW1_7936042454,2026-07-31 20:07:34.505000+00:00,420,CLASSIC,44.45,Malzahar,MIDDLE,True,12,13,14,2.0,21841,54151,41189,38,297,6.681664791901012
28,xbDPjzN4Ux-ZGv3Wmq3kOPTyPI5S7l_DpKdgxvggOMM3d-H3MQt3QPCVWdzgb9Cbl166M45sSy1EHg,GOLD,GOLD,III,62,Nınetails,EUW,EUW1_7936141012,2026-07-31 21:08:27.044000+00:00,420,CLASSIC,51.86666666666667,Hwei,MIDDLE,False,9,9,18,3.0,18112,57584,44361,38,241,4.646529562982005
28,xbDPjzN4Ux-ZGv3Wmq3kOPTyPI5S7l_DpKdgxvggOMM3d-H3MQt3QPCVWdzgb9Cbl166M45sSy1EHg,GOLD,GOLD,III,62,Nınetails,EUW,EUW1_7937061907,2026-08-01 18:58:43.433000+00:00,420,CLASSIC,1.7,Hwei,MIDDLE,True,0,0,0,0.0,718,0,18,0,8,4.705882352941177
28,xbDPjzN4Ux-ZGv3Wmq3kOPTyPI5S7l_DpKdgxvggOMM3d-H3MQt3QPCVWdzgb9Cbl166M45sSy1EHg,GOLD,GOLD,III,62,Nınetails,EUW,EUW1_7937063223,2026-08-01 19:04:32.058000+00:00,420,CLASSIC,46.86666666666667,Hwei,MIDDLE,False,6,6,15,3.5,16764,49282,37479,19,271,5.782361308677098
28,xbDPjzN4Ux-ZGv3Wmq3kOPTyPI5S7l_DpKdgxvggOMM3d-H3MQt3QPCVWdzgb9Cbl166M45sSy1EHg,GOLD,GOLD,III,62,Nınetails,EUW,EUW1_7938491449,2026-08-02 22:05:32.798000+00:00,420,CLASSIC,33.45,Ahri,MIDDLE,True,9,4,10,4.75,15648,44411,23013,13,244,7.294469357249626
28,xbDPjzN4Ux-ZGv3Wmq3kOPTyPI5S7l_DpKdgxvggOMM3d-H3MQt3QPCVWdzgb9Cbl166M45sSy1EHg,GOLD,GOLD,III,62,Nınetails,EUW,EUW1_7939097789,2026-08-03 16:40:01.457000+00:00,420,CLASSIC,24.016666666666666,Ahri,MIDDLE,False,4,6,1,0.8333333333333334,9217,13132,20647,26,184,7.6613462873004865
28,xbDPjzN4Ux-ZGv3Wmq3kOPTyPI5S7l_DpKdgxvggOMM3d-H3MQt3QPCVWdzgb9Cbl166M45sSy1EHg,GOLD,GOLD,III,62,Nınetails,EUW,EUW1_7939126326,2026-08-03 17:10:04.040000+00:00,420,CLASSIC,33.93333333333333,Xayah,BOTTOM,True,18,4,11,7.25,21379,50030,19342,25,298,8.781925343811396
28,xbDPjzN4Ux-ZGv3Wmq3kOPTyPI5S7l_DpKdgxvggOMM3d-H3MQt3QPCVWdzgb9Cbl166M45sSy1EHg,GOLD,GOLD,III,62,Nınetails,EUW,EUW1_7939290281,2026-08-03 19:11:17.901000+00:00,420,CLASSIC,32.18333333333333,Jhin,BOTTOM,False,1,8,0,0.125,9754,8021,20818,38,201,6.245468669083377
28,xbDPjzN4Ux-ZGv3Wmq3kOPTyPI5S7l_DpKdgxvggOMM3d-H3MQt3QPCVWdzgb9Cbl166M45sSy1EHg,GOLD,GOLD,III,62,Nınetails,EUW,EUW1_7939349238,2026-08-03 19:49:46.956000+00:00,420,CLASSIC,22.366666666666667,Ashe,BOTTOM,True,2,3,8,3.3333333333333335,9378,10725,9408,21,159,7.1087928464977646
28,xbDPjzN4Ux-ZGv3Wmq3kOPTyPI5S7l_DpKdgxvggOMM3d-H3MQt3QPCVWdzgb9Cbl166M45sSy1EHg,GOLD,GOLD,III,62,Nınetails,EUW,EUW1_7939393039,2026-08-03 20:16:55.786000+00:00,420,CLASSIC,31.85,Ashe,BOTTOM,True,12,6,8,3.3333333333333335,16951,29861,20454,33,225,7.06436420722135
28,xbDPjzN4Ux-ZGv3Wmq3kOPTyPI5S7l_DpKdgxvggOMM3d-H3MQt3QPCVWdzgb9Cbl166M45sSy1EHg,GOLD,GOLD,III,62,Nınetails,EUW,EUW1_7939491394,2026-08-03 21:30:24.109000+00:00,420,CLASSIC,28.933333333333334,Kaisa,BOTTOM,False,6,8,4,1.25,11917,15561,24303,12,188,6.497695852534562
28,xbDPjzN4Ux-ZGv3Wmq3kOPTyPI5S7l_DpKdgxvggOMM3d-H3MQt3QPCVWdzgb9Cbl166M45sSy1EHg,GOLD,GOLD,III,62,Nınetails,EUW,EUW1_7940022167,2026-08-04 14:52:20.499000+00:00,420,CLASSIC,38.2,Xayah,BOTTOM,False,3,7,9,1.7142857142857142,15331,38484,24850,35,266,6.963350785340314
28,xbDPjzN4Ux-ZGv3Wmq3kOPTyPI5S7l_DpKdgxvggOMM3d-H3MQt3QPCVWdzgb9Cbl166M45sSy1EHg,GOLD,GOLD,III,62,Nınetails,EUW,EUW1_7940070010,2026-08-04 15:35:03.288000+00:00,420,CLASSIC,37.28333333333333,Ashe,BOTTOM,True,3,2,18,10.5,16021,22917,20867,33,266,7.13455520786768
28,xbDPjzN4Ux-ZGv3Wmq3kOPTyPI5S7l_DpKdgxvggOMM3d-H3MQt3QPCVWdzgb9Cbl166M45sSy1EHg,GOLD,GOLD,III,62,Nınetails,EUW,EUW1_7940270045,2026-08-04 18:22:57.783000+00:00,420,CLASSIC,28.383333333333333,Morgana,UTILITY,True,2,2,22,12.0,9716,14147,14492,58,36,1.268349970640047
28,xbDPjzN4Ux-ZGv3Wmq3kOPTyPI5S7l_DpKdgxvggOMM3d-H3MQt3QPCVWdzgb9Cbl166M45sSy1EHg,GOLD,GOLD,III,62,Nınetails,EUW,EUW1_7940547281,2026-08-04 21:30:35.426000+00:00,420,CLASSIC,24.816666666666666,MissFortune,BOTTOM,False,2,6,2,0.6666666666666666,9192,7833,15508,16,169,6.809939556749496
28,xbDPjzN4Ux-ZGv3Wmq3kOPTyPI5S7l_DpKdgxvggOMM3d-H3MQt3QPCVWdzgb9Cbl166M45sSy1EHg,GOLD,GOLD,III,62,Nınetails,EUW,EUW1_7940601532,2026-08-04 22:00:00.017000+00:00,420,CLASSIC,31.183333333333334,Caitlyn,BOTTOM,True,21,7,6,3.857142857142857,19906,42431,18966,9,219,7.022982362373062
28,xbDPjzN4Ux-ZGv3Wmq3kOPTyPI5S7l_DpKdgxvggOMM3d-H3MQt3QPCVWdzgb9Cbl166M45sSy1EHg,GOLD,GOLD,III,62,Nınetails,EUW,EUW1_7941131200,2026-08-05 15:49:39.477000+00:00,420,CLASSIC,23.333333333333332,Ashe,BOTTOM,False,2,6,4,1.0,7698,10185,13771,21,146,6.257142857142857
28,xbDPjzN4Ux-ZGv3Wmq3kOPTyPI5S7l_DpKdgxvggOMM3d-H3MQt3QPCVWdzgb9Cbl166M45sSy1EHg,GOLD,GOLD,III,62,Nınetails,EUW,EUW1_7942653457,2026-08-06 22:08:24.484000+00:00,420,CLASSIC,33.9,Ahri,MIDDLE,False,6,4,0,1.5,14174,26322,24534,27,256,7.551622418879056
28,xbDPjzN4Ux-ZGv3Wmq3kOPTyPI5S7l_DpKdgxvggOMM3d-H3MQt3QPCVWdzgb9Cbl166M45sSy1EHg,GOLD,GOLD,III,62,Nınetails,EUW,EUW1_7942716916,2026-08-06 23:29:48.579000+00:00,420,CLASSIC,36.68333333333333,Pyke,UTILITY,True,4,7,16,2.857142857142857,14434,18061,26334,93,37,1.008632439800091
28,xbDPjzN4Ux-ZGv3Wmq3kOPTyPI5S7l_DpKdgxvggOMM3d-H3MQt3QPCVWdzgb9Cbl166M45sSy1EHg,GOLD,GOLD,III,62,Nınetails,EUW,EUW1_7942749508,2026-08-07 00:10:51.685000+00:00,420,CLASSIC,39.95,Morgana,UTILITY,False,6,11,11,1.5454545454545454,14083,26231,37729,107,84,2.1026282853566958
28,xbDPjzN4Ux-ZGv3Wmq3kOPTyPI5S7l_DpKdgxvggOMM3d-H3MQt3QPCVWdzgb9Cbl166M45sSy1EHg,GOLD,GOLD,III,62,Nınetails,EUW,EUW1_7943113905,2026-08-07 14:35:23.385000+00:00,420,CLASSIC,28.45,Ahri,MIDDLE,True,10,3,14,8.0,13098,30753,22476,22,168,5.905096660808436
28,xbDPjzN4Ux-ZGv3Wmq3kOPTyPI5S7l_DpKdgxvggOMM3d-H3MQt3QPCVWdzgb9Cbl166M45sSy1EHg,GOLD,GOLD,III,62,Nınetails,EUW,EUW1_7943300541,2026-08-07 17:29:00.863000+00:00,420,CLASSIC,28.433333333333334,Ahri,MIDDLE,False,9,8,4,1.625,12281,25256,20722,19,204,7.174677608440797
28,xbDPjzN4Ux-ZGv3Wmq3kOPTyPI5S7l_DpKdgxvggOMM3d-H3MQt3QPCVWdzgb9Cbl166M45sSy1EHg,GOLD,GOLD,III,62,Nınetails,EUW,EUW1_7943339652,2026-08-07 18:06:51.866000+00:00,420,CLASSIC,26.466666666666665,Naafiri,MIDDLE,True,6,6,6,2.0,11647,13846,19594,7,171,6.46095717884131
28,xbDPjzN4Ux-ZGv3Wmq3kOPTyPI5S7l_DpKdgxvggOMM3d-H3MQt3QPCVWdzgb9Cbl166M45sSy1EHg,GOLD,GOLD,III,62,Nınetails,EUW,EUW1_7944731867,2026-08-08 22:46:08.262000+00:00,420,CLASSIC,23.016666666666666,Pyke,UTILITY,False,6,4,3,2.25,8383,7283,12120,42,42,1.824764663287473
28,xbDPjzN4Ux-ZGv3Wmq3kOPTyPI5S7l_DpKdgxvggOMM3d-H3MQt3QPCVWdzgb9Cbl166M45sSy1EHg,GOLD,GOLD,III,62,Nınetails,EUW,EUW1_7944767675,2026-08-08 23:12:55.383000+00:00,420,CLASSIC,19.3,Akali,MIDDLE,False,1,6,1,0.3333333333333333,6035,12150,18739,5,116,6.010362694300518
28,xbDPjzN4Ux-ZGv3Wmq3kOPTyPI5S7l_DpKdgxvggOMM3d-H3MQt3QPCVWdzgb9Cbl166M45sSy1EHg,GOLD,GOLD,III,62,Nınetails,EUW,EUW1_7944782022,2026-08-08 23:37:12.562000+00:00,420,CLASSIC,18.483333333333334,Hwei,MIDDLE,False,0,7,1,0.14285714285714285,4902,8934,12612,5,105,5.680793507664562
28,xbDPjzN4Ux-ZGv3Wmq3kOPTyPI5S7l_DpKdgxvggOMM3d-H3MQt3QPCVWdzgb9Cbl166M45sSy1EHg,GOLD,GOLD,III,62,Nınetails,EUW,EUW1_7945771443,2026-08-09 21:07:09.195000+00:00,420,CLASSIC,25.2,Ahri,MIDDLE,True,2,2,9,5.5,9230,17634,13612,9,167,6.626984126984127
28,xbDPjzN4Ux-ZGv3Wmq3kOPTyPI5S7l_DpKdgxvggOMM3d-H3MQt3QPCVWdzgb9Cbl166M45sSy1EHg,GOLD,GOLD,III,62,Nınetails,EUW,EUW1_7945828043,2026-08-09 21:47:11.817000+00:00,420,CLASSIC,33.18333333333333,Senna,BOTTOM,False,11,4,13,6.0,17103,27020,23107,25,177,5.334003013561025
28,xbDPjzN4Ux-ZGv3Wmq3kOPTyPI5S7l_DpKdgxvggOMM3d-H3MQt3QPCVWdzgb9Cbl166M45sSy1EHg,GOLD,GOLD,III,62,Nınetails,EUW,EUW1_7946372583,2026-08-10 15:38:23.514000+00:00,420,CLASSIC,31.05,Caitlyn,BOTTOM,False,13,7,6,2.7142857142857144,16802,33488,22620,28,209,6.731078904991948
28,xbDPjzN4Ux-ZGv3Wmq3kOPTyPI5S7l_DpKdgxvggOMM3d-H3MQt3QPCVWdzgb9Cbl166M45sSy1EHg,GOLD,GOLD,III,62,Nınetails,EUW,EUW1_7946747139,2026-08-10 20:35:41.647000+00:00,420,CLASSIC,22.433333333333334,Caitlyn,BOTTOM,False,2,7,4,0.8571428571428571,8326,10122,18046,13,132,5.88410104011887
28,xbDPjzN4Ux-ZGv3Wmq3kOPTyPI5S7l_DpKdgxvggOMM3d-H3MQt3QPCVWdzgb9Cbl166M45sSy1EHg,GOLD,GOLD,III,62,Nınetails,EUW,EUW1_7946786145,2026-08-10 21:04:12.201000+00:00,420,CLASSIC,23.066666666666666,Ezreal,BOTTOM,True,4,2,6,5.0,9731,15694,11984,11,163,7.066473988439307
28,xbDPjzN4Ux-ZGv3Wmq3kOPTyPI5S7l_DpKdgxvggOMM3d-H3MQt3QPCVWdzgb9Cbl166M45sSy1EHg,GOLD,GOLD,III,62,Nınetails,EUW,EUW1_7946826130,2026-08-10 21:34:36.260000+00:00,420,CLASSIC,31.816666666666666,Jhin,BOTTOM,True,11,6,10,3.5,14971,19606,21730,17,185,5.814562598218963
28,xbDPjzN4Ux-ZGv3Wmq3kOPTyPI5S7l_DpKdgxvggOMM3d-H3MQt3QPCVWdzgb9Cbl166M45sSy1EHg,GOLD,GOLD,III,62,Nınetails,EUW,EUW1_7947242168,2026-08-11 13:12:11.542000+00:00,420,CLASSIC,32.7,Ahri,MIDDLE,False,2,1,6,8.0,11868,39607,22936,27,242,7.4006116207951065
28,xbDPjzN4Ux-ZGv3Wmq3kOPTyPI5S7l_DpKdgxvggOMM3d-H3MQt3QPCVWdzgb9Cbl166M45sSy1EHg,GOLD,GOLD,III,62,Nınetails,EUW,EUW1_7947467967,2026-08-11 17:02:57.963000+00:00,420,CLASSIC,26.566666666666666,Sylas,MIDDLE,False,3,5,5,1.6,8235,13283,23904,13,145,5.4579673776662485
28,xbDPjzN4Ux-ZGv3Wmq3kOPTyPI5S7l_DpKdgxvggOMM3d-H3MQt3QPCVWdzgb9Cbl166M45sSy1EHg,GOLD,GOLD,III,62,Nınetails,EUW,EUW1_7948622113,2026-08-12 19:36:15.540000+00:00,420,CLASSIC,31.05,MissFortune,BOTTOM,True,11,6,7,3.0,14424,20591,23229,16,197,6.344605475040257
28,xbDPjzN4Ux-ZGv3Wmq3kOPTyPI5S7l_DpKdgxvggOMM3d-H3MQt3QPCVWdzgb9Cbl166M45sSy1EHg,GOLD,GOLD,III,62,Nınetails,EUW,EUW1_7948736984,2026-08-12 21:06:36.187000+00:00,420,CLASSIC,31.466666666666665,Lucian,BOTTOM,False,6,6,7,2.1666666666666665,12885,23036,24706,16,233,7.404661016949153
28,xbDPjzN4Ux-ZGv3Wmq3kOPTyPI5S7l_DpKdgxvggOMM3d-H3MQt3QPCVWdzgb9Cbl166M45sSy1EHg,GOLD,GOLD,III,62,Nınetails,EUW,EUW1_7950340685,2026-08-14 16:46:22.366000+00:00,420,CLASSIC,34.666666666666664,Caitlyn,BOTTOM,False,7,5,3,2.0,14101,31004,24393,29,248,7.153846153846154
28,xbDPjzN4Ux-ZGv3Wmq3kOPTyPI5S7l_DpKdgxvggOMM3d-H3MQt3QPCVWdzgb9Cbl166M45sSy1EHg,GOLD,GOLD,III,62,Nınetails,EUW,EUW1_7950566612,2026-08-14 19:59:27.161000+00:00,420,CLASSIC,34.6,Kaisa,BOTTOM,True,8,3,8,5.333333333333333,16123,26012,19041,9,258,7.456647398843931
28,xbDPjzN4Ux-ZGv3Wmq3kOPTyPI5S7l_DpKdgxvggOMM3d-H3MQt3QPCVWdzgb9Cbl166M45sSy1EHg,GOLD,GOLD,III,62,Nınetails,EUW,EUW1_7950603434,2026-08-14 20:38:54.429000+00:00,420,CLASSIC,40.31666666666667,Ashe,BOTTOM,True,9,10,10,1.9,18200,34215,32157,37,217,5.38238941711451
28,xbDPjzN4Ux-ZGv3Wmq3kOPTyPI5S7l_DpKdgxvggOMM3d-H3MQt3QPCVWdzgb9Cbl166M45sSy1EHg,GOLD,GOLD,III,62,Nınetails,EUW,EUW1_7950693632,2026-08-14 21:29:53.112000+00:00,420,CLASSIC,34.05,Samira,BOTTOM,True,9,4,6,3.75,16607,19083,23880,28,272,7.988252569750368
28,xbDPjzN4Ux-ZGv3Wmq3kOPTyPI5S7l_DpKdgxvggOMM3d-H3MQt3QPCVWdzgb9Cbl166M45sSy1EHg,GOLD,GOLD,III,62,Nınetails,EUW,EUW1_7957034458,2026-08-20 23:31:56.432000+00:00,420,CLASSIC,32.733333333333334,Akali,MIDDLE,False,6,7,6,1.7142857142857142,11296,18903,28374,30,153,4.674134419551935
28,xbDPjzN4Ux-ZGv3Wmq3kOPTyPI5S7l_DpKdgxvggOMM3d-H3MQt3QPCVWdzgb9Cbl166M45sSy1EHg,GOLD,GOLD,III,62,Nınetails,EUW,EUW1_7957054682,2026-08-21 00:08:21.063000+00:00,420,CLASSIC,27.85,Akali,MIDDLE,False,4,8,4,1.0,9406,14609,28936,18,177,6.355475763016158
28,xbDPjzN4Ux-ZGv3Wmq3kOPTyPI5S7l_DpKdgxvggOMM3d-H3MQt3QPCVWdzgb9Cbl166M45sSy1EHg,GOLD,GOLD,III,62,Nınetails,EUW,EUW1_7959747851,2026-08-23 16:53:20.696000+00:00,420,CLASSIC,35.21666666666667,Akali,MIDDLE,True,13,4,9,5.5,15964,34660,31164,20,205,5.821107430194036
28,xbDPjzN4Ux-ZGv3Wmq3kOPTyPI5S7l_DpKdgxvggOMM3d-H3MQt3QPCVWdzgb9Cbl166M45sSy1EHg,GOLD,GOLD,III,62,Nınetails,EUW,EUW1_7960096974,2026-08-23 21:00:11.028000+00:00,420,CLASSIC,28.566666666666666,Ahri,MIDDLE,False,5,6,4,1.5,11843,14586,22147,26,217,7.596266044340724
28,xbDPjzN4Ux-ZGv3Wmq3kOPTyPI5S7l_DpKdgxvggOMM3d-H3MQt3QPCVWdzgb9Cbl166M45sSy1EHg,GOLD,GOLD,III,62,Nınetails,EUW,EUW1_7960139026,2026-08-23 21:33:32.115000+00:00,420,CLASSIC,34.63333333333333,Aurora,MIDDLE,False,8,7,3,1.5714285714285714,13124,28389,24048,15,209,6.034648700673725
28,xbDPjzN4Ux-ZGv3Wmq3kOPTyPI5S7l_DpKdgxvggOMM3d-H3MQt3QPCVWdzgb9Cbl166M45sSy1EHg,GOLD,GOLD,III,62,Nınetails,EUW,EUW1_7961202162,2026-08-24 22:52:13.800000+00:00,420,CLASSIC,30.95,Diana,MIDDLE,True,10,6,5,2.5,14064,39438,25657,25,210,6.78513731825525
28,xbDPjzN4Ux-ZGv3Wmq3kOPTyPI5S7l_DpKdgxvggOMM3d-H3MQt3QPCVWdzgb9Cbl166M45sSy1EHg,GOLD,GOLD,III,62,Nınetails,EUW,EUW1_7961238786,2026-08-24 23:29:43.141000+00:00,420,CLASSIC,31.516666666666666,Ahri,MIDDLE,False,8,6,4,2.0,14293,28804,25692,28,260,8.249603384452671
28,xbDPjzN4Ux-ZGv3Wmq3kOPTyPI5S7l_DpKdgxvggOMM3d-H3MQt3QPCVWdzgb9Cbl166M45sSy1EHg,GOLD,GOLD,III,62,Nınetails,EUW,EUW1_7961246362,2026-08-25 00:05:46.635000+00:00,420,CLASSIC,23.666666666666668,Ahri,MIDDLE,True,14,0,4,18.0,13270,36356,13094,7,199,8.408450704225352
28,xbDPjzN4Ux-ZGv3Wmq3kOPTyPI5S7l_DpKdgxvggOMM3d-H3MQt3QPCVWdzgb9Cbl166M45sSy1EHg,GOLD,GOLD,III,62,Nınetails,EUW,EUW1_7961668356,2026-08-25 15:46:12.757000+00:00,420,CLASSIC,36.266666666666666,Ahri,MIDDLE,True,8,5,11,3.8,14958,33051,30143,12,234,6.452205882352941
29,RU3dV1YIAdfEal-ZDF0kQVXcZMisQvbDCoWvYBo3gCUcypIcrg4FRgaSkgayn7L8Vz4MyFxL1CUyWw,GOLD,GOLD,II,5,Dresseur de coqs,EUW,EUW1_7358673336,2025-04-05 18:47:09.968000+00:00,420,CLASSIC,28.15,Urgot,TOP,True,12,2,7,9.5,12891,29884,23025,13,161,5.719360568383659
29,RU3dV1YIAdfEal-ZDF0kQVXcZMisQvbDCoWvYBo3gCUcypIcrg4FRgaSkgayn7L8Vz4MyFxL1CUyWw,GOLD,GOLD,II,5,Dresseur de coqs,EUW,EUW1_7361017515,2025-04-07 17:52:32.953000+00:00,420,CLASSIC,27.733333333333334,Diana,MIDDLE,False,5,3,2,2.3333333333333335,10406,16186,15993,14,176,6.346153846153846
29,RU3dV1YIAdfEal-ZDF0kQVXcZMisQvbDCoWvYBo3gCUcypIcrg4FRgaSkgayn7L8Vz4MyFxL1CUyWw,GOLD,GOLD,II,5,Dresseur de coqs,EUW,EUW1_7361065477,2025-04-07 18:26:26.610000+00:00,420,CLASSIC,43.18333333333333,Diana,MIDDLE,True,21,8,9,3.75,20121,61400,36156,29,251,5.812427634118102
29,RU3dV1YIAdfEal-ZDF0kQVXcZMisQvbDCoWvYBo3gCUcypIcrg4FRgaSkgayn7L8Vz4MyFxL1CUyWw,GOLD,GOLD,II,5,Dresseur de coqs,EUW,EUW1_7361840067,2025-04-08 14:19:04.485000+00:00,420,CLASSIC,27.716666666666665,Diana,MIDDLE,True,23,1,3,26.0,17455,45692,11927,29,179,6.458208057727
29,RU3dV1YIAdfEal-ZDF0kQVXcZMisQvbDCoWvYBo3gCUcypIcrg4FRgaSkgayn7L8Vz4MyFxL1CUyWw,GOLD,GOLD,II,5,Dresseur de coqs,EUW,EUW1_7361880580,2025-04-08 14:53:08.522000+00:00,420,CLASSIC,15.316666666666666,Diana,MIDDLE,True,8,0,2,10.0,7367,10402,6106,13,90,5.8759521218716
29,RU3dV1YIAdfEal-ZDF0kQVXcZMisQvbDCoWvYBo3gCUcypIcrg4FRgaSkgayn7L8Vz4MyFxL1CUyWw,GOLD,GOLD,II,5,Dresseur de coqs,EUW,EUW1_7361895418,2025-04-08 15:15:41.063000+00:00,420,CLASSIC,20.666666666666668,Diana,MIDDLE,False,5,6,1,1.0,7458,16063,16783,17,110,5.32258064516129
29,RU3dV1YIAdfEal-ZDF0kQVXcZMisQvbDCoWvYBo3gCUcypIcrg4FRgaSkgayn7L8Vz4MyFxL1CUyWw,GOLD,GOLD,II,5,Dresseur de coqs,EUW,EUW1_7363217633,2025-04-09 18:21:25.141000+00:00,420,CLASSIC,15.166666666666666,Urgot,TOP,True,9,0,1,10.0,8338,10609,7068,6,123,8.10989010989011
29,RU3dV1YIAdfEal-ZDF0kQVXcZMisQvbDCoWvYBo3gCUcypIcrg4FRgaSkgayn7L8Vz4MyFxL1CUyWw,GOLD,GOLD,II,5,Dresseur de coqs,EUW,EUW1_7363242268,2025-04-09 18:43:56.921000+00:00,420,CLASSIC,27.733333333333334,Urgot,TOP,True,23,1,4,27.0,17687,34285,18996,16,208,7.5
29,RU3dV1YIAdfEal-ZDF0kQVXcZMisQvbDCoWvYBo3gCUcypIcrg4FRgaSkgayn7L8Vz4MyFxL1CUyWw,GOLD,GOLD,II,5,Dresseur de coqs,EUW,EUW1_7363295933,2025-04-09 19:20:10.560000+00:00,420,CLASSIC,29.55,Urgot,TOP,True,19,2,7,13.0,15861,39102,24784,33,188,6.362098138747885
29,RU3dV1YIAdfEal-ZDF0kQVXcZMisQvbDCoWvYBo3gCUcypIcrg4FRgaSkgayn7L8Vz4MyFxL1CUyWw,GOLD,GOLD,II,5,Dresseur de coqs,EUW,EUW1_7363353578,2025-04-09 19:58:04.139000+00:00,420,CLASSIC,32.666666666666664,Urgot,TOP,False,11,7,7,2.5714285714285716,14017,32462,34644,35,182,5.571428571428572
29,RU3dV1YIAdfEal-ZDF0kQVXcZMisQvbDCoWvYBo3gCUcypIcrg4FRgaSkgayn7L8Vz4MyFxL1CUyWw,GOLD,GOLD,II,5,Dresseur de coqs,EUW,EUW1_7365112192,2025-04-11 15:11:54.496000+00:00,420,CLASSIC,18.466666666666665,Urgot,TOP,True,15,0,0,15.0,10977,31093,9361,10,160,8.664259927797834
29,RU3dV1YIAdfEal-ZDF0kQVXcZMisQvbDCoWvYBo3gCUcypIcrg4FRgaSkgayn7L8Vz4MyFxL1CUyWw,GOLD,GOLD,II,5,Dresseur de coqs,EUW,EUW1_7365145311,2025-04-11 15:43:08.780000+00:00,420,CLASSIC,23.55,Urgot,TOP,True,17,0,1,18.0,13146,28894,13617,14,197,8.365180467091294
29,RU3dV1YIAdfEal-ZDF0kQVXcZMisQvbDCoWvYBo3gCUcypIcrg4FRgaSkgayn7L8Vz4MyFxL1CUyWw,GOLD,GOLD,II,5,Dresseur de coqs,EUW,EUW1_7370977286,2025-04-16 18:19:16.332000+00:00,420,CLASSIC,36.95,Illaoi,TOP,True,6,6,9,2.5,16478,48900,57246,18,306,8.28146143437077
29,RU3dV1YIAdfEal-ZDF0kQVXcZMisQvbDCoWvYBo3gCUcypIcrg4FRgaSkgayn7L8Vz4MyFxL1CUyWw,GOLD,GOLD,II,5,Dresseur de coqs,EUW,EUW1_7371045543,2025-04-16 19:02:49.067000+00:00,420,CLASSIC,26.983333333333334,Urgot,TOP,False,14,4,4,4.5,13853,28692,22639,14,189,7.004323656578134
29,RU3dV1YIAdfEal-ZDF0kQVXcZMisQvbDCoWvYBo3gCUcypIcrg4FRgaSkgayn7L8Vz4MyFxL1CUyWw,GOLD,GOLD,II,5,Dresseur de coqs,EUW,EUW1_7373112562,2025-04-18 16:58:33.583000+00:00,420,CLASSIC,26.283333333333335,Illaoi,TOP,True,5,3,6,3.6666666666666665,12157,19992,27402,7,184,7.000634115409004
29,RU3dV1YIAdfEal-ZDF0kQVXcZMisQvbDCoWvYBo3gCUcypIcrg4FRgaSkgayn7L8Vz4MyFxL1CUyWw,GOLD,GOLD,II,5,Dresseur de coqs,EUW,EUW1_7373151613,2025-04-18 17:33:59.406000+00:00,420,CLASSIC,37.53333333333333,Urgot,TOP,True,23,4,7,7.5,22241,53102,35457,31,276,7.353463587921848
29,RU3dV1YIAdfEal-ZDF0kQVXcZMisQvbDCoWvYBo3gCUcypIcrg4FRgaSkgayn7L8Vz4MyFxL1CUyWw,GOLD,GOLD,II,5,Dresseur de coqs,EUW,EUW1_7379842458,2025-04-24 17:47:32.436000+00:00,420,CLASSIC,30.033333333333335,Urgot,TOP,True,18,2,4,11.0,18069,45308,20480,17,243,8.09100998890122
29,RU3dV1YIAdfEal-ZDF0kQVXcZMisQvbDCoWvYBo3gCUcypIcrg4FRgaSkgayn7L8Vz4MyFxL1CUyWw,GOLD,GOLD,II,5,Dresseur de coqs,EUW,EUW1_7379877423,2025-04-24 18:24:10.382000+00:00,420,CLASSIC,31.85,Urgot,TOP,True,18,4,8,6.5,16910,45882,36707,33,231,7.252747252747253
29,RU3dV1YIAdfEal-ZDF0kQVXcZMisQvbDCoWvYBo3gCUcypIcrg4FRgaSkgayn7L8Vz4MyFxL1CUyWw,GOLD,GOLD,II,5,Dresseur de coqs,EUW,EUW1_7382538304,2025-04-27 09:47:31.913000+00:00,420,CLASSIC,30.1,Urgot,TOP,True,18,2,6,12.0,16625,48586,25138,25,206,6.843853820598007
29,RU3dV1YIAdfEal-ZDF0kQVXcZMisQvbDCoWvYBo3gCUcypIcrg4FRgaSkgayn7L8Vz4MyFxL1CUyWw,GOLD,GOLD,II,5,Dresseur de coqs,EUW,EUW1_7784314102,2026-03-17 12:29:35.884000+00:00,420,CLASSIC,25.733333333333334,Diana,MIDDLE,True,9,2,11,10.0,11816,27675,15592,20,182,7.072538860103626
29,RU3dV1YIAdfEal-ZDF0kQVXcZMisQvbDCoWvYBo3gCUcypIcrg4FRgaSkgayn7L8Vz4MyFxL1CUyWw,GOLD,GOLD,II,5,Dresseur de coqs,EUW,EUW1_7784346324,2026-03-17 13:02:28.066000+00:00,420,CLASSIC,30.016666666666666,Diana,MIDDLE,True,9,4,5,3.5,12968,27105,21888,18,201,6.6962798445308165
29,RU3dV1YIAdfEal-ZDF0kQVXcZMisQvbDCoWvYBo3gCUcypIcrg4FRgaSkgayn7L8Vz4MyFxL1CUyWw,GOLD,GOLD,II,5,Dresseur de coqs,EUW,EUW1_7784405641,2026-03-17 13:43:57.928000+00:00,420,CLASSIC,29.4,Diana,MIDDLE,True,9,4,5,3.5,12616,27257,15651,38,180,6.122448979591837
29,RU3dV1YIAdfEal-ZDF0kQVXcZMisQvbDCoWvYBo3gCUcypIcrg4FRgaSkgayn7L8Vz4MyFxL1CUyWw,GOLD,GOLD,II,5,Dresseur de coqs,EUW,EUW1_7786083746,2026-03-18 14:43:54.944000+00:00,420,CLASSIC,37.96666666666667,Zaahen,JUNGLE,False,9,10,16,2.5,15188,36790,75388,23,163,4.293239683933274
29,RU3dV1YIAdfEal-ZDF0kQVXcZMisQvbDCoWvYBo3gCUcypIcrg4FRgaSkgayn7L8Vz4MyFxL1CUyWw,GOLD,GOLD,II,5,Dresseur de coqs,EUW,EUW1_7786150975,2026-03-18 15:34:04.105000+00:00,420,CLASSIC,30.683333333333334,Zaahen,JUNGLE,False,4,5,10,2.8,11984,21966,42664,16,195,6.355241716458447
29,RU3dV1YIAdfEal-ZDF0kQVXcZMisQvbDCoWvYBo3gCUcypIcrg4FRgaSkgayn7L8Vz4MyFxL1CUyWw,GOLD,GOLD,II,5,Dresseur de coqs,EUW,EUW1_7786638246,2026-03-18 20:04:36.697000+00:00,420,CLASSIC,30.6,Zaahen,JUNGLE,False,8,2,8,8.0,13419,27825,45026,23,183,5.980392156862745
29,RU3dV1YIAdfEal-ZDF0kQVXcZMisQvbDCoWvYBo3gCUcypIcrg4FRgaSkgayn7L8Vz4MyFxL1CUyWw,GOLD,GOLD,II,5,Dresseur de coqs,EUW,EUW1_7814938712,2026-04-09 12:34:49.396000+00:00,420,CLASSIC,29.916666666666668,Zaahen,TOP,False,6,2,2,4.0,13786,20857,29514,19,239,7.988857938718662
29,RU3dV1YIAdfEal-ZDF0kQVXcZMisQvbDCoWvYBo3gCUcypIcrg4FRgaSkgayn7L8Vz4MyFxL1CUyWw,GOLD,GOLD,II,5,Dresseur de coqs,EUW,EUW1_7815752734,2026-04-10 07:22:49.424000+00:00,420,CLASSIC,21.483333333333334,Zaahen,TOP,True,6,1,2,8.0,9640,13420,14398,24,179,8.332040341349883
29,RU3dV1YIAdfEal-ZDF0kQVXcZMisQvbDCoWvYBo3gCUcypIcrg4FRgaSkgayn7L8Vz4MyFxL1CUyWw,GOLD,GOLD,II,5,Dresseur de coqs,EUW,EUW1_7815760258,2026-04-10 07:48:52.309000+00:00,420,CLASSIC,32.233333333333334,Zaahen,TOP,False,3,8,9,1.5,11375,27941,42334,30,206,6.390899689762151
29,RU3dV1YIAdfEal-ZDF0kQVXcZMisQvbDCoWvYBo3gCUcypIcrg4FRgaSkgayn7L8Vz4MyFxL1CUyWw,GOLD,GOLD,II,5,Dresseur de coqs,EUW,EUW1_7815778746,2026-04-10 08:29:11.174000+00:00,420,CLASSIC,31.45,Zaahen,TOP,False,11,3,4,5.0,14337,42514,50126,36,227,7.217806041335454
29,RU3dV1YIAdfEal-ZDF0kQVXcZMisQvbDCoWvYBo3gCUcypIcrg4FRgaSkgayn7L8Vz4MyFxL1CUyWw,GOLD,GOLD,II,5,Dresseur de coqs,EUW,EUW1_7815789447,2026-04-10 09:07:49.135000+00:00,420,CLASSIC,15.35,Urgot,TOP,True,5,2,0,2.5,7409,9507,9181,8,121,7.8827361563517915
29,RU3dV1YIAdfEal-ZDF0kQVXcZMisQvbDCoWvYBo3gCUcypIcrg4FRgaSkgayn7L8Vz4MyFxL1CUyWw,GOLD,GOLD,II,5,Dresseur de coqs,EUW,EUW1_7815809501,2026-04-10 09:28:37.591000+00:00,420,CLASSIC,26.566666666666666,Illaoi,TOP,False,8,4,1,2.25,13135,30601,34920,27,227,8.544542032622333
29,RU3dV1YIAdfEal-ZDF0kQVXcZMisQvbDCoWvYBo3gCUcypIcrg4FRgaSkgayn7L8Vz4MyFxL1CUyWw,GOLD,GOLD,II,5,Dresseur de coqs,EUW,EUW1_7815820279,2026-04-10 10:00:19.373000+00:00,420,CLASSIC,30.75,Zaahen,TOP,True,8,2,5,6.5,15675,43333,40326,13,258,8.390243902439025
29,RU3dV1YIAdfEal-ZDF0kQVXcZMisQvbDCoWvYBo3gCUcypIcrg4FRgaSkgayn7L8Vz4MyFxL1CUyWw,GOLD,GOLD,II,5,Dresseur de coqs,EUW,EUW1_7815860471,2026-04-10 10:52:38.155000+00:00,420,CLASSIC,32.06666666666667,Zaahen,TOP,True,6,3,8,4.666666666666667,12412,30745,49817,17,222,6.9230769230769225
29,RU3dV1YIAdfEal-ZDF0kQVXcZMisQvbDCoWvYBo3gCUcypIcrg4FRgaSkgayn7L8Vz4MyFxL1CUyWw,GOLD,GOLD,II,5,Dresseur de coqs,EUW,EUW1_7816033024,2026-04-10 14:31:40.691000+00:00,420,CLASSIC,2.05,Zaahen,TOP,False,0,1,0,0.0,747,646,1143,0,7,3.414634146341464
29,RU3dV1YIAdfEal-ZDF0kQVXcZMisQvbDCoWvYBo3gCUcypIcrg4FRgaSkgayn7L8Vz4MyFxL1CUyWw,GOLD,GOLD,II,5,Dresseur de coqs,EUW,EUW1_7816039137,2026-04-10 14:38:48.327000+00:00,420,CLASSIC,33.333333333333336,Zaahen,TOP,False,5,4,8,3.25,13768,23878,46033,22,223,6.6899999999999995
29,RU3dV1YIAdfEal-ZDF0kQVXcZMisQvbDCoWvYBo3gCUcypIcrg4FRgaSkgayn7L8Vz4MyFxL1CUyWw,GOLD,GOLD,II,5,Dresseur de coqs,EUW,EUW1_7818003957,2026-04-12 09:51:16.031000+00:00,420,CLASSIC,18.65,Zaahen,TOP,False,2,5,0,0.4,5545,6532,13533,10,84,4.50402144772118
30,R5jY9evOwYS6Izh7FKBivzYKv-jZ2BU91HXBN2Nj0vJc6GvoFKIZrZoglvdK4Tjte9wqVgd2aWm4nA,GOLD,GOLD,I,50,Gustav Mark,EUW,EUW1_7754121806,2026-02-26 21:13:30.607000+00:00,420,CLASSIC,32.6,Nautilus,UTILITY,False,2,11,18,1.8181818181818181,9667,14337,30656,45,56,1.7177914110429446
30,R5jY9evOwYS6Izh7FKBivzYKv-jZ2BU91HXBN2Nj0vJc6GvoFKIZrZoglvdK4Tjte9wqVgd2aWm4nA,GOLD,GOLD,I,50,Gustav Mark,EUW,EUW1_7754251602,2026-02-26 22:15:26.301000+00:00,420,CLASSIC,31.383333333333333,Tristana,BOTTOM,True,10,9,7,1.8888888888888888,17019,24295,21218,19,227,7.2331386086032925
30,R5jY9evOwYS6Izh7FKBivzYKv-jZ2BU91HXBN2Nj0vJc6GvoFKIZrZoglvdK4Tjte9wqVgd2aWm4nA,GOLD,GOLD,I,50,Gustav Mark,EUW,EUW1_7754314953,2026-02-26 22:53:17.751000+00:00,420,CLASSIC,35.333333333333336,Nautilus,UTILITY,False,0,10,13,1.3,8991,10518,27499,59,62,1.7547169811320753
30,R5jY9evOwYS6Izh7FKBivzYKv-jZ2BU91HXBN2Nj0vJc6GvoFKIZrZoglvdK4Tjte9wqVgd2aWm4nA,GOLD,GOLD,I,50,Gustav Mark,EUW,EUW1_7760945467,2026-03-02 21:36:48.424000+00:00,420,CLASSIC,28.283333333333335,Syndra,UTILITY,True,7,8,9,2.0,11213,24152,16641,52,80,2.8285209192692986
30,R5jY9evOwYS6Izh7FKBivzYKv-jZ2BU91HXBN2Nj0vJc6GvoFKIZrZoglvdK4Tjte9wqVgd2aWm4nA,GOLD,GOLD,I,50,Gustav Mark,EUW,EUW1_7762874096,2026-03-04 18:18:24.528000+00:00,420,CLASSIC,38.38333333333333,Blitzcrank,UTILITY,False,3,8,28,3.875,13146,17840,41151,72,48,1.2505427702996093
30,R5jY9evOwYS6Izh7FKBivzYKv-jZ2BU91HXBN2Nj0vJc6GvoFKIZrZoglvdK4Tjte9wqVgd2aWm4nA,GOLD,GOLD,I,50,Gustav Mark,EUW,EUW1_7764408650,2026-03-05 20:51:25.372000+00:00,420,CLASSIC,33.6,Syndra,UTILITY,False,2,12,10,1.0,10494,23251,28540,65,79,2.3511904761904763
30,R5jY9evOwYS6Izh7FKBivzYKv-jZ2BU91HXBN2Nj0vJc6GvoFKIZrZoglvdK4Tjte9wqVgd2aWm4nA,GOLD,GOLD,I,50,Gustav Mark,EUW,EUW1_7766112245,2026-03-06 21:46:47.896000+00:00,420,CLASSIC,41.68333333333333,Malphite,TOP,False,5,5,17,4.4,16829,43572,50594,44,281,6.7413034786085575
30,R5jY9evOwYS6Izh7FKBivzYKv-jZ2BU91HXBN2Nj0vJc6GvoFKIZrZoglvdK4Tjte9wqVgd2aWm4nA,GOLD,GOLD,I,50,Gustav Mark,EUW,EUW1_7766259078,2026-03-06 23:04:48.906000+00:00,420,CLASSIC,29.5,Aatrox,TOP,True,11,4,5,4.0,14008,33276,38888,26,186,6.305084745762712
30,R5jY9evOwYS6Izh7FKBivzYKv-jZ2BU91HXBN2Nj0vJc6GvoFKIZrZoglvdK4Tjte9wqVgd2aWm4nA,GOLD,GOLD,I,50,Gustav Mark,EUW,EUW1_7911290552,2026-07-07 10:13:39.422000+00:00,420,CLASSIC,45.2,Ryze,TOP,True,12,5,12,4.8,21947,61052,48733,43,359,7.942477876106194
